code,name,industry,as_of_date,formal_category,formal_final_score_v1,chip_bonus_v1,v1_rank,v2_rank,v21_rank,capital_flow_score_v2_shadow,capital_flow_score_v21_shadow,capital_flow_v21_delta,foreign_flow_last5,trust_flow_last5,capital_flow_v2_available,capital_flow_v2_unavailable_reason,dealer_flow_detail_level,dealer_hedge_flow_5d,dealer_hedge_flow_5d_shares,dealer_prop_flow_5d,dealer_prop_flow_5d_shares,dealer_unknown_flow_5d,dealer_unknown_flow_5d_shares,flow_identity_score,flow_intensity_score,flow_momentum_score,flow_momentum_score_v21,flow_momentum_score_v2_original,flow_persistence_score,flow_price_confirmation_score,flow_price_quadrant,flow_price_state,flow_relative_score,flow_relative_score_v21,flow_relative_score_v2_original,foreign_active_days_5,foreign_amount_ratio_5d,foreign_consecutive_buy,foreign_flow_10d,foreign_flow_10d_shares,foreign_flow_1d,foreign_flow_1d_shares,foreign_flow_3d,foreign_flow_3d_shares,foreign_flow_5d,foreign_flow_5d_shares,foreign_flow_active_percentile_v21,foreign_flow_activity,foreign_flow_direction,foreign_flow_intensity_active_percentile,foreign_flow_intensity_percentile,foreign_flow_momentum,foreign_flow_percentile,foreign_flow_percentile_v2_original,foreign_flow_ratio_10d,foreign_flow_ratio_1d,foreign_flow_ratio_3d,foreign_flow_ratio_5d,foreign_momentum_component,foreign_positive_days_10,foreign_positive_days_5,foreign_signed_flow_strength,multi_flow_confirmation,return_1d,return_3d,return_5d,rs20,rs20_percentile,rs5,rs60,rs60_percentile,rs_20d,rs_5d,shadow_mode,stock_return20,stock_return5,stock_return60,taiex_return20,taiex_return5,taiex_return60,trust_active_days_5,trust_amount_ratio_5d,trust_consecutive_buy,trust_flow_10d,trust_flow_10d_shares,trust_flow_1d,trust_flow_1d_shares,trust_flow_3d,trust_flow_3d_shares,trust_flow_5d,trust_flow_5d_shares,trust_flow_active_percentile_v21,trust_flow_activity,trust_flow_direction,trust_flow_intensity_active_percentile,trust_flow_intensity_percentile,trust_flow_momentum,trust_flow_percentile,trust_flow_percentile_v2_original,trust_flow_ratio_10d,trust_flow_ratio_1d,trust_flow_ratio_3d,trust_flow_ratio_5d,trust_momentum_component,trust_positive_days_10,trust_positive_days_5,trust_signed_flow_strength
1101,台泥,水泥工業,2026-08-10,high_priority_watch,58,14,14,22,29,71.56,60.83,-10.73,"[-12259096, 1622968, 14353331, 3459974, 3692861]","[0, 4000, 0, -2000, 0]",True,,split,-0.995,-995,-468.0,-468000,0.0,0,9.0,12.5,1.75,1.75,1.75,7.0,25.0,Q1,confirmed_accumulation,5.58,5.58,16.31,5,0.10636090255893692,4,10416.707,10416707,3692.861,3692861,21506.166,21506166,10870.038,10870038,54.31,active,positive,54.31,74.32,decelerating,74.32,74.32,0.03521465757962989,0.2530050013702384,0.35099500587544064,0.10154263935207242,1.75,8,4,54.31,True,0.8213552361396204,2.079002079002068,3.1512605042016695,8.435317143085042,91.4,-0.40365412965590597,-7.609285838318169,54.69,8.435317143085042,-0.40365412965590597,True,7.4398249452954035,3.1512605042016695,0.0,-0.995492197789638,3.5549146338575754,7.609285838318169,2,1.83885209948035e-05,0,178.0,178000,0.0,0,-2.0,-2000,2.0,2000,1.49,active,positive,1.49,88.79,reversing_negative,88.79,88.79,0.0006017457387612152,0.0,-3.264133698916308e-05,1.86830330035778e-05,0.0,6,1,1.49
1102,亞泥,水泥工業,2026-08-10,excluded,0,2,437,462,456,11.5,9.5,-2.0,"[-3217127, 215822, 2175934, 195022, 478689]","[-1915000, 99736, 130000, 121000, -134391]",True,,split,-518.744,-518744,-113.156,-113156,0.0,0,0.0,0.0,2.0,2.0,4.0,7.5,0.0,Q4,confirmed_distribution,0.0,0.0,0.0,5,-0.0030119983937541167,4,9627.457,9627457,478.689,478689,2849.645,2849645,-151.66,-151660,2.61,active,negative,2.61,45.5,reversing_positive,45.5,45.5,0.08733417092264847,0.10285539321014181,0.183304065354432,-0.0044936296296296295,3.0,8,4,-2.61,False,0.3044140030441511,1.0736196319018454,0.7645259938837912,-4.591900352353617,37.68,-2.7903886399737843,-14.001331292863629,34.55,-4.591900352353617,-2.7903886399737843,True,-5.587392550143255,0.7645259938837912,-6.392045454545459,-0.995492197789638,3.5549146338575754,7.609285838318169,5,-0.04982302728397149,0,-3601.06,-3601060,-134.391,-134391,116.609,116609,-1698.655,-1698655,85.64,active,negative,85.64,2.09,neutral,2.09,2.09,-0.03266652757241217,-0.02887645036527718,0.0075009005531969635,-0.05033051851851852,-1.0,7,3,-85.64
1103,嘉泥,水泥工業,2026-08-10,excluded,0,0,468,699,567,5.5,4.5,-1.0,"[-352000, -130452, -96000, 106999, -33836]","[0, 0, 0, 0, 0]",True,,split,0.0,0,-67.0,-67000,0.0,0,0.0,0.0,3.0,3.0,4.0,1.5,0.0,Q4,confirmed_distribution,0.0,0.0,0.0,5,-0.34484368402602983,0,-364.191,-364191,-33.836,-33836,-22.837,-22837,-505.289,-505289,94.39,active,negative,94.39,2.48,reversing_positive,2.48,2.48,-0.07737221159974506,-0.1726326530612245,-0.03683387096774193,-0.34703914835164834,3.0,3,1,-94.39,False,0.3802281368821214,1.538461538461533,0.3802281368821214,-1.587533632468674,50.52,-3.174686496975454,-6.45986055096186,59.06,-1.587533632468674,-3.174686496975454,True,-2.583025830258312,0.3802281368821214,1.1494252873563093,-0.995492197789638,3.5549146338575754,7.609285838318169,0,0.0,0,0.0,0,0.0,0,0.0,0,0.0,0,,inactive,zero,,51.76,inactive,51.76,51.76,0.0,0.0,0.0,0.0,0.0,0,0,0.0
1104,環泥,水泥工業,2026-08-10,excluded,0,0,469,520,480,7.5,6.5,-1.0,"[-773838, -401906, -31094, 159295, 168850]","[0, 0, 0, 0, 0]",True,,split,0.0,0,-32.815,-32815,0.0,0,0.0,0.0,3.0,3.0,4.0,3.5,0.0,Q4,confirmed_distribution,0.0,0.0,0.0,5,-0.30158653257132734,2,-155.741,-155741,168.85,168850,297.051,297051,-878.693,-878693,91.64,active,negative,91.64,3.91,reversing_positive,3.91,3.91,-0.020762698306892414,0.30098039215686273,0.22503863636363636,-0.303102104173853,3.0,5,2,-91.64,False,0.1879699248120259,0.9469696969697017,-0.9293680297397744,-0.6650244073764244,56.98,-4.48428266359735,-12.089572576669427,38.92,-0.6650244073764244,-4.48428266359735,True,-1.6605166051660625,-0.9293680297397744,-4.480286738351258,-0.995492197789638,3.5549146338575754,7.609285838318169,0,0.0,0,5.0,5000,0.0,0,0.0,0,0.0,0,,inactive,zero,,51.76,inactive,51.76,51.76,0.0006665777896280496,0.0,0.0,0.0,0.0,2,0,0.0
1108,幸福,水泥工業,2026-08-10,excluded,0,5,151,282,287,36.82,32.79,-4.03,"[-33000, 2000, -75000, 86351, 99000]","[0, 0, 0, 0, 0]",True,,split,0.0,0,-27.0,-27000,0.0,0,3.5,12.5,5.0,5.0,6.0,3.5,5.0,Q2,unconfirmed_accumulation,3.29,3.29,6.32,5,0.05957855721009181,2,388.451,388451,99.0,99000,110.351,110351,79.351,79351,32.9,active,positive,32.9,63.23,accelerating,63.23,63.23,0.13061566913248152,0.2804532577903683,0.11146565656565656,0.05908488458674609,5.0,7,3,32.9,False,0.0,1.2552301255230214,0.0,-10.359819157521722,20.47,-3.5549146338575754,-20.870934583837887,20.6,-10.359819157521722,-3.5549146338575754,True,-11.35531135531136,0.0,-13.261648745519716,-0.995492197789638,3.5549146338575754,7.609285838318169,0,0.0,0,0.0,0,0.0,0,0.0,0,0.0,0,,inactive,zero,,51.76,inactive,51.76,51.76,0.0,0.0,0.0,0.0,0.0,0,0,0.0
1109,信大,水泥工業,2026-08-10,excluded,0,0,470,559,642,7.0,0.0,-7.0,"[-62469, -16411, -29000, 29000, -52000]","[0, 0, 0, 0, 0]",True,,split,0.0,0,-38.448,-38448,0.0,0,0.0,0.0,-3.5,-3.5,4.5,2.5,0.0,Q4,confirmed_distribution,0.0,0.0,0.0,5,-0.2149767491067812,0,6.12,6120,-52.0,-52000,-52.0,-52000,-130.88,-130880,81.72,active,negative,81.72,7.56,stable,7.56,7.56,0.004523281596452328,-0.5591397849462365,-0.17105263157894737,-0.21455737704918032,-3.5,5,1,-81.72,False,0.37037037037037646,0.0,-1.0948905109488982,-6.513040225418553,31.55,-4.649805144806473,-18.464548996212894,25.29,-6.513040225418553,-4.649805144806473,True,-7.508532423208192,-1.0948905109488982,-10.855263157894724,-0.995492197789638,3.5549146338575754,7.609285838318169,0,0.0,0,0.0,0,0.0,0,0.0,0,0.0,0,,inactive,zero,,51.76,inactive,51.76,51.76,0.0,0.0,0.0,0.0,0.0,0,0,0.0
1110,東泥,水泥工業,2026-08-10,excluded,0,0,471,521,481,7.5,6.5,-1.0,"[-52000, -84000, -160000, 65000, 168449]","[0, 0, 0, 0, 0]",True,,split,0.0,0,-25.0,-25000,0.0,0,0.0,0.0,3.0,3.0,4.0,3.5,0.0,Q3,absorption_divergence,0.0,0.0,0.0,5,-0.03714589193552331,2,539.449,539449,168.449,168449,73.449,73449,-62.551,-62551,24.15,active,negative,24.15,34.16,reversing_positive,34.16,34.16,0.15745738470519557,0.35166805845511484,0.0717275390625,-0.04080300065231572,3.0,7,2,-24.15,False,2.515723270440251,2.515723270440251,1.8750000000000044,4.817148248745051,85.01,-1.679914633857571,5.5851586061262735,82.79,4.817148248745051,-1.679914633857571,True,3.821656050955413,1.8750000000000044,13.194444444444443,-0.995492197789638,3.5549146338575754,7.609285838318169,0,0.0,0,0.0,0,0.0,0,0.0,0,0.0,0,,inactive,zero,,51.76,inactive,51.76,51.76,0.0,0.0,0.0,0.0,0.0,0,0,0.0
1201,味全,食品工業,2026-08-10,excluded,0,0,472,667,643,6.0,0.0,-6.0,"[-110000, -173000, -369000, -8000, -100630]","[0, 0, 0, 0, 0]",True,,split,0.0,0,-86.0,-86000,0.0,0,0.0,0.0,-3.5,-3.5,4.5,1.5,0.0,Q4,confirmed_distribution,0.0,0.0,0.0,5,-0.4351912696773029,0,-195.096,-195096,-100.63,-100630,-477.63,-477630,-760.63,-760630,97.52,active,negative,97.52,1.17,stable,1.17,1.17,-0.04414935505770536,-0.40413654618473893,-0.44596638655462184,-0.43589111747851,-3.5,3,0,-97.52,False,0.4132231404958775,0.8298755186721962,-0.4098360655737654,-2.1917587982262954,46.68,-3.964750699431341,-7.609285838318169,54.69,-2.1917587982262954,-3.964750699431341,True,-3.1872509960159334,-0.4098360655737654,0.0,-0.995492197789638,3.5549146338575754,7.609285838318169,0,0.0,0,0.0,0,0.0,0,0.0,0,0.0,0,,inactive,zero,,51.76,inactive,51.76,51.76,0.0,0.0,0.0,0.0,0.0,0,0,0.0
1203,味王,食品工業,2026-08-10,excluded,0,5,152,209,197,39.45,37.42,-2.03,"[21000, 5000, 1000, -3000, 5000]","[0, 0, 0, 0, 0]",True,,split,0.0,0,-16.0,-16000,0.0,0,3.5,12.5,5.0,5.0,6.0,4.0,5.0,Q2,unconfirmed_accumulation,7.42,7.42,8.45,5,0.175028767976055,1,131.2,131200,5.0,5000,3.0,3000,29.0,29000,74.15,active,positive,74.15,84.49,accelerating,84.49,84.49,0.2705154639175258,0.23809523809523808,0.05263157894736842,0.1746987951807229,5.0,8,4,74.15,False,-3.147953830010497,-3.451882845188281,-4.550155118924515,8.696775745047514,91.79,-8.10506975278209,0.59704475957163,74.97,8.696775745047514,-8.10506975278209,True,7.701283547257876,-4.550155118924515,8.2063305978898,-0.995492197789638,3.5549146338575754,7.609285838318169,0,0.0,0,0.0,0,0.0,0,0.0,0,0.0,0,,inactive,zero,,51.76,inactive,51.76,51.76,0.0,0.0,0.0,0.0,0.0,0,0,0.0
1216,統一,食品工業,2026-08-10,other_watch,59,7,45,171,235,42.71,35.68,-7.03,"[17235518, 2717656, 9684719, 20335509, 4997136]","[-1643000, -64000, -958000, -97000, -85000]",True,,split,-880.93,-880930,-350.074,-350074,0.0,0,3.5,12.5,-1.75,-1.75,5.25,6.5,5.0,Q2,unconfirmed_accumulation,9.93,9.93,9.96,5,0.5298088846609639,10,99599.291,99599291,4997.136,4997136,35017.364,35017364,54970.538,54970538,99.35,active,positive,99.35,99.61,decelerating,99.61,99.61,0.4316534742717963,0.46868655036578505,0.5768448068528128,0.5277813430113102,1.75,10,5,99.35,False,-0.26420079260238705,3.1420765027322384,3.424657534246567,-2.826163853165775,44.33,-0.13025709961100862,-6.673456961312807,58.15,-2.826163853165775,-0.13025709961100862,True,-3.821656050955413,3.424657534246567,0.9358288770053624,-0.995492197789638,3.5549146338575754,7.609285838318169,5,-0.027134772114018168,0,-819.841,-819841,-85.0,-85000,-1140.0,-1140000,-2847.0,-2847000,75.74,active,negative,75.74,3.65,stable,3.65,3.65,-0.0035531097907159173,-0.007972237854061152,-0.018779342723004695,-0.02733452387810358,-3.5,3,0,-75.74
1217,愛之味,食品工業,2026-08-10,excluded,0,0,473,616,644,6.5,0.0,-6.5,"[-18000, -107000, -195875, 3000, -29000]","[0, 0, 0, 0, 0]",True,,split,0.0,0,-120.0,-120000,0.0,0,0.0,0.0,-3.5,-3.5,4.5,2.0,0.0,Q4,confirmed_distribution,0.0,0.0,0.0,5,-0.1491807878863937,0,46.953,46953,-29.0,-29000,-221.875,-221875,-346.875,-346875,69.58,active,negative,69.58,13.04,stable,13.04,13.04,0.008002897562638486,-0.10469314079422383,-0.2166748046875,-0.14912940670679278,-3.5,4,1,-69.58,False,0.8196721311475308,0.10172939979653517,-0.10152284263958977,-0.6045078022103634,57.37,-3.656437476497165,-5.2159455677666555,62.06,-0.6045078022103634,-3.656437476497165,True,-1.6000000000000014,-0.10152284263958977,2.393340270551514,-0.995492197789638,3.5549146338575754,7.609285838318169,0,0.0,0,0.0,0,0.0,0,0.0,0,0.0,0,,inactive,zero,,51.76,inactive,51.76,51.76,0.0,0.0,0.0,0.0,0.0,0,0,0.0
1220,台榮,食品工業,2026-08-10,excluded,0,0,474,617,524,6.5,5.5,-1.0,"[14071, -8348, -29000, -7000, 9000]","[0, 0, 0, 0, 0]",True,,split,-2.182,-2182,-24.93,-24930,0.0,0,0.0,0.0,3.0,3.0,4.0,2.5,0.0,Q4,confirmed_distribution,0.0,0.0,0.0,5,-0.05948054781391478,1,13.1,13100,9.0,9000,-27.0,-27000,-21.277,-21277,33.16,active,negative,33.16,30.25,reversing_positive,30.25,30.25,0.017654986522911052,0.125,-0.15,-0.059935211267605634,3.0,5,2,-33.16,False,0.0,0.0,-0.8888888888888835,-1.6245951384548984,50.2,-4.4438035227464585,-15.460525507739654,30.51,-1.6245951384548984,-4.4438035227464585,True,-2.6200873362445365,-0.8888888888888835,-7.851239669421483,-0.995492197789638,3.5549146338575754,7.609285838318169,0,0.0,0,0.0,0,0.0,0,0.0,0,0.0,0,,inactive,zero,,51.76,inactive,51.76,51.76,0.0,0.0,0.0,0.0,0.0,0,0,0.0
1225,福懋油,食品工業,2026-08-10,excluded,0,0,475,560,494,7.0,6.0,-1.0,"[-84000, 5000, -78000, 46095, 28000]","[0, 0, 0, 0, 0]",True,,split,0.0,0,-11.0,-11000,0.0,0,0.0,0.0,3.0,3.0,4.0,3.0,0.0,Q4,confirmed_distribution,0.0,0.0,0.0,5,-0.07911086107126959,2,80.295,80295,28.0,28000,-3.905,-3905,-82.905,-82905,45.82,active,negative,45.82,24.25,reversing_positive,24.25,24.25,0.031206762534006997,0.19858156028368795,-0.006838879159369527,-0.08241053677932406,3.0,6,3,-45.82,False,3.3057851239669533,3.092783505154628,1.2145748987854255,-4.30753810524066,38.46,-2.34033973507215,-24.964657739144613,13.82,-4.30753810524066,-2.34033973507215,True,-5.303030303030298,1.2145748987854255,-17.355371900826444,-0.995492197789638,3.5549146338575754,7.609285838318169,0,0.0,0,0.0,0,0.0,0,0.0,0,0.0,0,,inactive,zero,,51.76,inactive,51.76,51.76,0.0,0.0,0.0,0.0,0.0,0,0,0.0
1227,佳格,食品工業,2026-08-10,excluded,0,0,476,480,463,9.0,8.0,-1.0,"[-372000, -414000, 59000, 267020, -206579]","[0, 0, 0, 0, 0]",True,,split,0.0,0,-125.356,-125356,0.0,0,0.0,0.0,3.0,3.0,4.0,5.0,0.0,Q4,confirmed_distribution,0.0,0.0,0.0,5,-0.15805458375922818,0,3296.151,3296151,-206.579,-206579,119.441,119441,-666.559,-666559,71.41,active,negative,71.41,11.86,reversing_positive,11.86,11.86,0.2167237162206588,-0.2689830729166667,0.04945797101449275,-0.15942573546998326,3.0,5,2,-71.41,False,0.17152658662091813,1.7421602787456525,0.8635578583765069,-1.9945410248017326,47.59,-2.6913567754810686,-5.332578307670199,61.67,-1.9945410248017326,-2.6913567754810686,True,-2.9900332225913706,0.8635578583765069,2.27670753064797,-0.995492197789638,3.5549146338575754,7.609285838318169,0,0.0,0,17.0,17000,0.0,0,0.0,0,0.0,0,,inactive,zero,,51.76,inactive,51.76,51.76,0.0011177592215135775,0.0,0.0,0.0,0.0,5,0,0.0
1229,聯華,食品工業,2026-08-10,excluded,0,4,400,421,412,23.46,17.54,-5.92,"[-370718, -367282, 491526, 400169, 46000]","[-317000, 0, -1000, -10626, 6000]",True,,split,-105.236,-105236,-114.802,-114802,0.0,0,3.5,5.8,0.75,0.75,2.75,6.0,0.0,Q3,absorption_divergence,1.49,1.49,5.41,5,0.024466021019901824,3,2004.803,2004803,46.0,46000,937.695,937695,199.695,199695,14.88,active,positive,14.88,54.11,decelerating,54.11,54.11,0.0983662725087091,0.044921875,0.21369530537830447,0.02320415988844992,1.75,7,3,14.88,False,0.12300123001232066,1.4962593516209433,1.243781094527363,1.988048029055156,73.27,-2.3111335393302124,-5.731939154963972,61.02,1.988048029055156,-2.3111335393302124,True,0.992555831265518,1.243781094527363,1.8773466833541974,-0.995492197789638,3.5549146338575754,7.609285838318169,4,-0.037240685041933036,1,-600.626,-600626,6.0,6000,-5.626,-5626,-322.626,-322626,81.68,active,negative,81.68,2.74,neutral,2.74,2.74,-0.02946989843481674,0.005859375,-0.0012821330902461259,-0.037488496397861955,-1.0,5,1,-81.68
1232,大統益,食品工業,2026-08-10,excluded,0,0,477,668,549,6.0,5.0,-1.0,"[-156847, -1773, -8189, 40834, -26340]","[0, 0, 0, 0, 0]",True,,split,0.0,0,-21.0,-21000,0.0,0,0.0,0.0,3.0,3.0,4.0,2.0,0.0,Q3,absorption_divergence,0.0,0.0,0.0,5,-0.11638054933557085,0,44.792,44792,-26.34,-26340,6.305,6305,-152.315,-152315,60.31,active,negative,60.31,17.47,reversing_positive,17.47,17.47,0.015472193436960276,-0.08636065573770492,0.007832298136645963,-0.1189032006245121,3.0,4,1,-60.31,False,-0.31948881789137795,2.2950819672131084,1.6286644951140072,4.306750475935328,82.53,-1.9262501387435682,-1.8465739739113918,69.62,4.306750475935328,-1.9262501387435682,True,3.31125827814569,1.6286644951140072,5.762711864406778,-0.995492197789638,3.5549146338575754,7.609285838318169,0,0.0,0,0.0,0,0.0,0,0.0,0,0.0,0,,inactive,zero,,51.76,inactive,51.76,51.76,0.0,0.0,0.0,0.0,0.0,0,0,0.0
1233,天仁,食品工業,2026-08-10,excluded,0,0,478,750,618,4.0,1.0,-3.0,"[3000, 0, -9000, -2000, 2000]","[0, 0, 0, 0, 0]",True,,split,0.0,0,-7.0,-7000,0.0,0,0.0,0.0,-1.0,-1.0,2.0,2.0,0.0,Q4,confirmed_distribution,0.0,0.0,0.0,4,-0.0461380268148069,1,-2.9,-2900,2.0,2000,-9.0,-9000,-6.0,-6000,25.85,active,negative,25.85,33.38,neutral,33.38,33.38,-0.012184873949579832,0.03225806451612903,-0.08571428571428572,-0.04580152671755725,-1.0,4,2,-25.85,False,-1.736111111111116,-1.3937282229965153,-2.2452504317789224,1.7072359700316286,71.84,-5.800165065636498,-9.345396949429286,47.85,1.7072359700316286,-5.800165065636498,True,0.7117437722419906,-2.2452504317789224,-1.736111111111116,-0.995492197789638,3.5549146338575754,7.609285838318169,0,0.0,0,0.0,0,0.0,0,0.0,0,0.0,0,,inactive,zero,,51.76,inactive,51.76,51.76,0.0,0.0,0.0,0.0,0.0,0,0,0.0
1234,黑松,食品工業,2026-08-10,excluded,0,0,479,561,645,7.0,0.0,-7.0,"[-26000, -10000, -94000, -10000, -61000]","[0, 0, 0, 0, 0]",True,,split,-2.02,-2020,-39.0,-39000,0.0,0,0.0,0.0,-3.5,-3.5,4.5,2.5,0.0,Q4,confirmed_distribution,0.0,0.0,0.0,5,-0.3023279379576837,0,362.839,362839,-61.0,-61000,-165.0,-165000,-201.0,-201000,91.38,active,negative,91.38,4.04,stable,4.04,4.04,0.20545809739524348,-0.324468085106383,-0.34518828451882844,-0.30271084337349397,-3.5,5,0,-91.38,False,0.0,-0.29806259314454353,-1.1816838995568624,1.445942648240106,70.27,-4.736598533414438,-9.226932897141694,48.11,1.445942648240106,-4.736598533414438,True,0.45045045045046805,-1.1816838995568624,-1.6176470588235237,-0.995492197789638,3.5549146338575754,7.609285838318169,0,0.0,0,0.0,0,0.0,0,0.0,0,0.0,0,,inactive,zero,,51.76,inactive,51.76,51.76,0.0,0.0,0.0,0.0,0.0,0,0,0.0
1235,興泰,食品工業,2026-08-10,excluded,0,0,480,474,646,10.0,0.0,-10.0,"[-3000, 1000, 1000, -1000, 1000]","[0, 0, 0, 0, 0]",True,,split,0.0,0,-9.0,-9000,0.0,0,0.0,0.0,-5.0,-5.0,6.0,4.0,0.0,Q4,confirmed_distribution,0.0,0.0,0.0,5,-0.01509450283292245,1,61.3,61300,1.0,1000,1.0,1000,-1.0,-1000,10.18,active,negative,10.18,41.59,accelerating,41.59,41.59,0.36927710843373496,0.5,0.07692307692307693,-0.015625,-5.0,8,3,-10.18,False,-0.4087193460490579,1.386962552011095,-1.74731182795701,2.806077156006903,77.84,-5.302226461814586,-16.234285838318176,28.42,2.806077156006903,-5.302226461814586,True,1.810584958217265,-1.74731182795701,-8.625000000000005,-0.995492197789638,3.5549146338575754,7.609285838318169,0,0.0,0,0.0,0,0.0,0,0.0,0,0.0,0,,inactive,zero,,51.76,inactive,51.76,51.76,0.0,0.0,0.0,0.0,0.0,0,0,0.0
1236,宏亞,食品工業,2026-08-10,excluded,0,5,153,139,139,52.17,47.88,-4.29,"[-4000, -3000, -11000, 100000, -35000]","[0, 0, 0, 0, 0]",True,,split,0.0,0,-6.0,-6000,0.0,0,3.5,12.37,1.75,1.75,2.75,2.5,25.0,Q1,confirmed_accumulation,2.76,2.76,6.05,5,0.05008296345459825,0,99.73,99730,-35.0,-35000,54.0,54000,47.0,47000,27.55,active,positive,27.55,60.5,decelerating,60.5,60.5,0.07381939304219097,-0.10606060606060606,0.06286379511059371,0.049473684210526316,1.75,5,1,27.55,False,0.19607843137254832,2.8169014084507005,3.4412955465587203,10.652144558304666,93.87,-0.11361908729885517,-3.3235715526038767,67.08,10.652144558304666,-0.11361908729885517,True,9.656652360515029,3.4412955465587203,4.285714285714293,-0.995492197789638,3.5549146338575754,7.609285838318169,0,0.0,0,0.0,0,0.0,0,0.0,0,0.0,0,,inactive,zero,,51.76,inactive,51.76,51.76,0.0,0.0,0.0,0.0,0.0,0,0,0.0
1240,茂生農經,農業科技,2026-08-10,excluded,0,5,154,339,310,33.04,31.03,-2.01,"[6000, 3000, 0, 0, -1000]","[0, 0, 0, 0, 0]",True,,mixed,0.0,0,0.0,0,0.0,0,3.5,12.5,0.0,0.0,1.0,2.5,5.0,Q2,unconfirmed_accumulation,7.53,7.53,8.54,3,0.18206555349412493,0,14.0,14000,-1.0,-1000,-1.0,-1000,8.0,8000,75.33,active,positive,75.33,85.4,reversing_negative,85.4,85.4,0.14,-0.5,-0.16666666666666666,0.18181818181818182,0.0,5,2,75.33,False,0.18248175182482562,-0.3629764065335772,-0.9025270758122761,-4.836411747321856,37.16,-4.457441709669851,-13.441189783429664,35.85,-4.836411747321856,-4.457441709669851,True,-5.831903945111494,-0.9025270758122761,-5.831903945111494,-0.995492197789638,3.5549146338575754,7.609285838318169,0,0.0,0,0.0,0,0.0,0,0.0,0,0.0,0,,inactive,zero,,51.76,inactive,51.76,51.76,0.0,0.0,0.0,0.0,0.0,0,0,0.0
1256,鮮活果汁-KY,食品工業,2026-08-10,excluded,0,5,155,370,359,30.04,25.62,-4.42,"[28000, -36671, 33731, 8998, 458]","[0, 0, 0, 0, 0]",True,,split,0.0,0,-2.064,-2064,0.0,0,3.5,9.99,1.75,1.75,2.75,3.0,5.0,Q2,unconfirmed_accumulation,2.38,2.38,5.8,5,0.038550888788039556,3,98.821,98821,0.458,458,43.187,43187,34.516,34516,23.76,active,positive,23.76,58.02,decelerating,58.02,58.02,0.07413428357089272,0.012052631578947369,0.08978586278586279,0.039949074074074074,1.75,6,4,23.76,False,-0.2801120448179262,-4.3010752688172005,-2.197802197802201,-6.296174468877025,32.2,-5.752716831659777,-11.393069622101947,41.07,-6.296174468877025,-5.752716831659777,True,-7.2916666666666625,-2.197802197802201,-3.7837837837837784,-0.995492197789638,3.5549146338575754,7.609285838318169,0,0.0,0,0.0,0,0.0,0,0.0,0,0.0,0,,inactive,zero,,51.76,inactive,51.76,51.76,0.0,0.0,0.0,0.0,0.0,0,0,0.0
1259,安心,觀光餐旅,2026-08-10,excluded,0,0,481,700,568,5.5,4.5,-1.0,"[-1000, -5000, 0, 0, 2000]","[0, 0, 0, 0, 0]",True,,mixed,0.0,0,1.0,1000,0.0,0,0.0,0.0,3.0,3.0,4.0,1.5,0.0,Q3,absorption_divergence,0.0,0.0,0.0,3,-0.06674764301000637,1,2.0,2000,2.0,2000,2.0,2000,-4.0,-4000,38.12,active,negative,38.12,28.42,reversing_positive,28.42,28.42,0.016,0.1111111111111111,0.07692307692307693,-0.06896551724137931,3.0,3,1,-38.12,False,1.4999999999999902,3.045685279187804,4.4596912521440935,6.3588139970976005,88.27,0.904776618286518,-4.911140813023063,62.84,6.3588139970976005,0.904776618286518,True,5.363321799307963,4.4596912521440935,2.6981450252951067,-0.995492197789638,3.5549146338575754,7.609285838318169,0,0.0,0,0.0,0,0.0,0,0.0,0,0.0,0,,inactive,zero,,51.76,inactive,51.76,51.76,0.0,0.0,0.0,0.0,0.0,0,0,0.0
1264,德麥,食品工業,2026-08-10,excluded,0,0,482,562,495,7.0,6.0,-1.0,"[-13000, -6000, -4000, 3000, 2697]","[0, 0, 0, 0, 0]",True,,split,0.128,128,-27.0,-27000,0.0,0,0.0,0.0,3.0,3.0,4.0,3.0,0.0,Q4,confirmed_distribution,0.0,0.0,0.0,5,-0.12648300998737227,2,-6.452,-6452,2.697,2697,1.697,1697,-17.303,-17303,63.05,active,negative,63.05,16.3,reversing_positive,16.3,16.3,-0.028548672566371683,0.08172727272727273,0.022328947368421052,-0.1272279411764706,3.0,6,2,-63.05,False,0.78125,0.78125,0.78125,-3.2716692122289115,42.5,-2.7736646338575754,-12.756344661847585,37.55,-3.2716692122289115,-2.7736646338575754,True,-4.2671614100185495,0.78125,-5.147058823529416,-0.995492197789638,3.5549146338575754,7.609285838318169,0,0.0,0,0.0,0,0.0,0,0.0,0,0.0,0,,inactive,zero,,51.76,inactive,51.76,51.76,0.0,0.0,0.0,0.0,0.0,0,0,0.0
1268,漢來美食,觀光餐旅,2026-08-10,excluded,0,5,156,124,110,54.35,51.91,-2.44,"[-7000, -12005, 0, 73000, -8000]","[0, 0, 0, 0, 0]",True,,split,0.0,0,0.0,0,0.0,0,3.5,12.5,1.75,1.75,2.75,2.5,25.0,Q1,confirmed_accumulation,6.66,6.66,8.1,4,0.14307284194904774,0,94.145,94145,-8.0,-8000,65.0,65000,45.995,45995,66.58,active,positive,66.58,80.96,decelerating,80.96,80.96,0.17211151736745886,-0.2222222222222222,0.2313167259786477,0.13688988095238094,1.75,5,1,66.58,False,0.8174386920980936,9.144542772861364,7.558139534883712,12.777969539179367,96.09,4.003224901026137,8.742915419543461,85.92,12.777969539179367,4.003224901026137,True,11.782477341389729,7.558139534883712,16.35220125786163,-0.995492197789638,3.5549146338575754,7.609285838318169,0,0.0,0,0.0,0,0.0,0,0.0,0,0.0,0,,inactive,zero,,51.76,inactive,51.76,51.76,0.0,0.0,0.0,0.0,0.0,0,0,0.0
1303,南亞,塑膠工業,2026-08-10,buy_candidates,57,0,483,459,550,12.0,5.0,-7.0,"[-10078121, -6340656, 2719153, -7333983, -22708891]","[400000, -4181000, -1205000, 1758000, 352037]",True,,split,-652.918,-652918,833.986,833986,0.0,0,1.0,0.0,-0.5,-0.5,6.5,4.5,0.0,Q4,confirmed_distribution,0.0,0.0,0.0,5,-0.09368438820911698,0,-77469.979,-77469979,-22708.891,-22708891,-27323.721,-27323721,-43742.498,-43742498,50.78,active,negative,50.78,21.51,stable,21.51,21.51,-0.08528995951835987,-0.2145972066036042,-0.09328017110415436,-0.09334441139189184,-3.5,3,1,-50.78,False,-1.5957446808510634,4.519774011299438,12.12121212121211,-6.272678228275531,32.46,8.566297487354536,109.27230853448371,99.87,-6.272678228275531,8.566297487354536,True,-7.2681704260651685,12.12121212121211,116.88159437280189,-0.995492197789638,3.5549146338575754,7.609285838318169,5,-0.005800373855366048,2,-7924.883,-7924883,352.037,352037,905.037,905037,-2875.963,-2875963,46.04,active,negative,46.04,7.69,reversing_positive,7.69,7.69,-0.008724837143143387,0.003326721539202994,0.0030896965393399584,-0.0061371683304382715,3.0,6,3,-46.04
1315,達新,塑膠工業,2026-08-10,excluded,0,0,484,563,647,7.0,0.0,-7.0,"[-5000, 1000, -2000, -1000, -65000]","[0, 0, 0, 0, 0]",True,,split,0.0,0,-7.0,-7000,0.0,0,0.0,0.0,-3.5,-3.5,4.5,2.5,0.0,Q3,absorption_divergence,0.0,0.0,0.0,5,-0.29174933706216183,0,-45.412,-45412,-65.0,-65000,-68.0,-68000,-72.0,-72000,90.21,active,negative,90.21,4.56,stable,4.56,4.56,-0.09724197002141327,-0.4482758620689655,-0.422360248447205,-0.2903225806451613,-3.5,5,1,-90.21,False,0.7824726134585402,1.7377567140600458,1.5772870662460692,2.094393296690733,74.05,-1.9776275676115063,-2.2083038415914746,69.49,2.094393296690733,-1.9776275676115063,True,1.098901098901095,1.5772870662460692,5.400981996726695,-0.995492197789638,3.5549146338575754,7.609285838318169,0,0.0,0,0.0,0,0.0,0,0.0,0,0.0,0,,inactive,zero,,51.76,inactive,51.76,51.76,0.0,0.0,0.0,0.0,0.0,0,0,0.0
1319,東陽,汽車工業,2026-08-10,excluded,0,7,46,30,68,63.93,55.89,-8.04,"[-20725, 395929, 1039001, 271798, 567094]","[-5000, -114000, -108000, -80000, -72000]",True,,split,9.573,9573,-49.0,-49000,0.0,0,3.5,12.5,1.5,1.5,8.5,6.0,25.0,Q1,confirmed_accumulation,7.39,7.39,8.43,5,0.17401758032786951,4,3340.925,3340925,567.094,567094,1877.893,1877893,2253.097,2253097,73.89,active,positive,73.89,84.35,accelerating,84.35,84.35,0.11272817761581806,0.267119170984456,0.17980591727307546,0.17344857582755965,5.0,8,4,73.89,False,1.1734028683181075,6.4471879286693845,8.683473389355733,4.186981559491764,82.14,5.128558755498157,-9.629487858520204,46.68,4.186981559491764,5.128558755498157,True,3.1914893617021267,8.683473389355733,-2.020202020202033,-0.995492197789638,3.5549146338575754,7.609285838318169,5,-0.029041238217749798,0,-321.0,-321000,-72.0,-72000,-260.0,-260000,-379.0,-379000,76.73,active,negative,76.73,3.52,stable,3.52,3.52,-0.010831055774876,-0.03391427225624117,-0.0248946763692072,-0.02917628945342571,-3.5,4,0,-76.73
1321,大洋,塑膠工業,2026-08-10,excluded,0,0,485,564,496,7.0,6.0,-1.0,"[-33000, -8000, -3000, 13000, 8000]","[0, 0, 0, 0, 0]",True,,split,0.0,0,-30.004,-30004,0.0,0,0.0,0.0,3.0,3.0,4.0,3.0,0.0,Q3,absorption_divergence,0.0,0.0,0.0,5,-0.04303783787029503,2,93.0,93000,8.0,8000,18.0,18000,-23.0,-23000,24.93,active,negative,24.93,33.9,reversing_positive,33.9,33.9,0.06581740976645435,0.06557377049180328,0.060810810810810814,-0.04389312977099236,3.0,6,2,-24.93,False,0.9404388714733702,1.8987341772152,0.7824726134585402,4.366278714643579,83.18,-2.772442020399035,1.5432565345631977,76.66,4.366278714643579,-2.772442020399035,True,3.370786516853941,0.7824726134585402,9.152542372881367,-0.995492197789638,3.5549146338575754,7.609285838318169,0,0.0,0,0.0,0,0.0,0,0.0,0,0.0,0,,inactive,zero,,51.76,inactive,51.76,51.76,0.0,0.0,0.0,0.0,0.0,0,0,0.0
1323,永裕,塑膠工業,2026-08-10,excluded,0,5,157,56,41,60.17,58.9,-1.27,"[8000, -10000, -2000, 3000, 204000]","[0, 0, 0, 0, 0]",True,,split,0.0,0,-13.0,-13000,0.0,0,3.5,12.5,5.0,5.0,6.0,3.5,25.0,Q1,confirmed_accumulation,9.4,9.4,9.67,5,0.34906786336619483,2,224.773,224773,204.0,204000,205.0,205000,203.0,203000,93.99,active,positive,93.99,96.74,accelerating,96.74,96.74,0.2881705128205128,0.4444444444444444,0.4035433070866142,0.342327150084317,5.0,7,3,93.99,False,8.270676691729339,9.367088607594942,8.270676691729339,8.458178764953816,91.53,4.715762057871763,4.018621138426016,80.96,8.458178764953816,4.715762057871763,True,7.462686567164178,8.270676691729339,11.627906976744185,-0.995492197789638,3.5549146338575754,7.609285838318169,0,0.0,0,0.0,0,0.0,0,0.0,0,0.0,0,,inactive,zero,,51.76,inactive,51.76,51.76,0.0,0.0,0.0,0.0,0.0,0,0,0.0
1324,地球,塑膠工業,2026-08-10,excluded,0,2,438,368,362,30.13,25.43,-4.7,"[2000, -1000, -10000, -3000, 16000]","[0, 0, 0, 0, 0]",True,,split,0.0,0,-4.0,-4000,0.0,0,3.5,8.0,5.0,5.0,6.0,2.0,5.0,Q2,unconfirmed_accumulation,1.93,1.93,5.63,5,0.032038532505811027,1,2.3,2300,16.0,16000,3.0,3000,4.0,4000,19.32,active,positive,19.32,56.32,accelerating,56.32,56.32,0.005299539170506912,0.43243243243243246,0.03896103896103896,0.032,5.0,4,2,19.32,False,0.0,0.9036144578313143,0.7014028056112176,-1.9030585268480338,48.24,-2.853511828246358,-10.036470304337586,45.37,-1.9030585268480338,-2.853511828246358,True,-2.898550724637672,0.7014028056112176,-2.4271844660194164,-0.995492197789638,3.5549146338575754,7.609285838318169,0,0.0,0,0.0,0,0.0,0,0.0,0,0.0,0,,inactive,zero,,51.76,inactive,51.76,51.76,0.0,0.0,0.0,0.0,0.0,0,0,0.0
1336,台翰,電子零組件,2026-08-10,excluded,0,5,158,373,368,29.46,24.64,-4.82,"[22000, -3000, -3000, -35000, 41000]","[0, 0, 0, 0, 0]",True,,split,0.183,183,0.0,0,0.0,0,3.5,6.92,5.0,5.0,6.0,2.5,5.0,Q2,unconfirmed_accumulation,1.72,1.72,5.54,5,0.028776367726327405,1,51.1,51100,41.0,41000,3.0,3000,22.0,22000,17.23,active,positive,17.23,55.41,accelerating,55.41,55.41,0.027817093086554164,0.23699421965317918,0.005110732538330494,0.027672955974842768,5.0,5,2,17.23,False,1.3745704467353903,-2.960526315789469,-1.6666666666666718,2.719630128824113,77.31,-5.221581300524248,0.4493222202898819,74.45,2.719630128824113,-5.221581300524248,True,1.724137931034475,-1.6666666666666718,8.058608058608051,-0.995492197789638,3.5549146338575754,7.609285838318169,0,0.0,0,0.0,0,0.0,0,0.0,0,0.0,0,,inactive,zero,,51.76,inactive,51.76,51.76,0.0,0.0,0.0,0.0,0.0,0,0,0.0
1339,昭輝,汽車工業,2026-08-10,excluded,0,7,47,136,131,52.9,49.05,-3.85,"[-15000, 28000, 12000, 15000, 1000]","[0, 0, 0, 0, 0]",True,,split,0.0,0,-24.841,-24841,0.0,0,3.5,12.5,1.75,1.75,2.75,2.5,25.0,Q1,confirmed_accumulation,3.8,3.8,6.65,5,0.06878072404501862,4,39.183,39183,1.0,1000,28.0,28000,41.0,41000,37.99,active,positive,37.99,66.49,decelerating,66.49,66.49,0.03819005847953216,0.008928571428571428,0.06378132118451026,0.06879194630872483,1.75,5,4,37.99,False,0.0,1.237345331833506,1.3513513513513598,2.1190877034076183,74.32,-2.2035632825062157,3.639169044252898,80.83,2.1190877034076183,-2.2035632825062157,True,1.1235955056179803,1.3513513513513598,11.248454882571068,-0.995492197789638,3.5549146338575754,7.609285838318169,0,0.0,0,0.0,0,0.0,0,0.0,0,0.0,0,,inactive,zero,,51.76,inactive,51.76,51.76,0.0,0.0,0.0,0.0,0.0,0,0,0.0
1341,富林-KY,塑膠工業,2026-08-10,excluded,0,5,159,116,107,55.47,52.64,-2.83,"[1000, 1000, 5000, -1000, 1000]","[0, 0, 0, 0, 0]",True,,split,0.0,0,-3.0,-3000,0.0,0,3.5,12.5,1.75,1.75,2.75,4.0,25.0,Q1,confirmed_accumulation,5.89,5.89,7.72,5,0.11505626697710516,1,25.9,25900,1.0,1000,5.0,5000,7.0,7000,58.88,active,positive,58.88,77.18,decelerating,77.18,77.18,0.275531914893617,0.02631578947368421,0.1,0.11475409836065574,1.75,8,4,58.88,False,1.0238907849829282,-0.33670033670032407,2.5996533795493937,2.713705256208876,77.18,-0.9552612543081818,-10.400747250469234,43.94,2.713705256208876,-0.9552612543081818,True,1.7182130584192379,2.5996533795493937,-2.791461412151064,-0.995492197789638,3.5549146338575754,7.609285838318169,0,0.0,0,0.0,0,0.0,0,0.0,0,0.0,0,,inactive,zero,,51.76,inactive,51.76,51.76,0.0,0.0,0.0,0.0,0.0,0,0,0.0
1402,遠東新,紡織纖維,2026-08-10,buy_candidates,69,10,40,29,22,64.66,64.59,-0.07,"[5881559, 2975771, 14490477, 14004021, 6264171]","[-1890000, 10852, 117000, 120000, 59842]",True,,split,246.523,246523,-1138.0,-1138000,0.0,0,3.5,12.5,4.75,4.75,4.75,9.0,25.0,Q1,confirmed_accumulation,9.84,9.84,9.91,5,0.4636023249654694,10,67532.4,67532400,6264.171,6264171,34758.669,34758669,43615.999,43615999,98.43,active,positive,98.43,99.09,decelerating,99.09,99.09,0.39019153546150515,0.3476811344840984,0.5874969407071868,0.462215052509988,1.75,10,5,98.43,False,-0.9090909090909038,2.0599250936329527,1.3011152416356975,2.4852501121285564,76.53,-2.253799392221878,-5.740126959813496,60.76,2.4852501121285564,-2.253799392221878,True,1.4897579143389184,1.3011152416356975,1.869158878504673,-0.995492197789638,3.5549146338575754,7.609285838318169,5,-0.016780057662367235,4,-3273.449,-3273449,59.842,59842,296.842,296842,-1582.306,-1582306,66.34,active,negative,66.34,4.82,reversing_positive,4.82,4.82,-0.018913471038567095,0.003321418660154299,0.005017274017983909,-0.016768288418129988,3.0,8,4,-66.34
1410,南染,紡織纖維,2026-08-10,excluded,0,0,486,751,619,4.0,1.0,-3.0,"[-5000, -5000, -3000, -9000, 0]","[0, 0, 0, 0, 0]",True,,split,0.0,0,-2.0,-2000,0.0,0,0.0,0.0,-1.0,-1.0,2.0,2.0,0.0,Q3,absorption_divergence,0.0,0.0,0.0,4,-0.085691151994962,0,9.1,9100,0.0,0,-12.0,-12000,-22.0,-22000,47.26,active,negative,47.26,23.86,neutral,23.86,23.86,0.016134751773049644,0.0,-0.0975609756097561,-0.08527131782945736,-1.0,4,0,-47.26,False,-2.0872865275142316,-0.3861003861003742,0.3891050583657574,2.5702953473959567,76.92,-3.165809575491818,-12.406333808797875,38.2,2.5702953473959567,-3.165809575491818,True,1.5748031496063186,0.3891050583657574,-4.797047970479706,-0.995492197789638,3.5549146338575754,7.609285838318169,0,0.0,0,0.0,0,0.0,0,0.0,0,0.0,0,,inactive,zero,,51.76,inactive,51.76,51.76,0.0,0.0,0.0,0.0,0.0,0,0,0.0
1413,宏洲,紡織纖維,2026-08-10,excluded,0,0,487,734,582,4.5,2.5,-2.0,"[12000, -6000, -2000, -2000, -2000]","[0, 0, 0, 0, 0]",True,,split,0.0,0,-5.0,-5000,0.0,0,0.0,0.0,0.0,0.0,2.0,2.5,0.0,,neutral,0.0,0.0,0.0,5,-0.00011985639025240468,0,33.5,33500,-2.0,-2000,-6.0,-6000,0.0,0,0.33,active,zero,0.33,46.41,neutral,46.41,46.41,0.03199617956064948,-0.18181818181818182,-0.09836065573770492,0.0,0.0,5,1,0.0,False,0.10649627263046302,2.1739130434782705,-0.634249471458781,0.6773585816708727,65.97,-4.189164105316356,-8.348462184675087,51.76,0.6773585816708727,-4.189164105316356,True,-0.31813361611876534,-0.634249471458781,-0.7391763463569179,-0.995492197789638,3.5549146338575754,7.609285838318169,0,0.0,0,0.0,0,0.0,0,0.0,0,0.0,0,,inactive,zero,,51.76,inactive,51.76,51.76,0.0,0.0,0.0,0.0,0.0,0,0,0.0
1414,東和,紡織纖維,2026-08-10,excluded,0,5,160,89,84,57.3,54.25,-3.05,"[37753, -48215, -109067, 80140, 233471]","[0, 0, 0, 0, 0]",True,,split,0.0,0,-24.0,-24000,0.0,0,3.5,12.5,5.0,5.0,6.0,3.0,25.0,Q1,confirmed_accumulation,5.25,5.25,7.3,5,0.09913304567300618,2,194.792,194792,233.471,233471,204.544,204544,194.082,194082,52.48,active,positive,52.48,73.01,accelerating,73.01,73.01,0.04976801226366888,0.31894945355191257,0.1443500352858151,0.09757767722473605,5.0,6,3,52.48,False,1.0230179028132946,1.2820512820512775,4.497354497354511,3.3270984154062044,80.05,0.9424398634969355,17.787539558507227,91.66,3.3270984154062044,0.9424398634969355,True,2.3316062176165664,4.497354497354511,25.396825396825395,-0.995492197789638,3.5549146338575754,7.609285838318169,0,0.0,0,0.0,0,0.0,0,0.0,0,0.0,0,,inactive,zero,,51.76,inactive,51.76,51.76,0.0,0.0,0.0,0.0,0.0,0,0,0.0
1416,廣豐,其他,2026-08-10,excluded,0,0,488,669,551,6.0,5.0,-1.0,"[-65997, -120984, -75000, 133036, -80000]","[0, 0, 0, 0, 0]",True,,split,0.0,0,-31.0,-31000,0.0,0,0.0,0.0,3.0,3.0,4.0,2.0,0.0,Q3,absorption_divergence,0.0,0.0,0.0,5,-0.12960311682763637,0,-168.745,-168745,-80.0,-80000,-21.964,-21964,-208.945,-208945,65.01,active,negative,65.01,15.51,reversing_positive,15.51,15.51,-0.05948008459640465,-0.3333333333333333,-0.020642857142857143,-0.13174337957124843,3.0,4,1,-65.01,False,0.0,1.382488479262678,1.8518518518518379,0.5430035100068231,64.41,-1.7030627820057376,-9.831508060540395,46.02,0.5430035100068231,-1.7030627820057376,True,-0.4524886877828149,1.8518518518518379,-2.2222222222222254,-0.995492197789638,3.5549146338575754,7.609285838318169,0,0.0,0,0.0,0,0.0,0,0.0,0,0.0,0,,inactive,zero,,51.76,inactive,51.76,51.76,0.0,0.0,0.0,0.0,0.0,0,0,0.0
1418,東華,紡織纖維,2026-08-10,excluded,0,5,161,364,356,30.58,26.25,-4.33,"[6000, -2000, -3000, 0, 1000]","[0, 0, 0, 0, 0]",True,,split,0.0,0,-1.0,-1000,0.0,0,3.5,11.63,1.0,1.0,2.0,2.5,5.0,Q2,unconfirmed_accumulation,2.62,2.62,5.95,4,0.04476845012524889,1,4.83,4830,1.0,1000,-2.0,-2000,2.0,2000,26.24,active,positive,26.24,59.45,neutral,59.45,59.45,0.031568627450980394,1.0,-0.1,0.046511627906976744,1.0,5,2,26.24,False,0.0,-1.3661202185792365,0.0,-1.4369402346427917,51.89,-3.5549146338575754,-9.244163222514356,47.98,-1.4369402346427917,-3.5549146338575754,True,-2.43243243243243,0.0,-1.6348773841961872,-0.995492197789638,3.5549146338575754,7.609285838318169,0,0.0,0,0.0,0,0.0,0,0.0,0,0.0,0,,inactive,zero,,51.76,inactive,51.76,51.76,0.0,0.0,0.0,0.0,0.0,0,0,0.0
1419,新紡,紡織纖維,2026-08-10,excluded,0,3,403,366,340,30.41,27.81,-2.6,"[-90523, -35848, -34000, -25000, 0]","[55000, 0, 0, 0, 0]",True,,split,0.0,0,-18.0,-18000,0.0,0,3.5,12.5,0.0,0.0,2.0,2.5,0.0,Q4,confirmed_distribution,9.31,9.31,9.91,4,-0.26092518655594965,0,-85.067,-85067,0.0,0,-59.0,-59000,-185.371,-185371,87.47,active,negative,87.47,5.48,neutral,5.48,5.48,-0.044725026288117774,0.0,-0.2694063926940639,-0.26108591549295773,-1.0,3,0,-87.47,False,1.5625,-0.9146341463414531,-4.129793510324475,-0.8171966239626349,55.15,-7.684708144182051,-3.941024275319771,65.58,-0.8171966239626349,-7.684708144182051,True,-1.812688821752273,-4.129793510324475,3.6682615629983983,-0.995492197789638,3.5549146338575754,7.609285838318169,1,0.07851880157660172,0,140.0,140000,0.0,0,0.0,0,55.0,55000,93.07,active,positive,93.07,99.09,neutral,99.09,99.09,0.07360672975814932,0.0,0.0,0.07746478873239436,1.0,2,1,93.07
1423,利華,紡織纖維,2026-08-10,excluded,0,5,162,247,227,37.92,35.88,-2.04,"[20000, -2000, -1000, 0, 2000]","[0, 0, 0, 0, 0]",True,,mixed,0.0,0,-12.0,-12000,0.0,0,3.5,12.5,5.0,5.0,6.0,2.5,5.0,Q2,unconfirmed_accumulation,7.38,7.38,8.42,4,0.17257988271518188,1,32.682,32682,2.0,2000,1.0,1000,19.0,19000,73.76,active,positive,73.76,84.22,accelerating,84.22,84.22,0.18156666666666665,0.11764705882352941,0.02040816326530612,0.17272727272727273,5.0,5,2,73.76,False,1.1251758087201358,1.2676056338028152,1.8413597733711207,-1.5790335474678008,50.85,-1.7135548604864548,-18.95330556704812,24.51,-1.5790335474678008,-1.7135548604864548,True,-2.574525745257439,1.8413597733711207,-11.344019728729949,-0.995492197789638,3.5549146338575754,7.609285838318169,0,0.0,0,0.0,0,0.0,0,0.0,0,0.0,0,,inactive,zero,,51.76,inactive,51.76,51.76,0.0,0.0,0.0,0.0,0.0,0,0,0.0
1432,大魯閣,37,2026-08-10,excluded,0,7,48,42,35,60.99,59.56,-1.43,"[21000, 35000, 20000, 17022, 144978]","[0, 0, 0, 0, 0]",True,,split,0.0,0,-3.0,-3000,0.0,0,3.5,12.5,5.0,5.0,6.0,4.5,25.0,Q1,confirmed_accumulation,9.06,9.06,9.49,5,0.29718264521791915,9,454.0,454000,144.978,144978,182.0,182000,238.0,238000,90.6,active,positive,90.6,94.92,accelerating,94.92,94.92,0.25649717514124293,0.44608615384615385,0.3285198555956679,0.29638854296388545,5.0,9,5,90.6,False,1.324503311258285,1.324503311258285,2.0000000000000018,1.653386934631762,71.32,-1.5549146338575737,-14.882013111045435,32.72,1.653386934631762,-1.5549146338575737,True,0.657894736842124,2.0000000000000018,-7.2727272727272645,-0.995492197789638,3.5549146338575754,7.609285838318169,0,0.0,0,0.0,0,0.0,0,0.0,0,0.0,0,,inactive,zero,,51.76,inactive,51.76,51.76,0.0,0.0,0.0,0.0,0.0,0,0,0.0
1436,華友聯,建材營建,2026-08-10,excluded,0,5,163,400,393,25.7,20.35,-5.35,"[6444, -98601, -144000, 152081, 98624]","[0, 0, 0, 0, 0]",True,,split,0.0,0,0.0,0,0.0,0,3.5,3.11,5.0,5.0,6.0,3.0,5.0,Q2,unconfirmed_accumulation,0.74,0.74,5.09,5,0.019553791559920982,2,329.395,329395,98.624,98624,106.705,106705,14.548,14548,7.44,active,positive,7.44,50.85,accelerating,50.85,50.85,0.10101042624961669,0.38226356589147287,0.13422012578616352,0.012455479452054795,5.0,6,3,7.44,False,2.751031636863832,4.621848739495804,2.609890109890123,-15.819652568357345,10.3,-0.9450245239674526,-29.877756181710456,9.65,-15.819652568357345,-0.9450245239674526,True,-16.815144766146982,2.609890109890123,-22.268470343392288,-0.995492197789638,3.5549146338575754,7.609285838318169,0,0.0,0,0.0,0,0.0,0,0.0,0,0.0,0,,inactive,zero,,51.76,inactive,51.76,51.76,0.0,0.0,0.0,0.0,0.0,0,0,0.0
1437,勤益控,其他,2026-08-10,excluded,0,0,489,618,648,6.5,0.0,-6.5,"[-114000, -147873, -85127, -20132, -40000]","[0, 0, 0, 0, 0]",True,,split,0.0,0,-16.0,-16000,0.0,0,0.0,0.0,-3.5,-3.5,4.5,2.0,0.0,Q4,confirmed_distribution,0.0,0.0,0.0,5,-0.3896223797382884,0,-196.471,-196471,-40.0,-40000,-145.259,-145259,-407.132,-407132,95.95,active,negative,95.95,1.96,stable,1.96,1.96,-0.08128713280926769,-0.24691358024691357,-0.29524186991869916,-0.39072168905950094,-3.5,4,0,-95.95,False,2.020202020202033,1.8487394957983128,-3.0399999999999983,0.17716159222499472,62.71,-6.594914633857574,-0.16247732767986633,73.14,0.17716159222499472,-6.594914633857574,True,-0.8183306055646433,-3.0399999999999983,7.446808510638303,-0.995492197789638,3.5549146338575754,7.609285838318169,0,0.0,0,0.0,0,0.0,0,0.0,0,0.0,0,,inactive,zero,,51.76,inactive,51.76,51.76,0.0,0.0,0.0,0.0,0.0,0,0,0.0
1438,三地開發,建材營建,2026-08-10,excluded,0,0,490,619,525,6.5,5.5,-1.0,"[-5000, 0, -5000, 4000, 1000]","[0, 0, 0, 0, 0]",True,,split,0.0,0,-2.0,-2000,0.0,0,0.0,0.0,3.0,3.0,4.0,2.5,0.0,Q4,confirmed_distribution,0.0,0.0,0.0,4,-0.03465482094502084,2,89.499,89499,1.0,1000,0.0,0,-5.0,-5000,20.23,active,negative,20.23,36.38,reversing_positive,36.38,36.38,0.12914718614718615,0.05,0.0,-0.03424657534246575,3.0,5,2,-20.23,False,0.4474272930648615,-0.44345898004435336,-1.9650655021834051,3.7414876211305903,80.7,-5.519980136040981,0.06457507295281051,73.66,3.7414876211305903,-5.519980136040981,True,2.7459954233409523,-1.9650655021834051,7.67386091127098,-0.995492197789638,3.5549146338575754,7.609285838318169,0,0.0,0,0.0,0,0.0,0,0.0,0,0.0,0,,inactive,zero,,51.76,inactive,51.76,51.76,0.0,0.0,0.0,0.0,0.0,0,0,0.0
1439,雋揚,建材營建,2026-08-10,excluded,0,7,49,104,85,56.21,54.18,-2.03,"[5000, 8000, 13000, 4000, 7000]","[0, 0, 0, 0, 0]",True,,split,0.0,0,-4.0,-4000,0.0,0,3.5,12.5,1.75,1.75,2.75,4.0,25.0,Q1,confirmed_accumulation,7.43,7.43,8.46,5,0.17576842487337282,6,75.48,75480,7.0,7000,24.0,24000,37.0,37000,74.28,active,positive,74.28,84.62,decelerating,84.62,84.62,0.14627906976744187,0.12962962962962962,0.22429906542056074,0.17535545023696683,1.75,8,5,74.28,False,6.751824817518259,0.5154639175257714,4.278074866310155,18.939040584886413,98.04,0.7231602324525799,6.648526661681831,83.7,18.939040584886413,0.7231602324525799,True,17.943548387096776,4.278074866310155,14.2578125,-0.995492197789638,3.5549146338575754,7.609285838318169,0,0.0,0,0.0,0,0.0,0,0.0,0,0.0,0,,inactive,zero,,51.76,inactive,51.76,51.76,0.0,0.0,0.0,0.0,0.0,0,0,0.0
1441,大東,紡織纖維,2026-08-10,excluded,0,5,164,342,326,32.72,29.55,-3.17,"[1000, 3000, 6000, -1000, -1000]","[0, 0, 0, 0, 0]",True,,split,0.0,0,-2.0,-2000,0.0,0,3.5,12.5,0.0,0.0,1.0,3.5,5.0,Q2,unconfirmed_accumulation,5.05,5.05,7.22,5,0.09310313540978082,0,28.1,28100,-1.0,-1000,4.0,4000,8.0,8000,50.52,active,positive,50.52,72.23,reversing_negative,72.23,72.23,0.1778481012658228,-0.07692307692307693,0.1,0.09302325581395349,0.0,7,3,50.52,False,-1.2222222222222134,0.0,-0.5592841163310824,-3.1037526781542595,43.68,-4.114198750188658,-15.389368825870031,31.03,-3.1037526781542595,-4.114198750188658,True,-4.0992448759438975,-0.5592841163310824,-7.780082987551862,-0.995492197789638,3.5549146338575754,7.609285838318169,0,0.0,0,0.0,0,0.0,0,0.0,0,0.0,0,,inactive,zero,,51.76,inactive,51.76,51.76,0.0,0.0,0.0,0.0,0.0,0,0,0.0
1443,立益物流,其他,2026-08-10,excluded,0,0,491,735,604,4.5,1.5,-3.0,"[-1000, 2000, -2000, 0, 0]","[0, 0, 0, 0, 0]",True,,mixed,0.0,0,-4.0,-4000,0.0,0,0.0,0.0,-1.0,-1.0,2.0,2.5,0.0,Q4,confirmed_distribution,0.0,0.0,0.0,3,-0.014557796415247818,0,41.4,41400,0.0,0,-2.0,-2000,-1.0,-1000,9.4,active,negative,9.4,42.24,neutral,42.24,42.24,0.23930635838150288,0.0,-0.06451612903225806,-0.014492753623188406,-1.0,5,1,-9.4,False,1.7578125,1.1650485436893288,-1.6981132075471694,0.044921855584312276,62.32,-5.253027841404744,-8.74780576241685,49.93,0.044921855584312276,-5.253027841404744,True,-0.9505703422053258,-1.6981132075471694,-1.1385199240986799,-0.995492197789638,3.5549146338575754,7.609285838318169,0,0.0,0,0.0,0,0.0,0,0.0,0,0.0,0,,inactive,zero,,51.76,inactive,51.76,51.76,0.0,0.0,0.0,0.0,0.0,0,0,0.0
1444,力麗,紡織纖維,2026-08-10,excluded,0,0,492,481,649,9.0,0.0,-9.0,"[155402, -204094, -62011, -152057, -134870]","[17000, 1000, -53000, 0, 0]",True,,split,0.0,0,-83.0,-83000,0.0,0,0.0,0.0,-4.5,-4.5,4.5,4.5,0.0,Q4,confirmed_distribution,0.0,0.0,0.0,5,-0.06991917771719797,0,505.351,505351,-134.87,-134870,-348.938,-348938,-397.63,-397630,38.51,active,negative,38.51,28.29,stable,28.29,28.29,0.0363928417110759,-0.12640112464854733,-0.09884929178470254,-0.06951573426573426,-3.5,5,1,-38.51,False,0.0,1.3966480446927276,1.538461538461533,-9.041682523399963,23.6,-2.0164530953960424,14.407520884370896,89.57,-9.041682523399963,-2.0164530953960424,True,-10.0371747211896,1.538461538461533,22.016806722689065,-0.995492197789638,3.5549146338575754,7.609285838318169,3,-0.0061408647296548975,0,28.0,28000,0.0,0,-53.0,-53000,-35.0,-35000,45.54,active,negative,45.54,7.82,neutral,7.82,7.82,0.0020164194152383695,0.0,-0.01501416430594901,-0.006118881118881119,-1.0,4,2,-45.54
1445,大宇,紡織纖維,2026-08-10,excluded,0,5,165,426,409,23.14,18.07,-5.07,"[1000, 43000, -48000, 6000, 5000]","[0, 0, 0, 0, 0]",True,,split,0.0,0,-4.0,-4000,0.0,0,3.5,4.41,1.0,1.0,2.0,3.0,5.0,Q2,unconfirmed_accumulation,1.16,1.16,5.23,5,0.018408073632294516,2,44.3,44300,5.0,5000,-37.0,-37000,7.0,7000,11.62,active,positive,11.62,52.28,neutral,52.28,52.28,0.07346600331674959,0.09615384615384616,-0.16517857142857142,0.017632241813602016,1.0,6,4,11.62,False,-1.4150943396226467,0.0,-2.7906976744186074,-8.134942584819061,25.55,-6.345612308276182,-19.04996380441988,24.25,-8.134942584819061,-6.345612308276182,True,-9.130434782608699,-2.7906976744186074,-11.44067796610171,-0.995492197789638,3.5549146338575754,7.609285838318169,0,0.0,0,0.0,0,0.0,0,0.0,0,0.0,0,,inactive,zero,,51.76,inactive,51.76,51.76,0.0,0.0,0.0,0.0,0.0,0,0,0.0
1446,宏和,紡織纖維,2026-08-10,excluded,0,5,166,305,291,35.43,32.6,-2.83,"[10000, 35000, -31000, 72000, 10000]","[0, 0, 0, 0, 0]",True,,split,0.0,0,-25.0,-25000,0.0,0,3.5,12.5,1.75,1.75,2.75,4.0,5.0,Q2,unconfirmed_accumulation,5.85,5.85,7.68,5,0.11347593400308988,2,270.4,270400,10.0,10000,51.0,51000,96.0,96000,58.49,active,positive,58.49,76.79,decelerating,76.79,76.79,0.11938189845474614,0.07092198581560284,0.11434977578475336,0.1128084606345476,1.75,8,4,58.49,False,0.7220216606498076,1.086956521739113,1.4545454545454417,-3.4565625967309166,41.98,-2.1003691793121337,-15.832970048844487,29.34,-3.4565625967309166,-2.1003691793121337,True,-4.452054794520555,1.4545454545454417,-8.223684210526317,-0.995492197789638,3.5549146338575754,7.609285838318169,0,0.0,0,0.0,0,0.0,0,0.0,0,0.0,0,,inactive,zero,,51.76,inactive,51.76,51.76,0.0,0.0,0.0,0.0,0.0,0,0,0.0
1447,力鵬,紡織纖維,2026-08-10,excluded,0,0,493,565,580,7.0,3.0,-4.0,"[282522, 825912, -1027018, -411250, 314948]","[12000, 1000, -39000, 0, 0]",True,,split,0.0,0,-17.0,-17000,0.0,0,0.0,0.0,-2.0,-2.0,2.0,5.0,0.0,Q4,confirmed_distribution,0.0,0.0,0.0,5,-0.004019687399947595,1,25.099,25099,314.948,314948,-1123.32,-1123320,-14.886,-14886,0.91,active,negative,0.91,46.02,neutral,46.02,46.02,0.0010304635217801865,0.20557963446475197,-0.14908029197080291,-0.0011973938223938225,-1.0,6,3,-0.91,False,1.8465909090909172,3.463203463203457,4.063860667634267,-13.951127019292208,12.39,0.5089460337766916,29.747036000762296,94.78,-13.951127019292208,0.5089460337766916,True,-14.946619217081846,4.063860667634267,37.356321839080465,-0.995492197789638,3.5549146338575754,7.609285838318169,3,-0.00217885215616648,0,21.0,21000,0.0,0,-39.0,-39000,-26.0,-26000,27.23,active,negative,27.23,10.82,neutral,10.82,10.82,0.0008621751447222564,0.0,-0.005175846051758461,-0.0020913770913770914,-1.0,4,2,-27.23
1449,佳和,紡織纖維,2026-08-10,excluded,0,0,494,620,574,6.5,3.5,-3.0,"[46411, -81000, 14311, -58475, 35137]","[0, 0, 0, 0, 0]",True,,split,0.36,360,9.0,9000,0.0,0,1.0,0.0,-1.0,-1.0,2.0,3.5,0.0,Q4,confirmed_distribution,0.0,0.0,0.0,5,-0.025374826136123515,1,337.372,337372,35.137,35137,-9.027,-9027,-43.616,-43616,15.93,active,negative,15.93,38.46,neutral,38.46,38.46,0.08032666666666667,0.08828391959798995,-0.00865484180249281,-0.025446907817969662,-1.0,7,3,-15.93,False,2.7888446215139417,3.200000000000003,5.737704918032804,-4.1515666257397665,38.72,2.182790284175229,-7.609285838318169,54.69,-4.1515666257397665,2.182790284175229,True,-5.147058823529404,5.737704918032804,0.0,-0.995492197789638,3.5549146338575754,7.609285838318169,0,0.0,0,0.0,0,0.0,0,0.0,0,0.0,0,,inactive,zero,,51.76,inactive,51.76,51.76,0.0,0.0,0.0,0.0,0.0,0,0,0.0
1452,宏益,紡織纖維,2026-08-10,excluded,0,0,495,486,630,8.5,0.5,-8.0,"[-7000, 8000, -10000, 22004, -40999]","[0, 0, 0, 0, 0]",True,,split,0.0,0,9.0,9000,0.0,0,1.0,0.0,-3.5,-3.5,4.5,3.0,0.0,Q4,confirmed_distribution,0.0,0.0,0.0,5,-0.055453008396549736,0,29.091,29091,-40.999,-40999,-28.995,-28995,-27.995,-27995,30.42,active,negative,30.42,31.42,stable,31.42,31.42,0.03386612339930151,-0.4270729166666667,-0.08076601671309193,-0.055435643564356436,-3.5,6,2,-30.42,False,-0.43859649122807154,1.7937219730941534,1.3392857142857206,-1.159680216003467,53.59,-2.215628919571855,-4.427467656499995,64.54,-1.159680216003467,-2.215628919571855,True,-2.155172413793105,1.3392857142857206,3.1818181818181746,-0.995492197789638,3.5549146338575754,7.609285838318169,0,0.0,0,0.0,0,0.0,0,0.0,0,0.0,0,,inactive,zero,,51.76,inactive,51.76,51.76,0.0,0.0,0.0,0.0,0.0,0,0,0.0
1453,大將,建材營建,2026-08-10,excluded,0,5,167,260,277,37.48,33.52,-3.96,"[2000, 8000, -7000, 4000, 10000]","[0, 0, 0, 0, 0]",True,,split,0.0,0,-4.0,-4000,0.0,0,3.5,12.5,5.0,5.0,6.0,4.0,5.0,Q2,unconfirmed_accumulation,3.52,3.52,6.48,5,0.06470708656044219,2,37.69,37690,10.0,10000,7.0,7000,17.0,17000,35.25,active,positive,35.25,64.8,accelerating,64.8,64.8,0.06953874538745387,0.15151515151515152,0.03684210526315789,0.06439393939393939,5.0,8,4,35.25,False,0.0,-0.4484304932735439,-0.4484304932735439,0.5470617045160941,64.73,-4.003345127131119,-9.81192901012433,46.15,0.5470617045160941,-4.003345127131119,True,-0.4484304932735439,-0.4484304932735439,-2.2026431718061623,-0.995492197789638,3.5549146338575754,7.609285838318169,0,0.0,0,0.0,0,0.0,0,0.0,0,0.0,0,,inactive,zero,,51.76,inactive,51.76,51.76,0.0,0.0,0.0,0.0,0.0,0,0,0.0
1454,台富,紡織纖維,2026-08-10,excluded,0,2,439,412,403,24.46,19.09,-5.37,"[0, 0, 0, 0, 1000]","[0, 0, 0, 0, 0]",True,,split,0.0,0,-6.0,-6000,0.0,0,3.5,2.94,5.0,5.0,6.0,2.0,5.0,Q2,unconfirmed_accumulation,0.65,0.65,5.02,1,0.011630028276931497,1,3.3,3300,1.0,1000,1.0,1000,1.0,1000,6.53,active,positive,6.53,50.2,accelerating,50.2,50.2,0.01783783783783784,0.041666666666666664,0.01694915254237288,0.011764705882352941,5.0,4,1,6.53,False,-0.390625,-1.5444015444015413,-1.9230769230769273,1.7860060317817283,72.36,-5.477991556934503,-9.15368738271971,48.89,1.7860060317817283,-5.477991556934503,True,0.7905138339920903,-1.9230769230769273,-1.5444015444015413,-0.995492197789638,3.5549146338575754,7.609285838318169,0,0.0,0,0.0,0,0.0,0,0.0,0,0.0,0,,inactive,zero,,51.76,inactive,51.76,51.76,0.0,0.0,0.0,0.0,0.0,0,0,0.0
1457,宜進,紡織纖維,2026-08-10,excluded,0,5,168,441,428,20.57,15.0,-5.57,"[-9000, -15000, 22000, 6000, -1000]","[0, 0, 0, 0, 0]",True,,split,0.0,0,19.0,19000,0.0,0,4.5,1.02,1.75,1.75,2.75,2.5,5.0,Q2,unconfirmed_accumulation,0.23,0.23,4.8,5,0.0035629511097359937,0,83.617,83617,-1.0,-1000,27.0,27000,3.0,3000,2.35,active,positive,2.35,47.98,decelerating,47.98,47.98,0.06615268987341773,-0.013333333333333334,0.05389221556886228,0.004098360655737705,1.75,5,2,2.35,False,0.3558718861209842,-1.0526315789473717,-1.3986013986014068,-0.05713938115773365,60.76,-4.953516032458982,-8.313511190430845,52.41,-0.05713938115773365,-4.953516032458982,True,-1.0526315789473717,-1.3986013986014068,-0.7042253521126751,-0.995492197789638,3.5549146338575754,7.609285838318169,0,0.0,0,0.0,0,0.0,0,0.0,0,0.0,0,,inactive,zero,,51.76,inactive,51.76,51.76,0.0,0.0,0.0,0.0,0.0,0,0,0.0
1460,宏遠,紡織纖維,2026-08-10,excluded,0,0,496,670,552,6.0,5.0,-1.0,"[-14602, -62662, -144294, 66800, -16939]","[0, 0, 0, 0, 0]",True,,split,0.0,0,-19.0,-19000,0.0,0,0.0,0.0,3.0,3.0,4.0,2.0,0.0,Q4,confirmed_distribution,0.0,0.0,0.0,5,-0.1082363932941863,0,80.767,80767,-16.939,-16939,-94.433,-94433,-171.697,-171697,56.66,active,negative,56.66,19.3,reversing_positive,19.3,19.3,0.021406573018817918,-0.08104784688995215,-0.10411576626240353,-0.10936114649681529,3.0,4,1,-56.66,False,0.3012048192771122,0.6042296072507503,-1.6248153618906858,-5.201690900801903,36.25,-5.179729995748261,-13.141200731935188,36.77,-5.201690900801903,-5.179729995748261,True,-6.197183098591541,-1.6248153618906858,-5.531914893617018,-0.995492197789638,3.5549146338575754,7.609285838318169,0,0.0,0,0.0,0,0.0,0,0.0,0,0.0,0,,inactive,zero,,51.76,inactive,51.76,51.76,0.0,0.0,0.0,0.0,0.0,0,0,0.0
1463,強盛新,紡織纖維,2026-08-10,excluded,0,0,497,671,650,6.0,0.0,-6.0,"[-22000, -5000, 0, -1000, -1000]","[0, 0, 0, 0, 0]",True,,split,0.0,0,-9.0,-9000,0.0,0,0.0,0.0,-3.5,-3.5,4.5,1.5,0.0,Q3,absorption_divergence,0.0,0.0,0.0,4,-0.1252408477842004,0,254.0,254000,-1.0,-1000,-2.0,-2000,-29.0,-29000,61.88,active,negative,61.88,16.69,stable,16.69,16.69,0.2841163310961969,-0.02857142857142857,-0.023809523809523808,-0.12554112554112554,-3.5,3,0,-61.88,False,0.0,0.5649717514124353,0.28169014084507005,0.995492197789638,68.12,-3.2732244930125054,-8.720396949429276,50.2,0.995492197789638,-3.2732244930125054,True,0.0,0.28169014084507005,-1.1111111111111072,-0.995492197789638,3.5549146338575754,7.609285838318169,0,0.0,0,0.0,0,0.0,0,0.0,0,0.0,0,,inactive,zero,,51.76,inactive,51.76,51.76,0.0,0.0,0.0,0.0,0.0,0,0,0.0
1464,得力,紡織纖維,2026-08-10,excluded,0,0,498,621,526,6.5,5.5,-1.0,"[-27989, -55725, -15092, -31781, 108208]","[0, 0, 0, 0, 0]",True,,split,0.0,0,-25.0,-25000,0.0,0,0.0,0.0,3.0,3.0,4.0,2.5,0.0,Q4,confirmed_distribution,0.0,0.0,0.0,5,-0.013668363519616708,1,338.322,338322,108.208,108208,61.335,61335,-22.379,-22379,9.27,active,negative,9.27,42.37,reversing_positive,42.37,42.37,0.0898836344314559,0.3191976401179941,0.060488165680473376,-0.014290549169859515,3.0,5,1,-9.27,False,0.48309178743961567,0.9708737864077666,0.9708737864077666,-1.3519256425859494,52.41,-2.584040847449809,-5.146231651126043,62.19,-1.3519256425859494,-2.584040847449809,True,-2.3474178403755874,0.9708737864077666,2.4630541871921263,-0.995492197789638,3.5549146338575754,7.609285838318169,0,0.0,0,0.0,0,0.0,0,0.0,0,0.0,0,,inactive,zero,,51.76,inactive,51.76,51.76,0.0,0.0,0.0,0.0,0.0,0,0,0.0
1465,偉全,紡織纖維,2026-08-10,excluded,0,5,169,288,297,36.46,32.17,-4.29,"[0, 6030, -5000, 12000, 8000]","[0, 0, 0, 0, 0]",True,,split,0.0,0,-18.167,-18167,0.0,0,3.5,12.4,5.0,5.0,6.0,3.5,5.0,Q2,unconfirmed_accumulation,2.77,2.77,6.06,4,0.04955329041827915,2,88.498,88498,8.0,8000,15.0,15000,21.03,21030,27.68,active,positive,27.68,60.63,accelerating,60.63,60.63,0.08542277992277993,0.08602150537634409,0.07075471698113207,0.04959905660377358,5.0,7,3,27.68,False,0.0,-0.8032128514056214,-1.9841269841269882,-0.20450780221036302,59.45,-5.539041617984564,-4.262005503590127,65.19,-0.20450780221036302,-5.539041617984564,True,-1.200000000000001,-1.9841269841269882,3.347280334728042,-0.995492197789638,3.5549146338575754,7.609285838318169,0,0.0,0,0.0,0,0.0,0,0.0,0,0.0,0,,inactive,zero,,51.76,inactive,51.76,51.76,0.0,0.0,0.0,0.0,0.0,0,0,0.0
1466,聚隆,紡織纖維,2026-08-10,excluded,0,5,170,94,100,56.99,53.56,-3.43,"[50039, 32862, -121362, 59317, 145617]","[0, 0, 0, 0, 0]",True,,split,0.0,0,-3.0,-3000,0.0,0,3.5,12.5,5.0,5.0,6.0,3.0,25.0,Q1,confirmed_accumulation,4.56,4.56,6.99,5,0.08555744118816011,2,290.761,290761,145.617,145617,83.572,83572,166.473,166473,45.56,active,positive,45.56,69.88,accelerating,69.88,69.88,0.05891813576494428,0.2747490566037736,0.07241941074523398,0.08204682109413504,5.0,6,4,45.56,False,4.615384615384621,4.615384615384621,9.324758842443725,1.8856999129231666,72.75,5.769844208586149,10.857613116385668,87.09,1.8856999129231666,5.769844208586149,True,0.8902077151335286,9.324758842443725,18.466898954703836,-0.995492197789638,3.5549146338575754,7.609285838318169,0,0.0,0,0.0,0,0.0,0,0.0,0,0.0,0,,inactive,zero,,51.76,inactive,51.76,51.76,0.0,0.0,0.0,0.0,0.0,0,0,0.0
1467,南緯,紡織纖維,2026-08-10,excluded,0,0,499,496,651,8.0,0.0,-8.0,"[139106, 58614, -471966, 6013, -133807]","[0, 0, 0, 0, 0]",True,,split,0.0,0,-22.321,-22321,0.0,0,0.0,0.0,-3.5,-3.5,4.5,3.5,0.0,Q3,absorption_divergence,0.0,0.0,0.0,5,-0.130656456102726,0,8.676,8676,-133.807,-133807,-599.76,-599760,-402.04,-402040,61.62,active,negative,61.62,16.82,stable,16.82,16.82,0.0011863804184329277,-0.33368329177057354,-0.281445330830596,-0.1251291627762216,-3.5,7,3,-61.62,False,-0.6091370558375719,-1.80541624874625,5.49568965517242,20.2403155839041,98.44,1.9407750213148445,30.08410375380559,94.92,20.2403155839041,1.9407750213148445,True,19.24482338611446,5.49568965517242,37.69338959212376,-0.995492197789638,3.5549146338575754,7.609285838318169,0,0.0,0,0.0,0,0.0,0,0.0,0,0.0,0,,inactive,zero,,51.76,inactive,51.76,51.76,0.0,0.0,0.0,0.0,0.0,0,0,0.0
1468,昶和,紡織纖維,2026-08-10,excluded,0,0,500,566,652,7.0,0.0,-7.0,"[-3000, -18000, -14000, -1000, -9000]","[0, 0, 0, 0, 0]",True,,split,0.0,0,-9.0,-9000,0.0,0,0.0,0.0,-3.5,-3.5,4.5,2.5,0.0,Q4,confirmed_distribution,0.0,0.0,0.0,5,-0.16702646192280016,0,44.2,44200,-9.0,-9000,-24.0,-24000,-45.0,-45000,72.85,active,negative,72.85,10.95,stable,10.95,10.95,0.08110091743119266,-0.1836734693877551,-0.1935483870967742,-0.16791044776119404,-3.5,5,0,-72.85,False,0.0,-2.166064981949456,-3.214285714285714,12.518125942645597,95.96,-6.76920034814329,3.0029590596410314,79.79,12.518125942645597,-6.76920034814329,True,11.522633744855959,-3.214285714285714,10.6122448979592,-0.995492197789638,3.5549146338575754,7.609285838318169,0,0.0,0,0.0,0,0.0,0,0.0,0,0.0,0,,inactive,zero,,51.76,inactive,51.76,51.76,0.0,0.0,0.0,0.0,0.0,0,0,0.0
1470,大統新創,紡織纖維,2026-08-10,excluded,0,5,171,73,66,58.23,56.29,-1.94,"[2000, 1000, 2000, -1000, 1000]","[0, 0, 0, 0, 0]",True,,split,0.0,0,-1.0,-1000,0.0,0,3.5,12.5,3.5,3.5,4.5,4.0,25.0,Q1,confirmed_accumulation,7.79,7.79,8.73,5,0.19338760591460374,1,27.083,27083,1.0,1000,2.0,2000,5.0,5000,77.94,active,positive,77.94,87.35,stable,87.35,87.35,0.22569166666666668,0.14285714285714285,0.14285714285714285,0.19230769230769232,3.5,8,4,77.94,False,3.083700440528636,2.183406113537112,0.6451612903225712,10.08640128869872,93.48,-2.9097533435350043,-3.839884507941238,65.97,10.08640128869872,-2.9097533435350043,True,9.090909090909083,0.6451612903225712,3.7694013303769314,-0.995492197789638,3.5549146338575754,7.609285838318169,0,0.0,0,0.0,0,0.0,0,0.0,0,0.0,0,,inactive,zero,,51.76,inactive,51.76,51.76,0.0,0.0,0.0,0.0,0.0,0,0,0.0
1471,首利,電子零組件,2026-08-10,excluded,0,5,172,337,329,33.26,29.13,-4.13,"[58000, 110000, -121000, -2000, 30000]","[0, 0, 0, 0, 0]",True,,split,0.0,0,1.0,1000,0.0,0,4.5,12.5,1.0,1.0,2.0,3.0,5.0,Q2,unconfirmed_accumulation,3.13,3.13,6.26,5,0.05751596466386457,1,131.25,131250,30.0,30000,-93.0,-93000,75.0,75000,31.33,active,positive,31.33,62.58,neutral,62.58,62.58,0.05159198113207547,0.17543859649122806,-0.13757396449704143,0.05694760820045558,1.0,6,3,31.33,False,-0.10482180293500676,0.3157894736842026,0.3157894736842026,-6.028898046112808,34.03,-3.239125160173373,-17.70362546095968,26.08,-6.028898046112808,-3.239125160173373,True,-7.024390243902445,0.3157894736842026,-10.094339622641513,-0.995492197789638,3.5549146338575754,7.609285838318169,0,0.0,0,0.0,0,0.0,0,0.0,0,0.0,0,,inactive,zero,,51.76,inactive,51.76,51.76,0.0,0.0,0.0,0.0,0.0,0,0,0.0
1472,三洋實業,建材營建,2026-08-10,excluded,0,0,501,736,605,4.5,1.5,-3.0,"[-8000, -4000, -2000, -4000, 3000]","[0, 0, 0, 0, 0]",True,,mixed,0.0,0,-6.0,-6000,0.0,0,0.0,0.0,-1.0,-1.0,2.0,2.5,0.0,Q3,absorption_divergence,0.0,0.0,0.0,5,-0.14837769271853302,1,-0.099,-99,3.0,3000,-3.0,-3000,-15.0,-15000,69.32,active,negative,69.32,13.17,neutral,13.17,13.17,-0.0003235294117647059,0.6,-0.07692307692307693,-0.1485148514851485,-1.0,5,1,-69.32,False,0.11261261261261701,1.0227272727272751,0.5656108597285048,1.4474695989195818,70.4,-2.9893037741290707,-7.945608708273322,53.72,1.4474695989195818,-2.9893037741290707,True,0.4519774011299438,0.5656108597285048,-0.33632286995515237,-0.995492197789638,3.5549146338575754,7.609285838318169,0,0.0,0,0.0,0,0.0,0,0.0,0,0.0,0,,inactive,zero,,51.76,inactive,51.76,51.76,0.0,0.0,0.0,0.0,0.0,0,0,0.0
1473,台南,紡織纖維,2026-08-10,excluded,0,0,502,567,497,7.0,6.0,-1.0,"[4000, 6000, -37000, 5000, 6000]","[0, 0, 0, 0, 0]",True,,split,0.0,0,-11.0,-11000,0.0,0,0.0,0.0,3.0,3.0,4.0,3.0,0.0,Q3,absorption_divergence,0.0,0.0,0.0,5,-0.05766895808798693,2,-13.4,-13400,6.0,6000,-26.0,-26000,-16.0,-16000,32.38,active,negative,32.38,30.57,reversing_positive,30.57,30.57,-0.01789052069425901,0.07142857142857142,-0.14130434782608695,-0.057971014492753624,3.0,6,4,-32.38,False,0.5037783375314797,0.7575757575757569,0.7575757575757569,0.0029363665241310954,61.67,-2.7973388762818185,-9.090767319799653,49.15,0.0029363665241310954,-2.7973388762818185,True,-0.992555831265507,0.7575757575757569,-1.4814814814814836,-0.995492197789638,3.5549146338575754,7.609285838318169,0,0.0,0,0.0,0,0.0,0,0.0,0,0.0,0,,inactive,zero,,51.76,inactive,51.76,51.76,0.0,0.0,0.0,0.0,0.0,0,0,0.0
1474,弘裕,紡織纖維,2026-08-10,excluded,0,0,503,752,620,4.0,1.0,-3.0,"[-22000, -8000, -1000, 0, 0]","[0, 0, 0, 0, 0]",True,,split,0.0,0,-8.0,-8000,0.0,0,0.0,0.0,-1.0,-1.0,2.0,2.0,0.0,Q4,confirmed_distribution,0.0,0.0,0.0,3,-0.1203190067748151,0,-4.7,-4700,0.0,0,-1.0,-1000,-31.0,-31000,60.57,active,negative,60.57,17.34,neutral,17.34,17.34,-0.006317204301075269,0.0,-0.012048192771084338,-0.12062256809338522,-1.0,4,0,-60.57,False,0.4975124378109319,1.4056224899598346,-1.4634146341463428,-1.8891231868257585,48.37,-5.018329268003918,-5.589083818116158,61.41,-1.8891231868257585,-5.018329268003918,True,-2.8846153846153966,-1.4634146341463428,2.020202020202011,-0.995492197789638,3.5549146338575754,7.609285838318169,0,0.0,0,0.0,0,0.0,0,0.0,0,0.0,0,,inactive,zero,,51.76,inactive,51.76,51.76,0.0,0.0,0.0,0.0,0.0,0,0,0.0
1475,業旺,紡織纖維,2026-08-10,excluded,0,2,440,331,323,33.83,29.96,-3.87,"[12000, -7000, 2000, 4000, -2000]","[0, 0, 0, 0, 0]",True,,split,0.0,0,-9.0,-9000,0.0,0,3.5,12.5,1.75,1.75,2.75,3.5,5.0,Q2,unconfirmed_accumulation,3.71,3.71,6.58,5,0.06758377327801288,0,30.2,30200,-2.0,-2000,4.0,4000,9.0,9000,37.08,active,positive,37.08,65.84,decelerating,65.84,65.84,0.13017241379310346,-0.05714285714285714,0.057971014492753624,0.06716417910447761,1.75,7,3,37.08,False,-0.5494505494505586,1.1173184357541777,0.0,0.995492197789638,68.12,-3.5549146338575754,-6.867170810488865,57.11,0.995492197789638,-3.5549146338575754,True,0.0,0.0,0.7421150278293043,-0.995492197789638,3.5549146338575754,7.609285838318169,0,0.0,0,0.0,0,0.0,0,0.0,0,0.0,0,,inactive,zero,,51.76,inactive,51.76,51.76,0.0,0.0,0.0,0.0,0.0,0,0,0.0
1476,儒鴻,紡織纖維,2026-08-10,excluded,0,3,404,365,394,30.52,20.12,-10.4,"[192614, 607165, 208573, -1081768, -688947]","[3000, 5363, -13000, 134000, 8062]",True,,split,219.939,219939,25.611,25611,0.0,0,4.5,3.73,-1.75,-1.75,5.25,7.5,0.0,Q4,confirmed_distribution,6.14,6.14,9.54,5,-0.07648851669610272,0,695.659,695659,-688.947,-688947,-1562.142,-1562142,-762.363,-762363,46.08,active,negative,46.08,24.12,stable,24.12,24.12,0.03422003049830292,-0.5103311111111111,-0.2402556136573362,-0.08281153595481208,-3.5,8,3,-46.08,False,-2.8818443804034533,-5.0704225352112715,-2.741702741702745,-0.17752833006959845,59.58,-6.29661737556032,-8.927001797322564,49.54,-0.17752833006959845,-6.29661737556032,True,-1.1730205278592365,-2.741702741702745,-1.3177159590043952,-0.995492197789638,3.5549146338575754,7.609285838318169,5,0.014650481082258682,2,141.151,141151,8.062,8062,129.062,129062,137.425,137425,61.39,active,positive,61.39,95.44,decelerating,95.44,95.44,0.0069433321855477395,0.0059718518518518515,0.019849584743155953,0.014927764501412123,1.75,7,4,61.39
1477,聚陽,紡織纖維,2026-08-10,other_watch,52,6,137,324,367,34.2,24.84,-9.36,"[-40077, -320477, -190576, -520113, -868551]","[140417, 19555, 27000, 20000, 25000]",True,,split,-34.861,-34861,-51.315,-51315,0.0,0,3.5,6.01,1.5,1.5,8.5,6.5,0.0,Q4,confirmed_distribution,7.33,7.33,9.69,5,-0.2006043283314734,0,-1978.522,-1978522,-868.551,-868551,-1579.24,-1579240,-1939.794,-1939794,79.63,active,negative,79.63,8.6,stable,8.6,8.6,-0.10294614704198969,-0.5273533697632058,-0.2915878877400295,-0.20099409387628225,-3.5,3,0,-79.63,False,-0.8928571428571397,-1.3333333333333308,1.6018306636155666,-0.7744193066351435,55.93,-1.9530839702420089,-8.057716331591713,53.19,-0.7744193066351435,-1.9530839702420089,True,-1.7699115044247815,1.6018306636155666,-0.4484304932735439,-0.995492197789638,3.5549146338575754,7.609285838318169,5,0.023932115014235374,10,485.618,485618,25.0,25000,72.0,72000,231.972,231972,73.27,active,positive,73.27,96.87,accelerating,96.87,96.87,0.025267599771059888,0.015179113539769277,0.013293943870014771,0.024036058439539945,5.0,10,5,73.27
1506,正道,電機機械,2026-08-10,excluded,0,5,173,155,151,49.09,44.24,-4.85,"[-28000, -13000, -12000, -11000, 89432]","[0, 0, 0, 0, 0]",True,,split,0.0,0,-7.077,-7077,0.0,0,3.5,6.6,5.0,5.0,6.0,2.5,25.0,Q1,confirmed_accumulation,1.64,1.64,5.49,5,0.028390854725275826,1,201.332,201332,89.432,89432,66.432,66432,25.432,25432,16.45,active,positive,16.45,54.89,accelerating,54.89,54.89,0.09782896015549077,0.2512134831460674,0.10528050713153725,0.02638174273858921,5.0,5,1,16.45,False,2.4390243902439046,1.9417475728155331,0.4784688995215447,2.444767560108485,76.01,-3.0764457343360307,-4.668109367729922,63.89,2.444767560108485,-3.0764457343360307,True,1.449275362318847,0.4784688995215447,2.941176470588247,-0.995492197789638,3.5549146338575754,7.609285838318169,0,0.0,0,0.0,0,0.0,0,0.0,0,0.0,0,,inactive,zero,,51.76,inactive,51.76,51.76,0.0,0.0,0.0,0.0,0.0,0,0,0.0
1512,瑞利,汽車工業,2026-08-10,excluded,0,0,504,568,653,7.0,0.0,-7.0,"[7000, -2000, -37000, 2000, -2000]","[0, 0, 0, 0, 0]",True,,split,0.0,0,-2.0,-2000,0.0,0,0.0,0.0,-3.5,-3.5,4.5,2.5,0.0,Q4,confirmed_distribution,0.0,0.0,0.0,5,-0.08870454963773572,0,9.7,9700,-2.0,-2000,-37.0,-37000,-32.0,-32000,48.69,active,negative,48.69,22.82,stable,22.82,22.82,0.013305898491083675,-0.04878048780487805,-0.21022727272727273,-0.08888888888888889,-3.5,5,2,-48.69,False,-0.605143721633894,-1.0542168674698704,-1.7937219730941756,-3.510321755698731,41.59,-5.348636606951751,-13.212734114180236,36.51,-3.510321755698731,-5.348636606951751,True,-4.505813953488369,-1.7937219730941756,-5.603448275862066,-0.995492197789638,3.5549146338575754,7.609285838318169,0,0.0,0,0.0,0,0.0,0,0.0,0,0.0,0,,inactive,zero,,51.76,inactive,51.76,51.76,0.0,0.0,0.0,0.0,0.0,0,0,0.0
1515,力山,電機機械,2026-08-10,excluded,0,0,505,497,654,8.0,0.0,-8.0,"[-398000, 18000, 9000, -54000, -543281]","[3000, 0, -10000, 0, 0]",True,,split,57.705,57705,-20.0,-20000,0.0,0,0.0,0.0,-4.5,-4.5,4.5,3.5,0.0,Q4,confirmed_distribution,0.0,0.0,0.0,5,-0.20887318642960406,0,752.815,752815,-543.281,-543281,-588.281,-588281,-968.281,-968281,81.85,active,negative,81.85,7.43,stable,7.43,7.43,0.055595229303596484,-0.22338856907894736,-0.177674720628209,-0.21483936099400933,-3.5,4,2,-81.85,False,2.6315789473684292,0.9708737864077666,5.762711864406778,-23.184337692854353,4.56,2.207797230549202,33.24850197206559,96.09,-23.184337692854353,2.207797230549202,True,-24.17982989064399,5.762711864406778,40.85778781038376,-0.995492197789638,3.5549146338575754,7.609285838318169,2,-0.001698014110410624,0,5.0,5000,0.0,0,-10.0,-10000,-7.0,-7000,23.27,active,negative,23.27,11.6,neutral,11.6,11.6,0.00036924894764049925,0.0,-0.0030202355783751134,-0.0015531395606833815,-1.0,3,1,-23.27
1519,華城,電機機械,2026-08-10,excluded,0,0,506,622,583,6.5,2.5,-4.0,"[251627, -176729, -160596, -246312, 111134]","[0, 0, -90000, 0, 0]",True,,split,11.314,11314,-1.333,-1333,0.0,0,0.0,0.0,-2.0,-2.0,2.0,4.5,0.0,Q4,confirmed_distribution,0.0,0.0,0.0,5,-0.03230391441312056,1,263.593,263593,111.134,111134,-295.774,-295774,-220.876,-220876,21.67,active,negative,21.67,35.33,neutral,35.33,35.33,0.01942755011792453,0.11180482897384306,-0.10139664038395611,-0.03693578595317726,-1.0,5,2,-21.67,False,2.7565084226646164,1.2066365007541435,-4.551920341394022,-6.707396385429066,30.38,-8.106834975251598,-30.48284905670897,8.74,-6.707396385429066,-8.106834975251598,True,-7.702888583218703,-4.551920341394022,-22.873563218390803,-0.995492197789638,3.5549146338575754,7.609285838318169,1,-0.014765759002887477,0,7.336,7336,0.0,0,-90.0,-90000,-90.0,-90000,61.88,active,negative,61.88,5.61,neutral,5.61,5.61,0.000540683962264151,0.0,-0.030853616729516628,-0.015050167224080268,-1.0,4,0,-61.88
1521,大億,汽車工業,2026-08-10,excluded,0,5,174,204,192,39.72,37.78,-1.94,"[1000, 17000, -5000, 2000, 4000]","[0, 0, 0, 0, 0]",True,,split,0.0,0,-3.0,-3000,0.0,0,3.5,12.5,5.0,5.0,6.0,4.0,5.0,Q2,unconfirmed_accumulation,7.78,7.78,8.72,5,0.19095144383308565,2,48.3,48300,4.0,4000,1.0,1000,19.0,19000,77.81,active,positive,77.81,87.22,accelerating,87.22,87.22,0.22465116279069766,0.4444444444444444,0.018867924528301886,0.1919191919191919,5.0,8,4,77.81,False,0.3968253968253954,1.200000000000001,-0.393700787401563,-0.5609280356733914,57.63,-3.9486154212591384,-4.343979715869195,64.8,-0.5609280356733914,-3.9486154212591384,True,-1.5564202334630295,-0.393700787401563,3.2653061224489743,-0.995492197789638,3.5549146338575754,7.609285838318169,0,0.0,0,0.0,0,0.0,0,0.0,0,0.0,0,,inactive,zero,,51.76,inactive,51.76,51.76,0.0,0.0,0.0,0.0,0.0,0,0,0.0
1522,堤維西,汽車工業,2026-08-10,excluded,0,0,507,623,575,6.5,3.5,-3.0,"[80586, 52966, 287572, -621644, 53999]","[0, 0, 0, 0, 0]",True,,split,2.874,2874,-30.0,-30000,0.0,0,0.0,0.0,-1.0,-1.0,2.0,4.5,0.0,Q4,confirmed_distribution,0.0,0.0,0.0,5,-0.029121409137341705,1,611.062,611062,53.999,53999,-280.073,-280073,-146.521,-146521,20.1,active,negative,20.1,36.51,neutral,36.51,36.51,0.0901005603066942,0.09029933110367892,-0.07585942578548212,-0.03418595426971535,-1.0,9,4,-20.1,False,0.7142857142857117,0.0,0.7142857142857117,-6.241349907473515,32.72,-2.8406289195718637,-14.076947529860451,34.42,-6.241349907473515,-2.8406289195718637,True,-7.236842105263152,0.7142857142857117,-6.467661691542281,-0.995492197789638,3.5549146338575754,7.609285838318169,0,0.0,0,0.0,0,0.0,0,0.0,0,0.0,0,,inactive,zero,,51.76,inactive,51.76,51.76,0.0,0.0,0.0,0.0,0.0,0,0,0.0
1524,耿鼎,汽車工業,2026-08-10,excluded,0,5,175,348,342,31.93,27.62,-4.31,"[142391, 26048, 33998, -118093, 37047]","[0, 0, 0, 0, 0]",True,,split,0.0,0,-18.0,-18000,0.0,0,3.5,11.92,0.0,0.0,1.0,4.5,5.0,Q2,unconfirmed_accumulation,2.7,2.7,6.01,5,0.04605214603659513,1,566.11,566110,37.047,37047,-47.048,-47048,121.391,121391,27.02,active,positive,27.02,60.1,reversing_negative,60.1,60.1,0.11550907977963681,0.08716941176470588,-0.024251546391752577,0.04769783889980354,0.0,9,4,27.02,False,-0.3669724770642202,2.840909090909083,2.840909090909083,-1.3426372986132473,52.54,-0.7140055429484926,-13.338452504984843,36.38,-1.3426372986132473,-0.7140055429484926,True,-2.3381294964028854,2.840909090909083,-5.729166666666674,-0.995492197789638,3.5549146338575754,7.609285838318169,0,0.0,0,0.0,0,0.0,0,0.0,0,0.0,0,,inactive,zero,,51.76,inactive,51.76,51.76,0.0,0.0,0.0,0.0,0.0,0,0,0.0
1525,江申,汽車工業,2026-08-10,excluded,0,7,50,286,251,36.62,34.5,-2.12,"[6000, 4000, 3000, 1000, 1000]","[0, 0, 0, 0, 0]",True,,split,0.0,0,-2.0,-2000,0.0,0,3.5,12.5,1.75,1.75,2.75,4.5,5.0,Q2,unconfirmed_accumulation,7.25,7.25,8.37,5,0.1663807057300097,5,39.3,39300,1.0,1000,5.0,5000,15.0,15000,72.52,active,positive,72.52,83.7,decelerating,83.7,83.7,0.18625592417061612,0.1,0.13513513513513514,0.16666666666666666,1.75,9,5,72.52,False,-0.4366812227074246,-0.5813953488371992,-0.2915451895043608,4.1629130122692874,81.88,-3.8464598233619363,6.771985064691877,83.96,4.1629130122692874,-3.8464598233619363,True,3.167420814479649,-0.2915451895043608,14.381270903010046,-0.995492197789638,3.5549146338575754,7.609285838318169,0,0.0,0,0.0,0,0.0,0,0.0,0,0.0,0,,inactive,zero,,51.76,inactive,51.76,51.76,0.0,0.0,0.0,0.0,0.0,0,0,0.0
1526,日馳,電機機械,2026-08-10,excluded,0,5,176,455,447,17.43,11.87,-5.56,"[-98525, 102929, 274035, -166382, -84394]","[0, 0, 0, 0, 0]",True,,split,0.0,0,-1.0,-1000,0.0,0,3.5,1.12,0.0,0.0,1.0,2.0,5.0,Q2,unconfirmed_accumulation,0.25,0.25,4.81,5,0.006247992374723829,0,-207.261,-207261,-84.394,-84394,23.259,23259,27.663,27663,2.48,active,positive,2.48,48.11,reversing_negative,48.11,48.11,-0.008128201105925723,-0.07164176570458404,0.00512877618522602,0.004473318240620958,0.0,4,2,2.48,False,0.273972602739736,4.871060171919783,0.0,29.86873163440936,99.61,-3.5549146338575754,16.880510080049184,91.26,29.86873163440936,-3.5549146338575754,True,28.873239436619723,0.0,24.489795918367353,-0.995492197789638,3.5549146338575754,7.609285838318169,0,0.0,0,0.0,0,0.0,0,0.0,0,0.0,0,,inactive,zero,,51.76,inactive,51.76,51.76,0.0,0.0,0.0,0.0,0.0,0,0,0.0
1528,恩德,電機機械,2026-08-10,excluded,0,0,508,569,655,7.0,0.0,-7.0,"[74319, -12000, 99000, -104000, -112345]","[0, 0, 0, 0, 0]",True,,split,-0.255,-255,-4.0,-4000,0.0,0,0.0,0.0,-3.5,-3.5,4.5,2.5,0.0,Q4,confirmed_distribution,0.0,0.0,0.0,5,-0.017309766056822877,0,882.275,882275,-112.345,-112345,-117.345,-117345,-55.026,-55026,10.44,active,negative,10.44,41.46,stable,41.46,41.46,0.07929136335040891,-0.16767910447761195,-0.06771206001154068,-0.016037889828038474,-3.5,5,2,-10.44,False,2.425876010781658,3.260869565217406,7.042253521126751,-14.560063357765918,11.34,3.4873388872691757,-32.36176108584292,7.69,-14.560063357765918,3.4873388872691757,True,-15.555555555555555,7.042253521126751,-24.752475247524753,-0.995492197789638,3.5549146338575754,7.609285838318169,0,0.0,0,0.0,0,0.0,0,0.0,0,0.0,0,,inactive,zero,,51.76,inactive,51.76,51.76,0.0,0.0,0.0,0.0,0.0,0,0,0.0
1529,樂事綠能,電機機械,2026-08-10,excluded,0,0,509,672,656,6.0,0.0,-6.0,"[-42000, -131000, 40379, -33379, -10407]","[0, 0, 0, 0, 0]",True,,split,0.0,0,-5.0,-5000,0.0,0,0.0,0.0,-3.5,-3.5,4.5,1.5,0.0,Q4,confirmed_distribution,0.0,0.0,0.0,5,-0.10865499024517428,0,-84.741,-84741,-10.407,-10407,-3.407,-3407,-176.407,-176407,56.53,active,negative,56.53,19.43,stable,19.43,19.43,-0.018064591771477297,-0.03480602006688963,-0.003181139122315593,-0.10896046942557135,-3.5,3,1,-56.53,False,0.0,0.0,0.29239766081869956,-19.05112784883042,7.04,-3.262516973038876,-25.355089195632328,13.04,-19.05112784883042,-3.262516973038876,True,-20.046620046620056,0.29239766081869956,-17.74580335731416,-0.995492197789638,3.5549146338575754,7.609285838318169,0,0.0,0,0.0,0,0.0,0,0.0,0,0.0,0,,inactive,zero,,51.76,inactive,51.76,51.76,0.0,0.0,0.0,0.0,0.0,0,0,0.0
1533,車王電,汽車工業,2026-08-10,excluded,0,5,177,264,250,37.3,34.58,-2.72,"[0, 2000, 12899, -8000, 71000]","[0, 0, 0, 0, 0]",True,,split,0.0,0,-14.0,-14000,0.0,0,3.5,12.5,5.0,5.0,6.0,2.5,5.0,Q2,unconfirmed_accumulation,6.08,6.08,7.8,4,0.12140491413784993,1,69.7,69700,71.0,71000,75.899,75899,77.899,77899,60.84,active,positive,60.84,77.97,accelerating,77.97,77.97,0.052643504531722056,0.36787564766839376,0.1664451754385965,0.121149300155521,5.0,5,3,60.84,False,-1.0463378176382654,1.5337423312883347,3.2761310452418257,-7.187586859075813,28.29,-0.2787835886157497,-12.220236846963704,38.46,-7.187586859075813,-0.2787835886157497,True,-8.18307905686545,3.2761310452418257,-4.610951008645536,-0.995492197789638,3.5549146338575754,7.609285838318169,0,0.0,0,0.0,0,0.0,0,0.0,0,0.0,0,,inactive,zero,,51.76,inactive,51.76,51.76,0.0,0.0,0.0,0.0,0.0,0,0,0.0
1535,中宇,電機機械,2026-08-10,excluded,0,2,441,433,418,21.82,16.59,-5.23,"[-1000, 5321, 0, -8000, 7000]","[0, 0, 0, 0, 0]",True,,split,0.0,0,-5.0,-5000,0.0,0,3.5,3.64,0.0,0.0,1.0,3.5,5.0,Q2,unconfirmed_accumulation,0.95,0.95,5.18,4,0.014831550048938864,1,166.521,166521,7.0,7000,-1.0,-1000,3.321,3321,9.53,active,positive,9.53,51.76,reversing_negative,51.76,51.76,0.23063850415512466,0.1590909090909091,-0.007407407407407408,0.01456578947368421,0.0,7,2,9.53,False,1.196953210010876,1.7505470459518557,0.6493506493506329,-6.559179770401213,31.42,-2.9055639845069425,-13.479731182447718,35.59,-6.559179770401213,-2.9055639845069425,True,-7.554671968190851,0.6493506493506329,-5.870445344129549,-0.995492197789638,3.5549146338575754,7.609285838318169,0,0.0,0,0.0,0,0.0,0,0.0,0,0.0,0,,inactive,zero,,51.76,inactive,51.76,51.76,0.0,0.0,0.0,0.0,0.0,0,0,0.0
1537,廣隆,電機機械,2026-08-10,excluded,0,0,510,624,657,6.5,0.0,-6.5,"[-28000, -3000, -25000, -8627, -30742]","[0, 0, 0, 0, 0]",True,,split,0.0,0,-19.86,-19860,0.0,0,0.0,0.0,-3.5,-3.5,4.5,2.0,0.0,Q3,absorption_divergence,0.0,0.0,0.0,5,-0.18566481110254432,0,-20.043,-20043,-30.742,-30742,-64.369,-64369,-95.369,-95369,76.24,active,negative,76.24,9.91,stable,9.91,9.91,-0.020103309929789367,-0.3454157303370787,-0.24018283582089553,-0.18554280155642022,-3.5,4,0,-76.24,False,0.0,1.195219123505975,0.39525691699604515,1.3907491147856832,69.75,-3.1596577168615303,-6.815635044667379,57.37,1.3907491147856832,-3.1596577168615303,True,0.39525691699604515,0.39525691699604515,0.7936507936507908,-0.995492197789638,3.5549146338575754,7.609285838318169,0,0.0,0,0.0,0,0.0,0,0.0,0,0.0,0,,inactive,zero,,51.76,inactive,51.76,51.76,0.0,0.0,0.0,0.0,0.0,0,0,0.0
1539,巨庭,電機機械,2026-08-10,excluded,0,7,51,70,61,58.83,56.68,-2.15,"[31000, -5000, 1000, 5000, 30000]","[0, 0, 0, 0, 0]",True,,split,0.0,0,0.0,0,0.0,0,3.5,12.5,5.0,5.0,6.0,3.5,25.0,Q1,confirmed_accumulation,7.18,7.18,8.33,5,0.16356432743780408,3,73.1,73100,30.0,30000,36.0,36000,62.0,62000,71.8,active,positive,71.8,83.31,accelerating,83.31,83.31,0.08569753810082063,0.36585365853658536,0.13740458015267176,0.16272965879265092,5.0,7,4,71.8,False,2.187500000000009,1.552795031055898,0.30674846625766694,5.13561958632468,85.79,-3.2481661675999085,-2.4645913045560963,68.97,5.13561958632468,-3.2481661675999085,True,4.140127388535042,0.30674846625766694,5.144694533762073,-0.995492197789638,3.5549146338575754,7.609285838318169,0,0.0,0,0.0,0,0.0,0,0.0,0,0.0,0,,inactive,zero,,51.76,inactive,51.76,51.76,0.0,0.0,0.0,0.0,0.0,0,0,0.0
1541,錩泰,電機機械,2026-08-10,excluded,0,5,178,143,136,51.9,47.92,-3.98,"[14000, -6000, 0, 1000, -2000]","[0, 0, 0, 0, 0]",True,,split,0.0,0,-3.0,-3000,0.0,0,3.5,12.5,0.0,0.0,1.0,3.5,25.0,Q1,confirmed_accumulation,3.42,3.42,6.4,4,0.0644245381108534,0,44.378,44378,-2.0,-2000,-1.0,-1000,7.0,7000,34.2,active,positive,34.2,64.02,reversing_negative,64.02,64.02,0.1826255144032922,-0.3333333333333333,-0.022222222222222223,0.06140350877192982,0.0,7,2,34.2,False,0.6880733944954143,2.0930232558139528,2.5700934579439227,2.381173491092181,75.62,-0.9848211759136527,-6.921212443822755,56.71,2.381173491092181,-0.9848211759136527,True,1.385681293302543,2.5700934579439227,0.6880733944954143,-0.995492197789638,3.5549146338575754,7.609285838318169,0,0.0,0,0.0,0,0.0,0,0.0,0,0.0,0,,inactive,zero,,51.76,inactive,51.76,51.76,0.0,0.0,0.0,0.0,0.0,0,0,0.0
1558,伸興,電機機械,2026-08-10,excluded,0,5,179,80,76,57.85,55.18,-2.67,"[5346, -26999, -27491, 42000, 67000]","[0, 0, 0, 0, 0]",True,,split,0.0,0,-1.0,-1000,0.0,0,3.5,12.5,5.0,5.0,6.0,3.0,25.0,Q1,confirmed_accumulation,6.18,6.18,7.85,5,0.12979571442146276,2,279.805,279805,67.0,67000,81.509,81509,59.856,59856,61.75,active,positive,61.75,78.49,accelerating,78.49,78.49,0.23067188788128606,0.432258064516129,0.23973235294117648,0.12548427672955975,5.0,6,3,61.75,False,2.3809523809523725,3.956043956043942,3.7280701754385914,3.1553194116125227,79.4,0.17315554158101598,-3.078899097986687,67.93,3.1553194116125227,0.17315554158101598,True,2.1598272138228847,3.7280701754385914,4.530386740331482,-0.995492197789638,3.5549146338575754,7.609285838318169,0,0.0,0,0.0,0,0.0,0,0.0,0,0.0,0,,inactive,zero,,51.76,inactive,51.76,51.76,0.0,0.0,0.0,0.0,0.0,0,0,0.0
1563,巧新,汽車工業,2026-08-10,excluded,0,0,511,487,631,8.5,0.5,-8.0,"[344062, 292495, 227051, -216418, -1114147]","[0, 0, 0, 0, 0]",True,,split,-0.351,-351,105.648,105648,0.0,0,1.0,0.0,-3.5,-3.5,4.5,3.0,0.0,Q4,confirmed_distribution,0.0,0.0,0.0,5,-0.09177758361027354,0,784.011,784011,-1114.147,-1114147,-1103.514,-1103514,-466.957,-466957,50.26,active,negative,50.26,21.77,stable,21.77,21.77,0.0631197971177844,-0.5942117333333333,-0.30928082959641257,-0.09266858503671363,-3.5,6,3,-50.26,False,-3.911564625850339,0.17730496453900457,2.7272727272727337,-11.135145438291229,17.99,-0.8276419065848417,16.840053368730292,91.0,-11.135145438291229,-0.8276419065848417,True,-12.130637636080866,2.7272727272727337,24.44933920704846,-0.995492197789638,3.5549146338575754,7.609285838318169,0,0.0,0,0.0,0,0.0,0,0.0,0,0.0,0,,inactive,zero,,51.76,inactive,51.76,51.76,0.0,0.0,0.0,0.0,0.0,0,0,0.0
1565,精華,生技醫療,2026-08-10,excluded,0,7,52,198,187,40.07,38.07,-2.0,"[31000, -31000, 2900, 24000, 100000]","[0, 0, 0, 0, 0]",True,,split,0.481,481,4.0,4000,0.0,0,4.5,12.5,5.0,5.0,6.0,3.5,5.0,Q2,unconfirmed_accumulation,7.57,7.57,8.57,5,0.1848674923569672,3,182.9,182900,100.0,100000,126.9,126900,126.9,126900,75.72,active,positive,75.72,85.66,accelerating,85.66,85.66,0.13272859216255442,0.6134969325153374,0.4345890410958904,0.18364688856729378,5.0,7,4,75.72,False,1.1789924973204746,1.2875536480686733,2.60869565217392,-0.7734984369658138,56.06,-0.9462189816836553,-8.553671987321309,50.72,-0.7734984369658138,-0.9462189816836553,True,-1.7689906347554518,2.60869565217392,-0.9443861490031402,-0.995492197789638,3.5549146338575754,7.609285838318169,0,0.0,0,0.0,0,0.0,0,0.0,0,0.0,0,,inactive,zero,,51.76,inactive,51.76,51.76,0.0,0.0,0.0,0.0,0.0,0,0,0.0
1569,濱川,電腦週邊,2026-08-10,excluded,0,5,180,349,337,31.81,28.23,-3.58,"[156000, -1000, 11000, -64000, 23000]","[0, 0, 0, 0, 0]",True,,split,10.844,10844,0.0,0,0.0,0,3.5,12.5,0.0,0.0,1.0,3.0,5.0,Q2,unconfirmed_accumulation,4.23,4.23,6.81,5,0.07451190693251249,1,693.472,693472,23.0,23000,-30.0,-30000,125.0,125000,42.3,active,positive,42.3,68.06,reversing_negative,68.06,68.06,0.13562918052024253,0.24731182795698925,-0.03215434083601286,0.07682851874615858,0.0,6,3,42.3,False,1.0625737898465104,0.3516998827667095,7.402760351317439,-10.666014510156707,19.43,3.8478457174598635,-25.301593530625865,13.17,-10.666014510156707,3.8478457174598635,True,-11.661506707946344,7.402760351317439,-17.692307692307697,-0.995492197789638,3.5549146338575754,7.609285838318169,0,0.0,0,0.0,0,0.0,0,0.0,0,0.0,0,,inactive,zero,,51.76,inactive,51.76,51.76,0.0,0.0,0.0,0.0,0.0,0,0,0.0
1570,力肯,電機機械,2026-08-10,excluded,0,0,512,763,658,3.0,0.0,-3.0,"[0, -16000, -8000, -5000, 5000]","[0, 0, 0, 0, 0]",True,,split,-0.049,-49,0.0,0,0.0,0,0.0,0.0,-1.0,-1.0,2.0,1.0,0.0,Q4,confirmed_distribution,0.0,0.0,0.0,4,-0.13529558286283627,1,-2.0,-2000,5.0,5000,-8.0,-8000,-24.0,-24000,66.06,active,negative,66.06,14.73,neutral,14.73,14.73,-0.0027359781121751026,0.1111111111111111,-0.0761904761904762,-0.1348314606741573,-1.0,2,1,-66.06,False,-0.44182621502211195,-0.5882352941176561,0.5952380952380931,-13.217705771753518,13.82,-2.9596765386194823,-22.684662722740278,17.34,-13.217705771753518,-2.9596765386194823,True,-14.213197969543156,0.5952380952380931,-15.07537688442211,-0.995492197789638,3.5549146338575754,7.609285838318169,0,0.0,0,0.0,0,0.0,0,0.0,0,0.0,0,,inactive,zero,,51.76,inactive,51.76,51.76,0.0,0.0,0.0,0.0,0.0,0,0,0.0
1580,新麥,電機機械,2026-08-10,excluded,0,2,442,498,467,8.0,7.0,-1.0,"[-12090, -15093, 7933, 7000, 9953]","[0, 0, 0, 0, 0]",True,,split,-0.319,-319,0.0,0,0.0,0,0.0,0.0,3.0,3.0,4.0,4.0,0.0,Q4,confirmed_distribution,0.0,0.0,0.0,5,-0.007735013524676461,3,64.217,64217,9.953,9953,24.886,24886,-2.297,-2297,4.96,active,negative,4.96,44.46,reversing_positive,44.46,44.46,0.10340901771336554,0.11848809523809524,0.14638823529411765,-0.008352727272727272,3.0,8,3,-4.96,False,0.0,0.44642857142858094,0.44642857142858094,-7.911390393303474,26.21,-3.1084860624289945,-16.145871204171826,28.68,-7.911390393303474,-3.1084860624289945,True,-8.906882591093112,0.44642857142858094,-8.536585365853655,-0.995492197789638,3.5549146338575754,7.609285838318169,0,0.0,0,0.0,0,0.0,0,0.0,0,0.0,0,,inactive,zero,,51.76,inactive,51.76,51.76,0.0,0.0,0.0,0.0,0.0,0,0,0.0
1583,程泰,電機機械,2026-08-10,excluded,0,2,443,345,339,32.11,27.91,-4.2,"[2000, 1000, 1000, -2000, 1000]","[0, 0, 0, 0, 0]",True,,split,0.0,0,-5.0,-5000,0.0,0,3.5,12.5,0.0,0.0,1.0,4.0,5.0,Q2,unconfirmed_accumulation,2.91,2.91,6.11,5,0.05314957120188279,1,51.9,51900,1.0,1000,0.0,0,3.0,3000,29.11,active,positive,29.11,61.15,reversing_negative,61.15,61.15,0.2965714285714286,1.0,0.0,0.05263157894736842,0.0,8,4,29.11,False,1.4285714285714235,1.2219959266802416,-0.5999999999999894,2.3206705871882227,75.36,-4.154914633857565,-1.1853029689391503,71.45,2.3206705871882227,-4.154914633857565,True,1.3251783893985847,-0.5999999999999894,6.423982869379019,-0.995492197789638,3.5549146338575754,7.609285838318169,0,0.0,0,0.0,0,0.0,0,0.0,0,0.0,0,,inactive,zero,,51.76,inactive,51.76,51.76,0.0,0.0,0.0,0.0,0.0,0,0,0.0
1587,吉茂,汽車工業,2026-08-10,excluded,0,5,181,251,257,37.78,34.15,-3.63,"[-31108, 12658, -7326, 18000, 50000]","[0, 0, 0, 0, 0]",True,,split,0.0,0,-3.092,-3092,0.0,0,3.5,12.5,5.0,5.0,6.0,4.0,5.0,Q2,unconfirmed_accumulation,4.15,4.15,6.78,5,0.07474943370940369,2,445.747,445747,50.0,50000,60.674,60674,42.224,42224,41.51,active,positive,41.51,67.8,accelerating,67.8,67.8,0.20372349177330895,0.29069767441860467,0.1723693181818182,0.07486524822695036,5.0,8,3,41.51,False,-0.2053388090349051,-0.4098360655737654,-0.8163265306122436,-7.133052225650816,28.68,-4.371241164469819,-24.10413119914291,15.25,-7.133052225650816,-4.371241164469819,True,-8.128544423440454,-0.8163265306122436,-16.49484536082474,-0.995492197789638,3.5549146338575754,7.609285838318169,0,0.0,0,0.0,0,0.0,0,0.0,0,0.0,0,,inactive,zero,,51.76,inactive,51.76,51.76,0.0,0.0,0.0,0.0,0.0,0,0,0.0
1595,川寶,半導體業,2026-08-10,excluded,0,0,513,701,659,5.5,0.0,-5.5,"[-15000, -422209, -104000, -88700, -35670]","[0, 0, 0, 0, 0]",True,,split,45.451,45451,-0.53,-530,0.0,0,0.0,0.0,-3.5,-3.5,4.5,1.0,0.0,Q4,confirmed_distribution,0.0,0.0,0.0,5,-0.2481847777191203,0,-328.716,-328716,-35.67,-35670,-228.37,-228370,-665.579,-665579,85.77,active,negative,85.77,6.0,stable,6.0,6.0,-0.0690724942214751,-0.12830935251798561,-0.2128331780055918,-0.247703386676591,-3.5,2,0,-85.77,False,3.6423841059602724,0.16000000000000458,13.818181818181818,-5.571671981314841,35.33,10.263267184324242,-38.20795546137804,4.56,-5.571671981314841,10.263267184324242,True,-6.567164179104479,13.818181818181818,-30.59866962305987,-0.995492197789638,3.5549146338575754,7.609285838318169,0,0.0,0,0.0,0,0.0,0,0.0,0,0.0,0,,inactive,zero,,51.76,inactive,51.76,51.76,0.0,0.0,0.0,0.0,0.0,0,0,0.0
1597,直得,電機機械,2026-08-10,excluded,0,0,514,499,660,8.0,0.0,-8.0,"[-32580, -247030, -118841, -896883, -107199]","[0, 0, 0, 0, 0]",True,,split,73.926,73926,70.061,70061,0.0,0,1.0,0.0,-3.5,-3.5,4.5,2.5,0.0,Q3,absorption_divergence,0.0,0.0,0.0,5,-0.09399130472823829,0,-375.5,-375500,-107.199,-107199,-1122.923,-1122923,-1402.533,-1402533,51.57,active,negative,51.57,20.86,stable,20.86,20.86,-0.01850482948945397,-0.03535587071240105,-0.09568191888207225,-0.09450394178289873,-3.5,5,0,-51.57,False,5.673758865248235,8.363636363636374,19.199999999999996,7.424063626361066,89.57,15.645085366142421,-24.831508060540397,14.34,7.424063626361066,15.645085366142421,True,6.428571428571428,19.199999999999996,-17.22222222222223,-0.995492197789638,3.5549146338575754,7.609285838318169,0,0.0,0,0.0,0,0.0,0,0.0,0,0.0,0,,inactive,zero,,51.76,inactive,51.76,51.76,0.0,0.0,0.0,0.0,0.0,0,0,0.0
1598,岱宇,37,2026-08-10,excluded,0,0,515,488,464,8.5,7.5,-1.0,"[32909, -109568, -31121, 54030, 5770]","[0, 0, 0, 0, 0]",True,,split,0.0,0,25.671,25671,0.0,0,1.0,0.0,3.0,3.0,4.0,3.5,0.0,Q3,absorption_divergence,0.0,0.0,0.0,5,-0.04168562638003859,2,515.012,515012,5.77,5770,28.679,28679,-47.98,-47980,24.8,active,negative,24.8,34.03,reversing_positive,34.03,34.03,0.06993644758283542,0.04931623931623932,0.05901028806584362,-0.042992831541218635,3.0,7,3,-24.8,False,0.24630541871921707,0.992555831265518,0.992555831265518,6.985075531122986,88.79,-2.5623588025920574,-6.616730007052651,58.41,6.985075531122986,-2.5623588025920574,True,5.989583333333348,0.992555831265518,0.992555831265518,-0.995492197789638,3.5549146338575754,7.609285838318169,0,0.0,0,0.0,0,0.0,0,0.0,0,0.0,0,,inactive,zero,,51.76,inactive,51.76,51.76,0.0,0.0,0.0,0.0,0.0,0,0,0.0
1603,華電,電器電纜,2026-08-10,excluded,0,0,516,500,468,8.0,7.0,-1.0,"[52595, -48455, -130836, 37017, 56318]","[0, 0, 0, 0, 0]",True,,split,0.0,0,-136.0,-136000,0.0,0,0.0,0.0,3.0,3.0,4.0,4.0,0.0,Q4,confirmed_distribution,0.0,0.0,0.0,5,-0.02798885858872406,2,488.258,488258,56.318,56318,-37.501,-37501,-33.361,-33361,18.15,active,negative,18.15,37.55,reversing_positive,37.55,37.55,0.18171120208410868,0.29332291666666666,-0.0518686030428769,-0.029418871252204586,3.0,8,3,-18.15,False,1.9163763066202044,1.0362694300518172,0.1712328767123239,-7.16777310833282,28.42,-3.3836817571452515,-16.345635292296322,28.29,-7.16777310833282,-3.3836817571452515,True,-8.163265306122458,0.1712328767123239,-8.736349453978153,-0.995492197789638,3.5549146338575754,7.609285838318169,0,0.0,0,0.0,0,0.0,0,0.0,0,0.0,0,,inactive,zero,,51.76,inactive,51.76,51.76,0.0,0.0,0.0,0.0,0.0,0,0,0.0
1604,聲寶,電器電纜,2026-08-10,excluded,0,0,517,673,553,6.0,5.0,-1.0,"[-125807, -114645, -49000, 80000, -3000]","[0, 0, 0, 0, 0]",True,,split,0.0,0,-68.0,-68000,0.0,0,0.0,0.0,3.0,3.0,4.0,2.0,0.0,Q4,confirmed_distribution,0.0,0.0,0.0,5,-0.20189346750281528,0,878.242,878242,-3.0,-3000,28.0,28000,-212.452,-212452,79.9,active,negative,79.9,8.47,reversing_positive,8.47,8.47,0.23227770431102882,-0.02857142857142857,0.06666666666666667,-0.20272137404580154,3.0,4,1,-79.9,False,0.0,0.6507592190889255,-0.6423982869379063,-0.07060588323382078,60.63,-4.197312920795482,-6.077557173110293,60.37,-0.07060588323382078,-4.197312920795482,True,-1.0660980810234588,-0.6423982869379063,1.5317286652078765,-0.995492197789638,3.5549146338575754,7.609285838318169,0,0.0,0,0.0,0,0.0,0,0.0,0,0.0,0,,inactive,zero,,51.76,inactive,51.76,51.76,0.0,0.0,0.0,0.0,0.0,0,0,0.0
1608,華榮,電器電纜,2026-08-10,excluded,0,7,53,50,60,60.4,56.75,-3.65,"[-171000, 1643125, 403613, 2013439, 3197463]","[-13000, 0, 0, -2000, 0]",True,,split,-21.333,-21333,-372.714,-372714,0.0,0,3.5,12.5,4.0,4.0,6.0,5.5,25.0,Q1,confirmed_accumulation,6.25,6.25,7.9,5,0.12870836946516298,4,9064.517,9064517,3197.463,3197463,5614.515,5614515,7086.64,7086640,62.53,active,positive,62.53,79.01,accelerating,79.01,79.01,0.13062204769796096,0.3393253740846864,0.20038241907277204,0.12635535348132299,5.0,7,4,62.53,False,2.2889842632331847,7.035928143712589,14.767255216693421,7.394301721599151,89.44,11.212340582835846,0.888437985657542,75.36,7.394301721599151,11.212340582835846,True,6.398809523809512,14.767255216693421,8.497723823975711,-0.995492197789638,3.5549146338575754,7.609285838318169,2,-0.0002678013841664011,0,12.118,12118,0.0,0,-2.0,-2000,-15.0,-15000,10.89,active,negative,10.89,13.69,neutral,13.69,13.69,0.00017462353195475178,0.0,-7.138013490845498e-05,-0.0002674511901577962,-1.0,4,0,-10.89
1614,三洋電,電器電纜,2026-08-10,excluded,0,0,518,625,527,6.5,5.5,-1.0,"[-16000, -1000, -6000, -1000, 20000]","[0, 0, 0, 0, 0]",True,,split,0.0,0,-2.0,-2000,0.0,0,0.0,0.0,3.0,3.0,4.0,2.5,0.0,Q4,confirmed_distribution,0.0,0.0,0.0,5,-0.014469984175233671,1,113.7,113700,20.0,20000,13.0,13000,-4.0,-4000,8.88,active,negative,8.88,42.5,reversing_positive,42.5,42.5,0.19238578680203045,0.17391304347826086,0.07262569832402235,-0.014084507042253521,3.0,5,1,-8.88,False,-0.3231017770597644,-0.6441223832528209,-1.4376996805111841,-2.5982578022103575,44.98,-4.99261431436876,-8.572367700276429,50.59,-2.5982578022103575,-4.99261431436876,True,-3.5937499999999956,-1.4376996805111841,-0.9630818619582593,-0.995492197789638,3.5549146338575754,7.609285838318169,0,0.0,0,0.0,0,0.0,0,0.0,0,0.0,0,,inactive,zero,,51.76,inactive,51.76,51.76,0.0,0.0,0.0,0.0,0.0,0,0,0.0
1615,大山,電器電纜,2026-08-10,excluded,0,5,182,383,376,27.88,23.28,-4.6,"[42000, -9000, -28000, -3430, 17668]","[0, 0, 0, 0, 0]",True,,split,0.0,0,-10.0,-10000,0.0,0,3.5,8.7,1.0,1.0,2.0,3.0,5.0,Q2,unconfirmed_accumulation,2.08,2.08,5.68,5,0.03521207819693327,1,119.238,119238,17.668,17668,-13.762,-13762,19.238,19238,20.76,active,positive,20.76,56.84,neutral,56.84,56.84,0.09717848410757947,0.16988461538461538,-0.04729209621993127,0.03478842676311031,1.0,6,2,20.76,False,0.11848341232227888,0.47562425683711496,0.835322195704058,-8.823077706159133,23.73,-2.7195924381535175,-9.581443610939978,47.07,-8.823077706159133,-2.7195924381535175,True,-9.81856990394877,0.835322195704058,-1.9721577726218076,-0.995492197789638,3.5549146338575754,7.609285838318169,0,0.0,0,0.0,0,0.0,0,0.0,0,0.0,0,,inactive,zero,,51.76,inactive,51.76,51.76,0.0,0.0,0.0,0.0,0.0,0,0,0.0
1616,億泰,電器電纜,2026-08-10,excluded,0,2,444,415,407,23.98,18.43,-5.55,"[-27183, -113516, 68300, -44270, 124744]","[0, 0, 0, 0, 0]",True,,split,0.0,0,-34.595,-34595,0.0,0,3.5,1.16,5.0,5.0,6.0,3.5,5.0,Q2,unconfirmed_accumulation,0.27,0.27,4.82,5,0.005797844654377538,1,629.96,629960,124.744,124744,148.774,148774,8.075,8075,2.74,active,positive,2.74,48.24,accelerating,48.24,48.24,0.14491833448355187,0.4689624060150376,0.15088640973630832,0.004622209502003435,5.0,7,2,2.74,False,0.5089058524173184,1.2820512820512775,5.053191489361697,-6.063331331622123,33.77,1.4982768555041215,-15.961954051775251,29.07,-6.063331331622123,1.4982768555041215,True,-7.058823529411762,5.053191489361697,-8.352668213457083,-0.995492197789638,3.5549146338575754,7.609285838318169,0,0.0,0,0.0,0,0.0,0,0.0,0,0.0,0,,inactive,zero,,51.76,inactive,51.76,51.76,0.0,0.0,0.0,0.0,0.0,0,0,0.0
1617,榮星,電器電纜,2026-08-10,excluded,0,0,519,626,528,6.5,5.5,-1.0,"[94405, -742738, 26768, -98708, 359841]","[0, 0, 0, 0, 0]",True,,split,0.0,0,-25.318,-25318,0.0,0,0.0,0.0,3.0,3.0,4.0,2.5,0.0,Q4,confirmed_distribution,0.0,0.0,0.0,5,-0.03159625774764316,1,-96.524,-96524,359.841,359841,287.901,287901,-360.432,-360432,19.45,active,negative,19.45,36.9,reversing_positive,36.9,36.9,-0.0064986198074463075,0.3044340101522843,0.09245375722543353,-0.03211833897700945,3.0,5,3,-19.45,False,4.120879120879128,2.156334231805923,14.156626506024072,-21.657569026700163,5.48,10.601711872166497,20.431254702222358,92.7,-21.657569026700163,10.601711872166497,True,-22.6530612244898,14.156626506024072,28.040540540540526,-0.995492197789638,3.5549146338575754,7.609285838318169,0,0.0,0,0.0,0,0.0,0,0.0,0,0.0,0,,inactive,zero,,51.76,inactive,51.76,51.76,0.0,0.0,0.0,0.0,0.0,0,0,0.0
1626,艾美特-KY,電器電纜,2026-08-10,excluded,0,0,520,570,661,7.0,0.0,-7.0,"[-3000, 11000, -15000, -8000, -7000]","[0, 0, 0, 0, 0]",True,,split,0.0,0,-5.0,-5000,0.0,0,0.0,0.0,-3.5,-3.5,4.5,2.5,0.0,Q4,confirmed_distribution,0.0,0.0,0.0,5,-0.07441659676473995,0,2.6,2600,-7.0,-7000,-30.0,-30000,-22.0,-22000,40.86,active,negative,40.86,26.47,stable,26.47,26.47,0.0037956204379562043,-0.15217391304347827,-0.15789473684210525,-0.07457627118644068,-3.5,5,1,-40.86,False,0.7299270072992803,-0.10341261633919352,-1.5290519877675823,-4.760605363185967,37.42,-5.083966621625158,-11.009285838318172,42.37,-4.760605363185967,-5.083966621625158,True,-5.756097560975604,-1.5290519877675823,-3.400000000000003,-0.995492197789638,3.5549146338575754,7.609285838318169,0,0.0,0,0.0,0,0.0,0,0.0,0,0.0,0,,inactive,zero,,51.76,inactive,51.76,51.76,0.0,0.0,0.0,0.0,0.0,0,0,0.0
1702,南僑,食品工業,2026-08-10,excluded,0,5,183,111,89,55.73,54.03,-1.7,"[132173, -47163, -1204, 79482, 15089]","[0, 0, 0, 0, 0]",True,,split,0.0,0,-36.0,-36000,0.0,0,3.5,12.5,1.75,1.75,2.75,3.0,25.0,Q1,confirmed_accumulation,8.28,8.28,8.98,5,0.22363744709767627,2,872.042,872042,15.089,15089,93.367,93367,178.377,178377,82.77,active,positive,82.77,89.83,decelerating,89.83,89.83,0.30684095707248416,0.17751764705882353,0.2437780678851175,0.2226928838951311,1.75,6,3,82.77,False,-0.4477611940298498,0.15015015015016342,0.45180722891566827,2.9832597818874818,78.62,-3.103107404941907,-8.05704703234802,53.32,2.9832597818874818,-3.103107404941907,True,1.9877675840978437,0.45180722891566827,-0.4477611940298498,-0.995492197789638,3.5549146338575754,7.609285838318169,0,0.0,0,0.0,0,0.0,0,0.0,0,0.0,0,,inactive,zero,,51.76,inactive,51.76,51.76,0.0,0.0,0.0,0.0,0.0,0,0,0.0
1708,東鹼,化學工業,2026-08-10,excluded,0,7,54,237,281,38.42,33.43,-4.99,"[307273, 215153, 40625, 84960, 156439]","[4000, 0, -14000, 0, 0]",True,,split,60.292,60292,-12.0,-12000,0.0,0,3.5,12.5,4.0,4.0,6.0,5.0,5.0,Q2,unconfirmed_accumulation,3.43,3.43,6.42,5,0.061776278062935557,5,708.997,708997,156.439,156439,282.024,282024,804.45,804450,34.33,active,positive,34.33,64.15,accelerating,64.15,64.15,0.022233975163070747,0.056660268018833754,0.04273090909090909,0.061709880331389994,5.0,7,5,34.33,False,2.4615384615384706,-0.29940119760478723,2.77777777777779,-9.488378769952288,21.9,-0.7771368560797853,15.72404749501517,90.09,-9.488378769952288,-0.7771368560797853,True,-10.483870967741925,2.77777777777779,23.33333333333334,-0.995492197789638,3.5549146338575754,7.609285838318169,2,-0.0007681202768011009,0,8.0,8000,0.0,0,-14.0,-14000,-10.0,-10000,16.83,active,negative,16.83,12.39,neutral,12.39,12.39,0.0002508780732563974,0.0,-0.0021212121212121214,-0.0007671064743786437,-1.0,3,1,-16.83
1709,和益,化學工業,2026-08-10,other_watch,22,5,184,147,144,50.79,46.1,-4.69,"[-25947, -499436, -24212, 678645, 742487]","[0, 0, 0, 0, 0]",True,,split,0.007,7,-176.0,-176000,0.0,0,3.5,8.13,5.0,5.0,6.0,2.5,25.0,Q1,confirmed_accumulation,1.97,1.97,5.66,5,0.034225719411453324,2,3690.828,3690828,742.487,742487,1396.92,1396920,871.537,871537,19.71,active,positive,19.71,56.58,accelerating,56.58,56.58,0.0873093463913136,0.14417223300970874,0.07967830253251197,0.032524891774891776,5.0,5,2,19.71,False,-1.7985611510791366,4.198473282442761,18.954248366013072,2.8611638395806938,78.36,15.399333732155498,40.76027937907316,97.13,2.8611638395806938,15.399333732155498,True,1.8656716417910557,18.954248366013072,48.36956521739133,-0.995492197789638,3.5549146338575754,7.609285838318169,0,0.0,0,0.0,0,0.0,0,0.0,0,0.0,0,,inactive,zero,,51.76,inactive,51.76,51.76,0.0,0.0,0.0,0.0,0.0,0,0,0.0
1711,永光,化學工業,2026-08-10,excluded,0,5,185,271,278,37.21,33.5,-3.71,"[498795, -13164, 173597, -180115, 418687]","[0, 0, 0, 0, 0]",True,,split,166.587,166587,-9.0,-9000,0.0,0,3.5,12.5,5.0,5.0,6.0,3.5,5.0,Q2,unconfirmed_accumulation,4.0,4.0,6.71,5,0.07304979824954307,1,7335.58,7335580,418.687,418687,412.169,412169,897.8,897800,39.95,active,positive,39.95,67.14,accelerating,67.14,67.14,0.1709686290961637,0.14958449446230795,0.06241202301635373,0.07196216736133376,5.0,7,3,39.95,False,9.97109826589595,7.485875706214684,16.897081413210447,-8.193051954955,25.42,13.342166779352873,-32.707711035168565,7.43,-8.193051954955,13.342166779352873,True,-9.188544152744637,16.897081413210447,-25.098425196850393,-0.995492197789638,3.5549146338575754,7.609285838318169,0,0.0,0,0.0,0,0.0,0,0.0,0,0.0,0,,inactive,zero,,51.76,inactive,51.76,51.76,0.0,0.0,0.0,0.0,0.0,0,0,0.0
1712,興農,化學工業,2026-08-10,excluded,0,0,521,501,498,8.0,6.0,-2.0,"[-538000, -766000, -223000, 63634, 308394]","[-5754, -3550, 0, 0, 0]",True,,split,0.0,0,-55.784,-55784,0.0,0,0.0,0.0,2.0,2.0,4.0,4.0,0.0,Q3,absorption_divergence,0.0,0.0,0.0,5,-0.29191093294173953,2,-1128.181,-1128181,308.394,308394,149.028,149028,-1154.972,-1154972,90.34,active,negative,90.34,4.43,reversing_positive,4.43,4.43,-0.12423532650589142,0.3185888429752066,0.07443956043956045,-0.294710895636642,3.0,4,2,-90.34,False,1.0269576379974277,1.9430051813471572,1.0269576379974277,0.7420067732015534,66.62,-2.5279569958601478,-12.21534644437877,38.59,0.7420067732015534,-2.5279569958601478,True,-0.25348542458808465,1.0269576379974277,-4.606060606060602,-0.995492197789638,3.5549146338575754,7.609285838318169,2,-0.0023675800942709736,0,-6.855,-6855,0.0,0,0.0,0,-9.304,-9304,28.22,active,negative,28.22,10.69,neutral,10.69,10.69,-0.0007548728113643872,0.0,0.0,-0.002374075019137535,-1.0,4,0,-28.22
1714,和桐,化學工業,2026-08-10,excluded,0,3,405,423,451,23.28,11.04,-12.24,"[-4953268, -3033438, 1152961, -9750633, -4242291]","[613000, 1000, -59000, 0, 0]",True,,split,218.796,218796,6.001,6001,0.0,0,4.5,0.98,-2.5,-2.5,4.5,4.0,0.0,Q3,absorption_divergence,4.06,4.06,9.3,5,-0.14517495602250355,0,-24301.971,-24301971,-4242.291,-4242291,-12839.963,-12839963,-20826.669,-20826669,69.06,active,negative,69.06,13.3,stable,13.3,13.3,-0.11043940867447102,-0.11838401004604437,-0.1255336957265626,-0.1475823170515664,-3.5,3,1,-69.06,False,5.714285714285716,12.881355932203387,16.027874564459932,0.995492197789638,68.12,12.472959930602357,58.890714161681814,98.83,0.995492197789638,12.472959930602357,True,0.0,16.027874564459932,66.49999999999999,-0.995492197789638,3.5549146338575754,7.609285838318169,3,0.0035931422285728196,0,1726.0,1726000,0.0,0,-59.0,-59000,555.0,555000,40.59,active,positive,40.59,92.96,neutral,92.96,92.96,0.007843743183305461,0.0,-0.0005768309494246356,0.003932850998093807,1.0,5,2,40.59
1718,中纖,化學工業,2026-08-10,excluded,0,0,522,482,469,9.0,7.0,-2.0,"[-25033035, -4731633, -18214779, -10013, 3948254]","[20000, 2000, -66000, 0, 0]",True,,split,101.324,101324,207.413,207413,0.0,0,1.0,0.0,2.0,2.0,4.0,4.0,0.0,Q4,confirmed_distribution,0.0,0.0,0.0,5,-0.18292080194501048,1,-56215.416,-56215416,3948.254,3948254,-14276.538,-14276538,-44041.206,-44041206,75.59,active,negative,75.59,10.04,reversing_positive,10.04,10.04,-0.1394691602140587,0.12798645012804305,-0.11011259197556574,-0.18334078221593156,3.0,4,1,-75.59,False,3.4308779011099855,2.6026026026026106,6.770833333333348,-27.575936373638932,1.69,3.2159186994757727,45.83382793413693,97.65,-27.575936373638932,3.2159186994757727,True,-28.57142857142857,6.770833333333348,53.4431137724551,-0.995492197789638,3.5549146338575754,7.609285838318169,3,-0.00018732086992535795,0,35.0,35000,0.0,0,-66.0,-66000,-44.0,-44000,9.41,active,negative,9.41,13.95,neutral,13.95,13.95,8.683419878084785e-05,0.0,-0.000509047156277477,-0.00018316924421872072,-1.0,4,2,-9.41
1720,生達,生技醫療,2026-08-10,excluded,0,0,523,702,584,5.5,2.5,-3.0,"[-170650, -30535, 321000, 137936, -282066]","[0, 0, 0, 0, 0]",True,,split,0.0,0,-37.57,-37570,0.0,0,0.0,0.0,-1.0,-1.0,2.0,3.5,0.0,Q4,confirmed_distribution,0.0,0.0,0.0,5,-0.011490384026044848,0,331.445,331445,-282.066,-282066,176.87,176870,-24.315,-24315,6.14,active,negative,6.14,43.68,neutral,43.68,43.68,0.07411560822898032,-0.5477009708737864,0.11144927536231884,-0.010933003597122301,-1.0,6,2,-6.14,False,-0.5263157894736747,0.17667844522968323,-0.35149384885764245,-10.686750792864563,19.17,-3.906408482715218,-15.861713022784183,29.2,-10.686750792864563,-3.906408482715218,True,-11.682242990654201,-0.35149384885764245,-8.252427184466015,-0.995492197789638,3.5549146338575754,7.609285838318169,0,0.0,0,1.0,1000,0.0,0,0.0,0,0.0,0,,inactive,zero,,51.76,inactive,51.76,51.76,0.00022361359570661896,0.0,0.0,0.0,0.0,1,0,0.0
1721,三晃,化學工業,2026-08-10,excluded,0,5,186,354,344,31.68,27.5,-4.18,"[80521, 166956, -58330, -169913, 160603]","[0, 0, 0, 0, 0]",True,,split,0.0,0,-6.0,-6000,0.0,0,3.5,12.5,0.0,0.0,1.0,3.5,5.0,Q2,unconfirmed_accumulation,3.0,3.0,6.18,5,0.05745859118181016,1,338.793,338793,160.603,160603,-67.64,-67640,179.837,179837,30.03,active,positive,30.03,61.8,reversing_negative,61.8,61.8,0.04945883211678832,0.23934873323397912,-0.0356187467087941,0.055012847965738756,0.0,7,3,30.03,False,3.5714285714285587,-0.4901960784313597,3.5714285714285587,-12.066606303281025,15.65,0.016513937570983295,-45.147747376779705,1.56,-12.066606303281025,0.016513937570983295,True,-13.062098501070663,3.5714285714285587,-37.53846153846153,-0.995492197789638,3.5549146338575754,7.609285838318169,0,0.0,0,0.0,0,0.0,0,0.0,0,0.0,0,,inactive,zero,,51.76,inactive,51.76,51.76,0.0,0.0,0.0,0.0,0.0,0,0,0.0
1722,台肥,化學工業,2026-08-10,excluded,0,15,1,128,156,53.78,42.42,-11.36,"[-2334308, 123982, 1169365, 1121402, 638455]","[0, 0, 0, 0, 3000]",True,,split,-43.819,-43819,419.0,419000,0.0,0,10.0,11.11,6.75,6.75,6.75,6.0,5.0,Q2,unconfirmed_accumulation,3.56,3.56,14.92,5,0.04559191199173841,4,1998.353,1998353,638.455,638455,2929.222,2929222,718.896,718896,25.2,active,positive,25.2,59.06,decelerating,59.06,59.06,0.06545110048473732,0.2892863615768011,0.30266811324653853,0.04424247646008985,1.75,7,4,25.2,True,1.318681318681314,1.7660044150110465,1.318681318681314,-1.335016276786638,52.93,-2.2362333151762614,-9.524179455339443,47.2,-1.335016276786638,-2.2362333151762614,True,-2.330508474576276,1.318681318681314,-1.9148936170212738,-0.995492197789638,3.5549146338575754,7.609285838318169,1,0.0001877015195679852,1,29.0,29000,3.0,3000,3.0,3000,3.0,3000,10.4,active,positive,10.4,90.09,accelerating,90.09,90.09,0.0009498231363815014,0.001359311282283643,0.00030998140111593303,0.00018462674626130838,5.0,5,1,10.4
1725,元禎,化學工業,2026-08-10,excluded,0,5,187,90,102,57.3,53.24,-4.06,"[1000, -1000, 2000, -1000, 11000]","[0, 0, 0, 0, 0]",True,,split,0.0,0,-5.351,-5351,0.0,0,3.5,12.5,5.0,5.0,6.0,4.0,25.0,Q1,confirmed_accumulation,3.24,3.24,6.3,5,0.05939331734971254,1,104.2,104200,11.0,11000,12.0,12000,12.0,12000,32.38,active,positive,32.38,62.97,accelerating,62.97,62.97,0.16180124223602485,0.2391304347826087,0.10619469026548672,0.057971014492753624,5.0,8,3,32.38,False,3.0000000000000027,4.391891891891886,3.3444816053511683,3.3133729924916255,79.92,-0.2104330285064071,-9.358093469478746,47.72,3.3133729924916255,-0.2104330285064071,True,2.3178807947019875,3.3444816053511683,-1.748807631160576,-0.995492197789638,3.5549146338575754,7.609285838318169,0,0.0,0,0.0,0,0.0,0,0.0,0,0.0,0,,inactive,zero,,51.76,inactive,51.76,51.76,0.0,0.0,0.0,0.0,0.0,0,0,0.0
1726,永記,化學工業,2026-08-10,excluded,0,0,524,571,662,7.0,0.0,-7.0,"[-13000, -2000, 3000, -3000, -4050]","[0, 0, 0, 0, 0]",True,,split,0.0,0,-5.0,-5000,0.0,0,0.0,0.0,-3.5,-3.5,4.5,2.5,0.0,Q4,confirmed_distribution,0.0,0.0,0.0,5,-0.15866305593392574,0,42.76,42760,-4.05,-4050,-4.05,-4050,-19.05,-19050,71.15,active,negative,71.15,12.13,stable,12.13,12.13,0.11977591036414566,-0.1265625,-0.06136363636363636,-0.15875,-3.5,5,1,-71.15,False,0.0,0.3896103896103842,0.12953367875647714,-0.7834150449041455,55.67,-3.4253809551010983,-7.479752159561692,55.28,-0.7834150449041455,-3.4253809551010983,True,-1.7789072426937835,0.12953367875647714,0.12953367875647714,-0.995492197789638,3.5549146338575754,7.609285838318169,0,0.0,0,0.0,0,0.0,0,0.0,0,0.0,0,,inactive,zero,,51.76,inactive,51.76,51.76,0.0,0.0,0.0,0.0,0.0,0,0,0.0
1727,中華化,化學工業,2026-08-10,excluded,0,5,188,295,303,36.14,31.94,-4.2,"[132744, -194568, 192376, -177491, 459077]","[0, 0, 0, 0, 0]",True,,split,9.607,9607,-8.0,-8000,0.0,0,3.5,12.5,5.0,5.0,6.0,3.0,5.0,Q2,unconfirmed_accumulation,2.94,2.94,6.14,5,0.05596555084558066,1,1518.894,1518894,459.077,459077,473.962,473962,412.138,412138,29.37,active,positive,29.37,61.41,accelerating,61.41,61.41,0.07875629990666805,0.258343837929094,0.11560048780487805,0.05353136771009222,5.0,6,3,29.37,False,5.9556786703601095,3.518267929634633,8.05084745762712,-13.529647467014827,13.3,4.495932823769544,-11.382870743978547,41.2,-13.529647467014827,4.495932823769544,True,-14.525139664804465,8.05084745762712,-3.7735849056603765,-0.995492197789638,3.5549146338575754,7.609285838318169,0,0.0,0,0.0,0,0.0,0,0.0,0,0.0,0,,inactive,zero,,51.76,inactive,51.76,51.76,0.0,0.0,0.0,0.0,0.0,0,0,0.0
1730,花仙子,化學工業,2026-08-10,excluded,0,0,525,753,621,4.0,1.0,-3.0,"[3000, -8000, -6000, -5000, 0]","[0, 0, 0, 0, 0]",True,,split,0.0,0,-7.0,-7000,0.0,0,0.0,0.0,-1.0,-1.0,2.0,2.0,0.0,Q3,absorption_divergence,0.0,0.0,0.0,4,-0.08650686662734855,0,-11.9,-11900,0.0,0,-11.0,-11000,-16.0,-16000,48.04,active,negative,48.04,23.34,neutral,23.34,23.34,-0.028953771289537713,0.0,-0.09482758620689655,-0.08648648648648649,-1.0,4,1,-48.04,False,0.0,0.390625,0.19493177387914784,0.801317440508087,67.14,-3.3599828599784276,-10.260800989833319,44.59,0.801317440508087,-3.3599828599784276,True,-0.1941747572815511,0.19493177387914784,-2.651515151515149,-0.995492197789638,3.5549146338575754,7.609285838318169,0,0.0,0,0.0,0,0.0,0,0.0,0,0.0,0,,inactive,zero,,51.76,inactive,51.76,51.76,0.0,0.0,0.0,0.0,0.0,0,0,0.0
1731,美吾華,生技醫療,2026-08-10,excluded,0,0,526,760,632,3.5,0.5,-3.0,"[-23000, -31000, 94009, -31223, -56309]","[0, 0, 0, 0, 0]",True,,split,0.0,0,-19.0,-19000,0.0,0,0.0,0.0,-1.0,-1.0,2.0,1.5,0.0,Q3,absorption_divergence,0.0,0.0,0.0,5,-0.008718628249934423,0,-86.223,-86223,-56.309,-56309,6.477,6477,-47.523,-47523,5.22,active,negative,5.22,44.2,neutral,44.2,44.2,-0.014505888290713325,-0.2124867924528302,0.0012479768786127167,-0.008764846919955736,-1.0,3,1,-5.22,False,0.23696682464453556,3.170731707317076,3.170731707317076,3.665395110410985,80.57,-0.38418292654049946,-9.465434330197532,47.33,3.665395110410985,-0.38418292654049946,True,2.669902912621347,3.170731707317076,-1.8561484918793614,-0.995492197789638,3.5549146338575754,7.609285838318169,0,0.0,0,0.0,0,0.0,0,0.0,0,0.0,0,,inactive,zero,,51.76,inactive,51.76,51.76,0.0,0.0,0.0,0.0,0.0,0,0,0.0
1737,臺鹽,食品工業,2026-08-10,excluded,0,0,527,522,663,7.5,0.0,-7.5,"[-66000, -88000, -131000, -59000, -49000]","[0, 0, 0, 0, 0]",True,,split,0.0,0,30.0,30000,0.0,0,1.0,0.0,-3.5,-3.5,4.5,2.0,0.0,Q4,confirmed_distribution,0.0,0.0,0.0,5,-0.34108530290128464,0,-321.986,-321986,-49.0,-49000,-239.0,-239000,-393.0,-393000,93.73,active,negative,93.73,3.0,stable,3.0,3.0,-0.1668321243523316,-0.494949494949495,-0.2697516930022573,-0.34084995663486556,-3.5,4,0,-93.73,False,0.0,-0.15649452269170805,-1.0852713178294615,0.6829921977896336,66.1,-4.640185951687037,-6.339444568476904,59.45,0.6829921977896336,-4.640185951687037,True,-0.31250000000000444,-1.0852713178294615,1.2698412698412653,-0.995492197789638,3.5549146338575754,7.609285838318169,0,0.0,0,0.0,0,0.0,0,0.0,0,0.0,0,,inactive,zero,,51.76,inactive,51.76,51.76,0.0,0.0,0.0,0.0,0.0,0,0,0.0
1742,台蠟,化學工業,2026-08-10,excluded,0,0,528,765,664,2.5,0.0,-2.5,"[-1000, 0, -3000, 0, 0]","[0, 0, 0, 0, 0]",True,,mixed,-0.028,-28,0.0,0,0.0,0,0.0,0.0,-1.0,-1.0,2.0,0.5,0.0,Q4,confirmed_distribution,0.0,0.0,0.0,2,-0.007245395109860059,0,-3.0,-3000,0.0,0,-3.0,-3000,-4.0,-4000,4.57,active,negative,4.57,44.72,neutral,44.72,44.72,-0.0023885350318471337,0.0,-0.014018691588785047,-0.007246376811594203,-1.0,1,0,-4.57,False,0.2808988764045006,-1.3812154696132617,-3.513513513513511,18.0446725256585,97.65,-7.068428147371087,10.212496339899669,86.7,18.0446725256585,-7.068428147371087,True,17.04918032786886,-3.513513513513511,17.821782178217838,-0.995492197789638,3.5549146338575754,7.609285838318169,0,0.0,0,0.0,0,0.0,0,0.0,0,0.0,0,,inactive,zero,,51.76,inactive,51.76,51.76,0.0,0.0,0.0,0.0,0.0,0,0,0.0
1752,南光,生技醫療,2026-08-10,excluded,0,7,55,49,46,60.55,58.55,-2.0,"[5000, 1000, 2000, 20000, 17000]","[0, 0, 0, 0, 0]",True,,split,0.0,0,-3.0,-3000,0.0,0,3.5,12.5,5.0,5.0,6.0,5.0,25.0,Q1,confirmed_accumulation,7.55,7.55,8.55,5,0.1829253541301926,10,79.8,79800,17.0,17000,39.0,39000,45.0,45000,75.46,active,positive,75.46,85.53,accelerating,85.53,85.53,0.14,0.29310344827586204,0.2826086956521739,0.18218623481781376,5.0,10,5,75.46,False,-0.31250000000000444,1.1093502377178988,0.789889415481837,1.6264070242880568,71.06,-2.7650252183757384,-10.942619171651502,42.83,1.6264070242880568,-2.7650252183757384,True,0.6309148264984188,0.789889415481837,-3.3333333333333326,-0.995492197789638,3.5549146338575754,7.609285838318169,0,0.0,0,0.0,0,0.0,0,0.0,0,0.0,0,,inactive,zero,,51.76,inactive,51.76,51.76,0.0,0.0,0.0,0.0,0.0,0,0,0.0
1784,訊聯,生技醫療,2026-08-10,excluded,0,5,189,234,212,38.51,36.51,-2.0,"[16050, 20000, -8000, -18772, 82000]","[0, 0, 0, 0, 0]",True,,split,-1.288,-1288,0.0,0,0.0,0,3.5,12.5,5.0,5.0,6.0,3.0,5.0,Q2,unconfirmed_accumulation,7.51,7.51,8.51,5,0.1844039115364478,1,251.165,251165,82.0,82000,55.228,55228,91.278,91278,75.07,active,positive,75.07,85.14,accelerating,85.14,85.14,0.1908548632218845,0.5942028985507246,0.15779428571428572,0.1814671968190855,5.0,6,3,75.07,False,2.657807308970095,5.28109028960817,6.92041522491349,-6.072176975142696,33.64,3.3655005910559144,-27.867350354447208,11.34,-6.072176975142696,3.3655005910559144,True,-7.067669172932334,6.92041522491349,-20.25806451612904,-0.995492197789638,3.5549146338575754,7.609285838318169,0,0.0,0,0.0,0,0.0,0,0.0,0,0.0,0,,inactive,zero,,51.76,inactive,51.76,51.76,0.0,0.0,0.0,0.0,0.0,0,0,0.0
1785,光洋科,其他電子,2026-08-10,excluded,0,2,445,444,423,19.94,15.57,-4.37,"[92130, 52458, 582552, -1109000, 807992]","[-314000, -417646, -7159, 0, 4634]",True,,split,-0.939,-939,-55.0,-55000,0.0,0,3.5,2.93,3.0,3.0,3.0,5.5,0.0,Q4,confirmed_distribution,0.64,0.64,5.01,5,0.012526889339408175,1,5296.46,5296460,807.992,807992,281.544,281544,426.132,426132,6.4,active,positive,6.4,50.07,reversing_negative,50.07,50.07,0.06534563803930761,0.10420324993551715,0.014396073017333947,0.011732063212378173,0.0,8,4,6.4,False,3.493449781659397,6.278026905829592,11.267605633802823,-7.144042685931296,28.55,7.712690999945248,-28.079084496036288,10.82,-7.144042685931296,7.712690999945248,True,-8.139534883720934,11.267605633802823,-20.46979865771812,-0.995492197789638,3.5549146338575754,7.609285838318169,4,-0.01974307632709118,1,-901.935,-901935,4.634,4634,-2.525,-2525,-734.171,-734171,67.82,active,negative,67.82,4.56,reversing_positive,4.56,4.56,-0.011127718899979025,0.0005976270312096982,-0.00012910978166385438,-0.020212846208909202,3.0,3,1,-67.82
1786,科妍,生技醫療,2026-08-10,excluded,0,7,56,174,162,42.4,40.86,-1.54,"[14000, 12000, 8000, 20000, 159000]","[0, 0, 0, 0, 0]",True,,split,1.831,1831,3.917,3917,0.0,0,4.5,12.5,5.0,5.0,6.0,5.0,5.0,Q2,unconfirmed_accumulation,8.86,8.86,9.4,5,0.27171448485443334,10,522.495,522495,159.0,159000,187.0,187000,213.0,213000,88.64,active,positive,88.64,94.0,accelerating,94.0,94.0,0.28979201331114807,0.5719424460431655,0.36811023622047245,0.2679245283018868,5.0,10,5,88.64,False,4.016064257028118,3.600000000000003,4.646464646464632,-2.7219799211694706,44.59,1.0915500126070565,-7.026761566473505,56.58,-2.7219799211694706,1.0915500126070565,True,-3.7174721189591087,4.646464646464632,0.5825242718446644,-0.995492197789638,3.5549146338575754,7.609285838318169,0,0.0,0,0.0,0,0.0,0,0.0,0,0.0,0,,inactive,zero,,51.76,inactive,51.76,51.76,0.0,0.0,0.0,0.0,0.0,0,0,0.0
1788,杏昌,生技醫療,2026-08-10,excluded,0,0,529,523,665,7.5,0.0,-7.5,"[0, 99, -3076, -8000, -1099]","[0, 0, 0, 0, 0]",True,,mixed,-0.302,-302,0.0,0,0.0,0,0.0,0.0,-3.5,-3.5,4.5,3.0,0.0,Q3,absorption_divergence,0.0,0.0,0.0,4,-0.13129133135971313,0,24.857,24857,-1.099,-1099,-12.175,-12175,-12.076,-12076,64.75,active,negative,64.75,15.65,stable,15.65,15.65,0.10902192982456141,-0.07326666666666666,-0.18171641791044776,-0.1312608695652174,-3.5,6,1,-64.75,False,0.0,0.0,0.38461538461538325,1.7676929699904087,72.23,-3.170299249242192,-10.942619171651502,42.83,1.7676929699904087,-3.170299249242192,True,0.7722007722007707,0.38461538461538325,-3.3333333333333326,-0.995492197789638,3.5549146338575754,7.609285838318169,0,0.0,0,0.0,0,0.0,0,0.0,0,0.0,0,,inactive,zero,,51.76,inactive,51.76,51.76,0.0,0.0,0.0,0.0,0.0,0,0,0.0
1789,神隆,生技醫療,2026-08-10,excluded,0,0,530,627,529,6.5,5.5,-1.0,"[17369, 193025, -961886, 384057, -148140]","[0, 0, 0, 0, 0]",True,,split,-0.203,-203,-101.0,-101000,0.0,0,0.0,0.0,3.0,3.0,4.0,2.5,0.0,Q4,confirmed_distribution,0.0,0.0,0.0,5,-0.11432472037666593,0,-349.884,-349884,-148.14,-148140,-725.969,-725969,-515.575,-515575,60.05,active,negative,60.05,17.6,reversing_positive,17.6,17.6,-0.04402718006795017,-0.22445454545454546,-0.24271782012704782,-0.11838691159586683,3.0,5,3,-60.05,False,-0.5291005291005124,-3.092783505154628,-1.3123359580052507,-5.004507802210357,36.51,-4.867250591862826,-9.436962078527033,47.59,-5.004507802210357,-4.867250591862826,True,-5.999999999999995,-1.3123359580052507,-1.8276762402088642,-0.995492197789638,3.5549146338575754,7.609285838318169,0,0.0,0,0.0,0,0.0,0,0.0,0,0.0,0,,inactive,zero,,51.76,inactive,51.76,51.76,0.0,0.0,0.0,0.0,0.0,0,0,0.0
1795,美時,生技醫療,2026-08-10,excluded,0,7,57,179,171,41.44,38.92,-2.52,"[-27008, 566190, 28577, 152923, 867682]","[-77000, 0, 0, 0, 0]",True,,split,-24.893,-24893,-2.0,-2000,0.0,0,3.5,12.5,4.0,4.0,6.0,5.0,5.0,Q2,unconfirmed_accumulation,8.92,8.92,9.44,5,0.2776694767693619,4,2574.093,2574093,867.682,867682,1049.182,1049182,1588.364,1588364,89.16,active,positive,89.16,94.39,accelerating,94.39,94.39,0.17582602459016394,0.5495136162127929,0.3140323256510027,0.2746134163208852,5.0,7,4,89.16,False,2.92553191489362,1.8421052631578894,3.475935828876997,-0.5312253594622729,58.02,-0.07897880498057841,-10.128177525975602,45.11,-0.5312253594622729,-0.07897880498057841,True,-1.526717557251911,3.475935828876997,-2.518891687657432,-0.995492197789638,3.5549146338575754,7.609285838318169,1,-0.013056379821958458,0,-145.0,-145000,0.0,0,0.0,0,-77.0,-77000,58.42,active,negative,58.42,6.26,neutral,6.26,6.26,-0.009904371584699454,0.0,0.0,-0.013312586445366528,-1.0,3,0,-58.42
1802,台玻,玻璃陶瓷,2026-08-10,excluded,0,0,531,572,573,7.0,4.0,-3.0,"[3793481, -4304735, 20153, -2942485, 776081]","[0, 0, 0, 0, 0]",True,,split,339.457,339457,90.133,90133,0.0,0,1.0,0.0,-1.0,-1.0,2.0,4.0,0.0,Q4,confirmed_distribution,0.0,0.0,0.0,5,-0.016838897238257572,1,-565.036,-565036,776.081,776081,-2146.251,-2146251,-2657.505,-2657505,10.7,active,negative,10.7,41.33,neutral,41.33,41.33,-0.001871215583417781,0.03056158935181539,-0.026844579805130643,-0.016408808565289337,-1.0,5,3,-10.7,False,3.0131826741996326,1.4842300556586308,15.036803364879091,-13.802015590372353,12.91,11.481888731021517,-25.845459231442234,12.78,-13.802015590372353,11.481888731021517,True,-14.79750778816199,15.036803364879091,-18.236173393124066,-0.995492197789638,3.5549146338575754,7.609285838318169,0,0.0,0,-136.0,-136000,0.0,0,0.0,0,0.0,0,,inactive,zero,,51.76,inactive,51.76,51.76,-0.0004503877971400375,0.0,0.0,0.0,0.0,3,0,0.0
1805,寶徠,建材營建,2026-08-10,excluded,0,2,446,387,382,27.55,22.53,-5.02,"[-18000, 7000, -17000, 34000, 2000]","[0, 0, 0, 0, 0]",True,,split,0.0,0,-23.0,-23000,0.0,0,3.5,4.8,5.0,5.0,6.0,3.0,5.0,Q2,unconfirmed_accumulation,1.23,1.23,5.25,5,0.02039172357399088,2,10.4,10400,2.0,2000,19.0,19000,8.0,8000,12.27,active,positive,12.27,52.54,accelerating,52.54,52.54,0.009285714285714286,0.10526315789473684,0.09547738693467336,0.019184652278177457,5.0,6,3,12.27,False,0.10020040080160886,1.2158054711246313,-0.10000000000000009,1.2966970170667502,69.23,-3.6549146338575755,-10.14587120417183,44.98,1.2966970170667502,-3.6549146338575755,True,0.3012048192771122,-0.10000000000000009,-2.536585365853661,-0.995492197789638,3.5549146338575754,7.609285838318169,0,0.0,0,0.0,0,0.0,0,0.0,0,0.0,0,,inactive,zero,,51.76,inactive,51.76,51.76,0.0,0.0,0.0,0.0,0.0,0,0,0.0
1806,冠軍,玻璃陶瓷,2026-08-10,excluded,0,0,532,573,499,7.0,6.0,-1.0,"[-37000, -27000, -22000, 4000, 9000]","[0, 0, 0, 0, 0]",True,,split,0.0,0,-28.0,-28000,0.0,0,0.0,0.0,3.0,3.0,4.0,3.0,0.0,Q4,confirmed_distribution,0.0,0.0,0.0,5,-0.09336345764690414,2,172.8,172800,9.0,9000,-9.0,-9000,-73.0,-73000,50.91,active,negative,50.91,21.38,reversing_positive,21.38,21.38,0.07886809675947055,0.12162162162162163,-0.02088167053364269,-0.09346991037131883,3.0,6,2,-50.91,False,0.7518796992481036,0.8782936010037545,0.12453300124533051,-1.6679460588689632,49.8,-3.430381632612245,-8.227332809888022,52.93,-1.6679460588689632,-3.430381632612245,True,-2.6634382566586012,0.12453300124533051,-0.6180469715698522,-0.995492197789638,3.5549146338575754,7.609285838318169,0,0.0,0,0.0,0,0.0,0,0.0,0,0.0,0,,inactive,zero,,51.76,inactive,51.76,51.76,0.0,0.0,0.0,0.0,0.0,0,0,0.0
1808,潤隆,建材營建,2026-08-10,excluded,0,0,533,489,465,8.5,7.5,-1.0,"[-1560840, 143150, -637000, 923931, 390730]","[0, 0, 0, 0, 0]",True,,split,0.0,0,53.0,53000,0.0,0,1.0,0.0,3.0,3.0,4.0,3.5,0.0,Q3,absorption_divergence,0.0,0.0,0.0,5,-0.08303406247694302,2,851.321,851321,390.73,390730,677.661,677661,-740.029,-740029,48.56,active,negative,48.56,22.95,reversing_positive,22.95,22.95,0.04653807467337233,0.21767688022284123,0.15099398395721925,-0.08831948919918844,3.0,7,3,-48.56,False,0.9077155824508409,2.9320987654321007,0.7552870090634434,9.274712977010424,92.31,-2.799627624794132,5.633498541987447,83.05,9.274712977010424,-2.799627624794132,True,8.279220779220786,0.7552870090634434,13.242784380305617,-0.995492197789638,3.5549146338575754,7.609285838318169,0,0.0,0,0.0,0,0.0,0,0.0,0,0.0,0,,inactive,zero,,51.76,inactive,51.76,51.76,0.0,0.0,0.0,0.0,0.0,0,0,0.0
1809,中釉,玻璃陶瓷,2026-08-10,excluded,0,0,534,524,482,7.5,6.5,-1.0,"[-535860, -947000, -278993, -45000, 663000]","[0, 0, 0, 0, 0]",True,,split,1.213,1213,16.0,16000,0.0,0,1.0,0.0,3.0,3.0,4.0,2.5,0.0,Q4,confirmed_distribution,0.0,0.0,0.0,5,-0.0746525942247579,1,116.641,116641,663.0,663000,339.007,339007,-1143.853,-1143853,42.82,active,negative,42.82,25.68,reversing_positive,25.68,25.68,0.004730351204477249,0.20686427457098283,0.05430193817075124,-0.07819078542620822,3.0,5,1,-42.82,False,9.919571045576415,4.193138500635318,19.53352769679302,-12.960436448590219,14.08,15.978613062935445,-3.1506871122035207,67.8,-12.960436448590219,15.978613062935445,True,-13.955928646379856,19.53352769679302,4.458598726114649,-0.995492197789638,3.5549146338575754,7.609285838318169,0,0.0,0,0.0,0,0.0,0,0.0,0,0.0,0,,inactive,zero,,51.76,inactive,51.76,51.76,0.0,0.0,0.0,0.0,0.0,0,0,0.0
1815,富喬,電子零組件,2026-08-10,excluded,0,6,138,162,188,45.43,38.01,-7.42,"[1345579, -6585539, -2670389, -33821, -5232266]","[1568000, 6176000, 494000, 0, 6673000]",True,,split,728.023,728023,16.689,16689,0.0,0,4.5,12.5,1.5,1.5,8.5,5.0,5.0,Q2,unconfirmed_accumulation,9.51,9.51,9.93,5,-0.07580836076745896,0,-4053.269,-4053269,-5232.266,-5232266,-7936.476,-7936476,-13176.436,-13176436,41.64,active,negative,41.64,26.21,stable,26.21,26.21,-0.015984497683131222,-0.10621949288454902,-0.06544629618940025,-0.0749627986095703,-3.5,5,1,-41.64,False,3.7252619324796177,6.197854588796181,22.22222222222221,-4.818461290582455,37.29,18.667307588364636,-23.947314007332253,15.65,-4.818461290582455,18.667307588364636,True,-5.813953488372093,22.22222222222221,-16.338028169014084,-0.995492197789638,3.5549146338575754,7.609285838318169,4,0.0847792861703487,1,13541.6,13541600,6673.0,6673000,7167.0,7167000,14911.0,14911000,95.05,active,positive,95.05,99.35,accelerating,99.35,99.35,0.053402740806467515,0.13546763028076086,0.05910099202586029,0.0848310036239923,5.0,5,4,95.05
1817,凱撒衛,玻璃陶瓷,2026-08-10,excluded,0,2,447,416,405,23.98,18.5,-5.48,"[-2000, 0, -2000, 2000, 3000]","[0, 0, 0, 0, 0]",True,,split,0.831,831,-3.0,-3000,0.0,0,3.5,1.59,5.0,5.0,6.0,3.0,5.0,Q2,unconfirmed_accumulation,0.41,0.41,4.89,4,0.006398324802233597,2,43.359,43359,3.0,3000,3.0,3000,1.0,1000,4.05,active,positive,4.05,48.89,accelerating,48.89,48.89,0.10866917293233083,0.1,0.04285714285714286,0.006369426751592357,5.0,6,2,4.05,False,0.26109660574413773,0.39215686274509665,-0.2597402597402598,0.6063871394238807,65.32,-3.8146548935978353,-10.147356904308014,44.85,0.6063871394238807,-3.8146548935978353,True,-0.3891050583657574,-0.2597402597402598,-2.538071065989844,-0.995492197789638,3.5549146338575754,7.609285838318169,0,0.0,0,0.0,0,0.0,0,0.0,0,0.0,0,,inactive,zero,,51.76,inactive,51.76,51.76,0.0,0.0,0.0,0.0,0.0,0,0,0.0
1903,士紙,造紙工業,2026-08-10,excluded,0,0,535,628,530,6.5,5.5,-1.0,"[-23007, -48000, -11000, 40318, 8884]","[0, 0, 0, 0, 0]",True,,split,0.0,0,-11.835,-11835,0.0,0,0.0,0.0,3.0,3.0,4.0,2.5,0.0,Q4,confirmed_distribution,0.0,0.0,0.0,5,-0.05088628069317049,2,261.106,261106,8.884,8884,38.202,38202,-32.805,-32805,28.72,active,negative,28.72,32.2,reversing_positive,32.2,32.2,0.12178451492537314,0.12005405405405406,0.12776588628762542,-0.051742902208201894,3.0,5,2,-28.72,False,-0.42194092827003704,0.7470651013874008,0.10604453870626251,-2.382194598525611,45.76,-3.448870095151313,-8.345353135899646,51.89,-2.382194598525611,-3.448870095151313,True,-3.377686796315249,0.10604453870626251,-0.7360672975814775,-0.995492197789638,3.5549146338575754,7.609285838318169,0,0.0,0,0.0,0,0.0,0,0.0,0,0.0,0,,inactive,zero,,51.76,inactive,51.76,51.76,0.0,0.0,0.0,0.0,0.0,0,0,0.0
1904,正隆,造紙工業,2026-08-10,excluded,0,7,58,31,24,63.84,62.73,-1.11,"[446137, 173216, 567871, 1209649, 4718304]","[0, 0, 0, 0, 0]",True,,split,-15.28,-15280,-113.0,-113000,0.0,0,3.5,12.5,5.0,5.0,6.0,7.0,25.0,Q1,confirmed_accumulation,9.73,9.73,9.84,5,0.42211151074426617,6,7992.321,7992321,4718.304,4718304,6495.824,6495824,7115.177,7115177,97.26,active,positive,97.26,98.44,accelerating,98.44,98.44,0.301813413390733,0.6768475111174868,0.44309849931787176,0.412713283062645,5.0,9,5,97.26,False,6.140350877192979,13.882352941176457,14.42080378250592,11.497775302812475,95.05,10.865889148648346,13.693972307045232,88.92,11.497775302812475,10.865889148648346,True,10.502283105022837,14.42080378250592,21.3032581453634,-0.995492197789638,3.5549146338575754,7.609285838318169,0,0.0,0,30.0,30000,0.0,0,0.0,0,0.0,0,,inactive,zero,,51.76,inactive,51.76,51.76,0.0011328877308258753,0.0,0.0,0.0,0.0,5,0,0.0
1906,寶隆,造紙工業,2026-08-10,excluded,0,5,190,231,236,38.6,35.68,-2.92,"[18000, 0, -3000, -3000, 22000]","[0, 0, 0, 0, 0]",True,,split,0.0,0,21.0,21000,0.0,0,4.5,12.5,5.0,5.0,6.0,3.0,5.0,Q2,unconfirmed_accumulation,5.68,5.68,7.6,4,0.11075295600064468,1,78.6,78600,22.0,22000,16.0,16000,34.0,34000,56.79,active,positive,56.79,76.01,accelerating,76.01,76.01,0.15,0.24175824175824176,0.07881773399014778,0.11003236245954692,5.0,6,2,56.79,False,0.9132420091324311,0.454545454545463,-0.45045045045044585,0.995492197789638,68.12,-4.005365084308021,-4.338257800934975,64.93,0.995492197789638,-4.005365084308021,True,0.0,-0.45045045045044585,3.2710280373831946,-0.995492197789638,3.5549146338575754,7.609285838318169,0,0.0,0,0.0,0,0.0,0,0.0,0,0.0,0,,inactive,zero,,51.76,inactive,51.76,51.76,0.0,0.0,0.0,0.0,0.0,0,0,0.0
1907,永豐餘,造紙工業,2026-08-10,wait_pullback,27,14,15,11,10,80.87,77.56,-3.31,"[684497, 406070, 1187917, 440456, 127087]","[224000, 0, 0, 0, 0]",True,,split,-18.0,-18000,-214.0,-214000,0.0,0,9.0,17.68,2.75,2.75,2.75,7.5,25.0,Q1,confirmed_accumulation,15.63,15.63,18.94,5,0.2617292701649697,10,7164.351,7164351,127.087,127087,1755.46,1755460,2846.027,2846027,87.99,active,positive,87.99,93.35,decelerating,93.35,93.35,0.2849101646385111,0.06454393092940579,0.24030937713894593,0.26300961094168746,1.75,10,5,87.99,True,0.0,3.6974789915966477,5.831903945111505,15.043551347512373,96.74,2.2769893112539297,18.566583282336246,92.18,15.043551347512373,2.2769893112539297,True,14.048059149722736,5.831903945111505,26.175869120654415,-0.995492197789638,3.5549146338575754,7.609285838318169,1,0.02014915190152285,0,696.49,696490,0.0,0,0.0,0,224.0,224000,68.32,active,positive,68.32,96.09,neutral,96.09,96.09,0.027697844587608367,0.0,0.0,0.02070048978837446,1.0,5,1,68.32
1909,榮成,造紙工業,2026-08-10,excluded,0,7,59,41,36,61.11,59.46,-1.65,"[1660000, -787036, 539000, 814000, 1409000]","[0, 0, 0, 0, 0]",True,,split,0.0,0,7.0,7000,0.0,0,4.5,12.5,5.0,5.0,6.0,4.0,25.0,Q1,confirmed_accumulation,8.46,8.46,9.11,5,0.23462275692926357,3,5514.411,5514411,1409.0,1409000,2762.0,2762000,3634.964,3634964,84.6,active,positive,84.6,91.13,accelerating,91.13,91.13,0.1786970089763116,0.4597063621533442,0.29778975741239894,0.2333545612120434,5.0,8,4,84.6,False,1.5000000000000124,1.60160160160161,0.995024875621886,0.019882441692076203,62.06,-2.5598897582356894,5.798535390732119,83.18,0.019882441692076203,-2.5598897582356894,True,-0.9756097560975618,0.995024875621886,13.407821229050288,-0.995492197789638,3.5549146338575754,7.609285838318169,0,0.0,0,0.0,0,0.0,0,0.0,0,0.0,0,,inactive,zero,,51.76,inactive,51.76,51.76,0.0,0.0,0.0,0.0,0.0,0,0,0.0
2002,中鋼,鋼鐵工業,2026-08-10,high_priority_watch,57,14,16,13,15,79.71,70.94,-8.77,"[-8522335, 5655665, 16223402, 12050525, 64052416]","[5000, 7000, 0, 0, 0]",True,,split,-67.273,-67273,1992.96,1992960,0.0,0,10.0,12.51,6.0,6.0,6.0,7.5,25.0,Q1,confirmed_accumulation,9.93,9.93,18.7,5,0.3865126877835593,4,121504.165,121504165,64052.416,64052416,92326.343,92326343,89459.673,89459673,95.82,active,positive,95.82,97.78,accelerating,97.78,97.78,0.28849882467470794,0.5523807618341282,0.513055241895151,0.3829035589701885,5.0,8,4,95.82,True,3.149606299212593,3.9682539682539764,4.244031830238715,7.788970458659195,89.96,0.6891171963811393,-0.23223665799030346,72.88,7.788970458659195,0.6891171963811393,True,6.7934782608695565,4.244031830238715,7.377049180327866,-0.995492197789638,3.5549146338575754,7.609285838318169,2,5.024691295320614e-05,0,380.264,380264,0.0,0,0.0,0,12.0,12000,3.47,active,positive,3.47,89.18,neutral,89.18,89.18,0.0009028967613258619,0.0,0.0,5.13621674834678e-05,1.0,7,2,3.47
2006,東和鋼鐵,鋼鐵工業,2026-08-10,other_watch,12,5,191,65,59,59.38,57.08,-2.3,"[2440866, -612876, 5811392, 2988350, -4274]","[-225000, -9000, 0, -13000, 0]",True,,split,-27.478,-27478,-86.0,-86000,0.0,0,3.5,12.5,0.75,0.75,2.75,6.0,25.0,Q1,confirmed_accumulation,9.33,9.33,9.63,5,0.33415238236344696,0,18727.824,18727824,-4.274,-4274,8795.468,8795468,10623.458,10623458,93.34,active,positive,93.34,96.35,decelerating,96.35,96.35,0.317334688897926,-0.0013215831787260358,0.4037952437792673,0.327975610509092,1.75,8,3,93.34,False,-2.9378531073446235,9.566326530612246,6.840796019900508,23.360164562462003,98.83,3.2858813860429326,22.345328382559316,93.22,23.360164562462003,3.2858813860429326,True,22.364672364672366,6.840796019900508,29.954614220877485,-0.995492197789638,3.5549146338575754,7.609285838318169,3,-0.007429418504806694,0,-196.919,-196919,0.0,0,-13.0,-13000,-247.0,-247000,49.01,active,negative,49.01,7.17,neutral,7.17,7.17,-0.0033367053002575572,0.0,-0.0005968230649159857,-0.0076255750054027354,-1.0,4,0,-49.01
2007,燁興,鋼鐵工業,2026-08-10,excluded,0,7,60,100,78,56.6,54.8,-1.8,"[-47000, 2000, 40000, 166000, 93000]","[0, 0, 0, 0, 0]",True,,split,0.0,0,-14.0,-14000,0.0,0,3.5,12.5,1.75,1.75,2.75,4.0,25.0,Q1,confirmed_accumulation,8.05,8.05,8.85,5,0.20622855489888717,4,487.3,487300,93.0,93000,299.0,299000,254.0,254000,80.55,active,positive,80.55,88.53,decelerating,88.53,88.53,0.18656202143950995,0.28703703703703703,0.34566473988439306,0.20516962843295639,1.75,8,4,80.55,False,1.7021276595744705,2.4285714285714244,1.9914651493598834,0.5788255311229729,65.06,-1.563449484497692,-6.338099397640207,59.58,0.5788255311229729,-1.563449484497692,True,-0.4166666666666652,1.9914651493598834,1.2711864406779627,-0.995492197789638,3.5549146338575754,7.609285838318169,0,0.0,0,0.0,0,0.0,0,0.0,0,0.0,0,,inactive,zero,,51.76,inactive,51.76,51.76,0.0,0.0,0.0,0.0,0.0,0,0,0.0
2008,高興昌,鋼鐵工業,2026-08-10,excluded,0,7,61,51,45,60.4,58.63,-1.77,"[8000, 4000, 13000, 3000, 4000]","[0, 0, 0, 0, 0]",True,,split,0.0,0,-12.0,-12000,0.0,0,3.5,12.5,5.0,5.0,6.0,4.5,25.0,Q1,confirmed_accumulation,8.13,8.13,8.9,5,0.21116624248775584,9,95.3,95300,4.0,4000,20.0,20000,32.0,32000,81.33,active,positive,81.33,89.05,accelerating,89.05,89.05,0.33674911660777385,0.4444444444444444,0.3508771929824561,0.21052631578947367,5.0,9,5,81.33,False,1.9543973941368087,0.48154093097914075,0.967741935483879,7.82143076434253,90.09,-2.5871726983736965,6.208895979863649,83.57,7.82143076434253,-2.5871726983736965,True,6.8259385665528916,0.967741935483879,13.818181818181818,-0.995492197789638,3.5549146338575754,7.609285838318169,0,0.0,0,0.0,0,0.0,0,0.0,0,0.0,0,,inactive,zero,,51.76,inactive,51.76,51.76,0.0,0.0,0.0,0.0,0.0,0,0,0.0
2010,春源,鋼鐵工業,2026-08-10,excluded,0,7,62,46,34,60.82,59.69,-1.13,"[-541000, 68624, 539941, 3085110, 2037297]","[0, 0, 0, 0, 0]",True,,split,-4.0,-4000,-74.694,-74694,0.0,0,3.5,12.5,5.0,5.0,6.0,4.0,25.0,Q1,confirmed_accumulation,9.69,9.69,9.82,5,0.41945825546932497,4,5630.218,5630218,2037.297,2037297,5662.348,5662348,5189.972,5189972,96.87,active,positive,96.87,98.17,accelerating,98.17,98.17,0.30090417401528513,0.5157713924050633,0.5130797390358826,0.41092414885193984,5.0,7,4,96.87,False,1.9607843137254832,10.90047393364928,10.90047393364928,11.372850688355662,94.78,7.345559299791705,-7.395153076005556,55.41,11.372850688355662,7.345559299791705,True,10.377358490566024,10.90047393364928,0.21413276231261325,-0.995492197789638,3.5549146338575754,7.609285838318169,0,0.0,0,2.0,2000,0.0,0,0.0,0,0.0,0,,inactive,zero,,51.76,inactive,51.76,51.76,0.00010688899577788467,0.0,0.0,0.0,0.0,1,0,0.0
2012,春雨,鋼鐵工業,2026-08-10,excluded,0,0,536,737,606,4.5,1.5,-3.0,"[15000, -3000, -31000, -4000, 0]","[0, 0, 0, 0, 0]",True,,split,0.0,0,-22.0,-22000,0.0,0,0.0,0.0,-1.0,-1.0,2.0,2.5,0.0,Q4,confirmed_distribution,0.0,0.0,0.0,4,-0.07341478716729936,0,71.3,71300,0.0,0,-35.0,-35000,-23.0,-23000,40.73,active,negative,40.73,26.6,neutral,26.6,26.6,0.12146507666098807,0.0,-0.21212121212121213,-0.0744336569579288,-1.0,5,1,-40.73,False,1.3289036544850363,0.328947368421062,-2.5559105431309903,-0.9337682523711366,54.76,-6.110825176988566,-4.568745297777643,64.15,-0.9337682523711366,-6.110825176988566,True,-1.9292604501607746,-2.5559105431309903,3.040540540540526,-0.995492197789638,3.5549146338575754,7.609285838318169,0,0.0,0,0.0,0,0.0,0,0.0,0,0.0,0,,inactive,zero,,51.76,inactive,51.76,51.76,0.0,0.0,0.0,0.0,0.0,0,0,0.0
2013,中鋼構,鋼鐵工業,2026-08-10,excluded,0,0,537,574,500,7.0,6.0,-1.0,"[-52000, -22000, -30000, 61000, 35157]","[0, 0, 0, 0, 0]",True,,split,2.406,2406,-27.67,-27670,0.0,0,0.0,0.0,3.0,3.0,4.0,3.0,0.0,Q3,absorption_divergence,0.0,0.0,0.0,5,-0.009605097852505157,2,96.604,96604,35.157,35157,66.157,66157,-7.843,-7843,6.92,active,negative,6.92,43.55,reversing_positive,43.55,43.55,0.07454012345679012,0.23129605263157896,0.1460419426048565,-0.012351181102362205,3.0,6,2,-6.92,False,0.1210653753026758,2.0987654320987703,1.8472906403940836,1.9722931745906114,73.14,-1.7076239934634918,-10.315168191259339,44.2,1.9722931745906114,-1.7076239934634918,True,0.9768009768009733,1.8472906403940836,-2.705882352941169,-0.995492197789638,3.5549146338575754,7.609285838318169,0,0.0,0,0.0,0,0.0,0,0.0,0,0.0,0,,inactive,zero,,51.76,inactive,51.76,51.76,0.0,0.0,0.0,0.0,0.0,0,0,0.0
2014,中鴻,鋼鐵工業,2026-08-10,excluded,0,7,63,77,57,58.18,57.16,-1.02,"[-323000, 693000, 1408998, 5766000, 3799039]","[0, 0, 0, 0, 0]",True,,split,0.0,0,-95.0,-95000,0.0,0,3.5,12.5,1.75,1.75,2.75,4.5,25.0,Q1,confirmed_accumulation,9.91,9.91,9.93,5,0.5043588905772686,4,12987.154,12987154,3799.039,3799039,10974.037,10974037,11344.037,11344037,99.09,active,positive,99.09,99.35,decelerating,99.35,99.35,0.3469903280966122,0.5773615501519757,0.5814675462300641,0.4998914643282069,1.75,9,4,99.09,False,1.6997167138810276,6.52818991097921,7.4850299401197695,6.274084573156202,88.01,3.930115306262194,-7.329956229379619,55.8,6.274084573156202,3.930115306262194,True,5.278592375366564,7.4850299401197695,0.27932960893854997,-0.995492197789638,3.5549146338575754,7.609285838318169,0,0.0,0,0.0,0,0.0,0,0.0,0,0.0,0,,inactive,zero,,51.76,inactive,51.76,51.76,0.0,0.0,0.0,0.0,0.0,0,0,0.0
2015,豐興,鋼鐵工業,2026-08-10,excluded,0,14,17,7,8,83.08,78.58,-4.5,"[-118131, -79544, 186136, 122321, 6919]","[40000, 0, 0, 0, 7000]",True,,split,-4.0,-4000,-27.0,-27000,0.0,0,9.0,20.25,6.75,6.75,6.75,5.5,25.0,Q1,confirmed_accumulation,12.08,12.08,16.58,5,0.08192315656286919,3,1230.526,1230526,6.919,6919,315.376,315376,117.701,117701,42.56,active,positive,42.56,68.32,decelerating,68.32,68.32,0.2865687005123428,0.04168072289156626,0.41442312746386334,0.0776391820580475,1.75,7,3,42.56,True,0.1519756838905817,3.779527559055129,0.7645259938837912,6.435492197789639,88.4,-2.7903886399737843,-3.17188488744653,67.67,6.435492197789639,-2.7903886399737843,True,5.44,0.7645259938837912,4.437400950871639,-0.995492197789638,3.5549146338575754,7.609285838318169,2,0.030796857050582355,1,122.0,122000,7.0,7000,7.0,7000,47.0,47000,78.22,active,positive,78.22,97.52,accelerating,97.52,97.52,0.02841173730787145,0.04216867469879518,0.009198423127463863,0.03100263852242744,5.0,4,2,78.22
2017,官田鋼,鋼鐵工業,2026-08-10,excluded,0,7,64,103,82,56.26,54.59,-1.67,"[-100000, 20035, 370061, 71971, 170358]","[0, 0, 0, 0, 0]",True,,split,0.0,0,-29.0,-29000,0.0,0,3.5,12.5,1.75,1.75,2.75,3.5,25.0,Q1,confirmed_accumulation,8.34,8.34,9.01,5,0.2297702951705492,4,607.225,607225,170.358,170358,612.39,612390,532.425,532425,83.42,active,positive,83.42,90.09,decelerating,90.09,90.09,0.12778303872053873,0.3226477272727273,0.3379635761589404,0.22560381355932205,1.75,7,4,83.42,False,2.4719101123595433,5.433526011560685,5.433526011560685,1.9921699386534208,73.4,1.87861137770311,-3.0221298750154446,68.06,1.9921699386534208,1.87861137770311,True,0.9966777408637828,5.433526011560685,4.587155963302725,-0.995492197789638,3.5549146338575754,7.609285838318169,0,0.0,0,0.0,0,0.0,0,0.0,0,0.0,0,,inactive,zero,,51.76,inactive,51.76,51.76,0.0,0.0,0.0,0.0,0.0,0,0,0.0
2020,美亞,鋼鐵工業,2026-08-10,excluded,0,5,192,130,126,53.21,49.78,-3.43,"[-111000, 1000, -9900, 226000, 41000]","[0, 0, 0, 0, 0]",True,,split,0.0,0,-65.262,-65262,0.0,0,3.5,12.5,1.75,1.75,2.75,2.5,25.0,Q1,confirmed_accumulation,4.53,4.53,6.96,5,0.08418073659916132,2,218.83,218830,41.0,41000,257.1,257100,147.1,147100,45.3,active,positive,45.3,69.62,decelerating,69.62,69.62,0.06914060031595577,0.09761904761904762,0.192152466367713,0.08185865331107402,1.75,5,3,45.3,False,0.9280742459396807,3.818615751789989,2.594339622641506,2.3940935963910337,75.75,-0.9605750112160694,-7.838643636483312,53.85,2.3940935963910337,-0.9605750112160694,True,1.3986013986013957,2.594339622641506,-0.2293577981651418,-0.995492197789638,3.5549146338575754,7.609285838318169,0,0.0,0,0.0,0,0.0,0,0.0,0,0.0,0,,inactive,zero,,51.76,inactive,51.76,51.76,0.0,0.0,0.0,0.0,0.0,0,0,0.0
2023,燁輝,鋼鐵工業,2026-08-10,excluded,0,2,448,467,457,10.5,9.5,-1.0,"[-1377991, 210306, 335159, 149449, 198000]","[0, 0, 0, 0, 0]",True,,split,0.0,0,-287.0,-287000,0.0,0,0.0,0.0,3.0,3.0,4.0,6.5,0.0,Q4,confirmed_distribution,0.0,0.0,0.0,5,-0.07419275934117862,4,549.913,549913,198.0,198000,682.608,682608,-485.077,-485077,42.17,active,negative,42.17,25.81,reversing_positive,25.81,25.81,0.03645429234338747,0.2773109243697479,0.30500804289544237,-0.0756986579275905,3.0,8,4,-42.17,False,0.7246376811594235,1.831501831501825,1.4598540145985384,-1.1171838585483873,53.98,-2.095060619259037,-7.967708777386262,53.59,-1.1171838585483873,-2.095060619259037,True,-2.1126760563380254,1.4598540145985384,-0.35842293906809264,-0.995492197789638,3.5549146338575754,7.609285838318169,0,0.0,0,52.0,52000,0.0,0,0.0,0,0.0,0,,inactive,zero,,51.76,inactive,51.76,51.76,0.003447132913490222,0.0,0.0,0.0,0.0,5,0,0.0
2024,志聯,鋼鐵工業,2026-08-10,excluded,0,0,538,738,585,4.5,2.5,-2.0,"[0, 0, 0, -1000, 1000]","[0, 0, 0, 0, 0]",True,,split,0.0,0,-4.0,-4000,0.0,0,0.0,0.0,0.0,0.0,2.0,2.5,0.0,,neutral,0.0,0.0,0.0,2,0.0003704732796147078,1,26.7,26700,1.0,1000,0.0,0,0.0,0,0.33,active,zero,0.33,46.41,neutral,46.41,46.41,0.2206611570247934,0.2,0.0,0.0,0.0,5,1,0.0,False,1.4705882352941346,3.370786516853941,1.845018450184499,1.359128561426004,69.62,-1.7098961836730764,-6.510384739417074,58.93,1.359128561426004,-1.7098961836730764,True,0.363636363636366,1.845018450184499,1.098901098901095,-0.995492197789638,3.5549146338575754,7.609285838318169,0,0.0,0,0.0,0,0.0,0,0.0,0,0.0,0,,inactive,zero,,51.76,inactive,51.76,51.76,0.0,0.0,0.0,0.0,0.0,0,0,0.0
2025,千興,鋼鐵工業,2026-08-10,excluded,0,7,65,106,88,56.15,54.09,-2.06,"[-9000, 3000, 85299, 118644, 118319]","[0, 0, 0, 0, 0]",True,,split,0.0,0,-38.0,-38000,0.0,0,3.5,12.5,1.75,1.75,2.75,4.0,25.0,Q1,confirmed_accumulation,7.34,7.34,8.4,5,0.17200046106523634,4,499.256,499256,118.319,118319,322.262,322262,316.262,316262,73.37,active,positive,73.37,83.96,decelerating,83.96,83.96,0.10827499457818261,0.14734620174346202,0.2432166037735849,0.17206855277475516,1.75,8,4,73.37,False,5.7613168724279795,7.983193277310918,7.983193277310918,9.434310763190489,92.96,4.428278643453343,-2.2814169858591526,69.23,9.434310763190489,4.428278643453343,True,8.438818565400851,7.983193277310918,5.327868852459017,-0.995492197789638,3.5549146338575754,7.609285838318169,0,0.0,0,0.0,0,0.0,0,0.0,0,0.0,0,,inactive,zero,,51.76,inactive,51.76,51.76,0.0,0.0,0.0,0.0,0.0,0,0,0.0
2027,大成鋼,鋼鐵工業,2026-08-10,wait_pullback,44,14,18,10,9,81.1,78.24,-2.86,"[3083276, 3480395, 14914131, 1783441, 3770329]","[-3573000, 811702, -119000, 4865000, 455234]",True,,split,-118.248,-118248,-2107.415,-2107415,0.0,0,9.0,18.51,3.5,3.5,3.5,6.0,25.0,Q1,confirmed_accumulation,16.23,16.23,19.09,5,0.26598842412751894,6,30900.611,30900611,3770.329,3770329,20467.901,20467901,27031.572,27031572,88.51,active,positive,88.51,93.87,decelerating,93.87,93.87,0.14759699175574853,0.20256428302799118,0.2727126297416492,0.26640227064423616,1.75,7,5,88.51,True,1.5021459227467782,6.651634723788047,6.411698537682775,20.742327640827607,98.57,2.8567839038251996,11.234935267209469,87.61,20.742327640827607,2.8567839038251996,True,19.74683544303797,6.411698537682775,18.844221105527637,-0.995492197789638,3.5549146338575754,7.609285838318169,5,0.02588477493543256,2,6512.634,6512634,455.234,455234,5201.234,5201234,2439.936,2439936,73.76,active,positive,73.76,97.0,decelerating,97.0,97.0,0.031107643366864415,0.024457852038897544,0.06930081409137542,0.024046122461047217,1.75,5,3,73.76
2028,威致,鋼鐵工業,2026-08-10,excluded,0,7,66,55,48,60.18,58.23,-1.95,"[-30000, 13000, 58000, 59000, 53000]","[0, 0, 0, 0, 0]",True,,split,0.0,0,-14.0,-14000,0.0,0,3.5,12.5,5.0,5.0,6.0,4.5,25.0,Q1,confirmed_accumulation,7.73,7.73,8.68,5,0.19201501643943356,4,348.7,348700,53.0,53000,170.0,170000,153.0,153000,77.28,active,positive,77.28,86.83,accelerating,86.83,86.83,0.26257530120481926,0.3897058823529412,0.3333333333333333,0.19029850746268656,5.0,9,4,77.28,False,2.2727272727272707,4.304635761589415,1.6129032258064502,1.634469833572394,71.19,-1.9420114080511253,-13.014691243723565,37.03,1.634469833572394,-1.9420114080511253,True,0.6389776357827559,1.6129032258064502,-5.405405405405395,-0.995492197789638,3.5549146338575754,7.609285838318169,0,0.0,0,0.0,0,0.0,0,0.0,0,0.0,0,,inactive,zero,,51.76,inactive,51.76,51.76,0.0,0.0,0.0,0.0,0.0,0,0,0.0
2029,盛餘,鋼鐵工業,2026-08-10,excluded,0,7,67,63,52,59.57,57.92,-1.65,"[-52000, -38000, 4000, 153000, 287491]","[0, 0, 0, 0, 0]",True,,split,0.0,0,-46.823,-46823,0.0,0,3.5,12.5,5.0,5.0,6.0,3.5,25.0,Q1,confirmed_accumulation,8.42,8.42,9.07,5,0.23574853813103683,3,760.135,760135,287.491,287491,444.491,444491,354.491,354491,84.2,active,positive,84.2,90.74,accelerating,90.74,90.74,0.24655692507298085,0.4674650406504065,0.3926598939929329,0.23139099216710182,5.0,7,3,84.2,False,2.4154589371980784,4.433497536945796,3.667481662591676,2.188809620223997,74.97,0.11256702873410074,-2.398367724174255,69.1,2.188809620223997,0.11256702873410074,True,1.193317422434359,3.667481662591676,5.210918114143914,-0.995492197789638,3.5549146338575754,7.609285838318169,0,0.0,0,0.0,0,0.0,0,0.0,0,0.0,0,,inactive,zero,,51.76,inactive,51.76,51.76,0.0,0.0,0.0,0.0,0.0,0,0,0.0
2038,海光,鋼鐵工業,2026-08-10,excluded,0,5,193,74,72,58.23,55.41,-2.82,"[26000, 121580, -133852, 152031, 176731]","[0, 0, 0, 0, 0]",True,,split,0.0,0,-38.0,-38000,0.0,0,3.5,12.5,5.0,5.0,6.0,3.5,25.0,Q1,confirmed_accumulation,5.91,5.91,7.73,5,0.11708256406696023,2,533.029,533029,176.731,176731,194.91,194910,342.49,342490,59.14,active,positive,59.14,77.31,accelerating,77.31,77.31,0.1221423006416132,0.21899752168525402,0.08412170910660337,0.11637444784233775,5.0,7,4,59.14,False,2.734375,7.346938775510203,8.677685950413228,1.761775722693859,72.1,5.122771316555652,-10.20187843091076,44.72,1.761775722693859,5.122771316555652,True,0.766283524904221,8.677685950413228,-2.592592592592591,-0.995492197789638,3.5549146338575754,7.609285838318169,0,0.0,0,0.0,0,0.0,0,0.0,0,0.0,0,,inactive,zero,,51.76,inactive,51.76,51.76,0.0,0.0,0.0,0.0,0.0,0,0,0.0
2049,上銀,電機機械,2026-08-10,excluded,0,5,194,85,97,57.71,53.73,-3.98,"[-406291, 843327, 1625273, 3854924, -496340]","[782000, -264, 0, -1540000, 912]",True,,split,338.562,338562,84.9,84900,0.0,0,4.5,12.5,0.75,0.75,2.75,5.5,25.0,Q1,confirmed_accumulation,5.48,5.48,7.46,5,0.10576707347838439,0,6096.031,6096031,-496.34,-496340,4983.857,4983857,5420.893,5420893,54.83,active,positive,54.83,74.58,decelerating,74.58,74.58,0.09084723257130935,-0.05438746438746439,0.12751002916645346,0.10345413080402298,1.75,6,3,54.83,False,0.0,6.02739726027397,16.56626506024097,17.561757258030607,97.26,13.011350426383395,-4.2715021267026865,65.06,17.561757258030607,13.011350426383395,True,16.56626506024097,16.56626506024097,3.337783711615483,-0.995492197789638,3.5549146338575754,7.609285838318169,4,-0.017247670200572125,1,-156.998,-156998,0.912,912,-1539.088,-1539088,-757.352,-757352,60.4,active,negative,60.4,5.74,neutral,5.74,5.74,-0.002339691812464606,9.993425378040763e-05,-0.039376963618687,-0.014453558274012863,-1.0,5,2,-60.4
2059,川湖,電子零組件,2026-08-10,excluded,0,6,139,64,44,59.4,58.71,-0.69,"[-106326, -75826, -109644, -42651, 227675]","[233500, 74495, 3970, -68000, 15529]",True,,split,-18.131,-18131,-5.135,-5135,0.0,0,3.5,12.5,3.0,3.0,3.0,5.5,25.0,Q1,confirmed_accumulation,9.21,9.21,9.9,5,-0.01563960617666775,1,-319.862,-319862,227.675,227675,75.38,75380,-106.772,-106772,17.89,active,negative,17.89,37.68,reversing_positive,37.68,37.68,-0.04853748103186646,0.22408956692913387,0.036327710843373495,-0.029109051254089423,3.0,2,1,-17.89,False,7.155715571557164,25.712777191129877,37.86913723219456,48.33460110868072,100.0,34.31422259833698,130.01546466068382,100.0,48.33460110868072,34.31422259833698,True,47.339108910891085,37.86913723219456,137.62475049900198,-0.995492197789638,3.5549146338575754,7.609285838318169,5,0.06251517169824389,1,617.999,617999,15.529,15529,-48.501,-48501,259.494,259494,92.08,active,positive,92.08,98.96,reversing_negative,98.96,98.96,0.0937783004552352,0.015284448818897638,-0.02337397590361446,0.0707453653217012,0.0,9,4,92.08
2062,橋椿,38,2026-08-10,excluded,0,0,539,575,666,7.0,0.0,-7.0,"[60000, -121381, -65023, -40353, -33199]","[0, 0, 0, 0, 0]",True,,split,0.0,0,-45.002,-45002,0.0,0,0.0,0.0,-3.5,-3.5,4.5,2.5,0.0,Q4,confirmed_distribution,0.0,0.0,0.0,5,-0.1961210139110412,0,43.095,43095,-33.199,-33199,-138.575,-138575,-199.956,-199956,79.5,active,negative,79.5,8.74,stable,8.74,8.74,0.018583441138421735,-0.19079885057471263,-0.32915676959619955,-0.19955688622754492,-3.5,5,1,-79.5,False,0.2673796791443861,-0.26595744680851796,-0.5305039787798504,-0.8369685351946599,55.02,-4.085418612637426,-11.946020532195721,39.77,-0.8369685351946599,-4.085418612637426,True,-1.832460732984298,-0.5305039787798504,-4.336734693877553,-0.995492197789638,3.5549146338575754,7.609285838318169,0,0.0,0,0.0,0,0.0,0,0.0,0,0.0,0,,inactive,zero,,51.76,inactive,51.76,51.76,0.0,0.0,0.0,0.0,0.0,0,0,0.0
2066,世德,電機機械,2026-08-10,excluded,0,5,195,119,115,55.12,51.58,-3.54,"[5000, 10000, 0, 20000, 8000]","[0, 0, 0, 0, 0]",True,,split,-0.206,-206,-4.0,-4000,0.0,0,3.5,12.5,1.75,1.75,2.75,4.5,25.0,Q1,confirmed_accumulation,4.33,4.33,6.87,4,0.07884279546004508,2,96.0,96000,8.0,8000,28.0,28000,43.0,43000,43.34,active,positive,43.34,68.71,decelerating,68.71,68.71,0.10126582278481013,0.037209302325581395,0.059957173447537475,0.07962962962962963,1.75,9,4,43.34,False,1.8927444794952564,5.040650406504055,9.863945578231291,0.22744304264370463,63.49,6.309030944373716,8.577764521394048,85.4,0.22744304264370463,6.309030944373716,True,-0.7680491551459334,9.863945578231291,16.187050359712217,-0.995492197789638,3.5549146338575754,7.609285838318169,0,0.0,0,0.0,0,0.0,0,0.0,0,0.0,0,,inactive,zero,,51.76,inactive,51.76,51.76,0.0,0.0,0.0,0.0,0.0,0,0,0.0
2070,精湛,電機機械,2026-08-10,excluded,0,0,540,629,667,6.5,0.0,-6.5,"[15000, -1000, -1000, -200000, -45000]","[0, 0, 0, 0, 0]",True,,split,0.977,977,0.0,0,0.0,0,0.0,0.0,-3.5,-3.5,4.5,2.0,0.0,Q4,confirmed_distribution,0.0,0.0,0.0,5,-0.13077372391848052,0,-142.0,-142000,-45.0,-45000,-246.0,-246000,-232.0,-232000,63.32,active,negative,63.32,16.04,stable,16.04,16.04,-0.05695948656237465,-0.14950166112956811,-0.14419695193434937,-0.1281767955801105,-3.5,4,1,-63.32,False,-0.5059021922428242,11.32075471698113,22.406639004149365,-0.17703711544320155,59.71,18.85172437029179,-14.402334811461927,34.03,-0.17703711544320155,18.85172437029179,True,-1.1725293132328396,22.406639004149365,-6.793048973143756,-0.995492197789638,3.5549146338575754,7.609285838318169,0,0.0,0,0.0,0,0.0,0,0.0,0,0.0,0,,inactive,zero,,51.76,inactive,51.76,51.76,0.0,0.0,0.0,0.0,0.0,0,0,0.0
2072,世紀風電,綠能環保,2026-08-10,excluded,0,0,541,576,501,7.0,6.0,-1.0,"[-24000, -131432, -537722, 153765, 71969]","[0, 0, 0, 0, 0]",True,,split,0.949,949,-5.856,-5856,0.0,0,0.0,0.0,3.0,3.0,4.0,3.0,0.0,Q4,confirmed_distribution,0.0,0.0,0.0,5,-0.13827609830799256,2,-49.12,-49120,71.969,71969,-311.988,-311988,-467.42,-467420,67.36,active,negative,67.36,13.95,reversing_positive,13.95,13.95,-0.007536054004295796,0.21229793510324485,-0.1409159891598916,-0.13994610778443115,3.0,6,2,-67.36,False,0.0,-4.347826086956519,-3.1446540880503138,7.569886661457447,89.83,-6.699568721907889,-19.60928583831817,22.82,7.569886661457447,-6.699568721907889,True,6.57439446366781,-3.1446540880503138,-12.0,-0.995492197789638,3.5549146338575754,7.609285838318169,0,0.0,0,0.0,0,0.0,0,0.0,0,0.0,0,,inactive,zero,,51.76,inactive,51.76,51.76,0.0,0.0,0.0,0.0,0.0,0,0,0.0
2101,南港,橡膠工業,2026-08-10,other_watch,43,5,196,122,113,54.65,51.64,-3.01,"[-292594, 800811, 124986, 1721930, -1048036]","[0, 0, 0, 0, 0]",True,,split,104.76,104760,-29.0,-29000,0.0,0,3.5,12.5,1.75,1.75,2.75,3.5,25.0,Q1,confirmed_accumulation,5.39,5.39,7.4,5,0.10529432315179527,0,3310.484,3310484,-1048.036,-1048036,798.88,798880,1307.097,1307097,53.92,active,positive,53.92,74.05,decelerating,74.05,74.05,0.14765104143436955,-0.30770287727539636,0.09027912758503785,0.1009653174725784,1.75,7,3,53.92,False,-3.3802816901408517,-0.43541364296082463,2.8485757121439192,0.2719031963424601,63.75,-0.7063389217136562,-2.232941752296669,69.36,0.2719031963424601,-0.7063389217136562,True,-0.723589001447178,2.8485757121439192,5.376344086021501,-0.995492197789638,3.5549146338575754,7.609285838318169,0,0.0,0,0.0,0,0.0,0,0.0,0,0.0,0,,inactive,zero,,51.76,inactive,51.76,51.76,0.0,0.0,0.0,0.0,0.0,0,0,0.0
2102,泰豐,橡膠工業,2026-08-10,excluded,0,0,542,525,483,7.5,6.5,-1.0,"[-251961, -58094, -55000, 71020, 22077]","[0, 0, 0, 0, 0]",True,,split,0.0,0,-21.073,-21073,0.0,0,0.0,0.0,3.0,3.0,4.0,3.5,0.0,Q4,confirmed_distribution,0.0,0.0,0.0,5,-0.17823330579471433,2,325.716,325716,22.077,22077,38.097,38097,-271.958,-271958,74.54,active,negative,74.54,10.17,reversing_positive,10.17,10.17,0.09548988566402815,0.11743085106382979,0.05019367588932806,-0.17694079375406635,3.0,7,2,-74.54,False,0.0,-1.58311345646438,-3.116883116883129,-1.6154738596516172,50.33,-6.671797750740705,-4.854464901679045,63.23,-1.6154738596516172,-6.671797750740705,True,-2.610966057441255,-3.116883116883129,2.754820936639124,-0.995492197789638,3.5549146338575754,7.609285838318169,0,0.0,0,0.0,0,0.0,0,0.0,0,0.0,0,,inactive,zero,,51.76,inactive,51.76,51.76,0.0,0.0,0.0,0.0,0.0,0,0,0.0
2105,正新,橡膠工業,2026-08-10,excluded,0,15,2,61,99,59.58,53.62,-5.96,"[-504759, 650363, 1504488, 1487200, 239974]","[-210000, 89054, 117000, 119000, 97351]",True,,split,-606.972,-606972,-24.445,-24445,0.0,0,9.0,14.52,6.75,6.75,6.75,7.0,5.0,Q2,unconfirmed_accumulation,11.35,11.35,17.31,5,0.12957441673835673,4,3554.64,3554640,239.974,239974,3231.662,3231662,3377.266,3377266,63.45,active,positive,63.45,79.4,decelerating,79.4,79.4,0.038857442691765325,0.055639693948527705,0.20954882635196473,0.12865285131994972,1.75,6,4,63.45,True,0.9554140127388644,3.934426229508192,4.62046204620461,-2.5052688372179777,45.37,1.0655474123470343,-8.236245085967075,52.8,-2.5052688372179777,1.0655474123470343,True,-3.5007610350076157,4.62046204620461,-0.6269592476489061,-0.995492197789638,3.5549146338575754,7.609285838318169,5,0.008323492214727092,4,-1.38,-1380,97.351,97351,333.351,333351,212.405,212405,50.0,active,positive,50.0,93.74,accelerating,93.74,93.74,-1.5085429442822944e-05,0.022571527938789707,0.02161528984567501,0.008091310807207345,5.0,8,4,50.0
2106,建大,橡膠工業,2026-08-10,excluded,0,0,543,630,531,6.5,5.5,-1.0,"[-589000, -363600, -400233, -125000, 163000]","[0, 0, 0, 0, 0]",True,,split,0.0,0,-77.0,-77000,0.0,0,0.0,0.0,3.0,3.0,4.0,2.5,0.0,Q3,absorption_divergence,0.0,0.0,0.0,5,-0.24233752374305512,1,284.478,284478,163.0,163000,-362.233,-362233,-1314.833,-1314833,85.25,active,negative,85.25,6.39,reversing_positive,6.39,6.39,0.019418293515358363,0.14845173041894352,-0.11756994482310938,-0.24299260765108113,3.0,5,1,-85.25,False,1.6620498614958512,1.3812154696132506,0.8241758241758435,5.8526350549325095,87.22,-2.730738809681732,1.2927913130171396,76.01,5.8526350549325095,-2.730738809681732,True,4.857142857142871,0.8241758241758435,8.902077151335309,-0.995492197789638,3.5549146338575754,7.609285838318169,0,0.0,0,0.0,0,0.0,0,0.0,0,0.0,0,,inactive,zero,,51.76,inactive,51.76,51.76,0.0,0.0,0.0,0.0,0.0,0,0,0.0
2107,厚生,橡膠工業,2026-08-10,excluded,0,0,544,703,668,5.5,0.0,-5.5,"[-67385, -49098, -110032, -11719, -7661]","[0, 0, 0, 0, 0]",True,,split,0.0,0,-73.0,-73000,0.0,0,0.0,0.0,-3.5,-3.5,4.5,1.0,0.0,Q4,confirmed_distribution,0.0,0.0,0.0,5,-0.28690176581479676,0,-224.661,-224661,-7.661,-7661,-129.412,-129412,-245.895,-245895,89.82,active,negative,89.82,4.95,stable,4.95,4.95,-0.11295173453996983,-0.10640277777777778,-0.30666350710900475,-0.2865909090909091,-3.5,2,0,-89.82,False,0.19685039370078705,0.19685039370078705,0.0,-0.7419595396620959,56.32,-3.5549146338575754,-7.609285838318169,54.69,-0.7419595396620959,-3.5549146338575754,True,-1.737451737451734,0.0,0.0,-0.995492197789638,3.5549146338575754,7.609285838318169,0,0.0,0,0.0,0,0.0,0,0.0,0,0.0,0,,inactive,zero,,51.76,inactive,51.76,51.76,0.0,0.0,0.0,0.0,0.0,0,0,0.0
2109,華豐,橡膠工業,2026-08-10,excluded,0,0,545,674,554,6.0,5.0,-1.0,"[-10030, -14000, -17000, -17000, 28852]","[0, 0, 0, 0, 0]",True,,split,0.0,0,-15.0,-15000,0.0,0,0.0,0.0,3.0,3.0,4.0,2.0,0.0,Q4,confirmed_distribution,0.0,0.0,0.0,5,-0.07300129829116811,1,74.752,74752,28.852,28852,-5.148,-5148,-29.178,-29178,40.6,active,negative,40.6,26.73,reversing_positive,26.73,26.73,0.0683290676416819,0.28566336633663364,-0.023294117647058823,-0.07405583756345177,3.0,4,1,-40.6,False,1.038062283737018,1.388888888888884,1.038062283737018,-0.02145695475274101,61.15,-2.5168523501205575,-3.3235715526038767,67.08,-0.02145695475274101,-2.5168523501205575,True,-1.016949152542379,1.038062283737018,4.285714285714293,-0.995492197789638,3.5549146338575754,7.609285838318169,0,0.0,0,0.0,0,0.0,0,0.0,0,0.0,0,,inactive,zero,,51.76,inactive,51.76,51.76,0.0,0.0,0.0,0.0,0.0,0,0,0.0
2114,鑫永銓,橡膠工業,2026-08-10,excluded,0,0,546,675,555,6.0,5.0,-1.0,"[-4903, -6000, -8000, -1000, 13000]","[0, 0, 0, 0, 0]",True,,split,0.0,0,-4.0,-4000,0.0,0,0.0,0.0,3.0,3.0,4.0,2.0,0.0,Q4,confirmed_distribution,0.0,0.0,0.0,5,-0.04866562609524896,1,5.549,5549,13.0,13000,4.0,4000,-6.903,-6903,27.42,active,negative,27.42,32.99,reversing_positive,32.99,32.99,0.014876675603217157,0.5909090909090909,0.0547945205479452,-0.049307142857142855,3.0,4,1,-27.42,False,0.3420752565564289,0.917431192660545,-0.11350737797956034,-0.7902220879246413,55.54,-3.668422011837136,-7.609285838318169,54.69,-0.7902220879246413,-3.668422011837136,True,-1.7857142857142794,-0.11350737797956034,0.0,-0.995492197789638,3.5549146338575754,7.609285838318169,0,0.0,0,0.0,0,0.0,0,0.0,0,0.0,0,,inactive,zero,,51.76,inactive,51.76,51.76,0.0,0.0,0.0,0.0,0.0,0,0,0.0
2201,裕隆,汽車工業,2026-08-10,excluded,0,3,406,310,288,35.03,32.75,-2.28,"[-1431117, 652585, 205619, -393106, 697120]","[278000, 0, 0, 0, 0]",True,,split,-22.593,-22593,-101.955,-101955,0.0,0,3.5,6.32,4.0,4.0,4.0,6.5,5.0,Q2,unconfirmed_accumulation,7.43,7.43,9.71,5,-0.0229692680137691,1,811.893,811893,697.12,697120,509.633,509633,-268.899,-268899,15.4,active,negative,15.4,38.72,reversing_positive,38.72,38.72,0.02723559208319356,0.4926643109540636,0.09390694674774276,-0.024436477644492912,3.0,7,3,-15.4,False,1.1009174311926717,0.7312614259597838,0.36429872495447047,-1.4823839084050494,51.37,-3.190615908903105,-6.693534922567257,57.89,-1.4823839084050494,-3.190615908903105,True,-2.4778761061946875,0.36429872495447047,0.9157509157509125,-0.995492197789638,3.5549146338575754,7.609285838318169,1,0.025136751895245803,0,818.0,818000,0.0,0,0.0,0,278.0,278000,74.26,active,positive,74.26,97.13,neutral,97.13,97.13,0.027440456222744044,0.0,0.0,0.025263540530716104,1.0,6,1,74.26
2204,中華,汽車工業,2026-08-10,excluded,0,5,197,166,223,43.69,36.12,-7.57,"[-882990, 4537689, -1570689, 1351000, 710994]","[-268951, -663672, -991000, -695000, -297000]",True,,split,-0.146,-146,-90.0,-90000,0.0,0,3.5,12.5,1.5,1.5,8.5,5.0,5.0,Q2,unconfirmed_accumulation,8.62,8.62,9.19,5,0.25372974111866964,2,5811.034,5811034,710.994,710994,491.305,491305,4146.004,4146004,86.16,active,positive,86.16,91.92,accelerating,91.92,91.92,0.2508648765325505,0.5494544049459041,0.06577922077922078,0.2502718821682965,5.0,7,3,86.16,False,1.9685039370078705,0.5825242718446644,0.5825242718446644,-8.286469273313703,25.03,-2.972390362012911,-8.37556936322239,51.37,-8.286469273313703,-2.972390362012911,True,-9.28196147110334,0.5825242718446644,-0.766283524904221,-0.995492197789638,3.5549146338575754,7.609285838318169,5,-0.17564522935563112,0,-3174.569,-3174569,-297.0,-297000,-1983.0,-1983000,-2915.623,-2915623,99.01,active,negative,99.01,0.26,stable,0.26,0.26,-0.1370475306510102,-0.22952086553323028,-0.2654973892087294,-0.17600042255221537,-3.5,3,0,-99.01
2206,三陽工業,汽車工業,2026-08-10,other_watch,41,4,401,389,387,27.25,21.44,-5.81,"[-170232, -307999, 174779, 184285, 249472]","[-324000, 0, 0, 0, 0]",True,,split,-6.0,-6000,-55.0,-55000,0.0,0,3.5,6.74,4.0,4.0,6.0,5.5,0.0,Q4,confirmed_distribution,1.7,1.7,5.51,5,0.030188214619275185,3,3409.392,3409392,249.472,249472,608.536,608536,130.305,130305,16.97,active,positive,16.97,55.15,accelerating,55.15,55.15,0.24565112760285324,0.48160617760617763,0.35733176746917206,0.02697826086956522,5.0,7,3,16.97,False,1.1290322580645107,3.294892915980241,-2.0312499999999956,-0.5743665149262167,57.5,-5.586164633857571,-0.4297986588309932,72.62,-0.5743665149262167,-5.586164633857571,True,-1.5698587127158548,-2.0312499999999956,7.179487179487176,-0.995492197789638,3.5549146338575754,7.609285838318169,1,-0.0662537235481352,0,-625.0,-625000,0.0,0,0.0,0,-324.0,-324000,91.09,active,negative,91.09,1.3,neutral,1.3,1.3,-0.04503206282873406,0.0,0.0,-0.0670807453416149,-1.0,4,0,-91.09
2207,和泰車,汽車工業,2026-08-10,excluded,0,6,140,350,389,31.8,21.07,-10.73,"[57553, -173166, 21732, -1893, -20415]","[3000, 4285, 6000, 4000, 5428]",True,,split,-8.577,-8577,-29.272,-29272,0.0,0,3.5,3.28,1.5,1.5,8.5,7.0,0.0,Q4,confirmed_distribution,5.79,5.79,9.52,5,-0.06586915460605754,0,1743.004,1743004,-20.415,-20415,-0.576,-576,-116.189,-116189,36.95,active,negative,36.95,28.81,stable,28.81,28.81,0.2481497722095672,-0.12079881656804733,-0.0007762803234501348,-0.06712247255921433,-3.5,6,2,-36.95,False,-0.3875968992248069,0.982318271119853,-1.532567049808431,9.206018513579107,92.18,-5.087481683666006,2.1025604797181066,77.57,9.206018513579107,-5.087481683666006,True,8.210526315789469,-1.532567049808431,9.711846318036276,-0.995492197789638,3.5549146338575754,7.609285838318169,5,0.013121557461290921,5,25.274,25274,5.428,5428,15.428,15428,22.713,22713,57.92,active,positive,57.92,95.18,accelerating,95.18,95.18,0.003598234624145786,0.03211834319526627,0.020792452830188678,0.013121317157712305,5.0,8,5,57.92
2211,長榮鋼,鋼鐵工業,2026-08-10,excluded,0,5,198,236,218,38.49,36.28,-2.21,"[-243000, 97033, 1688000, 477379, -80379]","[-4000, -49000, 0, -2000, 0]",True,,split,-0.158,-158,-100.522,-100522,0.0,0,3.5,12.5,0.75,0.75,2.75,5.0,5.0,Q2,unconfirmed_accumulation,9.53,9.53,9.74,5,0.35817789311964743,0,2665.798,2665798,-80.379,-80379,2085.0,2085000,1939.033,1939033,95.3,active,positive,95.3,97.39,decelerating,97.39,97.39,0.29872232182877634,-0.2635377049180328,0.46519410977242304,0.35868165001849794,1.75,7,3,95.3,False,-0.11350737797956034,1.4994232987312506,1.1494252873563315,-6.664528788569225,30.77,-2.405489346501244,-16.70019492922725,28.16,-6.664528788569225,-2.405489346501244,True,-7.660020986358862,1.1494252873563315,-9.090909090909083,-0.995492197789638,3.5549146338575754,7.609285838318169,3,-0.010177872211325953,0,-45.0,-45000,0.0,0,-2.0,-2000,-55.0,-55000,53.47,active,negative,53.47,6.78,neutral,6.78,6.78,-0.005042581801882564,0.0,-0.0004462293618920125,-0.010173880873103959,-1.0,3,0,-53.47
2227,裕日車,汽車工業,2026-08-10,excluded,0,0,547,723,594,5.0,2.0,-3.0,"[-17022, 2547, -6143, -25, 0]","[0, 0, 0, 0, 0]",True,,split,0.0,0,-7.007,-7007,0.0,0,0.0,0.0,-1.0,-1.0,2.0,3.0,0.0,Q4,confirmed_distribution,0.0,0.0,0.0,4,-0.11838429246915005,0,137.619,137619,0.0,0,-6.168,-6168,-20.643,-20643,59.92,active,negative,59.92,17.73,neutral,17.73,17.73,0.3085627802690583,0.0,-0.06358762886597938,-0.11796,-1.0,6,1,-59.92,False,-0.7085020242915019,-1.9000000000000017,-2.2908366533864633,-0.7079146158376237,56.52,-5.845751287244038,-8.518376747409084,50.85,-0.7079146158376237,-5.845751287244038,True,-1.7034068136272618,-2.2908366533864633,-0.909090909090915,-0.995492197789638,3.5549146338575754,7.609285838318169,0,0.0,0,0.0,0,0.0,0,0.0,0,0.0,0,,inactive,zero,,51.76,inactive,51.76,51.76,0.0,0.0,0.0,0.0,0.0,0,0,0.0
2228,劍麟,汽車工業,2026-08-10,excluded,0,0,548,502,669,8.0,0.0,-8.0,"[10000, -18000, -10000, 6000, -63871]","[0, 0, 0, 0, 0]",True,,split,0.0,0,-5.805,-5805,0.0,0,0.0,0.0,-3.5,-3.5,4.5,3.5,0.0,Q4,confirmed_distribution,0.0,0.0,0.0,5,-0.08779046023977233,0,109.383,109383,-63.871,-63871,-67.871,-67871,-75.871,-75871,48.83,active,negative,48.83,22.69,stable,22.69,22.69,0.07481737346101232,-0.2877072072072072,-0.11762738301559791,-0.08926,-3.5,7,2,-48.83,False,-1.1826544021024898,-3.589743589743588,-4.447268106734437,-10.53391956691624,19.82,-8.002182740592012,-17.006876199763955,27.51,-10.53391956691624,-8.002182740592012,True,-11.529411764705877,-4.447268106734437,-9.397590361445785,-0.995492197789638,3.5549146338575754,7.609285838318169,0,0.0,0,0.0,0,0.0,0,0.0,0,0.0,0,,inactive,zero,,51.76,inactive,51.76,51.76,0.0,0.0,0.0,0.0,0.0,0,0,0.0
2230,泰茂,38,2026-08-10,excluded,0,5,199,135,124,52.97,50.0,-2.97,"[80838, 70782, 6214, -46040, -3247]","[0, 0, 0, 0, 0]",True,,split,4.352,4352,0.0,0,0.0,0,3.5,12.5,0.0,0.0,1.0,3.5,25.0,Q1,confirmed_accumulation,5.5,5.5,7.47,5,0.09441445728863997,0,260.853,260853,-3.247,-3247,-43.073,-43073,108.547,108547,54.96,active,positive,54.96,74.71,reversing_negative,74.71,74.71,0.12662766990291263,-0.014431111111111112,-0.06109645390070922,0.10377342256214149,0.0,7,3,54.96,False,2.264150943396226,10.162601626016254,16.559139784946254,16.560524180732074,96.87,13.00422515108868,-17.725372073807378,25.95,16.560524180732074,13.00422515108868,True,15.565031982942434,16.559139784946254,-10.116086235489208,-0.995492197789638,3.5549146338575754,7.609285838318169,0,0.0,0,0.0,0,0.0,0,0.0,0,0.0,0,,inactive,zero,,51.76,inactive,51.76,51.76,0.0,0.0,0.0,0.0,0.0,0,0,0.0
2231,為升,汽車工業,2026-08-10,excluded,0,0,549,526,670,7.5,0.0,-7.5,"[-135759, -13462, 8984, -41941, -22446]","[0, 0, 0, 0, 0]",True,,split,-8.337,-8337,69.0,69000,0.0,0,1.0,0.0,-3.5,-3.5,4.5,2.0,0.0,Q4,confirmed_distribution,0.0,0.0,0.0,5,-0.07672668277870927,0,-148.369,-148369,-22.446,-22446,-55.403,-55403,-204.624,-204624,43.6,active,negative,43.6,25.29,stable,25.29,25.29,-0.03488572772160828,-0.1024931506849315,-0.029052438384897745,-0.07974434918160561,-3.5,4,1,-43.6,False,0.2024291497975783,6.109324758842449,2.6970954356846377,-12.162402539052465,15.25,-0.8578191981729377,-15.085921352336861,31.94,-12.162402539052465,-0.8578191981729377,True,-13.157894736842103,2.6970954356846377,-7.476635514018692,-0.995492197789638,3.5549146338575754,7.609285838318169,0,0.0,0,0.0,0,0.0,0,0.0,0,0.0,0,,inactive,zero,,51.76,inactive,51.76,51.76,0.0,0.0,0.0,0.0,0.0,0,0,0.0
2233,宇隆,汽車工業,2026-08-10,excluded,0,0,550,704,586,5.5,2.5,-3.0,"[-10593, -302621, -351822, -113030, 78206]","[0, 0, 0, 0, 0]",True,,split,23.054,23054,24.0,24000,0.0,0,1.0,0.0,-1.0,-1.0,2.0,2.5,0.0,Q4,confirmed_distribution,0.0,0.0,0.0,5,-0.09158798394741852,1,200.733,200733,78.206,78206,-386.646,-386646,-699.86,-699860,49.09,active,negative,49.09,22.43,neutral,22.43,22.43,0.014260656436487638,0.13940463458110516,-0.07263685891414616,-0.08982929020664869,-1.0,4,1,-49.09,False,1.7412935323383172,-8.705357142857139,5.68475452196382,-14.674610894993867,10.95,2.129839888106244,-35.219905307344725,5.74,-14.674610894993867,2.129839888106244,True,-15.670103092783505,5.68475452196382,-27.610619469026553,-0.995492197789638,3.5549146338575754,7.609285838318169,0,0.0,0,65.0,65000,0.0,0,0.0,0,0.0,0,,inactive,zero,,51.76,inactive,51.76,51.76,0.004617789144643365,0.0,0.0,0.0,0.0,1,0,0.0
2239,英利-KY,汽車工業,2026-08-10,excluded,0,0,551,676,556,6.0,5.0,-1.0,"[-10000, -1000, -16000, 7000, 2000]","[0, 0, 0, 0, 0]",True,,split,0.0,0,-8.926,-8926,0.0,0,0.0,0.0,3.0,3.0,4.0,2.0,0.0,Q4,confirmed_distribution,0.0,0.0,0.0,5,-0.03089296056441847,2,51.8,51800,2.0,2000,-7.0,-7000,-18.0,-18000,19.06,active,negative,19.06,37.03,reversing_positive,37.03,37.03,0.04194331983805668,0.034482758620689655,-0.018518518518518517,-0.03098106712564544,3.0,4,2,-19.06,False,-0.7633587786259444,-1.5151515151515138,-3.2258064516129004,-6.367928229763809,31.94,-6.780721085470476,-17.3315080605404,27.12,-6.367928229763809,-6.780721085470476,True,-7.3634204275534465,-3.2258064516129004,-9.722222222222232,-0.995492197789638,3.5549146338575754,7.609285838318169,0,0.0,0,0.0,0,0.0,0,0.0,0,0.0,0,,inactive,zero,,51.76,inactive,51.76,51.76,0.0,0.0,0.0,0.0,0.0,0,0,0.0
2243,宏旭-KY,汽車工業,2026-08-10,excluded,0,0,552,705,607,5.5,1.5,-4.0,"[-88885, -5800, -16604, -80537, 10010]","[1000, 0, -3000, 0, 0]",True,,split,0.0,0,-6.0,-6000,0.0,0,0.0,0.0,-2.0,-2.0,2.0,3.5,0.0,Q4,confirmed_distribution,0.0,0.0,0.0,5,-0.1366642841282291,1,-117.986,-117986,10.01,10010,-87.131,-87131,-181.816,-181816,66.32,active,negative,66.32,14.47,neutral,14.47,14.47,-0.025554689192116092,0.049068627450980395,-0.10651711491442543,-0.13598803290949887,-1.0,4,1,-66.32,False,1.3732833957553092,-6.451612903225801,-6.018518518518523,-17.641782351308557,8.6,-9.573433152376097,85.72404749501516,99.48,-17.641782351308557,-9.573433152376097,True,-18.637274549098194,-6.018518518518523,93.33333333333333,-0.995492197789638,3.5549146338575754,7.609285838318169,2,-0.001529265558575885,0,2.0,2000,0.0,0,-3.0,-3000,-2.0,-2000,22.77,active,negative,22.77,11.73,neutral,11.73,11.73,0.00043318171973142733,0.0,-0.003667481662591687,-0.0014958863126402393,-1.0,3,1,-22.77
2247,汎德永業,汽車工業,2026-08-10,excluded,0,7,68,265,246,37.29,34.9,-2.39,"[-8466, 9000, 41047, 40000, 3550]","[-497, -307, 0, 0, 0]",True,,split,0.0,0,-3.0,-3000,0.0,0,3.5,12.5,0.75,0.75,2.75,4.0,5.0,Q2,unconfirmed_accumulation,9.15,9.15,9.54,5,0.306213575951351,4,257.204,257204,3.55,3550,84.597,84597,85.131,85131,91.51,active,positive,91.51,95.44,decelerating,95.44,95.44,0.3255746835443038,0.221875,0.5565592105263157,0.3029572953736655,1.75,8,4,91.51,False,0.4376367614879584,1.324503311258285,0.6578947368421018,-0.29483038285552654,59.13,-2.8970198970154737,2.7272526232202887,79.01,-0.29483038285552654,-2.8970198970154737,True,-1.2903225806451646,0.6578947368421018,10.336538461538458,-0.995492197789638,3.5549146338575754,7.609285838318169,2,-0.0028346733747100497,0,-1.801,-1801,0.0,0,0.0,0,-0.804,-804,32.18,active,negative,32.18,10.04,neutral,10.04,10.04,-0.002279746835443038,0.0,0.0,-0.0028612099644128113,-1.0,0,0,-32.18
2254,巨鎧精密-創,汽車工業,2026-08-10,excluded,0,5,200,238,199,38.4,37.32,-1.08,"[4000, 0, 2000, 0, 4000]","[0, 0, 0, 0, 0]",True,,mixed,3.025,3025,-3.0,-3000,0.0,0,3.5,12.5,3.5,3.5,4.5,3.0,5.0,Q2,unconfirmed_accumulation,9.82,9.82,9.9,3,0.45397583171714156,1,21.1,21100,4.0,4000,6.0,6000,10.0,10000,98.17,active,positive,98.17,98.96,stable,98.96,98.96,0.3907407407407407,1.0,1.0,0.45454545454545453,3.5,6,3,98.17,False,-0.3284072249589376,0.16501650165017256,-1.9386106623586308,2.841129781682261,78.1,-5.493525296216206,-18.996147152186783,24.38,2.841129781682261,-5.493525296216206,True,1.8456375838926231,-1.9386106623586308,-11.386861313868613,-0.995492197789638,3.5549146338575754,7.609285838318169,0,0.0,0,0.0,0,0.0,0,0.0,0,0.0,0,,inactive,zero,,51.76,inactive,51.76,51.76,0.0,0.0,0.0,0.0,0.0,0,0,0.0
2258,鴻華先進-創,汽車工業,2026-08-10,excluded,0,0,553,631,532,6.5,5.5,-1.0,"[-284450, -146000, -102000, -49000, 66000]","[0, 0, 0, 0, 0]",True,,split,-10.5,-10500,-43.0,-43000,0.0,0,0.0,0.0,3.0,3.0,4.0,2.5,0.0,Q4,confirmed_distribution,0.0,0.0,0.0,5,-0.167216188434697,1,742.411,742411,66.0,66000,-85.0,-85000,-515.45,-515450,72.72,active,negative,72.72,11.08,reversing_positive,11.08,11.08,0.12144789792246033,0.1981981981981982,-0.06972928630024611,-0.16746263807667316,3.0,5,1,-72.72,False,1.1725293132328174,0.6666666666666599,-3.821656050955413,-3.1314919291944965,43.29,-7.376570684812989,-0.5170872567578755,72.36,-3.1314919291944965,-7.376570684812989,True,-4.1269841269841345,-3.821656050955413,7.092198581560294,-0.995492197789638,3.5549146338575754,7.609285838318169,0,0.0,0,0.0,0,0.0,0,0.0,0,0.0,0,,inactive,zero,,51.76,inactive,51.76,51.76,0.0,0.0,0.0,0.0,0.0,0,0,0.0
2302,麗正,半導體業,2026-08-10,buy_candidates,58,5,201,432,424,21.94,15.55,-6.39,"[-312427, 597023, 122279, -77948, -145629]","[2000, 0, -5000, 0, 0]",True,,split,1.071,1071,-5.011,-5011,0.0,0,3.5,2.49,-1.0,-1.0,1.0,5.0,5.0,Q2,unconfirmed_accumulation,0.56,0.56,4.95,5,0.010180844738208135,0,1159.136,1159136,-145.629,-145629,-101.298,-101298,183.298,183298,5.61,active,positive,5.61,49.54,reversing_negative,49.54,49.54,0.03356798239263271,-0.05359919028340081,-0.011990767045454546,0.009959141537625645,0.0,7,2,5.61,False,-0.9324009324009341,0.2358490566037874,6.25,-1.4155296162172482,52.15,2.6950853661424246,60.707545844850145,98.96,-1.4155296162172482,2.6950853661424246,True,-2.411021814006886,6.25,68.31683168316832,-0.995492197789638,3.5549146338575754,7.609285838318169,2,-0.00016825159584622713,0,4.0,4000,0.0,0,-5.0,-5000,-3.0,-3000,8.42,active,negative,8.42,14.21,neutral,14.21,14.21,0.00011583794271813733,0.0,-0.0005918560606060606,-0.00016299918500407498,-1.0,3,1,-8.42
2312,金寶,其他電子,2026-08-10,excluded,0,12,23,120,150,54.96,44.78,-10.18,"[1745221, -372133, -286042, -1504193, 5494248]","[0, 0, 0, 26000, 0]",True,,split,433.301,433301,43.0,43000,0.0,0,10.0,12.61,6.75,6.75,6.75,4.5,5.0,Q2,unconfirmed_accumulation,5.92,5.92,16.1,5,0.08570996348166167,1,16150.409,16150409,5494.248,5494248,3704.013,3704013,5077.101,5077101,46.87,active,positive,46.87,70.8,accelerating,70.8,70.8,0.09930096962020647,0.4076758922608889,0.12249125301762624,0.08385526706966603,5.0,5,2,46.87,True,3.833865814696491,1.5625,2.3622047244094446,-3.9752680361284987,39.5,-1.1927099094481308,7.434961949292451,84.35,-3.9752680361284987,-1.1927099094481308,True,-4.970760233918137,2.3622047244094446,15.04424778761062,-0.995492197789638,3.5549146338575754,7.609285838318169,1,0.0004183364827658529,0,63.0,63000,0.0,0,26.0,26000,26.0,26000,12.38,active,positive,12.38,90.22,decelerating,90.22,90.22,0.0003873562016957594,0.0,0.0008598167928833626,0.0004294255607306841,1.75,4,1,12.38
2313,華通,電子零組件,2026-08-10,excluded,0,9,41,159,174,46.84,38.71,-8.13,"[-5327541, 5671811, 5562581, -7422076, -5185909]","[7088000, -2000, 2072000, 409000, 1113921]",True,,split,-30.548,-30548,220.569,220569,0.0,0,4.5,12.5,1.5,1.5,8.5,6.5,5.0,Q2,unconfirmed_accumulation,8.71,8.71,9.84,5,-0.031146756983172427,0,12841.612,12841612,-5185.909,-5185909,-7045.404,-7045404,-6701.134,-6701134,20.89,active,negative,20.89,35.98,stable,35.98,35.98,0.03711148230779012,-0.15255814432383139,-0.06172706723440046,-0.03515072387746538,-3.5,6,2,-20.89,False,3.1175059952038398,-1.3761467889908285,15.902964959568733,-7.5151461000827045,26.86,12.348050325711156,-20.03291109290065,21.77,-7.5151461000827045,12.348050325711156,True,-8.510638297872342,15.902964959568733,-12.423625254582483,-0.995492197789638,3.5549146338575754,7.609285838318169,5,0.05422066685241768,3,10706.511,10706511,1113.921,1113921,3594.921,3594921,10680.921,10680921,87.13,active,positive,87.13,98.44,accelerating,98.44,98.44,0.030941169500734046,0.032769128938310826,0.03149626767597119,0.05602665232899706,5.0,7,4,87.13
2316,楠梓電,電子零組件,2026-08-10,excluded,0,0,554,490,671,8.5,0.0,-8.5,"[65294, -111758, 157172, -204498, -273437]","[-54000, 0, -9000, 0, 0]",True,,split,4.444,4444,-15.0,-15000,0.0,0,0.0,0.0,-4.5,-4.5,4.5,4.0,0.0,Q4,confirmed_distribution,0.0,0.0,0.0,5,-0.04014964682618073,0,-218.064,-218064,-273.437,-273437,-320.763,-320763,-367.227,-367227,23.5,active,negative,23.5,34.29,stable,34.29,34.29,-0.010476291136199856,-0.13430108055009823,-0.05558187489169988,-0.03949951597289448,-3.5,5,2,-23.5,False,2.507836990595602,2.507836990595602,9.731543624161066,-10.864346077142972,18.64,6.176628990303491,14.40563953481615,89.44,-10.864346077142972,6.176628990303491,True,-11.85983827493261,9.731543624161066,22.014925373134318,-0.995492197789638,3.5549146338575754,7.609285838318169,2,-0.006527043903666957,0,-99.0,-99000,0.0,0,-9.0,-9000,-63.0,-63000,47.52,active,negative,47.52,7.43,neutral,7.43,7.43,-0.004756185443190007,0.0,-0.0015595217466643563,-0.006776379477250726,-1.0,3,0,-47.52
2317,鴻海,其他電子,2026-08-10,excluded,0,5,202,32,27,63.64,60.99,-2.65,"[2130602, 36977842, 21743362, -5328129, 7881540]","[-520491, -1107959, 135888, -800000, 136726]",True,,split,-741.134,-741134,25.909,25909,0.0,0,4.5,12.5,4.0,4.0,6.0,6.5,25.0,Q1,confirmed_accumulation,8.49,8.49,9.14,5,0.23599008090714577,1,68389.541,68389541,7881.54,7881540,24296.773,24296773,63405.217,63405217,84.86,active,positive,84.86,91.4,accelerating,91.4,91.4,0.1088764445449176,0.22613014288173525,0.15590344893965158,0.23520611114614595,5.0,6,4,84.86,False,1.7307692307692246,2.3210831721470093,4.545454545454541,12.834815665020082,96.22,0.990539911596966,0.5706732618863333,74.84,12.834815665020082,0.990539911596966,True,11.839323467230445,4.545454545454541,8.179959100204503,-0.995492197789638,3.5549146338575754,7.609285838318169,5,-0.007880990637310554,1,4159.409,4159409,136.726,136726,-527.386,-527386,-2155.836,-2155836,49.5,active,negative,49.5,7.04,neutral,7.04,7.04,0.006621797086313698,0.003922820910082056,-0.0033840418364400526,-0.007997225241400289,-1.0,7,2,-49.5
2324,仁寶,電腦週邊,2026-08-10,excluded,0,12,24,153,157,50.0,41.85,-8.15,"[13719705, 12931622, 2157439, -2764993, -3237284]","[417000, -1963, -42000, -13000, -9100]",True,,split,-600.643,-600643,-276.0,-276000,0.0,0,9.0,12.98,0.0,0.0,0.0,6.0,5.0,Q2,unconfirmed_accumulation,8.87,8.87,17.02,5,0.1271047494942011,0,47801.759,47801759,-3237.284,-3237284,-3844.838,-3844838,22806.489,22806489,62.01,active,positive,62.01,78.62,reversing_negative,78.62,78.62,0.0971061383853753,-0.11099132581341928,-0.04308762453352459,0.1260549343650684,0.0,6,3,62.01,True,-0.6839945280437743,-1.7591339648173387,-0.13755158184319827,0.040512661636837866,62.19,-3.6924662157007737,12.390714161681828,87.87,0.040512661636837866,-3.6924662157007737,True,-0.9549795361528002,-0.13755158184319827,19.999999999999996,-0.995492197789638,3.5549146338575754,7.609285838318169,5,0.0019476900389627646,0,1916.472,1916472,-9.1,-9100,-64.1,-64100,350.937,350937,26.73,active,positive,26.73,91.53,reversing_negative,91.53,91.53,0.003893187178398539,-0.00031199643432646486,-0.0007183441103627582,0.0019396821887522455,0.0,6,1,26.73
2328,廣宇,電子零組件,2026-08-10,excluded,0,9,42,283,363,36.79,25.33,-11.46,"[-1400, 537937, -272053, -1779899, 1707275]","[0, 0, 0, 18000, 0]",True,,split,77.984,77984,-458.0,-458000,0.0,0,9.0,3.39,1.75,1.75,1.75,3.5,5.0,Q2,unconfirmed_accumulation,2.69,2.69,14.15,5,0.01625068610823615,1,1807.429,1807429,1707.275,1707275,-344.677,-344677,191.86,191860,7.05,active,positive,7.05,50.59,reversing_negative,50.59,50.59,0.05631672586776344,0.5330237277552294,-0.027809988704211714,0.012414105467486251,0.0,5,2,7.05,True,4.208194905869322,6.689342403628107,10.18735362997656,-1.994198523859847,47.72,6.632438996118984,-16.77917000820234,27.9,-1.994198523859847,6.632438996118984,True,-2.989690721649485,10.18735362997656,-9.169884169884169,-0.995492197789638,3.5549146338575754,7.609285838318169,1,0.0011627570920742802,0,24.0,24000,0.0,0,18.0,18000,18.0,18000,19.8,active,positive,19.8,90.87,decelerating,90.87,90.87,0.0007478033277248083,0.0,0.0014523156365983541,0.0011646716273050793,1.75,2,1,19.8
2330,台積電,半導體業,2026-08-10,buy_candidates,52,0,555,460,446,12.0,12.0,0.0,"[-12429517, 12251238, -4011452, 641660, 119096]","[433720, -1204507, -82362, 61000, 152629]",True,,split,-1766.489,-1766489,-551.654,-551654,0.0,0,0.0,0.0,6.0,6.0,6.0,6.0,0.0,Q4,confirmed_distribution,0.0,0.0,0.0,5,-0.0199835250676189,2,-29193.505,-29193505,119.096,119096,-3250.696,-3250696,-3428.975,-3428975,14.75,active,negative,14.75,39.24,reversing_positive,39.24,39.24,-0.07492795562867505,0.00553986417341148,-0.04549736871570933,-0.022974552934318698,3.0,4,3,-14.75,False,0.42194092827003704,-1.039501039501034,0.42194092827003704,-1.4635241956529876,51.63,-3.1329737055875384,-2.763470860344608,68.45,-1.4635241956529876,-3.1329737055875384,True,-2.4590163934426257,0.42194092827003704,4.8458149779735615,-0.995492197789638,3.5549146338575754,7.609285838318169,5,-0.00446841748282226,2,9687.894,9687894,152.629,152629,131.267,131267,-639.52,-639520,42.08,active,negative,42.08,8.47,reversing_positive,8.47,8.47,0.024864917445414903,0.007099683691506186,0.0018372382711902362,-0.0042848624129821575,3.0,8,3,-42.08
2342,茂矽,半導體業,2026-08-10,excluded,0,0,556,577,672,7.0,0.0,-7.0,"[144256, -390574, 121110, -146040, -77851]","[0, 0, 0, 0, 0]",True,,split,0.0,0,-4.683,-4683,0.0,0,0.0,0.0,-3.5,-3.5,4.5,2.5,0.0,Q4,confirmed_distribution,0.0,0.0,0.0,5,-0.03583392271883106,0,280.043,280043,-77.851,-77851,-102.781,-102781,-349.099,-349099,21.02,active,negative,21.02,35.85,stable,35.85,35.85,0.012092188781899046,-0.048809404388714735,-0.024076130241274304,-0.035611445475874734,-3.5,5,2,-21.02,False,2.063273727647874,-1.4608233731739584,10.252600297176828,-24.3566204782667,3.52,6.697685663319253,-19.59030600439171,22.95,-24.3566204782667,6.697685663319253,True,-25.352112676056336,10.252600297176828,-11.981020166073542,-0.995492197789638,3.5549146338575754,7.609285838318169,0,0.0,0,0.0,0,0.0,0,0.0,0,0.0,0,,inactive,zero,,51.76,inactive,51.76,51.76,0.0,0.0,0.0,0.0,0.0,0,0,0.0
2347,聯強,電子通路,2026-08-10,other_watch,69,15,3,6,6,83.51,79.59,-3.92,"[186792, 1437062, 1241308, -1420444, -18833]","[33000, -1504, 161000, 1111368, 148000]",True,,split,-229.081,-229081,-649.713,-649713,0.0,0,9.0,25.0,1.75,1.75,1.75,6.5,25.0,Q1,confirmed_accumulation,12.34,12.34,16.26,5,0.06323160765584719,0,7742.728,7742728,-18.833,-18833,-197.969,-197969,1425.885,1425885,33.81,active,positive,33.81,63.89,reversing_negative,63.89,63.89,0.15888385455142412,-0.005667469154378574,-0.014512792317278792,0.06087282274590164,0.0,5,3,33.81,True,-1.6059957173447548,-5.355303810504619,0.21810250817884125,12.38943159172904,95.7,-3.336812125678734,2.714843813542589,78.88,12.38943159172904,-3.336812125678734,True,11.393939393939402,0.21810250817884125,10.324129651860758,-0.995492197789638,3.5549146338575754,7.609285838318169,5,0.06115152884196804,3,2003.363,2003363,148.0,148000,1420.368,1420368,1451.864,1451864,89.6,active,positive,89.6,98.7,decelerating,98.7,98.7,0.04110980464581794,0.044538068010833584,0.10412491752804047,0.06198189890710382,1.75,8,4,89.6
2349,錸德,光電業,2026-08-10,excluded,0,0,557,739,608,4.5,1.5,-3.0,"[6629, -164355, 279571, -4932, -220552]","[0, 0, 0, 0, 0]",True,,split,0.0,0,-28.0,-28000,0.0,0,0.0,0.0,-1.0,-1.0,2.0,2.5,0.0,Q4,confirmed_distribution,0.0,0.0,0.0,5,-0.015921336991930796,0,646.575,646575,-220.552,-220552,54.087,54087,-103.639,-103639,9.92,active,negative,9.92,41.85,neutral,41.85,41.85,0.03998361263991095,-0.13897416509136737,0.014610210696920584,-0.015363029943670323,-1.0,5,2,-9.92,False,1.3698630136986356,1.83486238532109,3.738317757009346,-9.1259652920889,23.21,0.18340312315177076,-19.514047743080077,23.08,-9.1259652920889,0.18340312315177076,True,-10.121457489878537,3.738317757009346,-11.904761904761907,-0.995492197789638,3.5549146338575754,7.609285838318169,0,0.0,0,0.0,0,0.0,0,0.0,0,0.0,0,,inactive,zero,,51.76,inactive,51.76,51.76,0.0,0.0,0.0,0.0,0.0,0,0,0.0
2351,順德,半導體業,2026-08-10,excluded,0,3,407,406,433,24.89,14.04,-10.85,"[-51010, -470985, 27228, -279000, -661000]","[-50000, 155000, 118000, 0, 0]",True,,split,129.872,129872,-96.377,-96377,0.0,0,3.5,3.15,-1.75,-1.75,5.25,3.5,0.0,Q4,confirmed_distribution,5.64,5.64,9.49,5,-0.08107273605880629,0,2686.698,2686698,-661.0,-661000,-912.772,-912772,-1434.767,-1434767,44.65,active,negative,44.65,24.51,stable,24.51,24.51,0.07140915373166064,-0.2239159891598916,-0.08677364768514118,-0.08106028248587571,-3.5,4,1,-44.65,False,-0.8823529411764675,-0.295857988165682,7.667731629392982,-18.95700186396808,7.3,4.112816995535407,-15.026868255900583,32.07,-18.95700186396808,4.112816995535407,True,-19.95249406175772,7.667731629392982,-7.417582417582413,-0.995492197789638,3.5549146338575754,7.609285838318169,3,0.012773656346564223,0,-556.0,-556000,0.0,0,118.0,118000,223.0,223000,56.44,active,positive,56.44,94.92,decelerating,94.92,94.92,-0.014777801403359558,0.0,0.01121779636847609,0.012598870056497175,1.75,3,2,56.44
2353,宏碁,電腦週邊,2026-08-10,excluded,0,15,4,88,132,57.63,48.95,-8.68,"[1148540, 8737024, -3395185, -2280782, 9892191]","[-336000, 111429, 102000, 122371, 100497]",True,,split,-196.887,-196887,-348.081,-348081,0.0,0,9.0,12.74,6.75,6.75,6.75,7.0,5.0,Q2,unconfirmed_accumulation,8.46,8.46,17.14,5,0.1356769179708852,1,16073.885,16073885,9892.191,9892191,4216.224,4216224,14101.788,14101788,65.8,active,positive,65.8,80.7,accelerating,80.7,80.7,0.06484699887846244,0.4759064274030598,0.0741822788373566,0.13334898015148794,5.0,6,3,65.8,True,2.4793388429751984,2.4793388429751984,7.638888888888884,-1.9779037333527705,47.85,4.0839742550313085,3.1049998759675512,80.31,-1.9779037333527705,4.0839742550313085,True,-2.9733959311424085,7.638888888888884,10.71428571428572,-0.995492197789638,3.5549146338575754,7.609285838318169,5,0.0010914584164192602,4,-1151.197,-1151197,100.497,100497,324.868,324868,100.297,100297,18.81,active,positive,18.81,90.74,decelerating,90.74,90.74,-0.0046442829824830355,0.004834840758202636,0.005715884298683933,0.0009484260196121077,1.75,8,4,18.81
2354,鴻準,其他電子,2026-08-10,excluded,0,7,69,33,79,63.61,54.74,-8.87,"[799682, 198702, 2099732, 4273007, 10063548]","[-15000, 0, -6000, 0, -1000]",True,,split,981.258,981258,-40.95,-40950,0.0,0,3.5,12.5,1.5,1.5,8.5,6.5,25.0,Q1,confirmed_accumulation,5.74,5.74,7.61,5,0.11190866636894638,8,21629.891,21629891,10063.548,10063548,16436.287,16436287,17434.671,17434671,57.44,active,positive,57.44,76.14,accelerating,76.14,76.14,0.11525492087174295,0.26776149425287354,0.11022262085985018,0.11107362150797949,5.0,8,5,57.44,False,2.1035598705501757,13.693693693693687,11.879432624113484,12.479591137718959,95.83,8.32451799025591,-0.6601332959452755,71.84,12.479591137718959,8.32451799025591,True,11.484098939929321,11.879432624113484,6.949152542372894,-0.995492197789638,3.5549146338575754,7.609285838318169,3,-0.00013114173528219742,0,61.0,61000,-1.0,-1000,-7.0,-7000,-22.0,-22000,6.93,active,negative,6.93,14.34,stable,14.34,14.34,0.0003250386316406458,-2.6607066836951895e-05,-4.6942374881805807e-05,-0.00014015863409040232,-3.5,5,0,-6.93
2355,敬鵬,電子零組件,2026-08-10,excluded,0,5,203,374,371,29.35,24.35,-5.0,"[161315, 119502, -88369, -310000, 434614]","[0, 0, 0, 0, 0]",True,,split,16.566,16566,242.0,242000,0.0,0,4.5,5.04,5.0,5.0,6.0,3.5,5.0,Q2,unconfirmed_accumulation,1.31,1.31,5.31,5,0.020753112207353302,1,1632.68,1632680,434.614,434614,36.245,36245,317.062,317062,13.05,active,positive,13.05,53.06,accelerating,53.06,53.06,0.041367183541096586,0.15362813715093673,0.004263114561279699,0.020178323681028447,5.0,7,3,13.05,False,3.9555006180469476,2.6862026862026767,9.934640522875803,-13.275659688041152,13.56,6.379725889018228,-29.59444353776158,10.04,-13.275659688041152,6.379725889018228,True,-14.27115188583079,9.934640522875803,-21.985157699443413,-0.995492197789638,3.5549146338575754,7.609285838318169,0,0.0,0,0.0,0,0.0,0,0.0,0,0.0,0,,inactive,zero,,51.76,inactive,51.76,51.76,0.0,0.0,0.0,0.0,0.0,0,0,0.0
2356,英業達,電腦週邊,2026-08-10,excluded,0,14,19,18,18,76.05,68.24,-7.81,"[8852315, -5100029, 1752747, 1479463, 7193927]","[707000, -80114, 545000, -747000, -24122]",True,,split,-535.642,-535642,-32.001,-32001,0.0,0,9.0,13.26,5.0,5.0,5.0,7.0,25.0,Q1,confirmed_accumulation,8.98,8.98,16.79,5,0.10863292171739822,3,35390.49,35390490,7193.927,7193927,10426.137,10426137,14178.423,14178423,56.14,active,positive,56.14,75.62,accelerating,75.62,75.62,0.11539988326480304,0.3863755840807777,0.20475524351924587,0.10825620175458689,5.0,8,4,56.14,True,3.125,0.45662100456620447,3.2863849765258246,3.0047657681142037,78.88,-0.2685296573317508,16.45086453762168,90.61,3.0047657681142037,-0.2685296573317508,True,2.0092735703245657,3.2863849765258246,24.06015037593985,-0.995492197789638,3.5549146338575754,7.609285838318169,5,0.003223125368233261,0,1351.737,1351737,-24.122,-24122,-226.122,-226122,400.764,400764,33.66,active,positive,33.66,92.31,reversing_negative,92.31,92.31,0.0044076895235051865,-0.0012955583006606156,-0.004440730557737627,0.0030599445678814396,0.0,6,2,33.66
2357,華碩,電腦週邊,2026-08-10,other_watch,47,5,204,28,25,64.68,62.09,-2.59,"[936812, 1976945, -834189, 2466634, 613587]","[277000, -80347, 259582, -1179000, 462559]",True,,split,-167.755,-167755,33.194,33194,0.0,0,4.5,12.5,4.0,4.0,6.0,7.5,25.0,Q1,confirmed_accumulation,8.59,8.59,9.18,5,0.24937106811724383,2,10484.747,10484747,613.587,613587,2246.032,2246032,5159.789,5159789,85.9,active,positive,85.9,91.79,accelerating,91.79,91.79,0.2109946671496418,0.22320371044016005,0.19652043048385687,0.24861660402813915,5.0,8,4,85.9,False,0.1223990208078396,-2.3866348448687402,2.377972465581979,17.18867401597145,97.0,-1.1769421682755965,12.86199545770539,88.14,17.18867401597145,-1.1769421682755965,True,16.193181818181813,2.377972465581979,20.47128129602356,-0.995492197789638,3.5549146338575754,7.609285838318169,5,-0.012719510820135449,1,450.327,450327,462.559,462559,-456.859,-456859,-260.206,-260206,55.94,active,negative,55.94,6.52,neutral,6.52,6.52,0.009062364163245592,0.16826445980356494,-0.039973663487619215,-0.012537631299990363,-1.0,7,3,-55.94
2364,倫飛,電腦週邊,2026-08-10,excluded,0,7,70,59,50,59.65,58.01,-1.64,"[16016, -2400, 18030, 61002, 276773]","[0, 0, 0, 0, 0]",True,,split,0.0,0,-17.0,-17000,0.0,0,3.5,12.5,5.0,5.0,6.0,3.5,25.0,Q1,confirmed_accumulation,8.51,8.51,9.15,5,0.24245663284052135,3,475.367,475367,276.773,276773,355.805,355805,369.421,369421,85.12,active,positive,85.12,91.53,accelerating,91.53,91.53,0.1861993732863298,0.3812300275482094,0.272230298393267,0.2381824629271438,5.0,7,4,85.12,False,5.694444444444446,7.790368271954673,7.637906647807635,10.807902010199443,94.26,4.08299201395006,2.680569234145591,78.75,10.807902010199443,4.08299201395006,True,9.812409812409806,7.637906647807635,10.28985507246376,-0.995492197789638,3.5549146338575754,7.609285838318169,0,0.0,0,0.0,0,0.0,0,0.0,0,0.0,0,,inactive,zero,,51.76,inactive,51.76,51.76,0.0,0.0,0.0,0.0,0.0,0,0,0.0
2365,昆盈,電腦週邊,2026-08-10,excluded,0,7,71,227,232,38.63,35.76,-2.87,"[56000, -34823, 150823, 139000, 337018]","[0, 0, 0, 0, 0]",True,,split,5.511,5511,-8.0,-8000,0.0,0,3.5,12.5,5.0,5.0,6.0,4.0,5.0,Q2,unconfirmed_accumulation,5.76,5.76,7.63,5,0.11274563186525344,3,1412.918,1412918,337.018,337018,626.841,626841,648.018,648018,57.57,active,positive,57.57,76.27,accelerating,76.27,76.27,0.10541017606684572,0.3111892890120037,0.16508849091387937,0.1111141975308642,5.0,8,4,57.57,False,3.305785123966931,3.993344425956735,9.841827768014056,-2.8506616483642055,44.2,6.286913134156481,-19.08237365701505,24.12,-2.8506616483642055,6.286913134156481,True,-3.8461538461538436,9.841827768014056,-11.47308781869688,-0.995492197789638,3.5549146338575754,7.609285838318169,0,0.0,0,0.0,0,0.0,0,0.0,0,0.0,0,,inactive,zero,,51.76,inactive,51.76,51.76,0.0,0.0,0.0,0.0,0.0,0,0,0.0
2367,燿華,電子零組件,2026-08-10,excluded,0,5,205,450,435,19.2,13.67,-5.53,"[402486, -883054, 966066, -829990, 561480]","[0, 0, 0, 0, 0]",True,,split,184.983,184983,-16.0,-16000,0.0,0,3.5,1.34,0.0,0.0,1.0,3.5,5.0,Q2,unconfirmed_accumulation,0.33,0.33,4.86,5,0.006452572633029021,1,7775.6,7775600,561.48,561480,697.556,697556,216.988,216988,3.26,active,positive,3.26,48.63,reversing_negative,48.63,48.63,0.08672511097726918,0.051164570803717876,0.030717160597120083,0.005378045455672045,0.0,7,3,3.26,False,6.884057971014501,6.370192307692313,16.447368421052634,-11.380745425972739,16.95,12.892453787195059,-39.53236276139509,3.78,-11.380745425972739,12.892453787195059,True,-12.376237623762377,16.447368421052634,-31.92307692307692,-0.995492197789638,3.5549146338575754,7.609285838318169,0,0.0,0,0.0,0,0.0,0,0.0,0,0.0,0,,inactive,zero,,51.76,inactive,51.76,51.76,0.0,0.0,0.0,0.0,0.0,0,0,0.0
2371,大同,電機機械,2026-08-10,excluded,0,7,72,218,217,39.12,36.32,-2.8,"[1882512, 1857787, 1037534, 1711103, 362201]","[-532000, 2000, 0, 0, 0]",True,,split,-124.657,-124657,-133.0,-133000,0.0,0,3.5,12.5,0.75,0.75,2.75,6.5,5.0,Q2,unconfirmed_accumulation,8.07,8.07,8.87,5,0.20517519068394052,9,14277.19,14277190,362.201,362201,3110.838,3110838,6851.137,6851137,80.68,active,positive,80.68,88.66,decelerating,88.66,88.66,0.17129407671357785,0.04119665605095541,0.15533220152793728,0.20743420733922732,1.75,9,5,80.68,False,3.2755298651252485,5.098039215686279,6.138613861386144,-3.6308423217833226,40.94,2.5836992275285686,-15.195492734869887,31.42,-3.6308423217833226,2.5836992275285686,True,-4.626334519572961,6.138613861386144,-7.586206896551717,-0.995492197789638,3.5549146338575754,7.609285838318169,2,-0.015651679830397638,0,-1024.0,-1024000,0.0,0,0.0,0,-530.0,-530000,64.36,active,negative,64.36,5.08,neutral,5.08,5.08,-0.012285690290225438,0.0,0.0,-0.016046990432360422,-1.0,4,1,-64.36
2373,震旦行,其他電子,2026-08-10,excluded,0,0,558,632,673,6.5,0.0,-6.5,"[2000, -13000, -9000, -4000, -1000]","[0, 0, 0, 0, 0]",True,,split,-3.0,-3000,-7.0,-7000,0.0,0,0.0,0.0,-3.5,-3.5,4.5,2.0,0.0,Q4,confirmed_distribution,0.0,0.0,0.0,5,-0.16215033902836173,0,58.1,58100,-1.0,-1000,-14.0,-14000,-25.0,-25000,71.67,active,negative,71.67,11.6,stable,11.6,11.6,0.14136253041362531,-0.09090909090909091,-0.2413793103448276,-0.16233766233766234,-3.5,4,1,-71.67,False,0.18761726078799779,0.0,0.0,0.2519977739978141,63.62,-3.5549146338575754,-11.738549752142236,40.55,0.2519977739978141,-3.5549146338575754,True,-0.743494423791824,0.0,-4.129263913824066,-0.995492197789638,3.5549146338575754,7.609285838318169,0,0.0,0,0.0,0,0.0,0,0.0,0,0.0,0,,inactive,zero,,51.76,inactive,51.76,51.76,0.0,0.0,0.0,0.0,0.0,0,0,0.0
2374,佳能,光電業,2026-08-10,excluded,0,5,206,215,215,39.21,36.38,-2.83,"[-179710, 1062352, -384021, -177800, 1442745]","[0, 0, 0, 0, 0]",True,,split,167.103,167103,-18.661,-18661,0.0,0,3.5,12.5,5.0,5.0,6.0,4.5,5.0,Q2,unconfirmed_accumulation,5.88,5.88,7.71,5,0.11654409457258115,1,3643.626,3643626,1442.745,1442745,880.924,880924,1763.566,1763566,58.75,active,positive,58.75,77.05,accelerating,77.05,77.05,0.1083090871258286,0.33288994000922933,0.08821590226316843,0.11360255088894615,5.0,5,2,58.75,False,3.4285714285714475,4.473304473304496,7.578008915304624,-3.110468067111016,43.55,4.023094281447048,-17.447392936699234,26.73,-3.110468067111016,4.023094281447048,True,-4.105960264900654,7.578008915304624,-9.838107098381066,-0.995492197789638,3.5549146338575754,7.609285838318169,0,0.0,0,9.0,9000,0.0,0,0.0,0,0.0,0,,inactive,zero,,51.76,inactive,51.76,51.76,0.00026753069171546625,0.0,0.0,0.0,0.0,4,0,0.0
2375,凱美,電子零組件,2026-08-10,excluded,0,12,25,150,155,50.48,42.51,-7.97,"[508367, 278632, 410000, 23610, -81990]","[80000, 0, -6000, 0, 0]",True,,split,11.424,11424,10.848,10848,0.0,0,10.0,13.59,1.0,1.0,1.0,5.0,5.0,Q2,unconfirmed_accumulation,7.92,7.92,15.89,5,0.0672030156957263,0,982.299,982299,-81.99,-81990,351.62,351620,1138.619,1138619,36.68,active,positive,36.68,65.71,reversing_negative,65.71,65.71,0.020899978723404256,-0.02301150715689026,0.042776155717761555,0.06709203936126333,0.0,6,4,36.68,True,5.531914893617018,0.4048582995951344,2.4793388429751984,-31.97748077518333,0.52,-1.075575790882377,15.162991389404603,89.83,-31.97748077518333,-1.075575790882377,True,-32.97297297297297,2.4793388429751984,22.77227722772277,-0.995492197789638,3.5549146338575754,7.609285838318169,2,0.004347235299049506,0,204.0,204000,0.0,0,-6.0,-6000,74.0,74000,42.57,active,positive,42.57,93.22,neutral,93.22,93.22,0.004340425531914893,0.0,-0.00072992700729927,0.004360379470862059,1.0,4,1,42.57
2377,微星,電腦週邊,2026-08-10,wait_pullback,33,15,5,14,14,78.66,71.01,-7.65,"[7199717, 2987570, 4224482, -552820, 3568449]","[-304000, -11633, 410000, -3107, 15000]",True,,split,468.01,468010,1333.202,1333202,0.0,0,10.0,12.84,6.75,6.75,6.75,6.0,25.0,Q1,confirmed_accumulation,10.42,10.42,18.07,5,0.22110286928474213,1,20251.925,20251925,3568.449,3568449,7240.111,7240111,17427.398,17427398,82.38,active,positive,82.38,89.57,accelerating,89.57,89.57,0.1357485906948997,0.3129943864573283,0.1820495599698265,0.22151970205409802,5.0,7,4,82.38,True,1.3071895424836555,2.6490066225165476,8.391608391608397,4.674421963675924,84.35,4.8366937577508216,24.86934664031431,93.74,4.674421963675924,4.8366937577508216,True,3.678929765886285,8.391608391608397,32.47863247863248,-0.995492197789638,3.5549146338575754,7.609285838318169,5,0.0014858141457244481,1,-117.684,-117684,15.0,15000,421.893,421893,106.26,106260,21.78,active,positive,21.78,91.13,decelerating,91.13,91.13,-0.0007888354883468398,0.0013156740636786246,0.01060832285642444,0.0013506711409395974,1.75,5,2,21.78
2385,群光,電子零組件,2026-08-10,excluded,0,2,449,457,453,16.33,9.8,-6.53,"[-648954, 513021, 540182, -781521, 485754]","[-153000, -125711, -122000, -80107, 4917]",True,,split,-156.136,-156136,-38.367,-38367,0.0,0,3.5,1.45,-1.0,-1.0,1.0,5.5,0.0,Q4,confirmed_distribution,0.35,0.35,4.88,5,0.00649011161823428,1,4306.941,4306941,485.754,485754,244.415,244415,108.482,108482,3.52,active,positive,3.52,48.76,reversing_negative,48.76,48.76,0.10450189256078032,0.17134179894179893,0.019742730210016154,0.005817977046015231,0.0,6,3,3.52,False,1.4778325123152802,-0.9615384615384581,-2.8301886792452824,-1.8346964814556443,49.02,-6.385103313102858,-26.186360937132402,12.52,-1.8346964814556443,-6.385103313102858,True,-2.8301886792452824,-2.8301886792452824,-18.577075098814234,-0.995492197789638,3.5549146338575754,7.609285838318169,5,-0.025605266887110536,1,-613.551,-613551,4.917,4917,-197.19,-197190,-475.901,-475901,75.25,active,negative,75.25,3.78,neutral,3.78,3.78,-0.01488695588877566,0.0017343915343915343,-0.0159281098546042,-0.02552295398476885,-1.0,5,1,-75.25
2395,研華,電腦週邊,2026-08-10,excluded,0,5,207,86,80,57.7,54.74,-2.96,"[301231, -163709, 1405798, 697544, -188197]","[-228318, -16000, -23000, 207, 119000]",True,,split,49.94,49940,-24.69,-24690,0.0,0,3.5,12.5,4.75,4.75,4.75,5.5,25.0,Q1,confirmed_accumulation,3.49,3.49,6.45,5,0.06131286179239857,0,1682.702,1682702,-188.197,-188197,1915.145,1915145,2052.667,2052667,34.86,active,positive,34.86,64.54,decelerating,64.54,64.54,0.029178116871857118,-0.025518237288135594,0.07811816772719857,0.06290542735435628,1.75,5,3,34.86,False,5.205047318611977,5.371248025276465,15.798611111111116,25.435790705252316,99.48,12.24369647725354,35.83157437673558,96.48,25.435790705252316,12.24369647725354,True,24.44029850746268,15.798611111111116,43.44086021505375,-0.995492197789638,3.5549146338575754,7.609285838318169,5,-0.003716733235446935,2,80.557,80557,119.0,119000,96.207,96207,-148.111,-148111,43.07,active,negative,43.07,8.34,reversing_positive,8.34,8.34,0.0013968614530951969,0.016135593220338983,0.003924253548702888,-0.00453896601391315,3.0,6,2,-43.07
2399,映泰,電腦週邊,2026-08-10,excluded,0,0,559,578,674,7.0,0.0,-7.0,"[-551000, -828991, 1354116, -377896, -1339743]","[0, 0, 0, 0, 0]",True,,split,7.071,7071,-9.0,-9000,0.0,0,0.0,0.0,-3.5,-3.5,4.5,2.5,0.0,Q3,absorption_divergence,0.0,0.0,0.0,5,-0.0373234185074186,0,796.519,796519,-1339.743,-1339743,-363.523,-363523,-1743.514,-1743514,22.45,active,negative,22.45,34.94,stable,34.94,34.94,0.01360710319968567,-0.13840320247933885,-0.012765494960845595,-0.03806134299685644,-3.5,5,1,-22.45,False,2.585193889541726,10.927573062261754,19.917582417582413,0.2000376523350944,63.36,16.362667783724838,-15.130472278996145,31.68,0.2000376523350944,16.362667783724838,True,-0.7954545454545436,19.917582417582413,-7.521186440677974,-0.995492197789638,3.5549146338575754,7.609285838318169,0,0.0,0,0.0,0,0.0,0,0.0,0,0.0,0,,inactive,zero,,51.76,inactive,51.76,51.76,0.0,0.0,0.0,0.0,0.0,0,0,0.0
2409,友達,光電業,2026-08-10,high_priority_watch,47,3,408,429,425,22.76,15.48,-7.28,"[10987913, -29375079, -9825471, 13144500, 4574634]","[733000, -445, -29000, -2000, -10476]",True,,split,3085.16,3085160,2333.0,2333000,0.0,0,4.5,0.2,3.0,3.0,3.0,6.0,0.0,Q4,confirmed_distribution,1.78,1.78,9.06,5,-0.011536538230899939,2,10988.315,10988315,4574.634,4574634,7893.663,7893663,-10493.503,-10493503,7.31,active,negative,7.31,43.42,reversing_positive,43.42,43.42,0.005965814819640802,0.02115868199772439,0.015576206102486893,-0.012443115171263983,3.0,6,3,-7.31,False,9.979633401221989,10.429447852760742,12.970711297071148,-6.696815494518049,30.57,9.415796663213573,30.498131041477226,95.05,-6.696815494518049,9.415796663213573,True,-7.692307692307687,12.970711297071148,38.107416879795394,-0.995492197789638,3.5549146338575754,7.609285838318169,5,0.0007956348868010259,0,2522.768,2522768,-10.476,-10476,-41.476,-41476,691.079,691079,17.82,active,positive,17.82,90.61,reversing_negative,90.61,90.61,0.001369670119660347,-4.8453789441551116e-05,-8.184270399011794e-05,0.0008194761643887596,0.0,6,1,17.82
2412,中華電,通信網路,2026-08-10,excluded,0,3,409,418,462,23.7,8.26,-15.44,"[-2905602, 1089905, -740022, 1407518, -2511971]","[-855939, -1274, 553999, 369876, -62713]",True,,split,-219.76,-219760,-406.611,-406611,0.0,0,3.5,0.02,-1.75,-1.75,5.25,6.0,0.0,Q4,confirmed_distribution,0.49,0.49,8.93,5,-0.06918587377740165,0,35076.93,35076930,-2511.971,-2511971,-1844.475,-1844475,-3660.172,-3660172,38.64,active,negative,38.64,28.16,stable,28.16,28.16,0.2199787402167369,-0.2632541395933766,-0.07354952548050084,-0.0695717924348983,-3.5,7,2,-38.64,False,-0.727272727272732,-0.36496350364964014,-1.7985611510791366,3.2426832090255986,79.66,-5.3534757849367125,-8.336558565590902,52.02,3.2426832090255986,-5.3534757849367125,True,2.2471910112359605,-1.7985611510791366,-0.727272727272732,-0.995492197789638,3.5549146338575754,7.609285838318169,5,0.0001646572640399853,0,585.795,585795,-62.713,-62713,861.162,861162,3.949,3949,4.95,active,positive,4.95,89.31,decelerating,89.31,89.31,0.0036737093618302227,-0.006572311884300985,0.03433934125528351,7.506177532788443e-05,1.75,5,2,4.95
2413,環科,電子零組件,2026-08-10,excluded,0,5,208,256,268,37.67,33.84,-3.83,"[-1998, 9000, 84020, -255028, 528000]","[0, 0, 0, 0, 0]",True,,split,1.021,1021,-4.015,-4015,0.0,0,3.5,12.5,5.0,5.0,6.0,4.0,5.0,Q2,unconfirmed_accumulation,3.84,3.84,6.67,5,0.07666133748962795,1,1155.595,1155595,528.0,528000,356.992,356992,363.994,363994,38.38,active,positive,38.38,66.75,accelerating,66.75,66.75,0.11907212776919114,0.2678843226788432,0.0901722657236676,0.06917407829722538,5.0,8,3,38.38,False,9.926470588235304,11.152416356877314,12.265331664580724,-0.9717209169644581,54.63,8.71041703072315,-5.328784127941888,61.8,-0.9717209169644581,8.71041703072315,True,-1.967213114754096,12.265331664580724,2.2805017103762815,-0.995492197789638,3.5549146338575754,7.609285838318169,0,0.0,0,0.0,0,0.0,0,0.0,0,0.0,0,,inactive,zero,,51.76,inactive,51.76,51.76,0.0,0.0,0.0,0.0,0.0,0,0,0.0
2414,精技,電子通路,2026-08-10,excluded,0,2,450,408,404,24.68,18.52,-6.16,"[254210, 91616, -429085, -102000, 258844]","[2000, 0, -7000, 0, 0]",True,,split,0.0,0,-72.0,-72000,0.0,0,3.5,3.99,0.0,0.0,2.0,5.0,5.0,Q2,unconfirmed_accumulation,1.03,1.03,5.19,5,0.020750038516888666,1,400.885,400885,258.844,258844,-272.241,-272241,73.585,73585,10.31,active,positive,10.31,51.89,neutral,51.89,51.89,0.06234603421461898,0.5105404339250493,-0.07207863383637808,0.0159724332537443,1.0,7,3,10.31,False,1.795332136445249,-6.435643564356431,-1.0471204188481575,-10.133034447978385,21.12,-4.602035052705733,8.817818884474438,86.18,-10.133034447978385,-4.602035052705733,True,-11.128526645768023,-1.0471204188481575,16.427104722792606,-0.995492197789638,3.5549146338575754,7.609285838318169,2,-0.0010510830949090374,0,3.0,3000,0.0,0,-7.0,-7000,-5.0,-5000,19.31,active,negative,19.31,12.13,neutral,12.13,12.13,0.00046656298600311044,0.0,-0.0018533227429176596,-0.0010853049706967658,-1.0,3,1,-19.31
2415,錩新,電子零組件,2026-08-10,excluded,0,0,560,527,675,7.5,0.0,-7.5,"[-1030, -20000, -950, -20000, -41000]","[2000, 0, -5000, 0, 0]",True,,split,0.0,0,-2.0,-2000,0.0,0,0.0,0.0,-4.5,-4.5,4.5,3.0,0.0,Q4,confirmed_distribution,0.0,0.0,0.0,5,-0.08621198126003778,0,-4.8,-4800,-41.0,-41000,-61.95,-61950,-82.98,-82980,48.17,active,negative,48.17,23.21,stable,23.21,23.21,-0.002035623409669211,-0.22404371584699453,-0.1084938704028021,-0.08652763295099061,-3.5,3,0,-48.17,False,-1.7432646592710044,-0.9584664536741228,1.1419249592169667,-13.369148686188272,13.43,-2.4129896746406088,8.713415850237194,85.79,-13.369148686188272,-2.4129896746406088,True,-14.36464088397791,1.1419249592169667,16.322701688555362,-0.995492197789638,3.5549146338575754,7.609285838318169,2,-0.003212089439215784,0,3.0,3000,0.0,0,-5.0,-5000,-3.0,-3000,34.16,active,negative,34.16,9.78,neutral,9.78,9.78,0.001272264631043257,0.0,-0.008756567425569177,-0.0031282586027111575,-1.0,3,1,-34.16
2417,圓剛,電腦週邊,2026-08-10,excluded,0,5,209,371,360,30.02,25.61,-4.41,"[160000, 436596, -82819, -517892, 267800]","[0, 0, 0, 0, 0]",True,,split,0.0,0,-3.552,-3552,0.0,0,3.5,10.64,0.0,0.0,1.0,4.0,5.0,Q2,unconfirmed_accumulation,2.47,2.47,5.88,5,0.04183165687189588,1,1062.573,1062573,267.8,267800,-332.911,-332911,263.685,263685,24.67,active,positive,24.67,58.8,reversing_negative,58.8,58.8,0.10097624251639266,0.14554347826086955,-0.06957387669801463,0.04256416464891041,0.0,8,3,24.67,False,3.7252619324796177,6.071428571428572,11.375000000000002,-0.660136941283207,57.11,7.820085366142426,-16.876088282310032,27.77,-0.660136941283207,7.820085366142426,True,-1.655629139072845,11.375000000000002,-9.266802443991862,-0.995492197789638,3.5549146338575754,7.609285838318169,0,0.0,0,0.0,0,0.0,0,0.0,0,0.0,0,,inactive,zero,,51.76,inactive,51.76,51.76,0.0,0.0,0.0,0.0,0.0,0,0,0.0
2419,仲琦,通信網路,2026-08-10,excluded,0,7,73,197,180,40.09,38.43,-1.66,"[170792, 229274, 34000, 41000, 160095]","[0, 0, 0, 0, 0]",True,,split,-2.312,-2312,-18.0,-18000,0.0,0,3.5,12.5,5.0,5.0,6.0,4.0,5.0,Q2,unconfirmed_accumulation,8.43,8.43,9.09,5,0.23227401456902738,7,1214.157,1214157,160.095,160095,235.095,235095,635.161,635161,84.33,active,positive,84.33,90.87,accelerating,90.87,90.87,0.16498940073379537,0.39923940149625936,0.1931758422350041,0.2315570543200875,5.0,8,5,84.33,False,3.0991735537190035,0.6048387096774244,3.9583333333333304,-7.946113641626418,26.08,0.4034186994757549,-22.600767950754296,17.73,-7.946113641626418,0.4034186994757549,True,-8.941605839416056,3.9583333333333304,-14.991482112436127,-0.995492197789638,3.5549146338575754,7.609285838318169,0,0.0,0,0.0,0,0.0,0,0.0,0,0.0,0,,inactive,zero,,51.76,inactive,51.76,51.76,0.0,0.0,0.0,0.0,0.0,0,0,0.0
2421,建準,電子零組件,2026-08-10,high_priority_watch,33,5,210,39,94,61.23,53.8,-7.43,"[53802, 1245628, 5465328, 1532877, -386529]","[0, 0, 0, -61000, -77000]",True,,split,137.771,137771,-53.0,-53000,0.0,0,3.5,12.5,-1.75,-1.75,5.25,5.5,25.0,Q1,confirmed_accumulation,9.05,9.05,9.48,5,0.298577523614354,0,9512.577,9512577,-386.529,-386529,6611.676,6611676,7911.106,7911106,90.47,active,positive,90.47,94.78,decelerating,94.78,94.78,0.2515423486791655,-0.07891567986933443,0.2892752887644382,0.296207353601917,1.75,7,4,90.47,False,-1.320132013201325,6.4056939501779375,9.523809523809534,9.328825531122963,92.57,5.968894889951959,-4.860144944847389,63.1,9.328825531122963,5.968894889951959,True,8.333333333333325,9.523809523809534,2.7491408934707806,-0.995492197789638,3.5549146338575754,7.609285838318169,2,-0.005158753536964024,0,-130.0,-130000,-77.0,-77000,-138.0,-138000,-138.0,-138000,44.55,active,negative,44.55,7.95,stable,7.95,7.95,-0.0034376074252320385,-0.015720702327480605,-0.006037801890094505,-0.005166991163696271,-3.5,4,0,-44.55
2423,固緯,其他電子,2026-08-10,excluded,0,0,561,491,633,8.5,0.5,-8.0,"[-31036, 36000, 9828, 26000, -193250]","[0, 0, 0, 0, 0]",True,,split,0.0,0,-6.0,-6000,0.0,0,0.0,0.0,-3.5,-3.5,4.5,4.0,0.0,Q4,confirmed_distribution,0.0,0.0,0.0,5,-0.16699763614454868,0,33.027,33027,-193.25,-193250,-157.422,-157422,-152.458,-152458,73.5,active,negative,73.5,10.56,stable,10.56,10.56,0.014850269784172662,-0.5019480519480519,-0.26368844221105525,-0.17226892655367232,-3.5,7,3,-73.5,False,-5.228758169934644,-2.2911051212938016,0.41551246537396835,-6.411915209617769,31.81,-3.139402168483607,-8.835443876465321,49.67,-6.411915209617769,-3.139402168483607,True,-7.4074074074074066,0.41551246537396835,-1.2261580381471515,-0.995492197789638,3.5549146338575754,7.609285838318169,0,0.0,0,1.0,1000,0.0,0,0.0,0,0.0,0,,inactive,zero,,51.76,inactive,51.76,51.76,0.0004496402877697842,0.0,0.0,0.0,0.0,1,0,0.0
2424,隴華,通信網路,2026-08-10,excluded,0,5,211,306,282,35.33,33.33,-2.0,"[0, 0, 5000, 0, 4000]","[0, 0, 0, 0, 0]",True,,mixed,0.0,0,0.0,0,0.0,0,3.5,12.5,1.75,1.75,2.75,3.0,5.0,Q2,unconfirmed_accumulation,7.58,7.58,8.58,2,0.18546598955725627,1,17.0,17000,4.0,4000,9.0,9000,9.0,9000,75.85,active,positive,75.85,85.79,decelerating,85.79,85.79,0.07391304347826087,0.19047619047619047,0.23076923076923078,0.1836734693877551,1.75,6,2,75.85,False,0.9269988412514474,6.219512195121979,8.468244084682453,-8.369752339151038,24.77,4.913329450824878,-70.70250617730122,0.13,-8.369752339151038,4.913329450824878,True,-9.365244536940676,8.468244084682453,-63.093220338983045,-0.995492197789638,3.5549146338575754,7.609285838318169,0,0.0,0,0.0,0,0.0,0,0.0,0,0.0,0,,inactive,zero,,51.76,inactive,51.76,51.76,0.0,0.0,0.0,0.0,0.0,0,0,0.0
2425,承啟,電腦週邊,2026-08-10,other_watch,24,0,562,528,676,7.5,0.0,-7.5,"[-1716793, 1158179, -569000, -453862, -2609940]","[1000, 0, -5000, 0, 0]",True,,split,0.0,0,-10.135,-10135,0.0,0,0.0,0.0,-4.5,-4.5,4.5,3.0,0.0,Q3,absorption_divergence,0.0,0.0,0.0,5,-0.07352001560946134,0,-3015.347,-3015347,-2609.94,-2609940,-3632.802,-3632802,-4191.416,-4191416,40.34,active,negative,40.34,26.99,stable,26.99,26.99,-0.03538433645868782,-0.21236289666395444,-0.11868411251592668,-0.07398400790778953,-3.5,3,1,-40.34,False,-6.332703213610591,0.9164969450101701,2.5879917184264967,13.481303775542186,96.35,-0.9669229154310788,33.15775961622727,95.96,13.481303775542186,-0.9669229154310788,True,12.485811577752548,2.5879917184264967,40.76704545454544,-0.995492197789638,3.5549146338575754,7.609285838318169,2,-6.669618029522868e-05,0,2.0,2000,0.0,0,-5.0,-5000,-4.0,-4000,4.46,active,negative,4.46,14.47,neutral,14.47,14.47,2.3469495523193728e-05,0.0,-0.00016335064850207456,-7.060526362240305e-05,-1.0,3,1,-4.46
2427,三商電,資訊服務,2026-08-10,excluded,0,0,563,724,595,5.0,2.0,-3.0,"[83000, 3075, -114000, -155000, 34000]","[0, 0, 0, 0, 0]",True,,split,0.0,0,-2.0,-2000,0.0,0,0.0,0.0,-1.0,-1.0,2.0,3.0,0.0,Q4,confirmed_distribution,0.0,0.0,0.0,5,-0.051440435769494336,1,118.575,118575,34.0,34000,-235.0,-235000,-148.925,-148925,29.77,active,negative,29.77,31.94,neutral,31.94,31.94,0.021200607902735563,0.11371237458193979,-0.19357495881383854,-0.054312545587162656,-1.0,6,3,-29.77,False,0.4587155963302614,-2.2321428571428603,-3.947368421052644,-12.784035361265477,14.34,-7.502283054910219,-3.323571552603899,66.88,-12.784035361265477,-7.502283054910219,True,-13.779527559055115,-3.947368421052644,4.2857142857142705,-0.995492197789638,3.5549146338575754,7.609285838318169,0,0.0,0,0.0,0,0.0,0,0.0,0,0.0,0,,inactive,zero,,51.76,inactive,51.76,51.76,0.0,0.0,0.0,0.0,0.0,0,0,0.0
2428,興勤,電子零組件,2026-08-10,excluded,0,3,410,352,375,31.77,23.35,-8.42,"[9106, -9029, -92847, -148974, -58780]","[0, 0, 122000, 0, 0]",True,,split,4.847,4847,-8.937,-8937,0.0,0,3.5,11.23,-1.75,-1.75,5.25,2.0,0.0,Q4,confirmed_distribution,8.37,8.37,9.79,5,-0.11048353422924084,0,-41.442,-41442,-58.78,-58780,-300.601,-300601,-300.524,-300524,57.18,active,negative,57.18,18.9,stable,18.9,18.9,-0.0050385410334346506,-0.16746438746438747,-0.1856707844348363,-0.11060875966139123,-3.5,3,1,-57.18,False,2.0044543429844186,0.2188183807439792,2.2321428571428603,-21.508737920653676,5.74,-1.3227717767147151,0.40958208621013537,74.32,-21.508737920653676,-1.3227717767147151,True,-22.504230118443314,2.2321428571428603,8.018867924528305,-0.995492197789638,3.5549146338575754,7.609285838318169,1,0.045684181303445356,0,122.0,122000,0.0,0,122.0,122000,122.0,122000,83.66,active,positive,83.66,97.91,decelerating,97.91,97.91,0.014832826747720365,0.0,0.0753551575046325,0.04490246595509753,1.75,1,1,83.66
2429,銘旺科,光電業,2026-08-10,excluded,0,0,564,529,484,7.5,6.5,-1.0,"[23999, 37000, -69000, -43000, 43810]","[0, 0, 0, 0, 0]",True,,split,0.0,0,-3.0,-3000,0.0,0,0.0,0.0,3.0,3.0,4.0,3.5,0.0,Q4,confirmed_distribution,0.0,0.0,0.0,5,-0.0030734414033266495,1,349.309,349309,43.81,43810,-68.19,-68190,-7.191,-7191,1.7,active,negative,1.7,45.76,reversing_positive,45.76,45.76,0.06369602479941648,0.18965367965367966,-0.07661797752808988,-0.003689584402257568,3.0,7,3,-1.7,False,1.453957996768973,-2.3328149300155476,0.15948963317382603,-26.737534269414056,2.09,-3.3954250006837494,-49.46113769017002,0.65,-26.737534269414056,-3.3954250006837494,True,-27.733026467203693,0.15948963317382603,-41.85185185185185,-0.995492197789638,3.5549146338575754,7.609285838318169,0,0.0,0,0.0,0,0.0,0,0.0,0,0.0,0,,inactive,zero,,51.76,inactive,51.76,51.76,0.0,0.0,0.0,0.0,0.0,0,0,0.0
2430,燦坤,電子通路,2026-08-10,excluded,0,7,74,315,295,34.83,32.39,-2.44,"[-5000, 27000, 2000, 55000, 9000]","[0, 0, 0, 0, 0]",True,,split,0.0,0,-44.0,-44000,0.0,0,3.5,12.5,1.75,1.75,2.75,3.0,5.0,Q2,unconfirmed_accumulation,6.64,6.64,8.08,5,0.13820352972166125,4,72.18,72180,9.0,9000,66.0,66000,88.0,88000,66.45,active,positive,66.45,80.83,decelerating,80.83,80.83,0.049202453987730065,0.18,0.2357142857142857,0.1368584758942457,1.75,6,4,66.45,False,0.8771929824561209,3.603603603603611,3.293413173652704,-3.1711744688770245,43.16,-0.2615014602048715,-15.609285838318165,29.86,-3.1711744688770245,-0.2615014602048715,True,-4.1666666666666625,3.293413173652704,-7.9999999999999964,-0.995492197789638,3.5549146338575754,7.609285838318169,0,0.0,0,0.0,0,0.0,0,0.0,0,0.0,0,,inactive,zero,,51.76,inactive,51.76,51.76,0.0,0.0,0.0,0.0,0.0,0,0,0.0
2432,倚天酷碁-創,電腦週邊,2026-08-10,excluded,0,5,212,132,127,53.11,49.71,-3.4,"[10000, 14000, 23000, -14000, -3000]","[0, 0, 0, 0, 0]",True,,split,3.0,3000,0.0,0,0.0,0,3.5,12.5,0.0,0.0,1.0,4.0,25.0,Q1,confirmed_accumulation,4.71,4.71,7.11,5,0.08538182325146013,0,65.1,65100,-3.0,-3000,6.0,6000,30.0,30000,47.13,active,positive,47.13,71.06,reversing_negative,71.06,71.06,0.10251968503937008,-0.06976744186046512,0.02127659574468085,0.0847457627118644,0.0,8,3,47.13,False,0.7117437722419906,-0.7017543859649145,0.1769911504424737,2.0669207692182057,73.92,-3.3779234834151017,0.20023797120565234,74.05,2.0669207692182057,-3.3779234834151017,True,1.0714285714285676,0.1769911504424737,7.809523809523822,-0.995492197789638,3.5549146338575754,7.609285838318169,0,0.0,0,0.0,0,0.0,0,0.0,0,0.0,0,,inactive,zero,,51.76,inactive,51.76,51.76,0.0,0.0,0.0,0.0,0.0,0,0,0.0
2433,互盛電,其他電子,2026-08-10,excluded,0,2,451,125,123,54.24,50.29,-3.95,"[0, 1000, -2000, 8000, 2000]","[0, 0, 0, 0, 0]",True,,split,0.0,0,-12.0,-12000,0.0,0,3.5,12.5,1.75,1.75,2.75,4.0,25.0,Q1,confirmed_accumulation,3.54,3.54,6.49,4,0.06489454957974528,2,50.5,50500,2.0,2000,8.0,8000,9.0,9000,35.38,active,positive,35.38,64.93,decelerating,64.93,64.93,0.1563467492260062,0.06896551724137931,0.1095890410958904,0.06474820143884892,1.75,8,3,35.38,False,-0.11918951132301459,0.3592814371257358,0.23923444976077235,0.7573969596944008,66.88,-3.315680184096803,-14.807513966778853,33.25,0.7573969596944008,-3.315680184096803,True,-0.23809523809523725,0.23923444976077235,-7.198228128460682,-0.995492197789638,3.5549146338575754,7.609285838318169,0,0.0,0,0.0,0,0.0,0,0.0,0,0.0,0,,inactive,zero,,51.76,inactive,51.76,51.76,0.0,0.0,0.0,0.0,0.0,0,0,0.0
2434,統懋,半導體業,2026-08-10,excluded,0,0,565,492,634,8.5,0.5,-8.0,"[125000, 0, -279919, -76000, -71000]","[0, 0, 0, 0, 0]",True,,split,0.0,0,5.0,5000,0.0,0,1.0,0.0,-3.5,-3.5,4.5,3.0,0.0,Q4,confirmed_distribution,0.0,0.0,0.0,4,-0.08036903965394994,0,-189.619,-189619,-71.0,-71000,-426.919,-426919,-301.919,-301919,43.86,active,negative,43.86,25.16,stable,25.16,25.16,-0.029720846394984325,-0.13123844731977818,-0.1560376461988304,-0.07985162655382173,-3.5,6,1,-43.86,False,-0.5639097744360999,-11.980033277870216,6.331658291457276,-21.552091989618848,5.61,2.7767436575997007,66.40387205641866,99.22,-21.552091989618848,2.7767436575997007,True,-22.547584187408486,6.331658291457276,74.01315789473684,-0.995492197789638,3.5549146338575754,7.609285838318169,0,0.0,0,0.0,0,0.0,0,0.0,0,0.0,0,,inactive,zero,,51.76,inactive,51.76,51.76,0.0,0.0,0.0,0.0,0.0,0,0,0.0
2438,翔耀,光電業,2026-08-10,excluded,0,0,566,754,622,4.0,1.0,-3.0,"[-19000, -5000, 0, -11000, 0]","[0, 0, 0, 0, 0]",True,,split,0.0,0,0.0,0,0.0,0,0.0,0.0,-1.0,-1.0,2.0,2.0,0.0,Q4,confirmed_distribution,0.0,0.0,0.0,3,-0.16183115338882284,0,-3.9,-3900,0.0,0,-11.0,-11000,-35.0,-35000,71.54,active,negative,71.54,11.73,neutral,11.73,11.73,-0.00471584038694075,0.0,-0.1134020618556701,-0.16203703703703703,-1.0,4,0,-71.54,False,1.156069364161838,-0.2849002849002913,-2.777777777777779,-11.064809309748048,18.25,-6.332692411635355,-25.449661425172632,12.91,-11.064809309748048,-6.332692411635355,True,-12.060301507537686,-2.777777777777779,-17.840375586854464,-0.995492197789638,3.5549146338575754,7.609285838318169,0,0.0,0,0.0,0,0.0,0,0.0,0,0.0,0,,inactive,zero,,51.76,inactive,51.76,51.76,0.0,0.0,0.0,0.0,0.0,0,0,0.0
2442,新美齊,建材營建,2026-08-10,excluded,0,0,567,503,470,8.0,7.0,-1.0,"[-1289000, -537000, -755000, 872000, 614344]","[0, 0, 0, 0, 0]",True,,split,0.0,0,69.0,69000,0.0,0,1.0,0.0,3.0,3.0,4.0,3.0,0.0,Q3,absorption_divergence,0.0,0.0,0.0,5,-0.1294676900789081,2,684.351,684351,614.344,614344,731.344,731344,-1094.656,-1094656,66.19,active,negative,66.19,14.6,reversing_positive,14.6,14.6,0.04089584080315525,0.41849046321525885,0.19266174920969442,-0.13502602689034168,3.0,6,2,-66.19,False,1.2886597938144284,3.693931398416872,2.34375,3.0734142757117167,79.14,-1.2111646338575754,0.35774712871479153,74.19,3.0734142757117167,-1.2111646338575754,True,2.0779220779220786,2.34375,7.967032967032961,-0.995492197789638,3.5549146338575754,7.609285838318169,0,0.0,0,0.0,0,0.0,0,0.0,0,0.0,0,,inactive,zero,,51.76,inactive,51.76,51.76,0.0,0.0,0.0,0.0,0.0,0,0,0.0
2450,神腦,通信網路,2026-08-10,excluded,0,0,568,725,596,5.0,2.0,-3.0,"[-56000, -96000, -153000, -6000, 5800]","[0, 0, 0, 0, 0]",True,,split,0.0,0,-21.0,-21000,0.0,0,0.0,0.0,-1.0,-1.0,2.0,3.0,0.0,Q4,confirmed_distribution,0.0,0.0,0.0,5,-0.39153380084024686,1,-163.2,-163200,5.8,5800,-153.2,-153200,-305.2,-305200,96.21,active,negative,96.21,1.69,neutral,1.69,1.69,-0.10529032258064516,0.05918367346938776,-0.3015748031496063,-0.3912820512820513,-1.0,6,1,-96.21,False,0.17667844522968323,-0.35149384885764245,-1.0471204188481575,-0.9076219890615578,54.89,-4.602035052705733,-11.180714409746727,41.72,-0.9076219890615578,-4.602035052705733,True,-1.9031141868511958,-1.0471204188481575,-3.5714285714285587,-0.995492197789638,3.5549146338575754,7.609285838318169,0,0.0,0,0.0,0,0.0,0,0.0,0,0.0,0,,inactive,zero,,51.76,inactive,51.76,51.76,0.0,0.0,0.0,0.0,0.0,0,0,0.0
2451,創見,半導體業,2026-08-10,excluded,0,5,213,75,129,58.23,49.26,-8.97,"[1171638, -1230874, 3467551, 3001646, -1526805]","[-138276, -18900, -1000, -4000, -16000]",True,,split,-54.621,-54621,-57.411,-57411,0.0,0,3.5,12.5,-1.75,-1.75,5.25,4.5,25.0,Q1,confirmed_accumulation,5.51,5.51,7.48,5,0.10778550276595128,0,2688.967,2688967,-1526.805,-1526805,4942.392,4942392,4883.156,4883156,55.09,active,positive,55.09,74.84,decelerating,74.84,74.84,0.023992353403047933,-0.2449550778116477,0.18446579330422125,0.10592988849841642,1.75,6,3,55.09,False,-0.5050505050505083,4.6017699115044275,5.160142348754437,18.02519516808666,97.52,1.605227714896862,-21.832798175038047,18.9,18.02519516808666,1.605227714896862,True,17.029702970297024,5.160142348754437,-14.223512336719878,-0.995492197789638,3.5549146338575754,7.609285838318169,5,-0.0038039321628061556,0,-3.176,-3176,-16.0,-16000,-21.0,-21000,-178.176,-178176,39.6,active,negative,39.6,8.87,stable,8.87,8.87,-2.8337913558656627e-05,-0.002566982191561046,-0.0007837868099876833,-0.003865156839776129,-3.5,3,0,-39.6
2453,凌群,資訊服務,2026-08-10,excluded,0,5,214,314,285,34.89,33.12,-1.77,"[68364, 145217, -3944, 26000, -23000]","[0, 0, 0, 0, 0]",True,,split,0.0,0,-7.0,-7000,0.0,0,3.5,12.5,1.0,1.0,2.0,3.0,5.0,Q2,unconfirmed_accumulation,8.12,8.12,8.89,5,0.2113008033406466,0,345.703,345703,-23.0,-23000,-0.944,-944,212.637,212637,81.2,active,positive,81.2,88.92,neutral,88.92,88.92,0.11151709677419355,-0.11274509803921569,-0.0017321100917431192,0.21011561264822134,1.0,6,3,81.2,False,-0.37878787878786735,-2.0484171322160183,0.0,-2.4907463343204483,45.5,-3.5549146338575754,-11.623884378464144,40.81,-2.4907463343204483,-3.5549146338575754,True,-3.4862385321100864,0.0,-4.014598540145975,-0.995492197789638,3.5549146338575754,7.609285838318169,0,0.0,0,0.0,0,0.0,0,0.0,0,0.0,0,,inactive,zero,,51.76,inactive,51.76,51.76,0.0,0.0,0.0,0.0,0.0,0,0,0.0
2458,義隆,半導體業,2026-08-10,excluded,0,0,569,475,623,10.0,1.0,-9.0,"[244873, 352213, -4997880, -2004340, 699227]","[-104000, -43415, 55000, -554227, -188000]",True,,split,-54.054,-54054,-14.0,-14000,0.0,0,0.0,0.0,-4.5,-4.5,4.5,5.5,0.0,Q4,confirmed_distribution,0.0,0.0,0.0,5,-0.2187980451026594,1,-4732.699,-4732699,699.227,699227,-6302.993,-6302993,-5705.907,-5705907,83.29,active,negative,83.29,6.78,neutral,6.78,6.78,-0.11618547159620955,0.1971319424866084,-0.33164919757958433,-0.22536067775188592,-1.0,6,3,-83.29,False,2.8268551236749095,-9.345794392523366,-7.028753993610226,-19.496311080898888,6.78,-10.583668627467802,-10.284871122599103,44.46,-19.496311080898888,-10.583668627467802,True,-20.491803278688526,-7.028753993610226,-2.6755852842809347,-0.995492197789638,3.5549146338575754,7.609285838318169,5,-0.03213402248693564,0,-799.056,-799056,-188.0,-188000,-687.227,-687227,-834.642,-834642,80.2,active,negative,80.2,3.13,stable,3.13,3.13,-0.019616438356164383,-0.0530025373555117,-0.03616032622993949,-0.032965046012875705,-3.5,5,1,-80.2
2460,建通,電子零組件,2026-08-10,excluded,0,5,215,413,398,24.36,19.52,-4.84,"[-32630, 169583, -148000, -4000, 66000]","[0, 0, 0, 0, 0]",True,,split,0.0,0,-13.0,-13000,0.0,0,3.5,6.41,1.0,1.0,2.0,2.0,5.0,Q2,unconfirmed_accumulation,1.61,1.61,5.45,5,0.028401153699219108,1,343.515,343515,66.0,66000,-86.0,-86000,50.953,50953,16.06,active,positive,16.06,54.5,neutral,54.5,54.5,0.07132786544850499,0.13360323886639677,-0.0701468189233279,0.02565609264853978,1.0,4,2,16.06,False,5.123966942148761,0.4739336492891155,4.6052631578947345,-3.9372432282193333,39.63,1.050348524037159,-12.96642869546103,37.29,-3.9372432282193333,1.050348524037159,True,-4.932735426008971,4.6052631578947345,-5.35714285714286,-0.995492197789638,3.5549146338575754,7.609285838318169,0,0.0,0,0.0,0,0.0,0,0.0,0,0.0,0,,inactive,zero,,51.76,inactive,51.76,51.76,0.0,0.0,0.0,0.0,0.0,0,0,0.0
2461,光群雷,其他電子,2026-08-10,excluded,0,5,216,169,185,43.17,38.15,-5.02,"[283000, -27000, -345000, 252590, -52933]","[0, 0, 0, 0, 0]",True,,split,0.0,0,-35.0,-35000,0.0,0,3.5,4.9,1.0,1.0,2.0,2.5,25.0,Q1,confirmed_accumulation,1.25,1.25,5.27,5,0.021170750585066754,0,590.878,590878,-52.933,-52933,-145.343,-145343,110.657,110657,12.53,active,positive,12.53,52.67,neutral,52.67,52.67,0.057974686028257456,-0.09032935153583618,-0.03589602370955792,0.019581843921429837,1.0,5,2,12.53,False,0.8645533141210304,3.550295857988184,8.024691358024704,4.240329955901744,82.4,4.4697767241671285,1.0863663355948683,75.62,4.240329955901744,4.4697767241671285,True,3.244837758112107,8.024691358024704,8.695652173913038,-0.995492197789638,3.5549146338575754,7.609285838318169,0,0.0,0,0.0,0,0.0,0,0.0,0,0.0,0,,inactive,zero,,51.76,inactive,51.76,51.76,0.0,0.0,0.0,0.0,0.0,0,0,0.0
2464,盟立,其他電子,2026-08-10,excluded,0,12,26,19,19,75.87,67.6,-8.27,"[781474, 1169133, 1406895, -463183, 2816894]","[344000, 0, 62000, 0, 0]",True,,split,342.529,342529,-52.2,-52200,0.0,0,9.0,13.53,6.75,6.75,6.75,6.0,25.0,Q1,confirmed_accumulation,7.32,7.32,15.59,5,0.05840087966241982,1,7101.529,7101529,2816.894,2816894,3760.606,3760606,5711.213,5711213,32.11,active,positive,32.11,62.84,accelerating,62.84,62.84,0.05654939043326618,0.16861570693164132,0.05475069155286376,0.0577432638741444,5.0,8,4,32.11,True,3.746397694524495,5.882352941176472,22.033898305084755,9.429227137548668,92.83,18.47898367122718,48.912453292116616,98.31,9.429227137548668,18.47898367122718,True,8.43373493975903,22.033898305084755,56.52173913043479,-0.995492197789638,3.5549146338575754,7.609285838318169,2,0.003889518314988706,0,836.0,836000,0.0,0,62.0,62000,406.0,406000,41.09,active,positive,41.09,93.09,decelerating,93.09,93.09,0.0066570579944418345,0.0,0.0009026584747983577,0.004104866187428595,1.75,4,2,41.09
2467,志聖,電子零組件,2026-08-10,excluded,0,5,217,172,267,42.47,33.88,-8.59,"[156205, 152090, 24389, -108371, 440511]","[-76000, -10538, -43217, 0, -853]",True,,split,22.983,22983,-9.5,-9500,0.0,0,3.5,12.5,1.5,1.5,8.5,5.0,5.0,Q2,unconfirmed_accumulation,6.38,6.38,7.97,5,0.13326116695586976,1,438.323,438323,440.511,440511,356.529,356529,664.824,664824,63.84,active,positive,63.84,79.66,accelerating,79.66,79.66,0.029504779213785675,0.287539817232376,0.11179962370649106,0.12909203883495146,5.0,6,4,63.84,False,10.000000000000009,6.382978723404253,10.552763819095468,-6.5675330122943905,31.29,6.997849185237892,-17.445351412088662,26.86,-6.5675330122943905,6.997849185237892,True,-7.563025210084029,10.552763819095468,-9.836065573770492,-0.995492197789638,3.5549146338575754,7.609285838318169,4,-0.024784817265964217,0,-105.09,-105090,-0.853,-853,-44.07,-44070,-130.608,-130608,74.75,active,negative,74.75,3.91,stable,3.91,3.91,-0.007073909531502423,-0.0005567885117493472,-0.013819379115710254,-0.025360776699029128,-3.5,4,0,-74.75
2468,華經,資訊服務,2026-08-10,excluded,0,5,218,409,400,24.68,19.19,-5.49,"[27071, -109965, -4950, -26000, 129960]","[0, 0, 0, 0, 0]",True,,split,0.0,0,3.069,3069,0.0,0,4.5,1.76,5.0,5.0,6.0,2.5,5.0,Q2,unconfirmed_accumulation,0.43,0.43,4.92,5,0.0055481731614689484,1,226.117,226117,129.96,129960,99.01,99010,16.116,16116,4.31,active,positive,4.31,49.15,accelerating,49.15,49.15,0.03570456339807358,0.3867857142857143,0.11200226244343892,0.007056042031523642,5.0,5,2,4.31,False,1.0115606936416333,-2.1008403361344574,5.909090909090908,-7.030823591684044,29.34,2.354176275233333,-1.216591774391218,71.32,-7.030823591684044,2.354176275233333,True,-8.026315789473681,5.909090909090908,6.392694063926951,-0.995492197789638,3.5549146338575754,7.609285838318169,0,0.0,0,0.0,0,0.0,0,0.0,0,0.0,0,,inactive,zero,,51.76,inactive,51.76,51.76,0.0,0.0,0.0,0.0,0.0,0,0,0.0
2472,立隆電,電子零組件,2026-08-10,excluded,0,5,219,276,248,37.16,34.69,-2.47,"[600143, -304978, 901494, -142464, 173010]","[-160540, 31400, -917000, -2000, 78000]",True,,split,-11.235,-11235,-13.0,-13000,0.0,0,3.5,12.5,4.75,4.75,4.75,4.5,5.0,Q2,unconfirmed_accumulation,4.44,4.44,6.91,5,0.08113605793296773,1,4208.864,4208864,173.01,173010,932.04,932040,1227.205,1227205,44.39,active,positive,44.39,69.1,decelerating,69.1,69.1,0.10844513153487413,0.07380972696245734,0.11401100917431192,0.08099293822597677,1.75,6,3,44.39,False,4.793028322440085,0.0,4.338394793926237,-28.887889726408613,1.43,0.7834801600686614,-3.7215968534369592,66.23,-28.887889726408613,0.7834801600686614,True,-29.88338192419825,4.338394793926237,3.88768898488121,-0.995492197789638,3.5549146338575754,7.609285838318169,5,-0.06404044072660935,1,-2520.14,-2520140,78.0,78000,-841.0,-841000,-970.14,-970140,90.1,active,negative,90.1,1.43,reversing_positive,1.43,1.43,-0.06493365283038315,0.033276450511945395,-0.10287461773700306,-0.06402719112988384,3.0,3,2,-90.1
2477,美隆電,其他電子,2026-08-10,excluded,0,5,220,98,98,56.72,53.72,-3.0,"[29400, 9000, 67000, 116000, -38000]","[-1729, -1067, 0, 0, 0]",True,,split,-6.0,-6000,-19.0,-19000,0.0,0,3.5,12.5,0.75,0.75,2.75,4.5,25.0,Q1,confirmed_accumulation,7.47,7.47,8.47,5,0.178166836493884,0,346.2,346200,-38.0,-38000,145.0,145000,183.4,183400,74.67,active,positive,74.67,84.75,decelerating,84.75,84.75,0.20767846430713857,-0.20320855614973263,0.19515477792732167,0.17754114230396903,1.75,9,4,74.67,False,-1.342281879194629,2.3201856148491906,0.2272727272727204,5.004926160053802,85.4,-3.327641906584855,-1.3442255973543205,70.93,5.004926160053802,-3.327641906584855,True,4.009433962264164,0.2272727272727204,6.265060240963849,-0.995492197789638,3.5549146338575754,7.609285838318169,2,-0.002665480081693508,0,-6.268,-6268,0.0,0,0.0,0,-2.796,-2796,31.68,active,negative,31.68,10.17,neutral,10.17,10.17,-0.0037600479904019196,0.0,0.0,-0.0027066795740561473,-1.0,0,0,-31.68
2478,大毅,電子零組件,2026-08-10,excluded,0,0,570,468,677,10.5,0.0,-10.5,"[-728098, 161432, 268020, -417822, 337383]","[-124000, 0, -8000, 0, 0]",True,,split,17.812,17812,-33.957,-33957,0.0,0,0.0,0.0,-6.0,-6.0,6.0,4.5,0.0,Q4,confirmed_distribution,0.0,0.0,0.0,5,-0.012705114859404525,1,-304.325,-304325,337.383,337383,187.581,187581,-379.085,-379085,8.22,active,negative,8.22,42.89,accelerating,42.89,42.89,-0.005964583904982165,0.08382186335403727,0.016676831436699856,-0.013490089320664745,-5.0,7,3,-8.22,False,7.017543859649122,1.6666666666666607,3.3898305084745672,-24.38677079915226,3.26,-0.1650841253830082,40.98998334560388,97.26,-24.38677079915226,-0.1650841253830082,True,-25.382262996941897,3.3898305084745672,48.599269183922054,-0.995492197789638,3.5549146338575754,7.609285838318169,2,-0.004738864569467447,0,-248.0,-248000,0.0,0,-8.0,-8000,-132.0,-132000,43.56,active,negative,43.56,8.21,neutral,8.21,8.21,-0.00486064834777155,0.0,-0.0007112375533428165,-0.004697341731610975,-1.0,2,0,-43.56
2480,敦陽科,資訊服務,2026-08-10,excluded,0,5,221,394,390,26.74,20.89,-5.85,"[-255000, 40106, 92000, 189261, -19412]","[-6000, -1433, 0, -217, 0]",True,,split,0.0,0,-10.136,-10136,0.0,0,3.5,6.51,0.75,0.75,2.75,3.5,5.0,Q2,unconfirmed_accumulation,1.63,1.63,5.48,5,0.030957048567712808,0,-343.942,-343942,-19.412,-19412,261.849,261849,46.955,46955,16.32,active,positive,16.32,54.76,decelerating,54.76,54.76,-0.053324341085271315,-0.15406349206349207,0.3800420899854862,0.026028270509977827,1.75,7,3,16.32,False,-1.2779552715655007,0.9803921568627416,1.3114754098360715,-4.509094958173666,37.94,-2.243439224021504,-4.609285838318167,64.02,-4.509094958173666,-2.243439224021504,True,-5.5045871559633035,1.3114754098360715,3.0000000000000027,-0.995492197789638,3.5549146338575754,7.609285838318169,3,-0.004193523822615975,0,-11.081,-11081,0.0,0,-0.217,-217,-7.65,-7650,41.58,active,negative,41.58,8.6,neutral,8.6,8.6,-0.001717984496124031,0.0,-0.00031494920174165455,-0.004240576496674058,-1.0,0,0,-41.58
2483,百容,電子零組件,2026-08-10,excluded,0,0,571,633,678,6.5,0.0,-6.5,"[-3000, -2188000, 75000, -358000, -89365]","[0, 0, 0, 0, 0]",True,,split,-316.0,-316000,-6.0,-6000,0.0,0,0.0,0.0,-3.5,-3.5,4.5,2.0,0.0,Q4,confirmed_distribution,0.0,0.0,0.0,5,-0.2332592530379184,0,-2365.865,-2365865,-89.365,-89365,-372.365,-372365,-2563.365,-2563365,83.94,active,negative,83.94,6.65,stable,6.65,6.65,-0.17912363718958207,-0.06694007490636704,-0.06471411192214112,-0.2296716244064152,-3.5,4,1,-83.94,False,1.128349788434413,-7.003891050583643,-5.657894736842106,-40.42607642966134,0.13,-9.21280937069968,39.9215783592127,96.74,-40.42607642966134,-9.21280937069968,True,-41.42156862745098,-5.657894736842106,47.530864197530875,-0.995492197789638,3.5549146338575754,7.609285838318169,0,0.0,0,0.0,0,0.0,0,0.0,0,0.0,0,,inactive,zero,,51.76,inactive,51.76,51.76,0.0,0.0,0.0,0.0,0.0,0,0,0.0
2484,希華,電子零組件,2026-08-10,buy_candidates,55,0,572,463,679,11.5,0.0,-11.5,"[1501364, -4041155, 1067781, -1500716, 468002]","[0, 3000, -9000, 0, 0]",True,,split,14.635,14635,3.827,3827,0.0,0,1.0,0.0,-6.0,-6.0,6.0,4.5,0.0,Q4,confirmed_distribution,0.0,0.0,0.0,5,-0.01906440593242908,1,-201.799,-201799,468.002,468002,35.067,35067,-2504.724,-2504724,12.4,active,negative,12.4,40.16,accelerating,40.16,40.16,-0.0009144085768143261,0.01707351063441684,0.0005850447955421345,-0.019290998852424926,-5.0,6,3,-12.4,False,3.6262203626220346,5.390070921985801,16.823899371069185,-10.866904006243573,18.51,13.26898473721161,86.38549222956695,99.61,-10.866904006243573,13.26898473721161,True,-11.86239620403321,16.823899371069185,93.99477806788512,-0.995492197789638,3.5549146338575754,7.609285838318169,2,-4.6302342193140365e-05,0,5.0,5000,0.0,0,-9.0,-9000,-6.0,-6000,2.97,active,negative,2.97,14.73,neutral,14.73,14.73,2.2656419923149423e-05,0.0,-0.00015015265519945277,-4.6211076795107784e-05,-1.0,3,1,-2.97
2485,兆赫,通信網路,2026-08-10,excluded,0,0,573,504,471,8.0,7.0,-1.0,"[-633999, -1715000, 682453, -635905, 940417]","[0, 0, 0, 0, 0]",True,,split,82.28,82280,37.0,37000,0.0,0,1.0,0.0,3.0,3.0,4.0,3.0,0.0,Q4,confirmed_distribution,0.0,0.0,0.0,5,-0.03368143015128782,1,3074.639,3074639,940.417,940417,986.965,986965,-1362.034,-1362034,21.54,active,negative,21.54,35.46,reversing_positive,35.46,35.46,0.04525454438409797,0.10192012571800152,0.05492904051647373,-0.03628317216761235,3.0,6,2,-21.54,False,8.64197530864197,7.186358099878198,14.882506527415163,-10.205315067598853,20.86,11.327591893557589,-45.374490930255945,1.3,-10.205315067598853,11.327591893557589,True,-11.200807265388491,14.882506527415163,-37.76520509193777,-0.995492197789638,3.5549146338575754,7.609285838318169,0,0.0,0,0.0,0,0.0,0,0.0,0,0.0,0,,inactive,zero,,51.76,inactive,51.76,51.76,0.0,0.0,0.0,0.0,0.0,0,0,0.0
2486,一詮,光電業,2026-08-10,excluded,0,3,411,391,414,27.14,17.27,-9.87,"[1310695, -633150, -285517, -388887, -1881233]","[650000, 200000, 0, 0, 0]",True,,split,-32.92,-32920,-212.053,-212053,0.0,0,3.5,5.04,-2.5,-2.5,4.5,4.5,0.0,Q4,confirmed_distribution,6.73,6.73,9.6,5,-0.046282217825189265,0,1616.64,1616640,-1881.233,-1881233,-2555.637,-2555637,-1878.092,-1878092,25.33,active,negative,25.33,33.77,stable,33.77,33.77,0.019552975326560234,-0.1654267499120647,-0.10175334448160535,-0.044555228696147274,-3.5,4,1,-25.33,False,0.8658008658008587,6.636155606407312,12.832929782082324,-6.175822543246223,33.12,9.27801514822475,-17.64789587692821,26.21,-6.175822543246223,9.27801514822475,True,-7.171314741035861,12.832929782082324,-10.038610038610042,-0.995492197789638,3.5549146338575754,7.609285838318169,2,0.01960768307202315,0,1255.0,1255000,0.0,0,0.0,0,850.0,850000,67.33,active,positive,67.33,95.96,neutral,95.96,95.96,0.015179003386550557,0.0,0.0,0.020165116720440312,1.0,5,2,67.33
2488,漢平,其他電子,2026-08-10,excluded,0,0,574,634,533,6.5,5.5,-1.0,"[-191190, -57000, -35000, 20000, 16000]","[0, 0, 0, 0, 0]",True,,split,0.0,0,-5.019,-5019,0.0,0,0.0,0.0,3.0,3.0,4.0,2.5,0.0,Q4,confirmed_distribution,0.0,0.0,0.0,5,-0.16859930910606136,2,-159.177,-159177,16.0,16000,1.0,1000,-247.19,-247190,73.24,active,negative,73.24,10.69,reversing_positive,10.69,10.69,-0.06878867761452032,0.024691358024691357,0.0012091898428053204,-0.1713028413028413,3.0,5,2,-73.24,False,1.3265306122449028,2.3711340206185483,-2.263779527559051,2.0127861957550564,73.53,-5.8186941614166265,-11.759864988897316,40.16,2.0127861957550564,-5.8186941614166265,True,1.0172939979654183,-2.263779527559051,-4.150579150579148,-0.995492197789638,3.5549146338575754,7.609285838318169,0,0.0,0,0.0,0,0.0,0,0.0,0,0.0,0,,inactive,zero,,51.76,inactive,51.76,51.76,0.0,0.0,0.0,0.0,0.0,0,0,0.0
2489,瑞軒,光電業,2026-08-10,excluded,0,3,412,422,427,23.29,15.08,-8.21,"[-31040, -6864000, -3273000, -1154835, 1655000]","[3050, -2000, 0, 15000, -3000]",True,,split,56.857,56857,198.0,198000,0.0,0,4.5,0.04,4.75,4.75,4.75,5.0,0.0,Q4,confirmed_distribution,0.79,0.79,9.0,5,-0.11115063794599525,1,-2150.026,-2150026,1655.0,1655000,-2772.835,-2772835,-9667.875,-9667875,56.92,active,negative,56.92,19.17,reversing_positive,19.17,19.17,-0.015076263936610336,0.10763527575442247,-0.05088424201273558,-0.11038781242506937,3.0,4,1,-56.92,False,8.265802269043743,0.9063444108761143,19.713261648745515,-11.684246364301865,16.43,16.15834701488794,-25.24183824275713,13.43,-11.684246364301865,16.15834701488794,True,-12.679738562091503,19.713261648745515,-17.63255240443896,-0.995492197789638,3.5549146338575754,7.609285838318169,4,0.00013817628906555852,0,-1759.95,-1759950,-3.0,-3000,12.0,12000,13.05,13050,7.92,active,positive,7.92,89.96,decelerating,89.96,89.96,-0.01234099992987869,-0.0001951092611862643,0.00022021177031912356,0.0001490049211586988,1.75,6,2,7.92
2491,吉祥全,光電業,2026-08-10,excluded,0,0,575,579,680,7.0,0.0,-7.0,"[-14000, -27000, -19000, -359000, -28000]","[0, 0, -3000, 0, 0]",True,,split,0.0,0,-6.244,-6244,0.0,0,0.0,0.0,-4.5,-4.5,4.5,2.5,0.0,Q3,absorption_divergence,0.0,0.0,0.0,5,-0.1903019330174456,0,42.4,42400,-28.0,-28000,-406.0,-406000,-447.0,-447000,76.89,active,negative,76.89,9.65,stable,9.65,9.65,0.008558740411788454,-0.0924092409240924,-0.20588235294117646,-0.18916631400761744,-3.5,3,0,-76.89,False,9.921259842519682,20.137693631669528,45.11434511434511,0.42569162798905547,64.15,41.559430480487535,65.1629913894046,99.09,0.42569162798905547,41.559430480487535,True,-0.5698005698005826,45.11434511434511,72.77227722772277,-0.995492197789638,3.5549146338575754,7.609285838318169,1,-0.001290248761576567,0,1.0,1000,0.0,0,-3.0,-3000,-3.0,-3000,20.3,active,negative,20.3,11.99,neutral,11.99,11.99,0.00020185708518368994,0.0,-0.0015212981744421906,-0.0012695725772323319,-1.0,2,0,-20.3
2493,揚博,電子零組件,2026-08-10,excluded,0,3,413,404,448,25.23,11.83,-13.4,"[-800988, -1194890, -266842, -34911, -711591]","[9000, 0, -7000, 5000, 44000]",True,,split,114.746,114746,-26.677,-26677,0.0,0,3.5,0.56,1.5,1.5,8.5,3.5,0.0,Q4,confirmed_distribution,2.77,2.77,9.17,5,-0.13039296260817881,0,-2545.371,-2545371,-711.591,-711591,-1013.344,-1013344,-3009.222,-3009222,64.62,active,negative,64.62,15.78,stable,15.78,15.78,-0.0653933562840407,-0.20284806157354618,-0.08924209599295464,-0.1310408465424142,-3.5,3,0,-64.62,False,1.3953488372093092,6.082725060827254,9.000000000000007,-14.344313627453076,11.99,5.445085366142432,48.10499987596754,98.04,-14.344313627453076,5.445085366142432,True,-15.339805825242713,9.000000000000007,55.714285714285715,-0.995492197789638,3.5549146338575754,7.609285838318169,4,0.0022520026897512994,2,53.0,53000,44.0,44000,42.0,42000,51.0,51000,27.72,active,positive,27.72,91.66,accelerating,91.66,91.66,0.0013616277874833008,0.012542759407069556,0.0036988110964332895,0.002220867444696046,5.0,4,3,27.72
2495,普安,電腦週邊,2026-08-10,excluded,0,12,27,319,378,34.7,23.07,-11.63,"[380852, -409871, 261606, -854000, 635720]","[0, 0, 0, 15000, 0]",True,,split,120.42,120420,-16.0,-16000,0.0,0,9.0,0.64,1.75,1.75,1.75,4.5,5.0,Q2,unconfirmed_accumulation,2.18,2.18,13.81,5,0.0048392866994002755,1,849.686,849686,635.72,635720,43.326,43326,14.307,14307,1.04,active,positive,1.04,47.07,reversing_negative,47.07,47.07,0.037731959678493715,0.36306110793832097,0.006911150103684798,0.0012463629235996167,0.0,6,3,1.04,True,5.834464043419274,1.8276762402088753,10.481586402266307,-16.72602678955213,9.52,6.926671768408732,-0.4664286954610297,72.49,-16.72602678955213,6.926671768408732,True,-17.721518987341767,10.481586402266307,7.14285714285714,-0.995492197789638,3.5549146338575754,7.609285838318169,1,0.00126791001749842,0,30.0,30000,0.0,0,15.0,15000,15.0,15000,20.79,active,positive,20.79,91.0,decelerating,91.0,91.0,0.0013322083573870953,0.0,0.002392726112617642,0.0013067340360658594,1.75,3,1,20.79
2504,國產,建材營建,2026-08-10,excluded,0,2,452,464,569,11.5,4.5,-7.0,"[-1978000, -2018000, 759000, 2493149, 454000]","[-14767, -39111, 0, 0, -5000]",True,,split,-16.0,-16000,-97.449,-97449,0.0,0,0.0,0.0,-0.5,-0.5,6.5,5.0,0.0,Q4,confirmed_distribution,0.0,0.0,0.0,5,-0.01591446188978569,3,226.084,226084,454.0,454000,3706.149,3706149,-289.851,-289851,11.1,active,negative,11.1,40.94,reversing_positive,40.94,40.94,0.007950905574116407,0.3685064935064935,0.41335590006691947,-0.017064111621335216,3.0,7,3,-11.1,False,0.6504065040650486,1.9769357495881268,-1.746031746031751,0.1942101465075896,63.23,-5.300946379889327,-17.11220981492637,27.38,0.1942101465075896,-5.300946379889327,True,-0.8012820512820484,-1.746031746031751,-9.502923976608201,-0.995492197789638,3.5549146338575754,7.609285838318169,3,-0.003451460186209489,0,423.477,423477,-5.0,-5000,-5.0,-5000,-58.878,-58878,36.14,active,negative,36.14,9.52,stable,9.52,9.52,0.014892808158959029,-0.004058441558441558,-0.0005576622797233995,-0.003466266336983398,-3.5,3,0,-36.14
2505,國揚,建材營建,2026-08-10,excluded,0,5,222,53,47,60.31,58.42,-1.89,"[31000, 129000, -103000, 139160, 35001]","[0, 0, 0, 0, 0]",True,,split,0.0,0,-26.188,-26188,0.0,0,3.5,12.5,5.0,5.0,6.0,4.5,25.0,Q1,confirmed_accumulation,7.92,7.92,8.81,5,0.19885671232745444,2,756.038,756038,35.001,35001,71.161,71161,231.161,231161,79.24,active,positive,79.24,88.14,accelerating,88.14,88.14,0.2795998520710059,0.23026973684210525,0.09788308115543329,0.19774251497005987,5.0,9,4,79.24,False,0.5555555555555536,2.259887005649719,1.6853932584269593,2.112810633543838,74.19,-1.8695213754306161,-5.059710767496628,62.58,2.112810633543838,-1.8695213754306161,True,1.1173184357541999,1.6853932584269593,2.5495750708215414,-0.995492197789638,3.5549146338575754,7.609285838318169,0,0.0,0,0.0,0,0.0,0,0.0,0,0.0,0,,inactive,zero,,51.76,inactive,51.76,51.76,0.0,0.0,0.0,0.0,0.0,0,0,0.0
2509,全坤建,建材營建,2026-08-10,excluded,0,0,576,493,466,8.5,7.5,-1.0,"[-7000, -6000, -47000, 1000, 31000]","[0, 0, 0, 0, 0]",True,,split,0.0,0,23.0,23000,0.0,0,1.0,0.0,3.0,3.0,4.0,3.5,0.0,Q3,absorption_divergence,0.0,0.0,0.0,5,-0.03532808318050354,2,73.9,73900,31.0,31000,-15.0,-15000,-28.0,-28000,22.58,active,negative,22.58,34.81,reversing_positive,34.81,34.81,0.05263532763532763,0.09480122324159021,-0.02857142857142857,-0.038356164383561646,3.0,7,2,-22.58,False,5.000000000000004,4.198473282442761,4.597701149425282,4.404583106880555,83.31,1.0427865155677063,-3.0115846888928877,68.19,4.404583106880555,1.0427865155677063,True,3.409090909090917,4.597701149425282,4.597701149425282,-0.995492197789638,3.5549146338575754,7.609285838318169,0,0.0,0,0.0,0,0.0,0,0.0,0,0.0,0,,inactive,zero,,51.76,inactive,51.76,51.76,0.0,0.0,0.0,0.0,0.0,0,0,0.0
2511,太子,建材營建,2026-08-10,excluded,0,0,577,677,681,6.0,0.0,-6.0,"[-741000, -1403000, -667000, -92200, -60000]","[0, 0, 0, 0, 0]",True,,split,0.0,0,-290.0,-290000,0.0,0,0.0,0.0,-3.5,-3.5,4.5,1.5,0.0,Q4,confirmed_distribution,0.0,0.0,0.0,5,-0.4113702130483839,0,-3884.75,-3884750,-60.0,-60000,-819.2,-819200,-2963.2,-2963200,97.13,active,negative,97.13,1.3,stable,1.3,1.3,-0.15448779129881493,-0.07009345794392523,-0.2641728474685585,-0.411898804559355,-3.5,3,0,-97.13,False,0.0,0.24009603841537164,-1.764705882352946,-0.769213684563308,56.19,-5.319620516210522,1.683907878959313,76.92,-0.769213684563308,-5.319620516210522,True,-1.764705882352946,-1.764705882352946,9.293193717277482,-0.995492197789638,3.5549146338575754,7.609285838318169,0,0.0,0,0.0,0,0.0,0,0.0,0,0.0,0,,inactive,zero,,51.76,inactive,51.76,51.76,0.0,0.0,0.0,0.0,0.0,0,0,0.0
2514,龍邦,其他,2026-08-10,excluded,0,0,578,530,485,7.5,6.5,-1.0,"[-22000, -34000, -80000, 32000, 35000]","[0, 0, 0, 0, 0]",True,,split,0.0,0,-27.426,-27426,0.0,0,0.0,0.0,3.0,3.0,4.0,3.5,0.0,Q4,confirmed_distribution,0.0,0.0,0.0,5,-0.07535111146543362,2,83.9,83900,35.0,35000,-13.0,-13000,-69.0,-69000,41.78,active,negative,41.78,26.08,reversing_positive,26.08,26.08,0.061782032400589104,0.4268292682926829,-0.02040816326530612,-0.0750816104461371,3.0,7,2,-41.78,False,0.0,-1.6064257028112428,-2.777777777777779,-2.9260764296613395,43.94,-6.332692411635355,-13.739554037551894,34.81,-2.9260764296613395,-6.332692411635355,True,-3.9215686274509776,-2.777777777777779,-6.130268199233724,-0.995492197789638,3.5549146338575754,7.609285838318169,0,0.0,0,0.0,0,0.0,0,0.0,0,0.0,0,,inactive,zero,,51.76,inactive,51.76,51.76,0.0,0.0,0.0,0.0,0.0,0,0,0.0
2516,新建,建材營建,2026-08-10,excluded,0,0,579,505,472,8.0,7.0,-1.0,"[-22000, 4000, -70000, 19000, 45000]","[0, 0, 0, 0, 0]",True,,split,0.0,0,-14.0,-14000,0.0,0,0.0,0.0,3.0,3.0,4.0,4.0,0.0,Q3,absorption_divergence,0.0,0.0,0.0,5,-0.037292388506838796,2,88.89,88890,45.0,45000,-6.0,-6000,-24.0,-24000,23.24,active,negative,23.24,34.42,reversing_positive,34.42,34.42,0.07238599348534203,0.3358208955223881,-0.019230769230769232,-0.03927986906710311,3.0,8,3,-23.24,False,0.3558718861209842,1.0752688172043001,1.0752688172043001,3.9152002269867148,80.83,-2.4796458166532753,2.9789494557994844,79.66,3.9152002269867148,-2.4796458166532753,True,2.9197080291970767,1.0752688172043001,10.588235294117654,-0.995492197789638,3.5549146338575754,7.609285838318169,0,0.0,0,0.0,0,0.0,0,0.0,0,0.0,0,,inactive,zero,,51.76,inactive,51.76,51.76,0.0,0.0,0.0,0.0,0.0,0,0,0.0
2524,京城,建材營建,2026-08-10,excluded,0,0,580,635,534,6.5,5.5,-1.0,"[-24000, -3000, -79000, 16000, -3000]","[0, 0, 0, 0, 0]",True,,split,0.0,0,-21.0,-21000,0.0,0,0.0,0.0,3.0,3.0,4.0,2.5,0.0,Q4,confirmed_distribution,0.0,0.0,0.0,5,-0.20946147663336778,0,97.546,97546,-3.0,-3000,-66.0,-66000,-93.0,-93000,81.07,active,negative,81.07,7.82,reversing_positive,7.82,7.82,0.09074046511627908,-0.08571428571428572,-0.22448979591836735,-0.20993227990970656,3.0,5,1,-81.07,False,0.2928257686676483,-2.002861230329045,-3.7921348314606806,-2.389557167513612,45.63,-7.347049465318256,-7.609285838318169,54.69,-2.389557167513612,-7.347049465318256,True,-3.38504936530325,-3.7921348314606806,0.0,-0.995492197789638,3.5549146338575754,7.609285838318169,0,0.0,0,0.0,0,0.0,0,0.0,0,0.0,0,,inactive,zero,,51.76,inactive,51.76,51.76,0.0,0.0,0.0,0.0,0.0,0,0,0.0
2527,宏璟,建材營建,2026-08-10,other_watch,23,2,453,580,502,7.0,6.0,-1.0,"[-969987, -89000, 43038, 150160, 197000]","[0, 0, 0, 0, 0]",True,,split,-5.599,-5599,-82.478,-82478,0.0,0,0.0,0.0,3.0,3.0,4.0,3.0,0.0,Q3,absorption_divergence,0.0,0.0,0.0,5,-0.08765206438342465,3,-722.664,-722664,197.0,197000,390.198,390198,-668.789,-668789,52.87,active,negative,52.87,20.47,reversing_positive,20.47,20.47,-0.054639649175865716,0.17699910152740342,0.09667938553022795,-0.09933001633744244,3.0,5,3,-52.87,False,1.0615711252653925,11.345029239766081,5.660377358490565,5.267124180264993,86.31,2.1054627246329893,35.11934984384075,96.22,5.267124180264993,2.1054627246329893,True,4.271631982475355,5.660377358490565,42.728635682158924,-0.995492197789638,3.5549146338575754,7.609285838318169,0,0.0,0,1.0,1000,0.0,0,0.0,0,0.0,0,,inactive,zero,,51.76,inactive,51.76,51.76,7.560864962951762e-05,0.0,0.0,0.0,0.0,1,0,0.0
2530,華建,建材營建,2026-08-10,excluded,0,2,454,453,445,18.71,12.15,-6.56,"[-164000, -19269, -172000, 196000, 171000]","[-7969, -24917, 0, 0, 0]",True,,split,-367.0,-367000,-4.0,-4000,0.0,0,3.5,0.95,4.0,4.0,6.0,3.5,0.0,Q4,confirmed_distribution,0.2,0.2,4.76,5,0.004774681011178784,2,574.599,574599,171.0,171000,195.0,195000,11.731,11731,1.96,active,positive,1.96,47.59,accelerating,47.59,47.59,0.05630011757789535,0.28691275167785235,0.13780918727915195,0.0038186848958333334,5.0,5,2,1.96,False,-0.25706940874036244,-1.0204081632653184,-1.2722646310432517,-0.024915965475680313,61.02,-4.827179264900828,-15.447765648294432,30.64,-0.024915965475680313,-4.827179264900828,True,-1.0204081632653184,-1.2722646310432517,-7.838479809976262,-0.995492197789638,3.5549146338575754,7.609285838318169,2,-0.010792461984099957,0,-41.884,-41884,0.0,0,0.0,0,-32.886,-32886,53.96,active,negative,53.96,6.65,neutral,6.65,6.65,-0.004103860474230845,0.0,0.0,-0.010705078125,-1.0,2,0,-53.96
2534,宏盛,建材營建,2026-08-10,excluded,0,7,75,192,181,40.3,38.41,-1.89,"[-131000, 97310, 97200, 93000, 128000]","[0, 0, 0, 0, 0]",True,,split,0.0,0,-78.895,-78895,0.0,0,3.5,12.5,5.0,5.0,6.0,4.5,5.0,Q2,unconfirmed_accumulation,7.91,7.91,8.8,5,0.19847103004291847,4,1552.81,1552810,128.0,128000,318.2,318200,284.51,284510,79.11,active,positive,79.11,88.01,accelerating,88.01,88.01,0.3390414847161572,0.5224489795918368,0.4558739255014327,0.19675656984785617,5.0,9,4,79.11,False,0.586510263929596,0.8823529411764675,0.0,4.308745209837806,82.66,-3.5549146338575754,-11.260971231576612,41.59,4.308745209837806,-3.5549146338575754,True,3.3132530120481674,0.0,-3.6516853932584414,-0.995492197789638,3.5549146338575754,7.609285838318169,0,0.0,0,0.0,0,0.0,0,0.0,0,0.0,0,,inactive,zero,,51.76,inactive,51.76,51.76,0.0,0.0,0.0,0.0,0.0,0,0,0.0
2535,達欣工,建材營建,2026-08-10,excluded,0,3,414,347,395,31.94,19.97,-11.97,"[-241274, -13498, 222988, -212000, 20177]","[85000, 0, 0, 0, 0]",True,,split,0.0,0,-49.872,-49872,0.0,0,3.5,7.7,-4.0,-4.0,6.0,5.0,0.0,Q3,absorption_divergence,7.77,7.77,9.74,5,-0.0758704904678761,1,-81.57,-81570,20.177,20177,31.165,31165,-223.607,-223607,44.52,active,negative,44.52,24.64,accelerating,24.64,24.64,-0.016386098834873443,0.05281937172774869,0.015420583869371599,-0.08101702898550725,-5.0,5,2,-44.52,False,0.4439511653718142,2.9579067121729086,1.230425055928408,2.3392771921905475,75.49,-2.3244895779291674,12.896706172334294,88.27,2.3392771921905475,-2.3244895779291674,True,1.3437849944009095,1.230425055928408,20.505992010652463,-0.995492197789638,3.5549146338575754,7.609285838318169,1,0.029926319571067384,0,244.0,244000,0.0,0,0.0,0,85.0,85000,77.72,active,positive,77.72,97.39,neutral,97.39,97.39,0.04901566894335074,0.0,0.0,0.030797101449275364,1.0,5,1,77.72
2536,宏普,建材營建,2026-08-10,excluded,0,0,581,581,503,7.0,6.0,-1.0,"[-572000, -327000, -124000, 471000, 218000]","[0, 0, 0, 0, 0]",True,,split,0.0,0,60.068,60068,0.0,0,1.0,0.0,3.0,3.0,4.0,2.0,0.0,Q3,absorption_divergence,0.0,0.0,0.0,5,-0.038234134017285565,2,-450.458,-450458,218.0,218000,565.0,565000,-334.0,-334000,28.33,active,negative,28.33,32.46,reversing_positive,32.46,32.46,-0.04455128078330531,0.09441316587267215,0.12127065893968662,-0.05140834231183623,3.0,4,2,-28.33,False,4.6391752577319645,13.407821229050288,12.465373961218829,4.831809333339521,85.14,8.910459327361252,-6.614260962696283,58.6,4.831809333339521,8.910459327361252,True,3.8363171355498826,12.465373961218829,0.995024875621886,-0.995492197789638,3.5549146338575754,7.609285838318169,0,0.0,0,0.0,0,0.0,0,0.0,0,0.0,0,,inactive,zero,,51.76,inactive,51.76,51.76,0.0,0.0,0.0,0.0,0.0,0,0,0.0
2537,聯上發,建材營建,2026-08-10,excluded,0,5,223,442,431,20.0,14.39,-5.61,"[-297000, 190000, -51001, 417000, -258089]","[0, 0, 0, 0, 0]",True,,split,0.039,39,4.0,4000,0.0,0,4.5,0.07,1.75,1.75,2.75,3.0,5.0,Q2,unconfirmed_accumulation,0.07,0.07,4.68,5,0.0016071074191875382,0,1441.514,1441514,-258.089,-258089,107.91,107910,0.91,910,0.65,active,positive,0.65,46.81,decelerating,46.81,46.81,0.14836496500617538,-0.29940719257540604,0.05925864909390445,0.0002993421052631579,1.75,6,2,0.65,False,-0.4524886877828149,0.4566210045662267,-0.4524886877828149,0.995492197789638,68.12,-4.007403321640391,2.500824271791946,78.23,0.995492197789638,-4.007403321640391,True,0.0,-0.4524886877828149,10.110110110110115,-0.995492197789638,3.5549146338575754,7.609285838318169,0,0.0,0,0.0,0,0.0,0,0.0,0,0.0,0,,inactive,zero,,51.76,inactive,51.76,51.76,0.0,0.0,0.0,0.0,0.0,0,0,0.0
2538,基泰,建材營建,2026-08-10,excluded,0,0,582,706,682,5.5,0.0,-5.5,"[-325000, -171000, -442000, -8000, -56000]","[0, 0, 0, 0, 0]",True,,split,0.0,0,-13.0,-13000,0.0,0,0.0,0.0,-3.5,-3.5,4.5,1.0,0.0,Q4,confirmed_distribution,0.0,0.0,0.0,5,-0.5553186191420488,0,-1266.9,-1266900,-56.0,-56000,-506.0,-506000,-1002.0,-1002000,99.61,active,negative,99.61,0.26,stable,0.26,0.26,-0.28190921228304405,-0.16519174041297935,-0.42343096234309624,-0.5538971807628524,-3.5,2,0,-99.61,False,0.10917030567685337,-1.2917115177610294,-3.270042194092837,-5.5284629500187314,35.46,-6.8249568279504125,-11.988847882113784,39.63,-5.5284629500187314,-6.8249568279504125,True,-6.523955147808369,-3.270042194092837,-4.379562043795615,-0.995492197789638,3.5549146338575754,7.609285838318169,0,0.0,0,0.0,0,0.0,0,0.0,0,0.0,0,,inactive,zero,,51.76,inactive,51.76,51.76,0.0,0.0,0.0,0.0,0.0,0,0,0.0
2539,櫻花建,建材營建,2026-08-10,high_priority_watch,51,5,224,165,170,44.17,39.31,-4.86,"[-471000, 1108000, -360921, 306000, -415000]","[0, 0, 0, 0, 0]",True,,split,-11.0,-11000,-64.35,-64350,0.0,0,3.5,6.23,0.0,0.0,1.0,3.0,25.0,Q1,confirmed_accumulation,1.58,1.58,5.44,5,0.02995288462749499,0,2300.751,2300751,-415.0,-415000,-469.921,-469921,167.079,167079,15.8,active,positive,15.8,54.37,reversing_negative,54.37,54.37,0.14489268845645192,-0.37454873646209386,-0.1527205069873253,0.02492600328211249,0.0,6,2,15.8,False,-1.0392609699768962,-1.1534025374855816,1.0613207547169878,5.635296837594284,86.96,-2.4935938791405876,3.257467072419229,80.44,5.635296837594284,-2.4935938791405876,True,4.6398046398046455,1.0613207547169878,10.866752910737398,-0.995492197789638,3.5549146338575754,7.609285838318169,0,0.0,0,0.0,0,0.0,0,0.0,0,0.0,0,,inactive,zero,,51.76,inactive,51.76,51.76,0.0,0.0,0.0,0.0,0.0,0,0,0.0
2540,愛山林,建材營建,2026-08-10,excluded,0,0,583,636,683,6.5,0.0,-6.5,"[-704765, -49645, -1074000, -356000, -986000]","[0, 0, 0, 0, 0]",True,,split,-9.0,-9000,-1322.0,-1322000,0.0,0,0.0,0.0,-3.5,-3.5,4.5,2.0,0.0,Q4,confirmed_distribution,0.0,0.0,0.0,5,-0.1818983155523361,0,110.397,110397,-986.0,-986000,-2416.0,-2416000,-3170.41,-3170410,76.37,active,negative,76.37,9.78,stable,9.78,9.78,0.0027870288556209135,-0.21314310419368784,-0.2790160526619702,-0.18645083509762408,-3.5,4,0,-76.37,False,-17.668488160291428,-21.7993079584775,-24.666666666666657,-14.36031304565605,11.86,-28.22158130052423,-25.277773998609597,13.3,-14.36031304565605,-28.22158130052423,True,-15.355805243445687,-24.666666666666657,-17.668488160291428,-0.995492197789638,3.5549146338575754,7.609285838318169,0,0.0,0,0.0,0,0.0,0,0.0,0,0.0,0,,inactive,zero,,51.76,inactive,51.76,51.76,0.0,0.0,0.0,0.0,0.0,0,0,0.0
2542,興富發,建材營建,2026-08-10,buy_candidates,61,9,43,176,253,41.92,34.46,-7.46,"[-1330164, -594028, -788912, 119000, -647100]","[62000, 493000, 494000, 509000, 452000]",True,,split,116.732,116732,1592.0,1592000,0.0,0,4.5,12.5,1.5,1.5,8.5,6.5,0.0,Q3,absorption_divergence,9.46,9.46,9.92,5,-0.13323761832061637,0,735.034,735034,-647.1,-647100,-1317.012,-1317012,-3241.204,-3241204,65.67,active,negative,65.67,14.99,stable,14.99,14.99,0.0123909979770735,-0.1890999415546464,-0.09853449049827921,-0.13332252889638435,-3.5,5,1,-65.67,False,0.11286681715576563,0.6810442678774287,1.1402508551881407,3.5388447989457172,80.44,-2.4146637786694347,-4.828289314563827,63.36,3.5388447989457172,-2.4146637786694347,True,2.543352601156079,1.1402508551881407,2.780996523754342,-0.995492197789638,3.5549146338575754,7.609285838318169,5,0.08270497211110052,5,2095.0,2095000,452.0,452000,1455.0,1455000,2010.0,2010000,94.55,active,positive,94.55,99.22,accelerating,99.22,99.22,0.03531692515171949,0.13208649912331968,0.10885829717192877,0.08267862284562544,5.0,8,5,94.55
2543,皇昌,建材營建,2026-08-10,excluded,0,5,225,411,402,24.51,19.15,-5.36,"[-147981, 163055, 17000, 408650, -375000]","[0, 0, 0, 0, 0]",True,,split,8.678,8678,-62.0,-62000,0.0,0,3.5,2.77,1.75,1.75,2.75,5.5,5.0,Q2,unconfirmed_accumulation,0.63,0.63,4.99,5,0.012188266577795407,0,1136.749,1136749,-375.0,-375000,50.65,50650,65.724,65724,6.27,active,positive,6.27,49.93,decelerating,49.93,49.93,0.08075795680591077,-0.3633720930232558,0.01193730850813104,0.011092658227848102,1.75,7,3,6.27,False,-0.8917197452229297,3.871829105473945,3.871829105473945,-1.1428725820845753,53.72,0.31691447161636965,-9.870592370981479,45.76,-1.1428725820845753,0.31691447161636965,True,-2.1383647798742134,3.871829105473945,-2.2613065326633097,-0.995492197789638,3.5549146338575754,7.609285838318169,0,0.0,0,9.0,9000,0.0,0,0.0,0,0.0,0,,inactive,zero,,51.76,inactive,51.76,51.76,0.0006393861892583121,0.0,0.0,0.0,0.0,4,0,0.0
2545,皇翔,建材營建,2026-08-10,excluded,0,0,584,582,504,7.0,6.0,-1.0,"[-220000, -227000, -123000, 94177, 121000]","[0, 0, 0, 0, 0]",True,,split,0.0,0,-54.683,-54683,0.0,0,0.0,0.0,3.0,3.0,4.0,3.0,0.0,Q4,confirmed_distribution,0.0,0.0,0.0,5,-0.1628148039115482,2,-91.087,-91087,121.0,121000,92.177,92177,-354.823,-354823,72.19,active,negative,72.19,11.34,reversing_positive,11.34,11.34,-0.024969024122807017,0.30788804071246817,0.07898628963153385,-0.16511074918566776,3.0,6,2,-72.19,False,3.1104199066874116,3.4321372854914323,1.2213740458015154,-3.745887112555191,40.42,-2.33354058805606,-20.14226736866118,21.64,-3.745887112555191,-2.33354058805606,True,-4.741379310344829,1.2213740458015154,-12.532981530343012,-0.995492197789638,3.5549146338575754,7.609285838318169,0,0.0,0,0.0,0,0.0,0,0.0,0,0.0,0,,inactive,zero,,51.76,inactive,51.76,51.76,0.0,0.0,0.0,0.0,0.0,0,0,0.0
2546,根基,建材營建,2026-08-10,excluded,0,3,415,392,377,27.1,23.2,-3.9,"[-185162, -115540, -109000, -149001, 46160]","[57000, 0, 0, 0, 0]",True,,split,0.0,0,-4.29,-4290,0.0,0,3.5,7.83,0.0,0.0,2.0,4.0,0.0,Q4,confirmed_distribution,7.87,7.87,9.77,5,-0.28727852304876156,1,-20.042,-20042,46.16,46160,-211.841,-211841,-512.543,-512543,89.43,active,negative,89.43,5.22,neutral,5.22,5.22,-0.005952479952479953,0.14030395136778115,-0.21099701195219123,-0.28177185266630017,-1.0,5,1,-89.43,False,-6.5590312815338,-6.653225806451624,-10.961538461538467,0.995492197789638,68.12,-14.516453095396042,1.4602076834721478,76.4,0.995492197789638,-14.516453095396042,True,0.0,-10.961538461538467,9.069493521790317,-0.995492197789638,3.5549146338575754,7.609285838318169,1,0.03185634852835787,0,164.0,164000,0.0,0,0.0,0,57.0,57000,78.71,active,positive,78.71,97.65,neutral,97.65,97.65,0.04870804870804871,0.0,0.0,0.031335898845519516,1.0,3,1,78.71
2547,日勝生,建材營建,2026-08-10,excluded,0,7,76,219,207,39.04,36.9,-2.14,"[179000, 620860, 574051, 2504457, 496000]","[-12918, -7970, 0, 0, 0]",True,,split,0.0,0,30.379,30379,0.0,0,4.5,12.5,0.75,0.75,2.75,4.5,5.0,Q2,unconfirmed_accumulation,9.65,9.65,9.79,5,0.39611159269451274,5,10309.397,10309397,496.0,496000,3574.508,3574508,4374.368,4374368,96.48,active,positive,96.48,97.91,decelerating,97.91,97.91,0.3893423845311379,0.23903614457831326,0.4733820686001854,0.39447813148164845,1.75,9,5,96.48,False,0.9389671361502261,4.3689320388349495,4.3689320388349495,-3.8717644393785107,39.77,0.8140174049773741,-0.10928583831817384,73.27,-3.8717644393785107,0.8140174049773741,True,-4.867256637168149,4.3689320388349495,7.499999999999996,-0.995492197789638,3.5549146338575754,7.609285838318169,2,-0.0018452526297326936,0,-46.82,-46820,0.0,0,0.0,0,-20.888,-20888,26.24,active,negative,26.24,10.95,neutral,10.95,10.95,-0.0017681936629026776,0.0,0.0,-0.0018836685003156281,-1.0,0,0,-26.24
2597,潤弘,建材營建,2026-08-10,excluded,0,7,77,37,31,61.96,60.47,-1.49,"[-18933, 50000, 48400, 69937, 85285]","[0, 0, 0, 0, 0]",True,,split,-4.071,-4071,-22.595,-22595,0.0,0,3.5,12.5,5.0,5.0,6.0,5.5,25.0,Q1,confirmed_accumulation,8.97,8.97,9.46,5,0.28838264997044916,4,553.085,553085,85.285,85285,203.622,203622,234.689,234689,89.69,active,positive,89.69,94.65,accelerating,94.65,94.65,0.2361592655849701,0.41400485436893203,0.35228719723183394,0.285857490864799,5.0,7,4,89.69,False,1.2048192771084265,2.752293577981657,3.703703703703698,0.6987562927451285,66.36,0.1487890698461225,-1.2801719142675472,71.19,0.6987562927451285,0.1487890698461225,True,-0.29673590504450953,3.703703703703698,6.329113924050622,-0.995492197789638,3.5549146338575754,7.609285838318169,0,0.0,0,22.827,22827,0.0,0,0.0,0,0.0,0,,inactive,zero,,51.76,inactive,51.76,51.76,0.009746797608881298,0.0,0.0,0.0,0.0,4,0,0.0
2601,益航,航運業,2026-08-10,excluded,0,0,585,506,473,8.0,7.0,-1.0,"[90980, 230018, -1326781, -206572, 473000]","[0, 0, 0, 0, 0]",True,,split,0.0,0,10.0,10000,0.0,0,1.0,0.0,3.0,3.0,4.0,3.0,0.0,Q4,confirmed_distribution,0.0,0.0,0.0,5,-0.0694626587025154,1,845.606,845606,473.0,473000,-1060.353,-1060353,-739.355,-739355,39.69,active,negative,39.69,27.38,reversing_positive,27.38,27.38,0.03690024437074533,0.3198106828938472,-0.19916472577009767,-0.07157357212003872,3.0,6,3,-39.69,False,1.1200000000000099,-2.7692307692307683,1.2820512820512775,-12.54759945747711,14.6,-2.272863351806298,25.16382340537933,93.87,-12.54759945747711,-2.272863351806298,True,-13.543091655266748,1.2820512820512775,32.7731092436975,-0.995492197789638,3.5549146338575754,7.609285838318169,0,0.0,0,0.0,0,0.0,0,0.0,0,0.0,0,,inactive,zero,,51.76,inactive,51.76,51.76,0.0,0.0,0.0,0.0,0.0,0,0,0.0
2603,長榮,航運業,2026-08-10,high_priority_watch,63,14,20,1,1,91.28,89.56,-1.72,"[-537306, -677802, 397659, 2472468, 9011878]","[-55000, -73055, -3000, 1183000, 620648]",True,,split,178.951,178951,-338.0,-338000,0.0,0,9.0,24.21,6.75,6.75,6.75,7.0,25.0,Q1,confirmed_accumulation,17.6,17.6,19.32,5,0.30439333798636553,3,22671.972,22671972,9011.878,9011878,11882.005,11882005,10666.897,10666897,90.86,active,positive,90.86,95.05,accelerating,95.05,95.05,0.293861105350477,0.6156916034706565,0.48626989973398815,0.29878426374611355,5.0,8,3,90.86,True,3.1325301204819356,4.390243902439028,3.1325301204819356,10.739081941379391,94.13,-0.42238451337563987,-6.427252741391465,59.32,10.739081941379391,-0.42238451337563987,True,9.743589743589753,3.1325301204819356,1.1820330969267046,-0.995492197789638,3.5549146338575754,7.609285838318169,5,0.047053416978996544,2,1615.808,1615808,620.648,620648,1800.648,1800648,1672.593,1672593,85.15,active,positive,85.15,98.17,decelerating,98.17,98.17,0.02094317710493571,0.0424026781444285,0.07369134438305709,0.046850032211982855,1.75,6,2,85.15
2605,新興,航運業,2026-08-10,other_watch,23,5,226,35,26,63.21,61.25,-1.96,"[307000, 2199000, -344030, 813453, 1255000]","[0, 0, 0, 0, 0]",True,,split,-222.231,-222231,695.0,695000,0.0,0,4.5,12.5,5.0,5.0,6.0,6.5,25.0,Q1,confirmed_accumulation,7.75,7.75,8.71,5,0.19145119878205832,2,7647.479,7647479,1255.0,1255000,1724.423,1724423,4230.423,4230423,77.55,active,positive,77.55,87.09,accelerating,87.09,87.09,0.16777041879648114,0.18900602409638553,0.11938680420936029,0.1913525872987154,5.0,8,4,77.55,False,1.6897081413210557,3.4375000000000044,6.08974358974359,9.165426838312506,92.05,2.534828955886015,-1.0070314099767774,71.58,9.165426838312506,2.534828955886015,True,8.169934640522868,6.08974358974359,6.602254428341392,-0.995492197789638,3.5549146338575754,7.609285838318169,0,0.0,0,23.0,23000,0.0,0,0.0,0,0.0,0,,inactive,zero,,51.76,inactive,51.76,51.76,0.0005045740736678147,0.0,0.0,0.0,0.0,5,0,0.0
2606,裕民,航運業,2026-08-10,buy_candidates,60,5,227,62,56,59.58,57.45,-2.13,"[1074604, 2109569, 244294, 5583726, -316542]","[-601000, 0, -14000, -14000, 0]",True,,split,94.266,94266,211.771,211771,0.0,0,4.5,12.5,0.75,0.75,2.75,5.0,25.0,Q1,confirmed_accumulation,9.7,9.7,9.83,5,0.41295314457732546,0,14479.866,14479866,-316.542,-316542,5511.478,5511478,8695.651,8695651,97.0,active,positive,97.0,98.31,decelerating,98.31,98.31,0.36240435489926165,-0.08856799104644655,0.373532904100305,0.4112780116350565,1.75,8,4,97.0,False,-1.0370370370370363,3.56589147286821,6.0317460317460325,5.533833355849104,86.7,2.476831397888457,-4.203713082900218,65.32,5.533833355849104,2.476831397888457,True,4.538341158059467,6.0317460317460325,3.4055727554179516,-0.995492197789638,3.5549146338575754,7.609285838318169,3,-0.028657070839920456,0,-876.0,-876000,0.0,0,-28.0,-28000,-629.0,-629000,77.23,active,negative,77.23,3.39,neutral,3.39,3.39,-0.021924665248404456,0.0,-0.0018976618095560827,-0.029749798987844675,-1.0,2,0,-77.23
2607,榮運,航運業,2026-08-10,excluded,0,0,586,637,535,6.5,5.5,-1.0,"[-116114, -47038, -35000, 83000, -7000]","[0, 0, 0, 0, 0]",True,,split,0.0,0,-29.0,-29000,0.0,0,0.0,0.0,3.0,3.0,4.0,2.5,0.0,Q3,absorption_divergence,0.0,0.0,0.0,5,-0.05945422771835728,0,411.868,411868,-7.0,-7000,41.0,41000,-122.152,-122152,33.94,active,negative,33.94,29.99,reversing_positive,29.99,29.99,0.09100044189129475,-0.012658227848101266,0.03132161955691368,-0.060923690773067335,3.0,5,1,-33.94,False,1.2526096033403045,3.1914893617021267,2.8632025450689325,4.738807705811022,84.75,-0.691712088788643,-4.417796476616043,64.67,4.738807705811022,-0.691712088788643,True,3.743315508021383,2.8632025450689325,3.1914893617021267,-0.995492197789638,3.5549146338575754,7.609285838318169,0,0.0,0,0.0,0,0.0,0,0.0,0,0.0,0,,inactive,zero,,51.76,inactive,51.76,51.76,0.0,0.0,0.0,0.0,0.0,0,0,0.0
2608,嘉里大榮,航運業,2026-08-10,excluded,0,0,587,678,684,6.0,0.0,-6.0,"[-245000, -138000, -53000, -17830, -81000]","[0, 0, 0, 0, 0]",True,,split,-4.418,-4418,-2.0,-2000,0.0,0,0.0,0.0,-3.5,-3.5,4.5,1.5,0.0,Q4,confirmed_distribution,0.0,0.0,0.0,5,-0.4366924561213496,0,-270.968,-270968,-81.0,-81000,-151.83,-151830,-534.83,-534830,97.65,active,negative,97.65,1.04,stable,1.04,1.04,-0.0729978448275862,-0.3665158371040724,-0.2677777777777778,-0.43659591836734696,-3.5,3,0,-97.65,False,-0.17452006980801515,0.0,-0.8665511265164683,-1.559874071375611,50.98,-4.421465760374044,-10.987664216696547,42.63,-1.559874071375611,-4.421465760374044,True,-2.555366269165249,-0.8665511265164683,-3.378378378378377,-0.995492197789638,3.5549146338575754,7.609285838318169,0,0.0,0,0.0,0,0.0,0,0.0,0,0.0,0,,inactive,zero,,51.76,inactive,51.76,51.76,0.0,0.0,0.0,0.0,0.0,0,0,0.0
2609,陽明,航運業,2026-08-10,high_priority_watch,66,15,6,16,17,77.38,68.61,-8.77,"[2398997, -6067582, -3449832, 168703, 12116291]","[1000, 34373, 45000, 55000, 42962]",True,,split,-45.154,-45154,-165.387,-165387,0.0,0,9.0,13.15,6.75,6.75,6.75,7.5,25.0,Q1,confirmed_accumulation,7.21,7.21,15.98,5,0.07852379724260486,2,22070.525,22070525,12116.291,12116291,8835.162,8835162,5166.577,5166577,41.91,active,positive,41.91,67.93,accelerating,67.93,67.93,0.1470064875810115,0.5117757550158395,0.2101558478628006,0.07513709607050406,5.0,8,3,41.91,True,2.17821782178218,1.976284584980248,1.5748031496063186,3.9895041738375325,81.29,-1.9801114842512568,-1.4364463321453247,70.8,3.9895041738375325,-1.9801114842512568,True,2.9940119760478945,1.5748031496063186,6.172839506172845,-0.995492197789638,3.5549146338575754,7.609285838318169,5,0.00258322289794983,5,116.055,116055,42.962,42962,142.962,142962,178.335,178335,30.2,active,positive,30.2,91.92,decelerating,91.92,91.92,0.0007730145937268955,0.0018146568109820487,0.0034005375704669254,0.0025935109508158577,1.75,7,5,30.2
2610,華航,航運業,2026-08-10,excluded,0,3,416,320,358,34.63,25.77,-8.86,"[5860037, 13888815, -121720, 6171434, -78294809]","[403000, 856025, -96000, 6997000, 138008]",True,,split,-2419.935,-2419935,-793.0,-793000,0.0,0,3.5,8.1,-1.75,-1.75,5.25,8.0,0.0,Q4,confirmed_distribution,7.92,7.92,9.78,5,-0.18533157371317482,0,63283.862,63283862,-78294.809,-78294809,-72245.095,-72245095,-52496.243,-52496243,80.42,active,negative,80.42,8.08,stable,8.08,8.08,0.1115910845434267,-0.6198574075100347,-0.4001500733889058,-0.2048497972817413,-3.5,8,3,-80.42,False,-9.111111111111114,-9.513274336283196,-8.908685968819597,-1.8548640967471886,48.89,-12.463600602677172,2.6333017627599977,78.62,-1.8548640967471886,-12.463600602677172,True,-2.8503562945368266,-8.908685968819597,10.242587601078167,-0.995492197789638,3.5549146338575754,7.609285838318169,5,0.033906450297265606,2,7863.046,7863046,138.008,138008,7039.008,7039008,8298.033,8298033,79.21,active,positive,79.21,97.78,decelerating,97.78,97.78,0.013865238359739377,0.0010926047612638645,0.03898755434933119,0.03238041964045312,1.75,8,4,79.21
2613,中櫃,航運業,2026-08-10,excluded,0,0,588,638,536,6.5,5.5,-1.0,"[14000, -23000, -52000, 24000, 6000]","[0, 0, 0, 0, 0]",True,,split,0.0,0,-12.0,-12000,0.0,0,0.0,0.0,3.0,3.0,4.0,2.5,0.0,Q4,confirmed_distribution,0.0,0.0,0.0,5,-0.038713775209740724,2,159.6,159600,6.0,6000,-22.0,-22000,-31.0,-31000,22.98,active,negative,22.98,34.55,reversing_positive,34.55,34.55,0.05782608695652174,0.0425531914893617,-0.05128205128205128,-0.03884711779448621,3.0,5,3,-22.98,False,0.4901960784313708,0.9852216748768461,2.499999999999991,-3.655670592908034,40.81,-1.0549146338575843,-12.26044862901584,38.33,-3.655670592908034,-1.0549146338575843,True,-4.651162790697672,2.499999999999991,-4.651162790697672,-0.995492197789638,3.5549146338575754,7.609285838318169,0,0.0,0,0.0,0,0.0,0,0.0,0,0.0,0,,inactive,zero,,51.76,inactive,51.76,51.76,0.0,0.0,0.0,0.0,0.0,0,0,0.0
2614,東森,其他,2026-08-10,excluded,0,0,589,531,486,7.5,6.5,-1.0,"[185934, -467465, -183000, 179774, 66799]","[0, 0, 0, 0, 0]",True,,split,0.0,0,-8.0,-8000,0.0,0,0.0,0.0,3.0,3.0,4.0,3.5,0.0,Q4,confirmed_distribution,0.0,0.0,0.0,5,-0.0733125477795372,2,268.138,268138,66.799,66799,63.573,63573,-217.958,-217958,42.04,active,negative,42.04,25.95,reversing_positive,25.95,25.95,0.04023075768942236,0.22798293515358362,0.05980526810912512,-0.07523576113220573,3.0,7,3,-42.04,False,0.8310249307479145,1.392757660167132,0.0,0.17805350569153333,62.84,-3.5549146338575754,-8.696242360057294,50.46,0.17805350569153333,-3.5549146338575754,True,-0.8174386920981047,0.0,-1.0869565217391242,-0.995492197789638,3.5549146338575754,7.609285838318169,0,0.0,0,0.0,0,0.0,0,0.0,0,0.0,0,,inactive,zero,,51.76,inactive,51.76,51.76,0.0,0.0,0.0,0.0,0.0,0,0,0.0
2615,萬海,航運業,2026-08-10,high_priority_watch,22,5,228,26,55,65.06,57.68,-7.38,"[1149657, 226441, -650813, 801228, 10228809]","[-15000, -10264, -5000, 0, -4407]",True,,split,724.509,724509,-22.739,-22739,0.0,0,3.5,12.5,1.5,1.5,8.5,6.0,25.0,Q1,confirmed_accumulation,9.18,9.18,9.56,5,0.30689793689061323,2,23439.94,23439940,10228.809,10228809,10379.224,10379224,11755.322,11755322,91.78,active,positive,91.78,95.57,accelerating,95.57,95.57,0.28002365393575207,0.5628265103994717,0.38504318148093186,0.30327705683547895,5.0,9,4,91.78,False,3.062426383981154,2.4590163934426146,1.6260162601626105,11.475290177587604,94.92,-1.928898373694965,9.369323787350293,86.31,11.475290177587604,-1.928898373694965,True,10.479797979797967,1.6260162601626105,16.97860962566846,-0.995492197789638,3.5549146338575754,7.609285838318169,4,-0.0008894938155211921,0,126.186,126186,-4.407,-4407,-9.407,-9407,-34.671,-34671,18.32,active,negative,18.32,12.26,stable,12.26,12.26,0.0015074724933398641,-0.00024248927038626609,-0.00034897610921501705,-0.0008944815665230515,-3.5,3,0,-18.32
2616,山隆,油電燃氣,2026-08-10,excluded,0,0,590,639,537,6.5,5.5,-1.0,"[-28000, -11000, -68000, 46000, 27000]","[0, 0, 0, 0, 0]",True,,split,0.0,0,-29.841,-29841,0.0,0,0.0,0.0,3.0,3.0,4.0,2.5,0.0,Q4,confirmed_distribution,0.0,0.0,0.0,5,-0.05155967736367925,2,-3.6,-3600,27.0,27000,5.0,5000,-34.0,-34000,28.98,active,negative,28.98,32.07,reversing_positive,32.07,32.07,-0.0020930232558139536,0.24107142857142858,0.011848341232227487,-0.05206738131699847,3.0,5,2,-28.98,False,0.7518796992481258,0.7518796992481258,0.3745318352059934,-0.11151887232107027,60.1,-3.180382798651582,-9.440787669820006,47.46,-0.11151887232107027,-3.180382798651582,True,-1.1070110701107083,0.3745318352059934,-1.831501831501836,-0.995492197789638,3.5549146338575754,7.609285838318169,0,0.0,0,0.0,0,0.0,0,0.0,0,0.0,0,,inactive,zero,,51.76,inactive,51.76,51.76,0.0,0.0,0.0,0.0,0.0,0,0,0.0
2617,台航,航運業,2026-08-10,excluded,0,0,591,532,685,7.5,0.0,-7.5,"[-246090, 220050, 124105, -407000, -22000]","[0, 0, 0, 0, 0]",True,,split,-0.831,-831,-29.172,-29172,0.0,0,0.0,0.0,-3.5,-3.5,4.5,3.0,0.0,Q4,confirmed_distribution,0.0,0.0,0.0,5,-0.0905590909265608,0,273.034,273034,-22.0,-22000,-304.895,-304895,-330.935,-330935,50.0,active,negative,50.0,21.9,stable,21.9,21.9,0.04067242663488753,-0.026731470230862697,-0.13568980863373387,-0.09200305810397554,-3.5,6,2,-50.0,False,1.384083044982698,1.384083044982698,2.626970227670755,-1.662315111180468,49.93,-0.9279444061868203,-7.094706078455393,56.45,-1.662315111180468,-0.9279444061868203,True,-2.657807308970106,2.626970227670755,0.5145797598627766,-0.995492197789638,3.5549146338575754,7.609285838318169,0,0.0,0,0.0,0,0.0,0,0.0,0,0.0,0,,inactive,zero,,51.76,inactive,51.76,51.76,0.0,0.0,0.0,0.0,0.0,0,0,0.0
2618,長榮航,航運業,2026-08-10,high_priority_watch,56,5,229,177,161,41.82,41.44,-0.38,"[11232843, 23852111, 1673889, 22000373, -356193]","[-1941000, -133929, -94000, 127000, 244585]",True,,split,-3071.728,-3071728,-353.548,-353548,0.0,0,3.5,12.5,4.75,4.75,4.75,6.5,5.0,Q2,unconfirmed_accumulation,9.19,9.19,9.57,5,0.30610478273270714,0,189917.054,189917054,-356.193,-356193,23318.069,23318069,58403.023,58403023,91.91,active,positive,91.91,95.7,decelerating,95.7,95.7,0.3999390437282175,-0.008824303232998884,0.23844800646276243,0.30333087322568414,1.75,9,4,91.91,False,-3.94144144144144,-2.6255707762557035,-2.40274599542335,5.658068884906198,87.09,-5.957660629280925,14.247857018824696,89.31,5.658068884906198,-5.957660629280925,True,4.66257668711656,-2.40274599542335,21.857142857142865,-0.995492197789638,3.5549146338575754,7.609285838318169,5,-0.009392090999393374,2,-6994.668,-6994668,244.585,244585,277.585,277585,-1797.344,-1797344,50.99,active,negative,50.99,6.91,reversing_positive,6.91,6.91,-0.014729803207227317,0.006059333581072712,0.002838553650131403,-0.009334960709258903,3.0,4,2,-50.99
2630,亞航,航運業,2026-08-10,excluded,0,0,592,583,686,7.0,0.0,-7.0,"[-606000, 391109, -260000, 8010, -82087]","[0, 0, 0, 0, 0]",True,,split,48.059,48059,-6.0,-6000,0.0,0,0.0,0.0,-3.5,-3.5,4.5,2.5,0.0,Q4,confirmed_distribution,0.0,0.0,0.0,5,-0.04928294245788101,0,721.436,721436,-82.087,-82087,-334.077,-334077,-548.968,-548968,28.07,active,negative,28.07,32.72,stable,32.72,32.72,0.026582998636648366,-0.08779358288770053,-0.08028767123287671,-0.05023039619361332,-3.5,5,2,-28.07,False,0.20746887966804906,-3.206412825651306,0.8350730688935215,-13.819322617025188,12.65,-2.719841564964054,4.84705874841056,82.14,-13.819322617025188,-2.719841564964054,True,-14.814814814814826,0.8350730688935215,12.45634458672873,-0.995492197789638,3.5549146338575754,7.609285838318169,0,0.0,0,0.0,0,0.0,0,0.0,0,0.0,0,,inactive,zero,,51.76,inactive,51.76,51.76,0.0,0.0,0.0,0.0,0.0,0,0,0.0
2633,台灣高鐵,航運業,2026-08-10,other_watch,53,6,141,401,430,25.61,14.47,-11.14,"[-1420400, -2670000, -2710000, -160293, -3242000]","[-1664000, 486000, 472000, 487000, 435000]",True,,split,-283.855,-283855,-165.247,-165247,0.0,0,3.5,2.42,-1.75,-1.75,5.25,5.0,0.0,Q4,confirmed_distribution,5.3,5.3,9.44,5,-0.45758396637590604,0,355.053,355053,-3242.0,-3242000,-6112.293,-6112293,-10202.693,-10202693,98.3,active,negative,98.3,0.78,stable,0.78,0.78,0.006280233483682674,-0.7081695063346439,-0.525879118988213,-0.4571713491956804,-3.5,4,0,-98.3,False,0.3875968992248069,0.0,0.0,-1.0839028872765222,54.11,-3.5549146338575754,-7.609285838318169,54.69,-1.0839028872765222,-3.5549146338575754,True,-2.07939508506616,0.0,0.0,-0.995492197789638,3.5549146338575754,7.609285838318169,5,0.009972480734605814,4,-1111.0,-1111000,435.0,435000,1394.0,1394000,216.0,216000,52.97,active,positive,52.97,94.39,decelerating,94.39,94.39,-0.019651543291766164,0.09501965923984272,0.11993461240643552,0.009678720258099207,1.75,6,4,52.97
2636,台驊控股,航運業,2026-08-10,excluded,0,0,593,533,487,7.5,6.5,-1.0,"[-26356, -250625, -10074, 99008, 104062]","[0, 0, 0, 0, 0]",True,,split,0.0,0,-6.911,-6911,0.0,0,0.0,0.0,3.0,3.0,4.0,3.5,0.0,Q4,confirmed_distribution,0.0,0.0,0.0,5,-0.06890324305575628,2,524.29,524290,104.062,104062,192.996,192996,-83.985,-83985,39.82,active,negative,39.82,27.25,reversing_positive,27.25,27.25,0.19829425113464447,0.47300909090909093,0.3754785992217899,-0.07184345594525235,3.0,7,2,-39.82,False,0.9202453987730008,2.0155038759689825,-0.45385779122540937,-4.599916697475793,37.55,-4.008772425082984,-10.41578509976574,43.68,-4.599916697475793,-4.008772425082984,True,-5.595408895265431,-0.45385779122540937,-2.8064992614475703,-0.995492197789638,3.5549146338575754,7.609285838318169,0,0.0,0,0.0,0,0.0,0,0.0,0,0.0,0,,inactive,zero,,51.76,inactive,51.76,51.76,0.0,0.0,0.0,0.0,0.0,0,0,0.0
2637,慧洋-KY,航運業,2026-08-10,high_priority_watch,20,5,230,52,51,60.35,57.99,-2.36,"[889406, 1387953, -86502, 2268589, 308291]","[-237000, -8000, 288000, -82000, -1000]",True,,split,-45.296,-45296,-57.296,-57296,0.0,0,3.5,12.5,0.75,0.75,2.75,7.0,25.0,Q1,confirmed_accumulation,9.24,9.24,9.6,5,0.30873841857963175,2,5109.21,5109210,308.291,308291,2490.378,2490378,4767.737,4767737,92.43,active,positive,92.43,95.96,decelerating,95.96,95.96,0.18550613608307312,0.14385954269715354,0.303150091296409,0.3072193440298988,1.75,8,4,92.43,False,0.22753128555175195,3.1615925058547933,6.144578313253013,5.009659848320924,85.53,2.5896636793954375,10.014212159011596,86.57,5.009659848320924,2.5896636793954375,True,4.014167650531286,6.144578313253013,17.623497997329764,-0.995492197789638,3.5549146338575754,7.609285838318169,5,-0.0024255749677428635,0,1807.0,1807000,-1.0,-1000,205.0,205000,-40.0,-40000,29.7,active,negative,29.7,10.43,neutral,10.43,10.43,0.06560888824341006,-0.0004666355576294914,0.024954351795496044,-0.002577485662736001,-1.0,6,1,-29.7
2640,大車隊,數位雲端,2026-08-10,excluded,0,0,594,640,538,6.5,5.5,-1.0,"[-3113, -3000, 0, -1445, 7000]","[0, 0, 0, 0, 0]",True,,split,-0.038,-38,0.0,0,0.0,0,0.0,0.0,3.0,3.0,4.0,2.5,0.0,Q4,confirmed_distribution,0.0,0.0,0.0,4,-0.006498241830371794,1,31.322,31322,7.0,7000,5.555,5555,-0.558,-558,4.83,active,negative,4.83,44.59,reversing_positive,44.59,44.59,0.1110709219858156,0.22580645161290322,0.1354878048780488,-0.007643835616438356,3.0,5,1,-4.83,False,1.730103806228378,1.379310344827589,0.0,-5.671174468877027,35.07,-3.5549146338575754,-18.518376747409082,25.03,-5.671174468877027,-3.5549146338575754,True,-6.666666666666665,0.0,-10.909090909090914,-0.995492197789638,3.5549146338575754,7.609285838318169,0,0.0,0,0.0,0,0.0,0,0.0,0,0.0,0,,inactive,zero,,51.76,inactive,51.76,51.76,0.0,0.0,0.0,0.0,0.0,0,0,0.0
2642,宅配通,航運業,2026-08-10,excluded,0,5,231,344,332,32.16,28.93,-3.23,"[10000, 10000, 2000, -5000, 1000]","[0, 0, 0, 0, 0]",True,,split,0.0,0,-5.0,-5000,0.0,0,3.5,12.5,0.0,0.0,1.0,3.0,5.0,Q2,unconfirmed_accumulation,4.93,4.93,7.16,5,0.09005663013900125,1,12.7,12700,1.0,1000,-2.0,-2000,18.0,18000,49.35,active,positive,49.35,71.58,reversing_negative,71.58,71.58,0.02247787610619469,0.041666666666666664,-0.02040816326530612,0.09,0.0,6,4,49.35,False,0.24630541871921707,-0.7317073170731603,1.750000000000007,-1.868469616052837,48.76,-1.8049146338575683,-10.934701515277789,43.02,-1.868469616052837,-1.8049146338575683,True,-2.863961813842475,1.750000000000007,-3.32541567695962,-0.995492197789638,3.5549146338575754,7.609285838318169,0,0.0,0,0.0,0,0.0,0,0.0,0,0.0,0,,inactive,zero,,51.76,inactive,51.76,51.76,0.0,0.0,0.0,0.0,0.0,0,0,0.0
2645,長榮航太,航運業,2026-08-10,excluded,0,0,595,461,687,12.0,0.0,-12.0,"[-107972, 422491, -46993, 42141, -397277]","[-72000, 0, -3000, -145000, -2000]",True,,split,-48.626,-48626,0.149,149,0.0,0,1.0,0.0,-7.0,-7.0,7.0,4.0,0.0,Q4,confirmed_distribution,0.0,0.0,0.0,5,-0.007579657695856351,0,904.533,904533,-397.277,-397277,-402.129,-402129,-87.61,-87610,5.48,active,negative,5.48,43.94,stable,43.94,43.94,0.03952860201896605,-0.30073959121877364,-0.09990782608695652,-0.009448878343399482,-3.5,6,2,-5.48,False,-1.813471502590669,-3.562340966921118,2.7100271002709952,-23.65659527735947,4.17,-0.8448875335865802,16.246923312008633,90.48,-23.65659527735947,-0.8448875335865802,True,-24.65208747514911,2.7100271002709952,23.8562091503268,-0.995492197789638,3.5549146338575754,7.609285838318169,4,-0.023769597944541334,0,-846.0,-846000,-2.0,-2000,-150.0,-150000,-222.0,-222000,72.77,active,negative,72.77,4.04,stable,4.04,4.04,-0.03697067692173229,-0.001514004542013626,-0.037267080745341616,-0.023943054357204487,-3.5,2,0,-72.77
2646,星宇航空,航運業,2026-08-10,excluded,0,0,596,477,635,9.5,0.5,-9.0,"[-11888, 1144697, -651835, 804100, -6592000]","[-894000, 0, 0, 0, 0]",True,,split,-118.788,-118788,-159.48,-159480,0.0,0,0.0,0.0,-4.5,-4.5,4.5,5.0,0.0,Q4,confirmed_distribution,0.0,0.0,0.0,5,-0.1909391630614164,0,6204.952,6204952,-6592.0,-6592000,-6439.735,-6439735,-5306.926,-5306926,78.46,active,negative,78.46,9.26,stable,9.26,9.26,0.10091486005171825,-0.5522325542431097,-0.3564955159433127,-0.19474243147040476,-3.5,6,2,-78.46,False,-2.5821596244131495,-2.5821596244131495,-2.810304449648715,-1.1271493116443154,53.85,-6.3652190835062905,-4.886513561090444,62.97,-1.1271493116443154,-6.3652190835062905,True,-2.1226415094339535,-2.810304449648715,2.722772277227725,-0.995492197789638,3.5549146338575754,7.609285838318169,1,-0.0330273412117833,0,-1753.0,-1753000,0.0,0,0.0,0,-894.0,-894000,79.7,active,negative,79.7,3.26,neutral,3.26,3.26,-0.028510091564070455,0.0,0.0,-0.03280613555465854,-1.0,4,0,-79.7
2701,萬企,觀光餐旅,2026-08-10,excluded,0,0,597,641,688,6.5,0.0,-6.5,"[-31000, 0, -8000, -6000, -19000]","[0, 0, 0, 0, 0]",True,,split,0.0,0,-27.0,-27000,0.0,0,0.0,0.0,-3.5,-3.5,4.5,2.0,0.0,Q4,confirmed_distribution,0.0,0.0,0.0,4,-0.29787748817771914,0,100.9,100900,-19.0,-19000,-33.0,-33000,-64.0,-64000,90.73,active,negative,90.73,4.3,stable,4.3,4.3,0.12141997593261131,-0.37254901960784315,-0.39285714285714285,-0.29767441860465116,-3.5,4,0,-90.73,False,-0.46948356807512415,0.4739336492890933,0.0,-0.3998566394196712,58.54,-3.5549146338575754,-5.686208915241253,61.28,-0.3998566394196712,-3.5549146338575754,True,-1.3953488372093092,0.0,1.9230769230769162,-0.995492197789638,3.5549146338575754,7.609285838318169,0,0.0,0,0.0,0,0.0,0,0.0,0,0.0,0,,inactive,zero,,51.76,inactive,51.76,51.76,0.0,0.0,0.0,0.0,0.0,0,0,0.0
2702,華園,觀光餐旅,2026-08-10,excluded,0,5,232,301,307,35.92,31.59,-4.33,"[0, -1000, -2000, 4000, 11000]","[0, 0, 0, 0, 0]",True,,split,0.0,0,2.0,2000,0.0,0,4.5,11.49,5.0,5.0,6.0,3.0,5.0,Q2,unconfirmed_accumulation,2.6,2.6,5.93,4,0.04599258084873859,2,67.2,67200,11.0,11000,13.0,13000,12.0,12000,26.04,active,positive,26.04,59.32,accelerating,59.32,59.32,0.11448040885860307,0.3142857142857143,0.06280193236714976,0.04597701149425287,5.0,6,2,26.04,False,0.0,-0.7968127490039945,-1.1904761904761973,-3.2352770329796,42.63,-4.745390824333773,-11.840055069087407,40.03,-3.2352770329796,-4.745390824333773,True,-4.230769230769238,-1.1904761904761973,-4.230769230769238,-0.995492197789638,3.5549146338575754,7.609285838318169,0,0.0,0,0.0,0,0.0,0,0.0,0,0.0,0,,inactive,zero,,51.76,inactive,51.76,51.76,0.0,0.0,0.0,0.0,0.0,0,0,0.0
2704,國賓,觀光餐旅,2026-08-10,excluded,0,0,598,707,689,5.5,0.0,-5.5,"[-87000, -16000, -53000, -11000, -10000]","[0, 0, 0, 0, 0]",True,,split,0.0,0,-19.0,-19000,0.0,0,0.0,0.0,-3.5,-3.5,4.5,1.0,0.0,Q4,confirmed_distribution,0.0,0.0,0.0,5,-0.36099594356379533,0,-118.6,-118600,-10.0,-10000,-74.0,-74000,-177.0,-177000,95.43,active,negative,95.43,2.09,stable,2.09,2.09,-0.08978046934140803,-0.12658227848101267,-0.34101382488479265,-0.3619631901840491,-3.5,2,0,-95.43,False,0.872410032715365,0.872410032715365,-2.4261603375527407,2.420930794280862,75.88,-5.981074971410316,1.9878705597860877,77.44,2.420930794280862,-5.981074971410316,True,1.4254385964912242,-2.4261603375527407,9.597156398104257,-0.995492197789638,3.5549146338575754,7.609285838318169,0,0.0,0,0.0,0,0.0,0,0.0,0,0.0,0,,inactive,zero,,51.76,inactive,51.76,51.76,0.0,0.0,0.0,0.0,0.0,0,0,0.0
2705,六福,觀光餐旅,2026-08-10,excluded,0,2,455,145,142,51.01,46.58,-4.43,"[6000, 10000, -14000, 10001, 2001]","[0, 0, 0, 0, 0]",True,,split,0.0,0,-14.0,-14000,0.0,0,3.5,10.18,1.0,1.0,2.0,4.5,25.0,Q1,confirmed_accumulation,2.4,2.4,5.83,5,0.04085706569684748,2,3251.303,3251303,2.001,2001,-1.998,-1998,14.002,14002,24.02,active,positive,24.02,58.28,neutral,58.28,58.28,3.3041697154471543,0.11116666666666666,-0.012645569620253165,0.040703488372093026,1.0,9,4,24.02,False,0.0,0.6211180124223503,0.3095975232198178,0.6877998900973292,66.23,-3.2453171106377576,-1.7269328971416975,69.88,0.6877998900973292,-3.2453171106377576,True,-0.3076923076923088,0.3095975232198178,5.882352941176472,-0.995492197789638,3.5549146338575754,7.609285838318169,0,0.0,0,0.0,0,0.0,0,0.0,0,0.0,0,,inactive,zero,,51.76,inactive,51.76,51.76,0.0,0.0,0.0,0.0,0.0,0,0,0.0
2706,第一店,觀光餐旅,2026-08-10,excluded,0,0,599,584,690,7.0,0.0,-7.0,"[-22000, 16000, -51000, -12000, -6000]","[0, 0, 0, 0, 0]",True,,split,0.0,0,-53.0,-53000,0.0,0,0.0,0.0,-3.5,-3.5,4.5,2.5,0.0,Q4,confirmed_distribution,0.0,0.0,0.0,5,-0.14230046197989207,0,224.8,224800,-6.0,-6000,-69.0,-69000,-75.0,-75000,68.15,active,negative,68.15,13.69,stable,13.69,13.69,0.15600277585010408,-0.08,-0.3382352941176471,-0.14204545454545456,-3.5,5,1,-68.15,False,0.40160642570281624,0.8064516129032251,-0.3984063745020028,0.5970858232876353,65.19,-3.9533210083595782,-4.72862740210418,63.62,0.5970858232876353,-3.9533210083595782,True,-0.3984063745020028,-0.3984063745020028,2.8806584362139898,-0.995492197789638,3.5549146338575754,7.609285838318169,0,0.0,0,0.0,0,0.0,0,0.0,0,0.0,0,,inactive,zero,,51.76,inactive,51.76,51.76,0.0,0.0,0.0,0.0,0.0,0,0,0.0
2707,晶華,觀光餐旅,2026-08-10,excluded,0,0,600,679,557,6.0,5.0,-1.0,"[-222795, -124000, -18000, 66190, -3000]","[0, 0, 0, 0, 0]",True,,split,-1.0,-1000,-6.931,-6931,0.0,0,0.0,0.0,3.0,3.0,4.0,2.0,0.0,Q3,absorption_divergence,0.0,0.0,0.0,5,-0.34192871853066026,0,225.254,225254,-3.0,-3000,45.19,45190,-301.605,-301605,94.26,active,negative,94.26,2.61,reversing_positive,2.61,2.61,0.08935105117017057,-0.023809523809523808,0.12313351498637602,-0.34587729357798164,3.0,4,1,-94.26,False,0.278551532033422,2.2727272727272707,0.5586592178770999,0.7184838875403332,66.49,-2.9962554159804755,-3.2614597513616506,67.28,0.7184838875403332,-2.9962554159804755,True,-0.27700831024930483,0.5586592178770999,4.347826086956519,-0.995492197789638,3.5549146338575754,7.609285838318169,0,0.0,0,0.0,0,0.0,0,0.0,0,0.0,0,,inactive,zero,,51.76,inactive,51.76,51.76,0.0,0.0,0.0,0.0,0.0,0,0,0.0
2712,遠雄來,觀光餐旅,2026-08-10,excluded,0,5,233,118,108,55.2,52.62,-2.58,"[-4000, 0, 7000, 0, 1000]","[0, 0, 0, 0, 0]",True,,mixed,0.0,0,-2.0,-2000,0.0,0,3.5,12.5,1.75,1.75,2.75,3.5,25.0,Q1,confirmed_accumulation,6.37,6.37,7.95,3,0.13279192273924495,1,21.785,21785,1.0,1000,8.0,8000,4.0,4000,63.71,active,positive,63.71,79.53,decelerating,79.53,79.53,0.2656707317073171,0.3333333333333333,0.5714285714285714,0.12903225806451613,1.75,7,2,63.71,False,0.6734006734006703,2.397260273972601,0.6734006734006703,1.6688928711903084,71.58,-2.881513960456905,-17.54904487446276,26.6,1.6688928711903084,-2.881513960456905,True,0.6734006734006703,0.6734006734006703,-9.93975903614459,-0.995492197789638,3.5549146338575754,7.609285838318169,0,0.0,0,0.0,0,0.0,0,0.0,0,0.0,0,,inactive,zero,,51.76,inactive,51.76,51.76,0.0,0.0,0.0,0.0,0.0,0,0,0.0
2722,夏都,觀光餐旅,2026-08-10,excluded,0,0,601,680,691,6.0,0.0,-6.0,"[-2000, -12000, -4000, -3000, -3000]","[0, 0, 0, 0, 0]",True,,split,0.0,0,-8.0,-8000,0.0,0,0.0,0.0,-3.5,-3.5,4.5,1.5,0.0,Q4,confirmed_distribution,0.0,0.0,0.0,5,-0.12171613486899335,0,8.5,8500,-3.0,-3000,-10.0,-10000,-24.0,-24000,61.1,active,negative,61.1,17.08,stable,17.08,17.08,0.016159695817490494,-0.15789473684210525,-0.10869565217391304,-0.12244897959183673,-3.5,3,0,-61.1,False,0.4566210045662267,1.382488479262678,-0.6772009029345272,-2.088208242738998,47.2,-4.232115536792103,-13.188684979949073,36.64,-2.088208242738998,-4.232115536792103,True,-3.083700440528636,-0.6772009029345272,-5.579399141630903,-0.995492197789638,3.5549146338575754,7.609285838318169,0,0.0,0,0.0,0,0.0,0,0.0,0,0.0,0,,inactive,zero,,51.76,inactive,51.76,51.76,0.0,0.0,0.0,0.0,0.0,0,0,0.0
2723,美食-KY,觀光餐旅,2026-08-10,excluded,0,0,602,585,505,7.0,6.0,-1.0,"[-85286, -32000, -68000, 54000, 12000]","[0, 0, 0, 0, 0]",True,,split,0.0,0,-23.591,-23591,0.0,0,0.0,0.0,3.0,3.0,4.0,3.0,0.0,Q4,confirmed_distribution,0.0,0.0,0.0,5,-0.142228157036118,2,240.061,240061,12.0,12000,-2.0,-2000,-119.286,-119286,68.41,active,negative,68.41,13.56,reversing_positive,13.56,13.56,0.09985898502495841,0.11214953271028037,-0.004048582995951417,-0.1444140435835351,3.0,6,2,-68.41,False,1.2882447665056418,2.777777777777768,1.12540192926045,-2.532115164173554,45.24,-2.4295127045971254,-10.988702120960248,42.5,-2.532115164173554,-2.4295127045971254,True,-3.527607361963192,1.12540192926045,-3.379416282642078,-0.995492197789638,3.5549146338575754,7.609285838318169,0,0.0,0,0.0,0,0.0,0,0.0,0,0.0,0,,inactive,zero,,51.76,inactive,51.76,51.76,0.0,0.0,0.0,0.0,0.0,0,0,0.0
2727,王品,觀光餐旅,2026-08-10,wait_pullback,14,7,78,81,64,57.83,56.48,-1.35,"[-81913, -378368, 20020, 1143089, 577000]","[0, 0, 0, 0, 0]",True,,split,14.799,14799,-83.024,-83024,0.0,0,3.5,12.5,1.75,1.75,2.75,4.5,25.0,Q1,confirmed_accumulation,9.23,9.23,9.58,5,0.31736370772668926,3,3615.879,3615879,577.0,577000,1740.109,1740109,1279.828,1279828,92.3,active,positive,92.3,95.83,decelerating,95.83,95.83,0.41967026462395546,0.4756801319043693,0.5699669177857845,0.30625221344819337,1.75,7,3,92.3,False,2.330508474576276,7.8125,5.921052631578938,2.0415173023921596,73.79,2.3661379977213626,-5.710551661102969,61.15,2.0415173023921596,2.3661379977213626,True,1.0460251046025215,5.921052631578938,1.8987341772152,-0.995492197789638,3.5549146338575754,7.609285838318169,0,0.0,0,2.0,2000,0.0,0,0.0,0,0.0,0,,inactive,zero,,51.76,inactive,51.76,51.76,0.00023212627669452182,0.0,0.0,0.0,0.0,2,0,0.0
2729,瓦城,觀光餐旅,2026-08-10,excluded,0,0,603,708,570,5.5,4.5,-1.0,"[-13000, 1444, -4000, 1000, -969]","[0, 0, 0, 0, 0]",True,,split,0.0,0,0.0,0,0.0,0,0.0,0.0,3.0,3.0,4.0,1.5,0.0,Q4,confirmed_distribution,0.0,0.0,0.0,5,-0.19468270910149427,0,-38.974,-38974,-0.969,-969,-3.969,-3969,-15.525,-15525,78.33,active,negative,78.33,9.39,reversing_positive,9.39,9.39,-0.08274734607218684,-0.1615,-0.14175,-0.1940625,3.0,3,2,-78.33,False,0.0,0.0,-1.2345679012345734,2.9063202232673446,78.49,-4.789482535092149,-10.048310228562073,45.24,2.9063202232673446,-4.789482535092149,True,1.9108280254777066,-1.2345679012345734,-2.4390243902439046,-0.995492197789638,3.5549146338575754,7.609285838318169,0,0.0,0,0.0,0,0.0,0,0.0,0,0.0,0,,inactive,zero,,51.76,inactive,51.76,51.76,0.0,0.0,0.0,0.0,0.0,0,0,0.0
2731,雄獅,觀光餐旅,2026-08-10,excluded,0,0,604,740,609,4.5,1.5,-3.0,"[-179000, -448816, -170000, -144000, 17000]","[0, 0, 0, 0, 0]",True,,split,-5.207,-5207,-23.207,-23207,0.0,0,0.0,0.0,-1.0,-1.0,2.0,2.5,0.0,Q4,confirmed_distribution,0.0,0.0,0.0,5,-0.3433600851224144,1,-237.727,-237727,17.0,17000,-297.0,-297000,-924.816,-924816,94.13,active,negative,94.13,2.74,neutral,2.74,2.74,-0.04677823691460055,0.05448717948717949,-0.20454545454545456,-0.3430326409495549,-1.0,4,1,-94.13,False,0.34482758620688614,-0.3424657534246589,-0.6825938566552892,1.3403197839965242,69.49,-4.237508490512864,-17.236615030864755,27.25,1.3403197839965242,-4.237508490512864,True,0.34482758620688614,-0.6825938566552892,-9.627329192546586,-0.995492197789638,3.5549146338575754,7.609285838318169,0,0.0,0,2.29,2290,0.0,0,0.0,0,0.0,0,,inactive,zero,,51.76,inactive,51.76,51.76,0.00045060999606454154,0.0,0.0,0.0,0.0,1,0,0.0
2736,富野,觀光餐旅,2026-08-10,excluded,0,5,234,446,434,19.48,13.92,-5.56,"[-2000, -11000, 13000, 0, 1000]","[0, 0, 0, 0, 0]",True,,mixed,-0.362,-362,0.0,0,0.0,0,3.5,0.96,1.75,1.75,2.75,2.5,5.0,Q2,unconfirmed_accumulation,0.21,0.21,4.77,4,0.003501342181169448,1,43.0,43000,1.0,1000,14.0,14000,1.0,1000,2.09,active,positive,2.09,47.72,decelerating,47.72,47.72,0.06030855539971949,0.017857142857142856,0.09395973154362416,0.0038314176245210726,1.75,5,2,2.09,False,-0.43478260869566077,-0.43478260869566077,-1.2931034482758674,-1.9706094971256305,47.98,-4.848018082133443,-14.896735231030721,32.46,-1.9706094971256305,-4.848018082133443,True,-2.9661016949152685,-1.2931034482758674,-7.287449392712553,-0.995492197789638,3.5549146338575754,7.609285838318169,0,0.0,0,0.0,0,0.0,0,0.0,0,0.0,0,,inactive,zero,,51.76,inactive,51.76,51.76,0.0,0.0,0.0,0.0,0.0,0,0,0.0
2739,寒舍,觀光餐旅,2026-08-10,excluded,0,0,605,507,474,8.0,7.0,-1.0,"[-64999, -13000, -19280, 13000, 220]","[0, 0, 0, 0, 0]",True,,split,0.0,0,1.0,1000,0.0,0,1.0,0.0,3.0,3.0,4.0,3.0,0.0,Q4,confirmed_distribution,0.0,0.0,0.0,5,-0.24550418659514658,2,56.541,56541,0.22,220,-6.06,-6060,-84.059,-84059,85.51,active,negative,85.51,6.13,reversing_positive,6.13,6.13,0.05274347014925373,0.006111111111111111,-0.04391304347826087,-0.2465073313782991,3.0,6,2,-85.51,False,0.5847953216374213,1.027900146842886,-0.4341534008682979,2.023392344632524,73.66,-3.9890680347258733,-8.473839152439222,51.11,2.023392344632524,-3.9890680347258733,True,1.027900146842886,-0.4341534008682979,-0.8645533141210526,-0.995492197789638,3.5549146338575754,7.609285838318169,0,0.0,0,0.0,0,0.0,0,0.0,0,0.0,0,,inactive,zero,,51.76,inactive,51.76,51.76,0.0,0.0,0.0,0.0,0.0,0,0,0.0
2743,山富,觀光餐旅,2026-08-10,excluded,0,5,235,316,284,34.78,33.23,-1.55,"[38000, 37000, 39800, 8000, -12000]","[0, 0, 0, 0, 0]",True,,split,-0.425,-425,0.0,0,0.0,0,3.5,12.5,0.0,0.0,1.0,3.5,5.0,Q2,unconfirmed_accumulation,8.73,8.73,9.28,5,0.25761010720884214,0,187.8,187800,-12.0,-12000,35.8,35800,110.8,110800,87.34,active,positive,87.34,92.83,reversing_negative,92.83,92.83,0.19281314168377822,-0.10619469026548672,0.14094488188976378,0.25827505827505826,0.0,7,4,87.34,False,-1.3864818024263537,0.707964601769917,0.8865248226950451,-11.060149224157822,18.38,-2.6683898111625304,-24.422151335394204,14.99,-11.060149224157822,-2.6683898111625304,True,-12.05564142194746,0.8865248226950451,-16.812865497076036,-0.995492197789638,3.5549146338575754,7.609285838318169,0,0.0,0,0.0,0,0.0,0,0.0,0,0.0,0,,inactive,zero,,51.76,inactive,51.76,51.76,0.0,0.0,0.0,0.0,0.0,0,0,0.0
2748,雲品,觀光餐旅,2026-08-10,excluded,0,0,606,681,558,6.0,5.0,-1.0,"[-73000, -33000, -71000, 3000, 26000]","[0, 0, 0, 0, 0]",True,,split,0.0,0,-25.0,-25000,0.0,0,0.0,0.0,3.0,3.0,4.0,2.0,0.0,Q4,confirmed_distribution,0.0,0.0,0.0,5,-0.3203429951828765,2,-176.02,-176020,26.0,26000,-42.0,-42000,-148.0,-148000,93.08,active,negative,93.08,3.26,reversing_positive,3.26,3.26,-0.1153473132372215,0.38235294117647056,-0.175,-0.3224400871459695,3.0,4,2,-93.08,False,0.39113428943937656,0.785340314136107,0.785340314136107,-2.1491618902606757,46.94,-2.7695743197214684,-11.359285838318167,41.33,-2.1491618902606757,-2.7695743197214684,True,-3.1446540880503138,0.785340314136107,-3.749999999999998,-0.995492197789638,3.5549146338575754,7.609285838318169,0,0.0,0,0.0,0,0.0,0,0.0,0,0.0,0,,inactive,zero,,51.76,inactive,51.76,51.76,0.0,0.0,0.0,0.0,0.0,0,0,0.0
2753,八方雲集,觀光餐旅,2026-08-10,excluded,0,5,236,76,77,58.19,54.83,-3.36,"[-80000, -17759, -26000, 125134, 150391]","[-1984, -607, 0, -1000, 0]",True,,split,1.069,1069,-6.98,-6980,0.0,0,3.5,12.5,4.0,4.0,6.0,3.0,25.0,Q1,confirmed_accumulation,6.83,6.83,8.19,5,0.14777225885532233,2,829.189,829189,150.391,150391,249.525,249525,151.766,151766,68.28,active,positive,68.28,81.88,accelerating,81.88,81.88,0.2998875226039783,0.43718313953488375,0.36857459379615953,0.14371780303030304,5.0,6,2,68.28,False,1.9337016574585641,3.0726256983240274,2.785515320334264,5.23278033338287,86.18,-0.7693993135233113,-3.6656238664871887,66.75,5.23278033338287,-0.7693993135233113,True,4.237288135593231,2.785515320334264,3.9436619718309807,-0.995492197789638,3.5549146338575754,7.609285838318169,3,-0.0033651766882806314,0,-7.566,-7566,0.0,0,-1.0,-1000,-3.591,-3591,35.15,active,negative,35.15,9.65,neutral,9.65,9.65,-0.002736347197106691,0.0,-0.0014771048744460858,-0.0034005681818181817,-1.0,0,0,-35.15
2755,揚秦,觀光餐旅,2026-08-10,excluded,0,0,607,709,692,5.5,0.0,-5.5,"[-4000, -2000, -6000, -29000, -15000]","[0, 0, 0, 0, 0]",True,,split,0.397,397,-6.287,-6287,0.0,0,0.0,0.0,-3.5,-3.5,4.5,1.0,0.0,Q4,confirmed_distribution,0.0,0.0,0.0,5,-0.3109940572663425,0,-41.987,-41987,-15.0,-15000,-50.0,-50000,-56.0,-56000,92.95,active,negative,92.95,3.39,stable,3.39,3.39,-0.11928125,-0.26785714285714285,-0.33783783783783783,-0.3111111111111111,-3.5,2,0,-92.95,False,0.4878048780487809,0.0,0.9803921568627416,-24.366826642790073,3.39,-2.574522476994834,-30.165676815761778,9.0,-24.366826642790073,-2.574522476994834,True,-25.36231884057971,0.9803921568627416,-22.55639097744361,-0.995492197789638,3.5549146338575754,7.609285838318169,0,0.0,0,0.0,0,0.0,0,0.0,0,0.0,0,,inactive,zero,,51.76,inactive,51.76,51.76,0.0,0.0,0.0,0.0,0.0,0,0,0.0
2762,世界健身-KY,37,2026-08-10,excluded,0,0,608,586,506,7.0,6.0,-1.0,"[-47054, -23000, -24000, -1000, 6000]","[0, 0, 0, 0, 0]",True,,split,0.0,0,2.0,2000,0.0,0,1.0,0.0,3.0,3.0,4.0,2.0,0.0,Q4,confirmed_distribution,0.0,0.0,0.0,5,-0.24924663575934772,1,-2.225,-2225,6.0,6000,-19.0,-19000,-89.054,-89054,86.03,active,negative,86.03,5.87,reversing_positive,5.87,5.87,-0.002127151051625239,0.0759493670886076,-0.11728395061728394,-0.24945098039215685,3.0,4,1,-86.03,False,2.7878787878787836,-0.7025761124121899,-1.1655011655011704,4.410126344131104,83.44,-4.7204157993587454,-6.536580236411149,58.8,4.410126344131104,-4.7204157993587454,True,3.4146341463414664,-1.1655011655011704,1.0727056019070202,-0.995492197789638,3.5549146338575754,7.609285838318169,0,0.0,0,0.0,0,0.0,0,0.0,0,0.0,0,,inactive,zero,,51.76,inactive,51.76,51.76,0.0,0.0,0.0,0.0,0.0,0,0,0.0
2801,彰銀,金融保險,2026-08-10,excluded,0,3,417,436,455,21.39,9.69,-11.7,"[-37600382, -15948002, -4588609, -2165314, -3302214]","[3052000, -205027, -955000, -332000, -289338]",True,,split,-457.578,-457578,-9088.0,-9088000,0.0,0,3.5,1.54,-3.5,-3.5,3.5,3.5,0.0,Q4,confirmed_distribution,4.65,4.65,9.35,5,-0.3150239690117114,0,-85742.717,-85742717,-3302.214,-3302214,-10056.137,-10056137,-63604.521,-63604521,92.69,active,negative,92.69,3.52,stable,3.52,3.52,-0.19470033357327599,-0.2133075382727214,-0.14294234623530583,-0.3087328340242115,-3.5,2,0,-92.69,False,0.2159827213823018,-1.9027484143763207,-8.661417322834641,-1.7298746785206487,49.54,-12.216331956692215,6.116204357760258,83.44,-1.7298746785206487,-12.216331956692215,True,-2.7253668763102867,-8.661417322834641,13.725490196078427,-0.995492197789638,3.5549146338575754,7.609285838318169,5,0.0071906498891940625,0,6518.195,6518195,-289.338,-289338,-1576.338,-1576338,1270.635,1270635,46.53,active,positive,46.53,93.48,reversing_negative,93.48,93.48,0.014801195777312022,-0.01868987791486338,-0.022406760387201317,0.006167592152142046,0.0,5,1,46.53
2812,台中銀,金融保險,2026-08-10,excluded,0,3,418,397,417,26.27,16.65,-9.62,"[-29219854, -9945415, -20938492, 865075, -6399897]","[2619000, -24454, 0, 0, -8151]",True,,split,-1628.282,-1628282,-551.482,-551482,0.0,0,3.5,5.62,-3.5,-3.5,3.5,4.0,0.0,Q4,confirmed_distribution,7.03,7.03,9.65,5,-0.5709022581035227,0,-61442.226,-61442226,-6399.897,-6399897,-26473.314,-26473314,-65638.583,-65638583,99.74,active,negative,99.74,0.13,stable,0.13,0.13,-0.22836646583733194,-0.4505700506899465,-0.4688778803067604,-0.5705867068856108,-3.5,3,1,-99.74,False,0.2680965147453085,-0.5319148936170248,-9.443099273607746,-8.447607075818109,24.51,-12.998013907465321,-9.188233206739227,48.44,-8.447607075818109,-12.998013907465321,True,-9.443099273607746,-9.443099273607746,-1.5789473684210575,-0.995492197789638,3.5549146338575754,7.609285838318169,3,0.02268828391933743,0,6502.349,6502349,-8.151,-8151,-8.151,-8151,2586.395,2586395,70.3,active,positive,70.3,96.48,reversing_negative,96.48,96.48,0.02416771913131711,-0.0005738524359335398,-0.00014436513699721932,0.0224831575927745,0.0,5,1,70.3
2816,旺旺保,金融保險,2026-08-10,excluded,0,5,237,318,319,34.71,30.28,-4.43,"[-50000, 4000, -40000, 23000, 100000]","[0, 0, 0, 0, 0]",True,,split,0.0,0,28.0,28000,0.0,0,4.5,9.92,5.0,5.0,6.0,3.5,5.0,Q2,unconfirmed_accumulation,2.36,2.36,5.79,5,0.040250157301656896,2,240.879,240879,100.0,100000,83.0,83000,37.0,37000,23.63,active,positive,23.63,57.89,accelerating,57.89,57.89,0.11664842615012107,0.37174721189591076,0.14768683274021352,0.03969957081545064,5.0,7,3,23.63,False,-0.5882352941176561,0.4457652303120341,0.1481481481481417,-1.4576102553128245,51.76,-3.4067664857094337,0.5507141616818201,74.71,-1.4576102553128245,-3.4067664857094337,True,-2.4531024531024626,0.1481481481481417,8.15999999999999,-0.995492197789638,3.5549146338575754,7.609285838318169,0,0.0,0,0.0,0,0.0,0,0.0,0,0.0,0,,inactive,zero,,51.76,inactive,51.76,51.76,0.0,0.0,0.0,0.0,0.0,0,0,0.0
2820,華票,金融保險,2026-08-10,excluded,0,0,609,534,693,7.5,0.0,-7.5,"[-3655140, -373670, -169000, 203000, -1255580]","[0, 0, 0, 0, 0]",True,,split,0.0,0,126.6,126600,0.0,0,1.0,0.0,-3.5,-3.5,4.5,2.0,0.0,Q4,confirmed_distribution,0.0,0.0,0.0,5,-0.4791618555005086,0,-3974.948,-3974948,-1255.58,-1255580,-1221.58,-1221580,-5250.39,-5250390,98.83,active,negative,98.83,0.52,stable,0.52,0.52,-0.17742927286524127,-0.6512344398340248,-0.2759385588434606,-0.47931257987949605,-3.5,4,1,-98.83,False,0.0,0.30674846625766694,-0.9090909090909038,-0.8063096040121454,55.41,-4.464005542948479,-9.997345539810699,45.5,-0.8063096040121454,-4.464005542948479,True,-1.8018018018017834,-0.9090909090909038,-2.3880597014925287,-0.995492197789638,3.5549146338575754,7.609285838318169,0,0.0,0,0.0,0,0.0,0,0.0,0,0.0,0,,inactive,zero,,51.76,inactive,51.76,51.76,0.0,0.0,0.0,0.0,0.0,0,0,0.0
2832,台產,金融保險,2026-08-10,excluded,0,0,610,508,507,8.0,6.0,-2.0,"[-119000, -64000, 47000, 50000, -13000]","[-2242, -1383, 0, 0, 0]",True,,split,-1.634,-1634,1.864,1864,0.0,0,1.0,0.0,2.0,2.0,4.0,3.0,0.0,Q4,confirmed_distribution,0.0,0.0,0.0,5,-0.10445104174834097,0,462.909,462909,-13.0,-13000,84.0,84000,-99.0,-99000,54.57,active,negative,54.57,19.95,reversing_positive,19.95,19.95,0.18231941709334384,-0.19117647058823528,0.15300546448087432,-0.10291060291060292,3.0,6,2,-54.57,False,-0.17064846416382506,-0.17064846416382506,-2.985074626865669,3.988449944268513,80.96,-6.539989260723244,0.9250369817189297,75.49,3.988449944268513,-6.539989260723244,True,2.992957746478875,-2.985074626865669,8.534322820037099,-0.995492197789638,3.5549146338575754,7.609285838318169,2,-0.0037933717291668157,0,-8.125,-8125,0.0,0,0.0,0,-3.625,-3625,38.61,active,negative,38.61,9.13,neutral,9.13,9.13,-0.003200078771169752,0.0,0.0,-0.0037681912681912684,-1.0,0,0,-38.61
2834,臺企銀,金融保險,2026-08-10,excluded,0,3,419,398,426,25.76,15.32,-10.44,"[-30317151, -23329934, -23309037, -10896660, -13574000]","[3306000, -31318, -5000, 0, 894]",True,,split,-3882.088,-3882088,-947.42,-947420,0.0,0,3.5,3.73,-2.5,-2.5,4.5,4.5,0.0,Q4,confirmed_distribution,6.09,6.09,9.53,5,-0.4622396476537845,0,-106460.298,-106460298,-13574.0,-13574000,-47779.697,-47779697,-101426.782,-101426782,98.56,active,negative,98.56,0.65,stable,0.65,0.65,-0.19829366229450793,-0.5006454468336222,-0.48857992903377545,-0.46255937575533695,-3.5,2,0,-98.56,False,0.0,-1.4925373134328401,-9.340659340659341,-6.046761323337124,33.9,-12.895573974516918,-4.484285838318169,64.28,-6.046761323337124,-12.895573974516918,True,-7.042253521126762,-9.340659340659341,3.125,-0.995492197789638,3.5549146338575754,7.609285838318169,4,0.015095744707723657,1,8254.997,8254997,0.894,894,-4.106,-4106,3270.576,3270576,60.89,active,positive,60.89,95.31,neutral,95.31,95.31,0.015375812562164498,3.297311252904511e-05,-4.1986645260908244e-05,0.014915543637383536,1.0,7,2,60.89
2836,高雄銀,金融保險,2026-08-10,excluded,0,0,611,642,694,6.5,0.0,-6.5,"[-1469000, -1182817, -949000, -233000, -815000]","[0, 0, 0, 0, 0]",True,,split,0.0,0,132.692,132692,0.0,0,1.0,0.0,-3.5,-3.5,4.5,1.0,0.0,Q4,confirmed_distribution,0.0,0.0,0.0,5,-0.4839381358451885,0,-1797.883,-1797883,-815.0,-815000,-1997.0,-1997000,-4648.817,-4648817,98.96,active,negative,98.96,0.39,stable,0.39,0.39,-0.03522153002252914,-0.4657142857142857,-0.4845911186605193,-0.4842517708333333,-3.5,2,0,-98.96,False,0.42194092827005925,0.8474576271186418,-0.4184100418409997,-4.183790670736265,38.59,-3.973324675698575,-6.761828211199528,57.63,-4.183790670736265,-3.973324675698575,True,-5.1792828685259025,-0.4184100418409997,0.8474576271186418,-0.995492197789638,3.5549146338575754,7.609285838318169,0,0.0,0,0.0,0,0.0,0,0.0,0,0.0,0,,inactive,zero,,51.76,inactive,51.76,51.76,0.0,0.0,0.0,0.0,0.0,0,0,0.0
2845,遠東銀,金融保險,2026-08-10,other_watch,38,3,420,438,444,20.9,12.21,-8.69,"[-975000, -898983, -4183776, 1301347, -1156493]","[1000, 0, 0, 0, 0]",True,,split,-22.481,-22481,-294.519,-294519,0.0,0,3.5,0.01,4.0,4.0,4.0,4.5,0.0,Q4,confirmed_distribution,0.2,0.2,8.89,5,-0.20298140851428345,0,16091.636,16091636,-1156.493,-1156493,-4038.922,-4038922,-5912.905,-5912905,80.03,active,negative,80.03,8.34,reversing_positive,8.34,8.34,0.15660959610705597,-0.17403957863054928,-0.2097269706096168,-0.20331837562753594,3.0,4,1,-80.03,False,-0.37878787878786735,-1.1278195488721776,-1.4981273408239626,-0.5026351430343245,58.15,-5.053041974681538,1.5193448670760104,76.53,-0.5026351430343245,-5.053041974681538,True,-1.4981273408239626,-1.4981273408239626,9.12863070539418,-0.995492197789638,3.5549146338575754,7.609285838318169,1,3.46239249499092e-05,0,2052.0,2052000,0.0,0,0.0,0,1.0,1000,1.98,active,positive,1.98,88.92,neutral,88.92,88.92,0.019970802919708028,0.0,0.0,3.4385530568736674e-05,1.0,5,1,1.98
2849,安泰銀,金融保險,2026-08-10,excluded,0,0,612,535,488,7.5,6.5,-1.0,"[-154000, -10000, -142000, 62000, 13000]","[0, 0, 0, 0, 0]",True,,split,0.0,0,-24.0,-24000,0.0,0,0.0,0.0,3.0,3.0,4.0,3.5,0.0,Q4,confirmed_distribution,0.0,0.0,0.0,5,-0.20736746530287029,2,762.3,762300,13.0,13000,-67.0,-67000,-231.0,-231000,80.81,active,negative,80.81,7.95,reversing_positive,7.95,7.95,0.2357871945561398,0.40625,-0.15056179775280898,-0.2079207920792079,3.0,7,2,-80.81,False,1.379310344827589,0.3412969283276279,-3.9215686274509887,1.336789126117266,69.36,-7.476483261308564,4.177786405027839,81.23,1.336789126117266,-7.476483261308564,True,0.3412969283276279,-3.9215686274509887,11.787072243346008,-0.995492197789638,3.5549146338575754,7.609285838318169,0,0.0,0,0.0,0,0.0,0,0.0,0,0.0,0,,inactive,zero,,51.76,inactive,51.76,51.76,0.0,0.0,0.0,0.0,0.0,0,0,0.0
2850,新產,金融保險,2026-08-10,other_watch,16,0,613,536,489,7.5,6.5,-1.0,"[-147111, -8004, -70760, 158191, -3006]","[0, 0, 0, 0, 0]",True,,split,-1.0,-1000,-34.464,-34464,0.0,0,0.0,0.0,3.0,3.0,4.0,3.5,0.0,Q4,confirmed_distribution,0.0,0.0,0.0,5,-0.03505040977839131,0,408.126,408126,-3.006,-3006,84.425,84425,-70.69,-70690,22.19,active,negative,22.19,35.07,reversing_positive,35.07,35.07,0.07513365243004418,-0.018441717791411044,0.10921733505821475,-0.03768123667377399,3.0,4,1,-22.19,False,-0.9202453987730008,2.5396825396825307,-2.1212121212121238,12.374802542617214,95.57,-5.676126755069699,14.739199010166672,89.7,12.374802542617214,-5.676126755069699,True,11.379310344827577,-2.1212121212121238,22.34848484848484,-0.995492197789638,3.5549146338575754,7.609285838318169,0,0.0,0,27.0,27000,0.0,0,0.0,0,0.0,0,,inactive,zero,,51.76,inactive,51.76,51.76,0.004970544918998527,0.0,0.0,0.0,0.0,3,0,0.0
2851,中再保,金融保險,2026-08-10,excluded,0,5,238,379,374,28.39,23.44,-4.95,"[-255583, -89000, -12108, 217020, 254000]","[0, 0, 0, 0, 0]",True,,split,29.182,29182,-107.0,-107000,0.0,0,3.5,5.53,5.0,5.0,6.0,3.0,5.0,Q2,unconfirmed_accumulation,1.41,1.41,5.36,5,0.024306961301229488,2,1199.915,1199915,254.0,254000,458.912,458912,114.329,114329,14.1,active,positive,14.1,53.59,accelerating,53.59,53.59,0.06658056819442904,0.19359756097560976,0.14394981179422836,0.022139620449264135,5.0,6,2,14.1,False,1.5514809590973178,2.857142857142847,3.4482758620689724,-4.392155634010619,38.07,-0.10663877178860304,1.1520434668177861,75.75,-4.392155634010619,-0.10663877178860304,True,-5.387647831800257,3.4482758620689724,8.761329305135956,-0.995492197789638,3.5549146338575754,7.609285838318169,0,0.0,0,0.0,0,0.0,0,0.0,0,0.0,0,,inactive,zero,,51.76,inactive,51.76,51.76,0.0,0.0,0.0,0.0,0.0,0,0,0.0
2852,第一保,金融保險,2026-08-10,excluded,0,0,614,509,475,8.0,7.0,-1.0,"[-143000, -313000, -128000, 179000, -6765]","[0, 0, 0, 0, 0]",True,,split,0.0,0,9.0,9000,0.0,0,1.0,0.0,3.0,3.0,4.0,3.0,0.0,Q4,confirmed_distribution,0.0,0.0,0.0,5,-0.2839795983315992,0,755.784,755784,-6.765,-6765,44.235,44235,-411.765,-411765,89.56,active,negative,89.56,5.08,reversing_positive,5.08,5.08,0.17799905793688178,-0.07434065934065934,0.06563056379821959,-0.2857494795281055,3.0,6,1,-89.56,False,0.18621973929235924,1.1278195488721776,-0.37037037037037646,0.6251218274192616,65.71,-3.925285004227952,-6.099851876054019,60.23,0.6251218274192616,-3.925285004227952,True,-0.37037037037037646,-0.37037037037037646,1.5094339622641506,-0.995492197789638,3.5549146338575754,7.609285838318169,0,0.0,0,0.0,0,0.0,0,0.0,0,0.0,0,,inactive,zero,,51.76,inactive,51.76,51.76,0.0,0.0,0.0,0.0,0.0,0,0,0.0
2867,三商壽,金融保險,2026-08-10,high_priority_watch,57,7,79,254,225,37.68,35.95,-1.73,"[1487433, 835000, 5655000, 6380713, 992075]","[0, 0, 0, 0, 0]",True,,split,0.0,0,-839.0,-839000,0.0,0,3.5,12.5,1.75,1.75,2.75,5.0,5.0,Q2,unconfirmed_accumulation,8.2,8.2,8.93,5,0.21551382799566313,10,64915.521,64915521,992.075,992075,13027.788,13027788,15350.221,15350221,81.98,active,positive,81.98,89.31,decelerating,89.31,89.31,0.27949986652659137,0.0809262582592381,0.31416485000482297,0.21510658482924847,1.75,10,5,81.98,False,-1.121304791029576,-0.7164790174002067,-1.2219959266802527,10.848266829726205,94.52,-4.776910560537829,18.36474013570779,91.92,10.848266829726205,-4.776910560537829,True,9.852774631936567,-1.2219959266802527,25.97402597402596,-0.995492197789638,3.5549146338575754,7.609285838318169,0,0.0,0,0.0,0,0.0,0,0.0,0,0.0,0,,inactive,zero,,51.76,inactive,51.76,51.76,0.0,0.0,0.0,0.0,0.0,0,0,0.0
2880,華南金,金融保險,2026-08-10,other_watch,42,6,142,267,321,37.25,30.25,-7.0,"[-5928181, -5203755, -11103864, -10745773, -10479081]","[7874085, 6331000, 10426000, 6911000, 6747000]",True,,split,-3326.995,-3326995,619.623,619623,0.0,0,4.5,12.5,-1.75,-1.75,5.25,5.0,0.0,Q3,absorption_divergence,10.0,10.0,10.0,5,-0.35567836417364834,0,-66405.645,-66405645,-10479.081,-10479081,-32328.718,-32328718,-43460.654,-43460654,95.04,active,negative,95.04,2.22,stable,2.22,2.22,-0.2393375706418315,-0.40930712444340284,-0.4256354899017827,-0.3549952951170503,-3.5,0,0,-95.04,False,-0.9009009009009028,0.4566210045662267,2.2067363530778206,13.816005018302457,96.48,-1.3481782807797549,27.36003931505606,94.26,13.816005018302457,-1.3481782807797549,True,12.82051282051282,2.2067363530778206,34.96932515337423,-0.995492197789638,3.5549146338575754,7.609285838318169,5,0.31273545940189257,10,62499.455,62499455,6747.0,6747000,24084.0,24084000,38289.085,38289085,100.0,active,positive,100.0,100.0,decelerating,100.0,100.0,0.22525897800011532,0.26353409889852353,0.31708665771387945,0.3127528874585464,1.75,10,5,100.0
2881,富邦金,金融保險,2026-08-10,high_priority_watch,60,12,28,105,128,56.2,49.45,-6.75,"[-1301130, 5205578, -2023831, 3370012, 1901269]","[4902285, -749258, -3184232, -140000, -50563]",True,,split,-1104.334,-1104334,-778.659,-778659,0.0,0,9.0,14.77,5.0,5.0,5.0,6.0,5.0,Q2,unconfirmed_accumulation,9.68,9.68,16.43,5,0.08414822136168705,2,6909.689,6909689,1901.269,1901269,3247.45,3247450,7151.898,7151898,46.34,active,positive,46.34,70.4,accelerating,70.4,70.4,0.03200471060140067,0.18263871277617674,0.07879673889306772,0.08328847430388149,5.0,6,3,46.34,True,1.1811023622047223,-0.7722007722007707,-0.7722007722007707,2.1765945599943604,74.84,-4.327115406058346,28.22580929910257,94.52,2.1765945599943604,-4.327115406058346,True,1.1811023622047223,-0.7722007722007707,35.83509513742074,-0.995492197789638,3.5549146338575754,7.609285838318169,5,0.009780638249946783,0,16402.365,16402365,-50.563,-50563,-3374.795,-3374795,778.232,778232,50.5,active,positive,50.5,93.87,reversing_negative,93.87,93.87,0.07597345481157594,-0.004857156580211335,-0.08188666197559023,0.009063014591994783,0.0,6,1,50.5
2882,國泰金,金融保險,2026-08-10,buy_candidates,65,12,29,23,21,70.41,64.65,-5.76,"[-1200409, 3166290, -8171795, 4316898, 2899706]","[4519000, -631512, 35000, -2000, -5284]",True,,split,-1460.885,-1460885,-660.014,-660014,0.0,0,9.0,14.56,1.0,1.0,1.0,6.0,25.0,Q1,confirmed_accumulation,9.09,9.09,14.85,5,0.01479092841095378,2,111.24,111240,2899.706,2899706,-955.191,-955191,1010.69,1010690,6.79,active,positive,6.79,50.46,neutral,50.46,50.46,0.0004756793739710504,0.20226743861607144,-0.021010294085300134,0.011950362995719725,1.0,5,3,6.79,True,1.609657947686105,0.4975124378109541,0.4975124378109541,5.442234700374959,86.44,-3.0574021960466213,24.072591606271132,93.48,5.442234700374959,-3.0574021960466213,True,4.446742502585321,0.4975124378109541,31.6818774445893,-0.995492197789638,3.5549146338575754,7.609285838318169,5,0.04609073366076847,0,22563.411,22563411,-5.284,-5284,27.716,27716,3915.204,3915204,84.16,active,positive,84.16,98.04,reversing_negative,98.04,98.04,0.09648462081204165,-0.0003685825892857143,0.0006096386072190573,0.04629323432733464,0.0,7,2,84.16
2883,凱基金,金融保險,2026-08-10,other_watch,41,15,7,2,2,87.28,84.6,-2.68,"[12142012, 39175595, -19747940, -3621640, -1771808]","[-2115000, -1154883, 4112000, 3985000, 7178434]",True,,split,-4275.193,-4275193,-1376.781,-1376781,0.0,0,9.0,25.0,5.0,5.0,5.0,5.5,25.0,Q1,confirmed_accumulation,15.1,15.1,17.78,5,0.1311574465756339,0,51639.33,51639330,-1771.808,-1771808,-25141.388,-25141388,26176.219,26176219,62.92,active,positive,62.92,79.27,reversing_negative,79.27,79.27,0.10229316762311887,-0.0583349685576005,-0.2433916899008674,0.12705730539416268,0.0,4,2,62.92,True,0.6482982171799101,-1.7405063291139222,2.1381578947368585,5.190123070272856,86.05,-1.416756739120717,32.888451718242905,95.83,5.190123070272856,-1.416756739120717,True,4.194630872483218,2.1381578947368585,40.49773755656108,-0.995492197789638,3.5549146338575754,7.609285838318169,5,0.05800509150853842,3,31660.721,31660721,7178.434,7178434,15275.434,15275434,12005.551,12005551,88.12,active,positive,88.12,98.57,accelerating,98.57,98.57,0.06271722426146505,0.23634260692062029,0.14788020833333335,0.058273999000092225,5.0,7,3,88.12
2884,玉山金,金融保險,2026-08-10,high_priority_watch,57,6,143,393,422,26.98,15.98,-11.0,"[-5841793, -903336, -2185554, 267117, -9388677]","[-442687, -135085, 640000, 1166000, 357067]",True,,split,-2054.911,-2054911,-607.262,-607262,0.0,0,3.5,2.78,-1.75,-1.75,5.25,6.0,0.0,Q4,confirmed_distribution,5.45,5.45,9.45,5,-0.12650336688702088,0,27688.355,27688355,-9388.677,-9388677,-11307.114,-11307114,-18052.243,-18052243,62.66,active,negative,62.66,16.43,stable,16.43,16.43,0.06685618426263075,-0.3553490405359373,-0.17008038386907537,-0.1268542165880807,-3.5,5,1,-62.66,False,-0.9174311926605561,-0.7874015748031593,-1.6905071521456594,10.24404711108443,93.74,-5.245421786003234,11.072032843000489,87.48,10.24404711108443,-5.245421786003234,True,9.248554913294793,-1.6905071521456594,18.681318681318658,-0.995492197789638,3.5549146338575754,7.609285838318169,5,0.011151329855600354,3,4907.862,4907862,357.067,357067,2163.067,2163067,1585.295,1585295,54.46,active,positive,54.46,94.52,decelerating,94.52,94.52,0.011850502718834813,0.013514514969153325,0.03253661948526647,0.011139965005235161,1.75,7,3,54.46
2885,元大金,金融保險,2026-08-10,high_priority_watch,63,12,30,15,13,77.87,71.52,-6.35,"[5258761, 513675, -5344096, 2635069, 6691515]","[5350341, 1361328, -1821000, 351000, -3964510]",True,,split,-1384.436,-1384436,-277.924,-277924,0.0,0,9.0,15.29,5.0,5.0,5.0,7.0,25.0,Q1,confirmed_accumulation,10.23,10.23,16.58,5,0.08639180354125486,2,14807.296,14807296,6691.515,6691515,3982.488,3982488,9754.924,9754924,47.39,active,positive,47.39,71.19,accelerating,71.19,71.19,0.04832684179778655,0.33218402501985705,0.0654433233641174,0.08533222530332321,5.0,6,4,47.39,True,0.7385524372230501,-1.729106628242083,0.2941176470588225,0.849079313455825,67.41,-3.260796986798753,15.273597044564724,89.96,0.849079313455825,-3.260796986798753,True,-0.14641288433381305,0.2941176470588225,22.882882882882893,-0.995492197789638,3.5549146338575754,7.609285838318169,5,0.012144776955247323,0,15121.255,15121255,-3964.51,-3964510,-5434.51,-5434510,1277.159,1277159,54.95,active,positive,54.95,94.65,reversing_negative,94.65,94.65,0.04935151550755714,-0.19680847895154885,-0.08930407204127913,0.01117208289230823,0.0,8,3,54.95
2886,兆豐金,金融保險,2026-08-10,other_watch,52,6,144,241,309,38.24,31.05,-7.19,"[-12338148, -7854110, -16130823, -9246612, -10581580]","[4182245, 3718872, 7520000, 2849000, 2968372]",True,,split,-2603.393,-2603393,2613.671,2613671,0.0,0,4.5,12.5,-1.75,-1.75,5.25,6.0,0.0,Q4,confirmed_distribution,9.8,9.8,9.99,5,-0.3918528383843067,0,-52459.062,-52459062,-10581.58,-10581580,-35959.015,-35959015,-56151.273,-56151273,96.34,active,negative,96.34,1.56,stable,1.56,1.56,-0.14879386320703877,-0.45465240182177535,-0.46606805868781914,-0.3922657496541992,-3.5,2,0,-96.34,False,0.19646365422396617,-0.390625,-1.1627906976744207,9.506130495661967,93.09,-4.717705331531996,22.16170652809406,93.09,9.506130495661967,-4.717705331531996,True,8.51063829787233,-1.1627906976744207,29.77099236641223,-0.995492197789638,3.5549146338575754,7.609285838318169,5,0.14812615050989505,10,40141.758,40141758,2968.372,2968372,13337.372,13337372,21238.489,21238489,98.02,active,positive,98.02,99.87,decelerating,99.87,99.87,0.11385730169445374,0.12754025951705766,0.17286688959742852,0.1483694200326939,1.75,10,5,98.02
2887,台新新光金,金融保險,2026-08-10,high_priority_watch,61,12,31,12,12,80.34,72.76,-7.58,"[13478964, 5982893, -15939384, 14196618, 6712834]","[-2052000, -20782, -1311000, 55000, 4030164]",True,,split,-2874.964,-2874964,-1256.657,-1256657,0.0,0,9.0,13.34,10.0,10.0,10.0,6.0,25.0,Q1,confirmed_accumulation,9.42,9.42,17.0,5,0.12041093222037931,2,55458.536,55458536,6712.834,6712834,4970.068,4970068,24431.925,24431925,59.53,active,positive,59.53,77.57,accelerating,77.57,77.57,0.09693633250773885,0.18593562861812038,0.0395803741369287,0.1175668750270676,5.0,7,4,59.53,True,2.1337126600284417,0.5602240896358524,1.6997167138810276,1.41507261737005,70.01,-1.8551979199765478,47.801969572937224,97.78,1.41507261737005,-1.8551979199765478,True,0.41958041958041203,1.6997167138810276,55.4112554112554,-0.995492197789638,3.5549146338575754,7.609285838318169,5,0.0037774021850272817,2,7760.492,7760492,4030.164,4030164,2774.164,2774164,701.382,701382,34.65,active,positive,34.65,92.44,accelerating,92.44,92.44,0.013564613983601141,0.1116296152674293,0.022092745821022705,0.0033750631577427782,5.0,5,2,34.65
2889,國票金,金融保險,2026-08-10,other_watch,48,3,421,403,454,25.41,9.76,-15.65,"[-4914000, 69000, -3384000, 474000, -579251]","[0, 0, 0, 0, 1000]",True,,split,-45.108,-45108,44.144,44144,0.0,0,4.5,0.01,1.5,1.5,8.5,3.5,0.0,Q4,confirmed_distribution,0.25,0.25,8.9,5,-0.34208028540232743,0,-3194.714,-3194714,-579.251,-579251,-3489.251,-3489251,-8334.251,-8334251,93.86,active,negative,93.86,2.87,stable,2.87,2.87,-0.04730526845736962,-0.15617444055001348,-0.2700449655599412,-0.34176375789387353,-3.5,4,2,-93.86,False,0.32679738562091387,0.0,-1.2861736334405238,-2.159081934702478,46.81,-4.841088267298099,-2.472299536948297,68.84,-2.159081934702478,-4.841088267298099,True,-3.154574132492116,-1.2861736334405238,5.136986301369872,-0.995492197789638,3.5549146338575754,7.609285838318169,1,4.1012991499623337e-05,1,9.0,9000,1.0,1000,1.0,1000,1.0,1000,2.48,active,positive,2.48,89.05,accelerating,89.05,89.05,0.00013326620665146444,0.00026961445133459155,7.739339060444238e-05,4.1007135241532026e-05,5.0,3,1,2.48
2890,永豐金,金融保險,2026-08-10,other_watch,47,5,239,178,265,41.69,33.96,-7.73,"[10937166, 6692412, -982361, 2427705, 311678]","[-973000, -217417, -1879662, 33000, -81823]",True,,split,-3077.596,-3077596,-874.603,-874603,0.0,0,3.5,12.5,-1.75,-1.75,5.25,6.5,5.0,Q2,unconfirmed_accumulation,8.21,8.21,8.94,5,0.22162405177551847,2,46518.097,46518097,311.678,311678,1757.022,1757022,19386.6,19386600,82.11,active,positive,82.11,89.44,decelerating,89.44,89.44,0.1699477458716937,0.029808530986993115,0.049609566027613856,0.22016466980864233,1.75,8,4,82.11,False,-0.12836970474968679,-1.643489254108721,-2.871410736579272,-2.2383386479815193,46.41,-6.426325370436848,19.9316977682392,92.31,-2.2383386479815193,-6.426325370436848,True,-3.2338308457711573,-2.871410736579272,27.54098360655737,-0.995492197789638,3.5549146338575754,7.609285838318169,5,-0.03521004931122238,0,5563.162,5563162,-81.823,-81823,-1928.485,-1928485,-3118.902,-3118902,80.69,active,negative,80.69,3.0,stable,3.0,3.0,0.020324280286424082,-0.007825459066564651,-0.05445082869808284,-0.035419930725114984,-3.5,5,1,-80.69
2891,中信金,金融保險,2026-08-10,buy_candidates,71,14,21,8,7,82.87,79.11,-3.76,"[9427162, 15924568, 1697966, 6209635, 1602937]","[1215235, -979876, -502000, -181000, 2891311]",True,,split,-2462.807,-2462807,-908.0,-908000,0.0,0,9.0,16.51,6.75,6.75,6.75,7.0,25.0,Q1,confirmed_accumulation,14.85,14.85,18.61,5,0.22969090239886922,8,68108.509,68108509,1602.937,1602937,9510.538,9510538,34862.268,34862268,83.68,active,positive,83.68,90.35,decelerating,90.35,90.35,0.18178460015053408,0.07051766310325107,0.12621145526448496,0.22896838261372143,1.75,9,5,83.68,True,1.371951219512213,0.7575757575757569,2.6234567901234573,0.995492197789638,68.12,-0.9314578437341181,13.741079125185497,89.05,0.995492197789638,-0.9314578437341181,True,0.0,2.6234567901234573,21.350364963503665,-0.995492197789638,3.5549146338575754,7.609285838318169,5,0.01628510315012253,1,15810.237,15810237,2891.311,2891311,2208.311,2208311,2443.67,2443670,64.85,active,positive,64.85,95.7,accelerating,95.7,95.7,0.0421982165448693,0.12719682372090976,0.02930582318125116,0.016049534343023027,5.0,5,2,64.85
2892,第一金,金融保險,2026-08-10,other_watch,37,6,145,246,324,38.08,29.91,-8.17,"[-20160754, -11962069, -21663786, -12690979, -17899558]","[1234000, 1635867, 7361000, 1291000, 1718341]",True,,split,-374.17,-374170,5772.244,5772244,0.0,0,4.5,12.5,-1.75,-1.75,5.25,6.0,0.0,Q4,confirmed_distribution,8.66,8.66,9.83,5,-0.3513617970651579,0,-91629.896,-91629896,-17899.558,-17899558,-52254.323,-52254323,-84377.146,-84377146,94.91,active,negative,94.91,2.35,stable,2.35,2.35,-0.1800679082582149,-0.3484505830364617,-0.38840113128730386,-0.35164470097937073,-3.5,2,0,-94.91,False,-1.6877637130801482,-2.646239554317542,-2.781641168289295,4.858790860493956,85.27,-6.33655580214687,10.865290432868282,87.22,4.858790860493956,-6.33655580214687,True,3.8632986627043175,-2.781641168289295,18.47457627118645,-0.995492197789638,3.5549146338575754,7.609285838318169,5,0.0552351115726169,10,19590.241,19590241,1718.341,1718341,10370.341,10370341,13240.208,13240208,86.63,active,positive,86.63,98.31,decelerating,98.31,98.31,0.03849806529458813,0.0334509334423485,0.07708170243130143,0.05517902896436758,1.75,10,5,86.63
2897,王道銀行,金融保險,2026-08-10,excluded,0,0,615,537,539,7.5,5.5,-2.0,"[768000, -99000, -1485000, 1209000, -617171]","[-1334000, 0, 0, 0, 0]",True,,split,-17.0,-17000,-439.0,-439000,0.0,0,0.0,0.0,2.0,2.0,4.0,3.5,0.0,Q4,confirmed_distribution,0.0,0.0,0.0,5,-0.014147311498168908,0,8434.103,8434103,-617.171,-617171,-893.171,-893171,-224.171,-224171,9.66,active,negative,9.66,42.11,reversing_positive,42.11,42.11,0.17792340147248065,-0.24005095293660053,-0.11138184312258387,-0.014848711664569119,3.0,7,2,-9.66,False,0.0,-0.9756097560975618,-0.4901960784313597,-2.3378411355436945,45.89,-4.045110712288935,-6.614260962696283,58.6,-2.3378411355436945,-4.045110712288935,True,-3.3333333333333326,-0.4901960784313597,0.995024875621886,-0.995492197789638,3.5549146338575754,7.609285838318169,1,-0.08860393517433228,0,-2669.0,-2669000,0.0,0,0.0,0,-1334.0,-1334000,95.54,active,negative,95.54,0.65,neutral,0.65,0.65,-0.05630445330464317,0.0,0.0,-0.0883619262105054,-1.0,0,0,-95.54
2901,欣欣,貿易百貨,2026-08-10,excluded,0,5,240,308,274,35.31,33.66,-1.65,"[9000, 0, 3000, 0, 0]","[0, 0, 0, 0, 0]",True,,mixed,0.0,0,-7.0,-7000,0.0,0,3.5,12.5,1.75,1.75,2.75,2.5,5.0,Q2,unconfirmed_accumulation,8.41,8.41,9.06,2,0.23237410071942446,0,30.3,30300,0.0,0,3.0,3000,12.0,12000,84.07,active,positive,84.07,90.61,decelerating,90.61,90.61,0.28317757009345795,0.0,0.17647058823529413,0.23076923076923078,1.75,5,2,84.07,False,-0.4166666666666763,0.20964360587001352,-1.6460905349794275,2.4816917731611876,76.27,-5.201005168837003,-3.2424736112439234,67.41,2.4816917731611876,-5.201005168837003,True,1.4861995753715496,-1.6460905349794275,4.366812227074246,-0.995492197789638,3.5549146338575754,7.609285838318169,0,0.0,0,0.0,0,0.0,0,0.0,0,0.0,0,,inactive,zero,,51.76,inactive,51.76,51.76,0.0,0.0,0.0,0.0,0.0,0,0,0.0
2903,遠百,貿易百貨,2026-08-10,excluded,0,0,616,469,458,10.5,9.5,-1.0,"[-959810, -633000, -755000, 435365, 20114]","[0, 0, 0, 0, 0]",True,,split,-15.0,-15000,157.782,157782,0.0,0,1.0,0.0,3.0,3.0,4.0,5.5,0.0,Q4,confirmed_distribution,0.0,0.0,0.0,5,-0.2897546127780139,2,1890.222,1890222,20.114,20114,-299.521,-299521,-1892.331,-1892331,89.95,active,negative,89.95,4.82,reversing_positive,4.82,4.82,0.09475271943455812,0.03444178082191781,-0.10115535292131037,-0.2900568669527897,3.0,6,2,-89.95,False,0.2272727272727204,0.2272727272727204,-1.342281879194629,1.2227649250623585,68.97,-4.897196513052204,-8.951567717512798,49.41,1.2227649250623585,-4.897196513052204,True,0.2272727272727204,-1.342281879194629,-1.342281879194629,-0.995492197789638,3.5549146338575754,7.609285838318169,0,0.0,0,373.0,373000,0.0,0,0.0,0,0.0,0,,inactive,zero,,51.76,inactive,51.76,51.76,0.018697679081658227,0.0,0.0,0.0,0.0,5,0,0.0
2904,匯僑,其他,2026-08-10,excluded,0,2,456,351,348,31.79,27.17,-4.62,"[-8000, 1000, 2000, 0, 10000]","[0, 0, 0, 0, 0]",True,,split,0.0,0,-10.0,-10000,0.0,0,3.5,8.62,5.0,5.0,6.0,3.0,5.0,Q2,unconfirmed_accumulation,2.05,2.05,5.67,4,0.033533873921004445,1,12.4,12400,10.0,10000,12.0,12000,5.0,5000,20.5,active,positive,20.5,56.71,accelerating,56.71,56.71,0.04025974025974026,0.37037037037037035,0.14814814814814814,0.034482758620689655,5.0,6,3,20.5,False,-1.1363636363636243,-1.1363636363636243,-1.8796992481203034,-5.456120705436163,35.59,-5.434613881977879,-23.143266420842433,16.82,-5.456120705436163,-5.434613881977879,True,-6.451612903225801,-1.8796992481203034,-15.533980582524265,-0.995492197789638,3.5549146338575754,7.609285838318169,0,0.0,0,0.0,0,0.0,0,0.0,0,0.0,0,,inactive,zero,,51.76,inactive,51.76,51.76,0.0,0.0,0.0,0.0,0.0,0,0,0.0
2905,三商,貿易百貨,2026-08-10,excluded,0,2,457,538,490,7.5,6.5,-1.0,"[-285402, -177347, 56132, 256000, 18829]","[0, 0, 0, 0, 0]",True,,split,0.0,0,-39.0,-39000,0.0,0,0.0,0.0,3.0,3.0,4.0,3.5,0.0,Q4,confirmed_distribution,0.0,0.0,0.0,5,-0.02461154119440274,3,2907.94,2907940,18.829,18829,330.961,330961,-131.788,-131788,15.67,active,negative,15.67,38.59,reversing_positive,38.59,38.59,0.20829023708903374,0.029374414976599064,0.12381631126075571,-0.024665543702040053,3.0,7,3,-15.67,False,0.6097560975609762,0.917431192660545,-3.2258064516129115,8.487348875314071,91.66,-6.780721085470487,15.986219779659372,90.35,8.487348875314071,-6.780721085470487,True,7.491856677524433,-3.2258064516129115,23.59550561797754,-0.995492197789638,3.5549146338575754,7.609285838318169,0,0.0,0,0.0,0,0.0,0,0.0,0,0.0,0,,inactive,zero,,51.76,inactive,51.76,51.76,0.0,0.0,0.0,0.0,0.0,0,0,0.0
2906,高林,貿易百貨,2026-08-10,excluded,0,5,241,309,301,35.06,32.01,-3.05,"[33000, 20000, -30000, 38000, 2000]","[0, 0, 0, 0, 0]",True,,split,0.0,0,-43.0,-43000,0.0,0,3.5,12.5,1.75,1.75,2.75,4.0,5.0,Q2,unconfirmed_accumulation,5.26,5.26,7.31,5,0.09722601560366223,2,340.7,340700,2.0,2000,10.0,10000,63.0,63000,52.61,active,positive,52.61,73.14,decelerating,73.14,73.14,0.1654686741136474,0.016,0.02824858757062147,0.09767441860465116,1.75,8,4,52.61,False,2.6615969581748944,4.6511627906976605,5.46875,-1.882205643936985,48.63,1.9138353661424246,2.594795794334881,78.36,-1.882205643936985,1.9138353661424246,True,-2.877697841726623,5.46875,10.20408163265305,-0.995492197789638,3.5549146338575754,7.609285838318169,0,0.0,0,0.0,0,0.0,0,0.0,0,0.0,0,,inactive,zero,,51.76,inactive,51.76,51.76,0.0,0.0,0.0,0.0,0.0,0,0,0.0
2908,特力,貿易百貨,2026-08-10,excluded,0,0,617,726,597,5.0,2.0,-3.0,"[-88000, -12000, -131998, -29000, 4000]","[0, 0, 0, 0, 0]",True,,split,0.0,0,-33.0,-33000,0.0,0,0.0,0.0,-1.0,-1.0,2.0,3.0,0.0,Q3,absorption_divergence,0.0,0.0,0.0,5,-0.30247232263094476,1,13.759,13759,4.0,4000,-156.998,-156998,-256.998,-256998,92.04,active,negative,92.04,3.78,neutral,3.78,3.78,0.006637240713941148,0.038461538461538464,-0.34354048140043764,-0.3041396449704142,-1.0,6,1,-92.04,False,1.3953488372093092,-0.9090909090909038,0.4608294930875667,0.995492197789638,68.12,-3.0940851407700087,-2.549044874462747,68.71,0.995492197789638,-3.0940851407700087,True,0.0,0.4608294930875667,5.060240963855422,-0.995492197789638,3.5549146338575754,7.609285838318169,0,0.0,0,0.0,0,0.0,0,0.0,0,0.0,0,,inactive,zero,,51.76,inactive,51.76,51.76,0.0,0.0,0.0,0.0,0.0,0,0,0.0
2910,統領,貿易百貨,2026-08-10,excluded,0,5,242,303,260,35.56,34.02,-1.54,"[5000, -1000, 29000, 7000, 0]","[0, 0, 0, 0, 0]",True,,split,0.0,0,-9.128,-9128,0.0,0,3.5,12.5,1.75,1.75,2.75,2.5,5.0,Q2,unconfirmed_accumulation,8.77,8.77,9.31,4,0.2595768329959112,0,76.1,76100,0.0,0,36.0,36000,40.0,40000,87.73,active,positive,87.73,93.09,decelerating,93.09,93.09,0.0810436634717785,0.0,0.391304347826087,0.26143790849673204,1.75,5,3,87.73,False,1.2371134020618513,-0.6072874493927016,-1.9960079840319334,10.838892645216923,94.39,-5.550922617889508,2.97629974726743,79.53,10.838892645216923,-5.550922617889508,True,9.843400447427285,-1.9960079840319334,10.5855855855856,-0.995492197789638,3.5549146338575754,7.609285838318169,0,0.0,0,0.0,0,0.0,0,0.0,0,0.0,0,,inactive,zero,,51.76,inactive,51.76,51.76,0.0,0.0,0.0,0.0,0.0,0,0,0.0
2912,統一超,貿易百貨,2026-08-10,excluded,0,5,243,184,276,40.87,33.53,-7.34,"[1684329, 1279381, 639476, 889964, -428460]","[-393000, -14931, -18000, -352000, -1310]",True,,split,-33.661,-33661,-69.0,-69000,0.0,0,3.5,12.5,-1.75,-1.75,5.25,5.0,5.0,Q2,unconfirmed_accumulation,9.28,9.28,9.62,5,0.31014496385847823,0,9114.641,9114641,-428.46,-428460,1100.98,1100980,4064.69,4064690,92.82,active,positive,92.82,96.22,decelerating,96.22,96.22,0.24819979304523052,-0.2820671494404213,0.18401805114491057,0.309549158479933,1.75,7,4,92.82,False,-0.6787330316742057,-0.9029345372460473,-0.45351473922902175,-7.355238491145645,27.38,-4.008429373086598,-10.69979356458749,43.29,-7.355238491145645,-4.008429373086598,True,-8.350730688935283,-0.45351473922902175,-3.0905077262693204,-0.995492197789638,3.5549146338575754,7.609285838318169,5,-0.05942312526573381,0,-304.223,-304223,-1.31,-1310,-371.31,-371310,-779.241,-779241,88.61,active,negative,88.61,1.69,stable,1.69,1.69,-0.008284263268251504,-0.0008624094799210007,-0.06206083904395788,-0.05934361434772675,-3.5,3,0,-88.61
2915,潤泰全,貿易百貨,2026-08-10,other_watch,28,12,32,21,23,73.65,63.48,-10.17,"[-784400, 273047, -676990, 629793, 1654570]","[1000, 0, 0, 0, 0]",True,,split,-72.685,-72685,-66.0,-66000,0.0,0,9.0,12.53,6.0,6.0,6.0,4.5,25.0,Q1,confirmed_accumulation,6.45,6.45,16.62,5,0.11737179772101212,2,7159.605,7159605,1654.57,1654570,1607.373,1607373,1096.02,1096020,58.09,active,positive,58.09,76.53,accelerating,76.53,76.53,0.28397608281770587,0.5589763513513514,0.2533690100882724,0.11209040703620372,5.0,8,3,58.09,True,2.8901734104046284,3.0888030888030826,1.7142857142857126,6.947873150170592,88.66,-1.8406289195718628,17.302994863436208,91.53,6.947873150170592,-1.8406289195718628,True,5.952380952380953,1.7142857142857126,24.912280701754376,-0.995492197789638,3.5549146338575754,7.609285838318169,1,0.00010151655542960709,0,1.0,1000,0.0,0,0.0,0,1.0,1000,6.44,active,positive,6.44,89.7,neutral,89.7,89.7,3.966365222909726e-05,0.0,0.0,0.00010227040294538761,1.0,1,1,6.44
2916,滿心,38,2026-08-10,excluded,0,0,618,539,491,7.5,6.5,-1.0,"[1000, -1000, -3000, 1000, 0]","[0, 0, 0, 0, 0]",True,,split,0.0,0,0.0,0,0.0,0,0.0,0.0,3.0,3.0,4.0,3.5,0.0,Q3,absorption_divergence,0.0,0.0,0.0,4,-0.008476528308840468,0,73.0,73000,0.0,0,-2.0,-2000,-2.0,-2000,5.09,active,negative,5.09,44.33,reversing_positive,44.33,44.33,0.13984674329501914,0.0,-0.013605442176870748,-0.008368200836820083,3.0,7,2,-5.09,False,-0.3640776699029291,1.3580246913580174,2.4968789013732895,2.730312519970546,77.44,-1.058035732484286,-19.424538255074342,23.21,2.730312519970546,-1.058035732484286,True,1.7348203221809078,2.4968789013732895,-11.815252416756172,-0.995492197789638,3.5549146338575754,7.609285838318169,0,0.0,0,0.0,0,0.0,0,0.0,0,0.0,0,,inactive,zero,,51.76,inactive,51.76,51.76,0.0,0.0,0.0,0.0,0.0,0,0,0.0
2923,鼎固-KY,建材營建,2026-08-10,excluded,0,0,619,510,695,8.0,0.0,-8.0,"[-212001, 4768, -102399, 6951, -7000]","[0, 0, 0, 0, 0]",True,,split,-19.0,-19000,-86.0,-86000,0.0,0,0.0,0.0,-3.5,-3.5,4.5,3.5,0.0,Q4,confirmed_distribution,0.0,0.0,0.0,5,-0.22712714966615768,0,368.749,368749,-7.0,-7000,-102.448,-102448,-309.681,-309681,83.03,active,negative,83.03,6.91,stable,6.91,6.91,0.09265050251256281,-0.1111111111111111,-0.17074666666666666,-0.22424402606806662,-3.5,7,2,-83.03,False,1.2867647058823595,-5.972696245733788,-16.515151515151516,-3.1784208456886236,42.76,-20.07006614900909,18.189800919672706,91.79,-3.1784208456886236,-20.07006614900909,True,-4.173913043478262,-16.515151515151516,25.799086757990874,-0.995492197789638,3.5549146338575754,7.609285838318169,0,0.0,0,0.0,0,0.0,0,0.0,0,0.0,0,,inactive,zero,,51.76,inactive,51.76,51.76,0.0,0.0,0.0,0.0,0.0,0,0,0.0
2926,誠品生活,文化創意,2026-08-10,excluded,0,5,244,358,352,31.15,26.84,-4.31,"[0, 0, 1000, 2000, 0]","[0, 0, 0, 0, 0]",True,,mixed,0.0,0,0.0,0,0.0,0,3.5,11.9,1.75,1.75,2.75,2.0,5.0,Q2,unconfirmed_accumulation,2.69,2.69,6.0,2,0.04754713050723883,0,5.0,5000,0.0,0,3.0,3000,3.0,3000,26.89,active,positive,26.89,59.97,decelerating,59.97,59.97,0.03164556962025317,0.0,0.08571428571428572,0.047619047619047616,1.75,4,2,26.89,False,-0.6578947368421018,-1.3071895424836666,-1.788617886178867,-6.081430879133443,33.51,-5.343532520036442,-23.836747696847983,15.91,-6.081430879133443,-5.343532520036442,True,-7.07692307692308,-1.788617886178867,-16.227461858529814,-0.995492197789638,3.5549146338575754,7.609285838318169,0,0.0,0,0.0,0,0.0,0,0.0,0,0.0,0,,inactive,zero,,51.76,inactive,51.76,51.76,0.0,0.0,0.0,0.0,0.0,0,0,0.0
2939,永邑-KY,貿易百貨,2026-08-10,excluded,0,0,620,643,696,6.5,0.0,-6.5,"[0, -2000, 1000, -2000, -7000]","[0, 0, 0, 0, 0]",True,,split,0.0,0,-1.0,-1000,0.0,0,0.0,0.0,-3.5,-3.5,4.5,2.0,0.0,Q3,absorption_divergence,0.0,0.0,0.0,4,-0.0478241497103817,0,2.0,2000,-7.0,-7000,-8.0,-8000,-10.0,-10000,26.76,active,negative,26.76,33.12,stable,33.12,33.12,0.0039447731755424065,-0.059322033898305086,-0.053691275167785234,-0.04716981132075472,-3.5,4,1,-26.76,False,3.70370370370372,7.692307692307709,3.4300791556728383,4.699195901493358,84.49,-0.12483547818473717,-24.90886389738989,14.08,4.699195901493358,-0.12483547818473717,True,3.70370370370372,3.4300791556728383,-17.29957805907172,-0.995492197789638,3.5549146338575754,7.609285838318169,0,0.0,0,0.0,0,0.0,0,0.0,0,0.0,0,,inactive,zero,,51.76,inactive,51.76,51.76,0.0,0.0,0.0,0.0,0.0,0,0,0.0
2945,三商家購,貿易百貨,2026-08-10,excluded,0,5,245,322,318,34.26,30.33,-3.93,"[0, 2000, 3000, -2000, 2000]","[0, 0, 0, 0, 0]",True,,split,5.0,5000,-2.0,-2000,0.0,0,3.5,12.5,1.75,1.75,2.75,4.0,5.0,Q2,unconfirmed_accumulation,3.58,3.58,6.51,4,0.06599685423554714,1,26.2,26200,2.0,2000,3.0,3000,5.0,5000,35.77,active,positive,35.77,65.06,decelerating,65.06,65.06,0.2062992125984252,0.047619047619047616,0.05172413793103448,0.06578947368421052,1.75,8,3,35.77,False,-2.877697841726623,-2.644230769230771,-1.4598540145985384,0.017497087765194763,61.8,-5.014768648456114,-8.100686329718664,53.06,0.017497087765194763,-5.014768648456114,True,-0.9779951100244433,-1.4598540145985384,-0.49140049140049546,-0.995492197789638,3.5549146338575754,7.609285838318169,0,0.0,0,0.0,0,0.0,0,0.0,0,0.0,0,,inactive,zero,,51.76,inactive,51.76,51.76,0.0,0.0,0.0,0.0,0.0,0,0,0.0
3002,歐格,電腦週邊,2026-08-10,excluded,0,5,246,452,438,18.82,13.35,-5.47,"[42000, 6000, -28000, -30000, 15000]","[0, 0, 0, 0, 0]",True,,split,-0.235,-235,-2.0,-2000,0.0,0,3.5,1.88,0.0,0.0,1.0,2.5,5.0,Q2,unconfirmed_accumulation,0.47,0.47,4.94,5,0.007063869531508579,1,31.633,31633,15.0,15000,-43.0,-43000,5.0,5000,4.7,active,positive,4.7,49.41,reversing_negative,49.41,49.41,0.01744787644787645,0.07352941176470588,-0.10776942355889724,0.007530120481927711,0.0,5,3,4.7,False,2.114803625377637,2.4242424242424176,3.9999999999999813,-13.650972448675015,13.04,0.4450853661424059,-8.778876481593034,49.8,-13.650972448675015,0.4450853661424059,True,-14.646464646464652,3.9999999999999813,-1.1695906432748648,-0.995492197789638,3.5549146338575754,7.609285838318169,0,0.0,0,0.0,0,0.0,0,0.0,0,0.0,0,,inactive,zero,,51.76,inactive,51.76,51.76,0.0,0.0,0.0,0.0,0.0,0,0,0.0
3003,健和興,電子零組件,2026-08-10,excluded,0,7,80,45,37,60.86,59.32,-1.54,"[-3022, 203168, 30000, 210000, 1392000]","[0, 0, 0, 0, 0]",True,,split,19.199,19199,24.593,24593,0.0,0,4.5,12.5,5.0,5.0,6.0,3.5,25.0,Q1,confirmed_accumulation,8.82,8.82,9.36,5,0.2676809774283286,4,2017.044,2017044,1392.0,1392000,1632.0,1632000,1832.146,1832146,88.25,active,positive,88.25,93.61,accelerating,93.61,93.61,0.20832927081181574,0.2917015926236379,0.2644628099173554,0.26502907565456385,5.0,7,4,88.25,False,9.919999999999995,15.462184873949592,20.315236427320492,8.171779249271715,91.13,16.760321793462918,5.013664981353961,82.4,8.171779249271715,16.760321793462918,True,7.176287051482078,20.315236427320492,12.62295081967213,-0.995492197789638,3.5549146338575754,7.609285838318169,0,0.0,0,0.0,0,0.0,0,0.0,0,0.0,0,,inactive,zero,,51.76,inactive,51.76,51.76,0.0,0.0,0.0,0.0,0.0,0,0,0.0
3005,神基,電腦週邊,2026-08-10,other_watch,48,2,458,390,388,27.25,21.31,-5.94,"[-294593, 529886, -98966, 395553, -208216]","[-166969, -17545, -2000, -10820, 0]",True,,split,-308.903,-308903,-46.391,-46391,0.0,0,3.5,5.62,0.75,0.75,2.75,5.0,5.0,Q2,unconfirmed_accumulation,1.44,1.44,5.38,5,0.02274597789248468,0,6282.465,6282465,-208.216,-208216,88.371,88371,323.664,323664,14.36,active,positive,14.36,53.85,decelerating,53.85,53.85,0.167304865383079,-0.05923641536273115,0.009987680831826402,0.022492286309937458,1.75,7,2,14.36,False,-0.43478260869564966,-0.43478260869564966,0.0,0.5607095890939884,64.93,-3.5549146338575754,3.018733485353331,79.92,0.5607095890939884,-3.5549146338575754,True,-0.43478260869564966,0.0,10.6280193236715,-0.995492197789638,3.5549146338575754,7.609285838318169,4,-0.013638562466626225,0,-410.84,-410840,0.0,0,-12.82,-12820,-197.334,-197334,59.41,active,negative,59.41,6.0,neutral,6.0,6.0,-0.010940853772203137,0.0,-0.0014489150090415913,-0.013713273106323837,-1.0,3,0,-59.41
3013,晟銘電,電腦週邊,2026-08-10,excluded,0,5,247,419,406,23.69,18.44,-5.25,"[63000, -29991, 75971, -227639, 191060]","[0, 0, 0, 0, 0]",True,,split,34.596,34596,-12.032,-12032,0.0,0,3.5,3.54,0.0,0.0,1.0,5.5,5.0,Q2,unconfirmed_accumulation,0.9,0.9,5.15,5,0.015031382558476148,1,1585.856,1585856,191.06,191060,39.392,39392,72.401,72401,9.01,active,positive,9.01,51.5,reversing_negative,51.5,51.5,0.10595683837776441,0.18731372549019606,0.012852202283849918,0.014157411028549081,0.0,7,3,9.01,False,2.4676850763807323,3.073286052009472,9.000000000000007,-11.366316847436487,17.21,5.445085366142432,-24.955257402299214,13.95,-11.366316847436487,5.445085366142432,True,-12.361809045226124,9.000000000000007,-17.345971563981045,-0.995492197789638,3.5549146338575754,7.609285838318169,0,0.0,0,7.0,7000,0.0,0,0.0,0,0.0,0,,inactive,zero,,51.76,inactive,51.76,51.76,0.0004676955969800227,0.0,0.0,0.0,0.0,4,0,0.0
3017,奇鋐,電腦週邊,2026-08-10,wait_pullback,42,15,8,5,3,85.79,83.49,-2.3,"[506495, 794266, 2310535, -239960, -294723]","[527110, 524300, 908000, 527200, 120179]",True,,split,-66.478,-66478,97.328,97328,0.0,0,10.0,25.0,1.75,1.75,1.75,6.5,25.0,Q1,confirmed_accumulation,15.24,15.24,17.54,5,0.11170136943589275,0,3072.685,3072685,-294.723,-294723,1775.852,1775852,3076.613,3076613,56.4,active,positive,56.4,75.88,reversing_negative,75.88,75.88,0.06304107424960506,-0.08861184606133493,0.10517957829898128,0.10888738276411254,0.0,4,3,56.4,True,-0.7181328545781018,1.2820512820512775,8.4313725490196,25.26515511913795,99.35,4.876457915162024,0.609892243873623,75.1,25.26515511913795,4.876457915162024,True,24.269662921348313,8.4313725490196,8.219178082191792,-0.995492197789638,3.5549146338575754,7.609285838318169,5,0.0923569656755164,8,4153.543,4153543,120.179,120179,1555.379,1555379,2606.789,2606789,96.04,active,positive,96.04,99.48,decelerating,99.48,99.48,0.08521661434931577,0.03613319302465424,0.09212147595356551,0.09225938771898778,1.75,9,5,96.04
3018,隆銘綠能,其他電子,2026-08-10,excluded,0,5,248,311,283,35.0,33.32,-1.68,"[53000, 10000, 31000, -4000, 3000]","[0, 0, 0, 0, 0]",True,,mixed,0.0,0,-1.0,-1000,0.0,0,3.5,12.5,0.0,0.0,1.0,4.0,5.0,Q2,unconfirmed_accumulation,8.32,8.32,9.0,5,0.22748062941598116,1,168.0,168000,3.0,3000,30.0,30000,93.0,93000,83.16,active,positive,83.16,89.96,reversing_negative,89.96,89.96,0.0740414279418246,0.031914893617021274,0.14285714285714285,0.22518159806295399,0.0,8,4,83.16,False,-1.7543859649122862,-0.3558718861210064,-2.4390243902439046,17.662158864456313,97.39,-5.99393902410148,24.46618585979505,93.61,17.662158864456313,-5.99393902410148,True,16.666666666666675,-2.4390243902439046,32.07547169811322,-0.995492197789638,3.5549146338575754,7.609285838318169,0,0.0,0,0.0,0,0.0,0,0.0,0,0.0,0,,inactive,zero,,51.76,inactive,51.76,51.76,0.0,0.0,0.0,0.0,0.0,0,0,0.0
3021,鴻名,電子零組件,2026-08-10,excluded,0,5,249,431,416,22.43,16.84,-5.59,"[-34000, -10000, 35000, -12000, 24000]","[0, 0, 0, 0, 0]",True,,split,0.0,0,-1.0,-1000,0.0,0,3.5,0.71,5.0,5.0,6.0,2.5,5.0,Q2,unconfirmed_accumulation,0.13,0.13,4.72,5,0.002127760391164943,1,116.05,116050,24.0,24000,47.0,47000,3.0,3000,1.31,active,positive,1.31,47.2,accelerating,47.2,47.2,0.04536747458952307,0.2696629213483146,0.12239583333333333,0.002849002849002849,5.0,5,2,1.31,False,1.449275362318847,-0.23752969121140222,4.218362282878418,-14.667158404619997,11.08,0.663447649020843,15.920125926387719,90.22,-14.667158404619997,0.663447649020843,True,-15.662650602409634,4.218362282878418,23.529411764705888,-0.995492197789638,3.5549146338575754,7.609285838318169,0,0.0,0,0.0,0,0.0,0,0.0,0,0.0,0,,inactive,zero,,51.76,inactive,51.76,51.76,0.0,0.0,0.0,0.0,0.0,0,0,0.0
3023,信邦,電子零組件,2026-08-10,other_watch,51,6,146,194,189,40.21,37.9,-2.31,"[-105009, 610698, -450916, -790000, 593843]","[125000, 84000, 244000, 300000, 0]",True,,split,-46.049,-46049,-541.23,-541230,0.0,0,3.5,12.5,0.75,0.75,2.75,6.5,5.0,Q2,unconfirmed_accumulation,9.65,9.65,9.96,5,-0.019495131001022712,1,313.482,313482,593.843,593843,-647.073,-647073,-141.384,-141384,12.01,active,negative,12.01,40.29,neutral,40.29,40.29,0.016640938528506212,0.3607794653705954,-0.13243409742120343,-0.01839261090152205,-1.0,4,2,-12.01,False,-1.1006289308176154,-1.1006289308176154,5.008347245409017,-1.9366065676424626,48.11,1.4534326115514418,-0.27140187927379156,72.75,-1.9366065676424626,1.4534326115514418,True,-2.9320987654321007,5.008347245409017,7.337883959044378,-0.995492197789638,3.5549146338575754,7.609285838318169,4,0.09813816165438918,0,1052.0,1052000,0.0,0,544.0,544000,753.0,753000,96.53,active,positive,96.53,99.61,decelerating,99.61,99.61,0.05584456948720671,0.0,0.11133851821530905,0.09795759073760894,1.75,9,4,96.53
3027,盛達,通信網路,2026-08-10,excluded,0,7,81,258,222,37.66,36.13,-1.53,"[57306, 32000, 36000, 65000, 33000]","[0, 0, 0, 0, 0]",True,,split,0.0,0,-51.414,-51414,0.0,0,3.5,12.5,1.75,1.75,2.75,4.5,5.0,Q2,unconfirmed_accumulation,8.88,8.88,9.41,5,0.2720427911949395,9,493.109,493109,33.0,33000,134.0,134000,223.306,223306,88.77,active,positive,88.77,94.13,decelerating,94.13,94.13,0.17990113097409705,0.20625,0.3182897862232779,0.2719926918392205,1.75,9,5,88.77,False,0.0,0.8130081300813163,2.197802197802212,-6.004507802210357,34.16,-1.3571124360553632,-1.6263798554121855,70.01,-6.004507802210357,-1.3571124360553632,True,-6.999999999999995,2.197802197802212,5.982905982905984,-0.995492197789638,3.5549146338575754,7.609285838318169,0,0.0,0,0.0,0,0.0,0,0.0,0,0.0,0,,inactive,zero,,51.76,inactive,51.76,51.76,0.0,0.0,0.0,0.0,0.0,0,0,0.0
3029,零壹,資訊服務,2026-08-10,high_priority_watch,53,5,250,137,135,52.73,48.01,-4.72,"[221550, 371985, 34644, 261289, -275055]","[-3000, -2160, 0, -820, 0]",True,,split,-4.337,-4337,-2.6,-2600,0.0,0,3.5,12.5,-1.0,-1.0,1.0,4.0,25.0,Q1,confirmed_accumulation,4.01,4.01,6.73,5,0.07105028295595081,0,2687.877,2687877,-275.055,-275055,20.878,20878,614.413,614413,40.08,active,positive,40.08,67.28,reversing_negative,67.28,67.28,0.14913593741330522,-0.23408936170212766,0.0034401054539462844,0.0721650223161851,0.0,7,4,40.08,False,-0.45662100456621557,1.869158878504673,4.807692307692313,7.858237295828852,90.22,1.2527776738347374,4.530631857155076,81.62,7.858237295828852,1.2527776738347374,True,6.8627450980392135,4.807692307692313,12.139917695473246,-0.995492197789638,3.5549146338575754,7.609285838318169,3,-0.000691105341198257,0,2.863,2863,0.0,0,-0.82,-820,-5.98,-5980,15.84,active,negative,15.84,12.52,neutral,12.52,12.52,0.00015885257726238694,0.0,-0.00013511286867688252,-0.0007023725628376791,-1.0,1,0,-15.84
3031,佰鴻,光電業,2026-08-10,excluded,0,0,621,587,508,7.0,6.0,-1.0,"[7000, -284520, -32693, -6654, 283000]","[0, 0, 0, 0, 0]",True,,split,0.0,0,-8.0,-8000,0.0,0,0.0,0.0,3.0,3.0,4.0,3.0,0.0,Q4,confirmed_distribution,0.0,0.0,0.0,5,-0.009017331734392455,1,475.096,475096,283.0,283000,243.653,243653,-33.867,-33867,5.35,active,negative,5.35,44.07,reversing_positive,44.07,44.07,0.048827954779033914,0.4913194444444444,0.1550942075111394,-0.009332322953981812,3.0,6,2,-5.35,False,2.643171806167399,0.4310344827586299,7.870370370370372,-18.79796735470606,7.69,4.315455736512797,-29.942619171651497,9.52,-18.79796735470606,4.315455736512797,True,-19.793459552495698,7.870370370370372,-22.33333333333333,-0.995492197789638,3.5549146338575754,7.609285838318169,0,0.0,0,0.0,0,0.0,0,0.0,0,0.0,0,,inactive,zero,,51.76,inactive,51.76,51.76,0.0,0.0,0.0,0.0,0.0,0,0,0.0
3032,偉訓,電子零組件,2026-08-10,excluded,0,5,251,152,143,50.06,46.15,-3.91,"[68000, 685000, -16000, -161091, -211000]","[0, 0, 0, 0, 0]",True,,split,16.581,16581,-28.251,-28251,0.0,0,3.5,12.5,0.0,0.0,1.0,1.5,25.0,Q1,confirmed_accumulation,3.65,3.65,6.56,5,0.07187240775994588,0,245.23,245230,-211.0,-211000,-388.091,-388091,364.909,364909,36.55,active,positive,36.55,65.58,reversing_negative,65.58,65.58,0.028531704479348458,-0.46271929824561403,-0.143471719038817,0.06683315018315018,0.0,3,2,36.55,False,-1.0948905109489093,-6.659012629161875,2.9113924050632844,2.7476824355868845,77.71,-0.643522228794291,-6.111158497494196,59.97,2.7476824355868845,-0.643522228794291,True,1.7521902377972465,2.9113924050632844,1.4981273408239737,-0.995492197789638,3.5549146338575754,7.609285838318169,0,0.0,0,0.0,0,0.0,0,0.0,0,0.0,0,,inactive,zero,,51.76,inactive,51.76,51.76,0.0,0.0,0.0,0.0,0.0,0,0,0.0
3034,聯詠,半導體業,2026-08-10,other_watch,54,7,82,34,30,63.35,60.81,-2.54,"[1870255, 2746894, 69754, 370833, 636858]","[-285000, -399888, -121485, -16000, 12436]",True,,split,-309.811,-309811,-127.41,-127410,0.0,0,3.5,12.5,4.0,4.0,6.0,7.0,25.0,Q1,confirmed_accumulation,8.81,8.81,9.35,5,0.26313169527053526,10,8867.716,8867716,636.858,636858,1077.445,1077445,5694.594,5694594,88.12,active,positive,88.12,93.48,accelerating,93.48,93.48,0.19268846830794636,0.21200332889480691,0.11367851867482591,0.2638584931887684,5.0,10,5,88.12,False,0.36900369003689537,-1.0909090909090868,4.816955684007707,17.359128561425997,97.13,1.2620410501501311,2.7355417478887256,79.2,17.359128561425997,1.2620410501501311,True,16.36363636363636,4.816955684007707,10.344827586206895,-0.995492197789638,3.5549146338575754,7.609285838318169,5,-0.037393952491930366,1,-524.765,-524765,12.436,12436,-125.049,-125049,-809.937,-809937,82.18,active,negative,82.18,2.61,neutral,2.61,2.61,-0.011402729188848569,0.0041398135818908124,-0.013193606246043469,-0.03752835696413678,-1.0,4,1,-82.18
3042,晶技,電子零組件,2026-08-10,excluded,0,12,33,296,366,36.11,25.06,-11.05,"[1315194, 1201775, -294538, -1020862, -137623]","[130000, -100, -4000, -5000, 0]",True,,split,-123.329,-123329,-266.506,-266506,0.0,0,9.0,3.83,0.0,0.0,0.0,4.0,5.0,Q2,unconfirmed_accumulation,3.23,3.23,14.28,5,0.013965760250492818,0,10879.3,10879300,-137.623,-137623,-1453.023,-1453023,1063.946,1063946,8.49,active,positive,8.49,51.37,reversing_negative,51.37,51.37,0.07045266157233519,-0.009728757245864555,-0.04119713637652396,0.013754957983193277,0.0,6,2,8.49,True,7.440476190476186,1.9774011299435124,16.828478964401295,-5.72285405544034,34.94,13.27356433054372,13.126500114859098,88.53,-5.72285405544034,13.27356433054372,True,-6.718346253229979,16.828478964401295,20.735785953177267,-0.995492197789638,3.5549146338575754,7.609285838318169,4,0.0015211155575253214,0,-119.1,-119100,0.0,0,-9.0,-9000,120.9,120900,23.76,active,positive,23.76,91.4,reversing_negative,91.4,91.4,-0.0007712731511462246,0.0,-0.00025517436915225406,0.0015630252100840335,0.0,2,1,23.76
3045,台灣大,通信網路,2026-08-10,excluded,0,0,622,458,476,14.0,7.0,-7.0,"[-2596700, 113857, -1068921, 1724407, -2005204]","[-945638, -31845, 47000, 105063, -73239]",True,,split,-417.354,-417354,332.428,332428,0.0,0,1.0,0.0,-0.5,-0.5,6.5,6.5,0.0,Q4,confirmed_distribution,0.0,0.0,0.0,5,-0.09912872546702954,0,16276.106,16276106,-2005.204,-2005204,-1349.718,-1349718,-3832.561,-3832561,53.0,active,negative,53.0,20.34,stable,20.34,20.34,0.14864838255977497,-0.20665814696485624,-0.06294739296707397,-0.09951602098047362,-3.5,7,2,-53.0,False,-0.8968609865470878,0.0,-1.3392857142857095,1.9087342069220692,72.88,-4.8942003481432845,-11.52232931657904,40.94,1.9087342069220692,-4.8942003481432845,True,0.9132420091324311,-1.3392857142857095,-3.913043478260869,-0.995492197789638,3.5549146338575754,7.609285838318169,5,-0.023353281569444675,0,410.363,410363,-73.239,-73239,78.824,78824,-898.659,-898659,71.29,active,negative,71.29,4.3,reversing_positive,4.3,4.3,0.0037478126655341847,-0.007548077914047202,0.0036761496129092434,-0.023334519110926464,3.0,6,2,-71.29
3048,益登,電子通路,2026-08-10,excluded,0,0,623,588,697,7.0,0.0,-7.0,"[-3337000, -3608960, 531209, -1638000, -316000]","[0, 0, 0, 0, 0]",True,,split,191.873,191873,-33.43,-33430,0.0,0,0.0,0.0,-3.5,-3.5,4.5,2.5,0.0,Q3,absorption_divergence,0.0,0.0,0.0,5,-0.17408919465286726,0,-6842.359,-6842359,-316.0,-316000,-1422.791,-1422791,-8368.751,-8368751,74.02,active,negative,74.02,10.43,stable,10.43,10.43,-0.11193310867182515,-0.09324284449690175,-0.08614100623599927,-0.17451986319938273,-3.5,5,1,-74.02,False,-0.3478260869565264,-1.715265866209259,12.795275590551181,0.821276169915075,67.28,9.240360956693607,4.743655338152419,81.88,0.821276169915075,9.240360956693607,True,-0.17421602787456303,12.795275590551181,12.352941176470589,-0.995492197789638,3.5549146338575754,7.609285838318169,0,0.0,0,0.0,0,0.0,0,0.0,0,0.0,0,,inactive,zero,,51.76,inactive,51.76,51.76,0.0,0.0,0.0,0.0,0.0,0,0,0.0
3049,精金,光電業,2026-08-10,excluded,0,0,624,589,698,7.0,0.0,-7.0,"[185949, -394436, -269587, 97083, -194190]","[0, 0, 0, 0, 0]",True,,split,0.638,638,-21.0,-21000,0.0,0,0.0,0.0,-3.5,-3.5,4.5,2.5,0.0,Q4,confirmed_distribution,0.0,0.0,0.0,5,-0.059185723299790334,0,912.679,912679,-194.19,-194190,-366.694,-366694,-575.181,-575181,31.98,active,negative,31.98,30.77,stable,30.77,30.77,0.035046425005759926,-0.08388336933045357,-0.06586922938746183,-0.05772012042147516,-3.5,5,2,-31.98,False,3.2863849765258246,2.3255813953488413,8.374384236453203,-8.095416893119445,25.81,4.819469602595627,-20.65276409918774,21.12,-8.095416893119445,4.819469602595627,True,-9.090909090909083,8.374384236453203,-13.043478260869568,-0.995492197789638,3.5549146338575754,7.609285838318169,0,0.0,0,0.0,0,0.0,0,0.0,0,0.0,0,,inactive,zero,,51.76,inactive,51.76,51.76,0.0,0.0,0.0,0.0,0.0,0,0,0.0
3050,鈺德,光電業,2026-08-10,excluded,0,5,252,435,420,21.49,16.13,-5.36,"[55000, 50000, -123000, 43000, -1000]","[0, 0, 0, 0, 0]",True,,split,0.0,0,-8.0,-8000,0.0,0,3.5,2.96,1.0,1.0,2.0,3.0,5.0,Q2,unconfirmed_accumulation,0.67,0.67,5.03,5,0.012181362580848301,0,-1.082,-1082,-1.0,-1000,-81.0,-81000,24.0,24000,6.66,active,positive,6.66,50.33,neutral,50.33,50.33,-0.00016285370258880194,-0.0016863406408094434,-0.06367924528301887,0.011840157868771583,1.0,6,3,6.66,False,0.8888888888888946,0.4424778761061843,1.3392857142857206,-5.20285490964838,36.11,-2.215628919571855,-14.19364797823587,34.29,-5.20285490964838,-2.215628919571855,True,-6.198347107438018,1.3392857142857206,-6.584362139917699,-0.995492197789638,3.5549146338575754,7.609285838318169,0,0.0,0,0.0,0,0.0,0,0.0,0,0.0,0,,inactive,zero,,51.76,inactive,51.76,51.76,0.0,0.0,0.0,0.0,0.0,0,0,0.0
3054,立萬利,食品工業,2026-08-10,excluded,0,0,625,540,699,7.5,0.0,-7.5,"[8000, -11000, 11000, -11000, -25000]","[0, 0, 0, 0, 0]",True,,split,0.0,0,-15.092,-15092,0.0,0,0.0,0.0,-3.5,-3.5,4.5,3.0,0.0,Q4,confirmed_distribution,0.0,0.0,0.0,5,-0.0691572266818793,0,65.0,65000,-25.0,-25000,-25.0,-25000,-28.0,-28000,38.77,active,negative,38.77,28.03,stable,28.03,28.03,0.07620164126611957,-0.16447368421052633,-0.10121457489878542,-0.07017543859649122,-3.5,6,2,-38.77,False,-3.685258964143434,-2.323232323232316,-0.20639834881320818,-18.82208657501301,7.56,-3.7613129826707836,-35.97965620868854,5.08,-18.82208657501301,-3.7613129826707836,True,-19.817578772802648,-0.20639834881320818,-28.370370370370367,-0.995492197789638,3.5549146338575754,7.609285838318169,0,0.0,0,0.0,0,0.0,0,0.0,0,0.0,0,,inactive,zero,,51.76,inactive,51.76,51.76,0.0,0.0,0.0,0.0,0.0,0,0,0.0
3055,蔚華科,電子通路,2026-08-10,excluded,0,0,626,710,700,5.5,0.0,-5.5,"[-32000, -55000, -28000, -88000, -297759]","[0, 0, 0, 0, 0]",True,,split,33.536,33536,-4.005,-4005,0.0,0,0.0,0.0,-3.5,-3.5,4.5,1.0,0.0,Q4,confirmed_distribution,0.0,0.0,0.0,5,-0.1705200105841106,0,-229.915,-229915,-297.759,-297759,-413.759,-413759,-500.759,-500759,72.98,active,negative,72.98,10.82,stable,10.82,10.82,-0.016843589743589744,-0.2639707446808511,-0.21651439037153322,-0.16866251263051532,-3.5,2,0,-72.98,False,9.661835748792269,1.3392857142857206,21.911922663802375,-29.372605961719568,1.04,18.3570080299448,-0.533814140204969,72.23,-29.372605961719568,18.3570080299448,True,-30.368098159509206,21.911922663802375,7.0754716981132,-0.995492197789638,3.5549146338575754,7.609285838318169,0,0.0,0,0.0,0,0.0,0,0.0,0,0.0,0,,inactive,zero,,51.76,inactive,51.76,51.76,0.0,0.0,0.0,0.0,0.0,0,0,0.0
3056,富華新,建材營建,2026-08-10,excluded,0,7,83,252,216,37.77,36.35,-1.42,"[58000, 137721, 254000, 315820, 262480]","[0, 0, 0, 0, 0]",True,,split,-1.501,-1501,-61.0,-61000,0.0,0,3.5,12.5,1.75,1.75,2.75,4.5,5.0,Q2,unconfirmed_accumulation,9.1,9.1,9.52,5,0.2996248299854066,9,2636.521,2636521,262.48,262480,832.3,832300,1028.021,1028021,90.99,active,positive,90.99,95.18,decelerating,95.18,95.18,0.2904297202026878,0.3905952380952381,0.4003367003367003,0.298930212271009,1.75,9,5,90.99,False,1.0638297872340496,2.1505376344086002,1.7857142857142794,-1.7348832288315297,49.41,-1.769200348143296,-4.721199195718895,63.75,-1.7348832288315297,-1.769200348143296,True,-2.7303754266211677,1.7857142857142794,2.8880866425992746,-0.995492197789638,3.5549146338575754,7.609285838318169,0,0.0,0,0.0,0,0.0,0,0.0,0,0.0,0,,inactive,zero,,51.76,inactive,51.76,51.76,0.0,0.0,0.0,0.0,0.0,0,0,0.0
3059,華晶科,光電業,2026-08-10,excluded,0,5,253,239,233,38.38,35.71,-2.67,"[299947, 454000, -85000, 15000, 337859]","[0, 0, 0, 0, 0]",True,,split,-27.03,-27030,-25.311,-25311,0.0,0,3.5,12.5,5.0,5.0,6.0,3.5,5.0,Q2,unconfirmed_accumulation,6.21,6.21,7.88,5,0.12588994192591174,2,1994.343,1994343,337.859,337859,267.859,267859,1021.806,1021806,62.14,active,positive,62.14,78.75,accelerating,78.75,78.75,0.10373156142723396,0.24715362106803218,0.061043527803099365,0.12624240177909563,5.0,7,4,62.14,False,1.6189290161892966,2.0000000000000018,6.388526727509758,-10.212342405039532,20.73,2.8336120936521825,-5.353646740573814,61.54,-10.212342405039532,2.8336120936521825,True,-11.20783460282917,6.388526727509758,2.2556390977443552,-0.995492197789638,3.5549146338575754,7.609285838318169,0,0.0,0,0.0,0,0.0,0,0.0,0,0.0,0,,inactive,zero,,51.76,inactive,51.76,51.76,0.0,0.0,0.0,0.0,0.0,0,0,0.0
3073,天方能源,綠能環保,2026-08-10,excluded,0,5,254,123,112,54.57,51.87,-2.7,"[2000, 0, 8000, 12000, -1000]","[0, 0, 0, 0, 0]",True,,split,-0.248,-248,0.0,0,0.0,0,3.5,12.5,1.75,1.75,2.75,3.0,25.0,Q1,confirmed_accumulation,6.12,6.12,7.82,4,0.12287294572207373,0,50.0,50000,-1.0,-1000,19.0,19000,21.0,21000,61.23,active,positive,61.23,78.23,decelerating,78.23,78.23,0.09345794392523364,-0.041666666666666664,0.12837837837837837,0.12280701754385964,1.75,6,3,61.23,False,0.0,0.454545454545463,1.3761467889908285,0.5450417473391922,64.54,-2.178767844866747,2.890714161681829,79.4,0.5450417473391922,-2.178767844866747,True,-0.45045045045044585,1.3761467889908285,10.499999999999998,-0.995492197789638,3.5549146338575754,7.609285838318169,0,0.0,0,0.0,0,0.0,0,0.0,0,0.0,0,,inactive,zero,,51.76,inactive,51.76,51.76,0.0,0.0,0.0,0.0,0.0,0,0,0.0
3078,僑威,電子零組件,2026-08-10,excluded,0,14,22,109,134,55.99,48.39,-7.6,"[209000, 3886, 263733, 331390, 471139]","[-4626, -2854, 0, 10000, 0]",True,,split,1.596,1596,93.0,93000,0.0,0,10.0,12.69,3.5,3.5,3.5,6.0,5.0,Q2,unconfirmed_accumulation,11.2,11.2,18.8,5,0.37749018633363784,8,1543.542,1543542,471.139,471139,1066.262,1066262,1279.148,1279148,95.69,active,positive,95.69,97.65,decelerating,97.65,97.65,0.223766599014207,0.4697298105682951,0.48911100917431194,0.37577790834312574,1.75,8,5,95.69,True,1.109057301293892,3.598484848484862,4.588910133843216,-0.08949876061903339,60.37,1.0339954999856404,-8.335238651385312,52.15,-0.08949876061903339,1.0339954999856404,True,-1.0849909584086714,4.588910133843216,-0.7259528130671433,-0.995492197789638,3.5549146338575754,7.609285838318169,3,0.0007960138455827158,0,23.234,23234,0.0,0,10.0,10000,2.52,2520,16.34,active,positive,16.34,90.35,decelerating,90.35,90.35,0.00336822267323862,0.0,0.0045871559633027525,0.0007403055229142186,1.75,4,1,16.34
3083,網龍,文化創意,2026-08-10,excluded,0,5,255,312,304,34.99,31.87,-3.12,"[8000, -13000, 19000, 21000, -9000]","[0, 0, 0, 0, 0]",True,,split,0.206,206,0.0,0,0.0,0,3.5,12.5,1.75,1.75,2.75,4.0,5.0,Q2,unconfirmed_accumulation,5.12,5.12,7.24,5,0.09393669669241998,0,213.0,213000,-9.0,-9000,31.0,31000,26.0,26000,51.17,active,positive,51.17,72.36,decelerating,72.36,72.36,0.2897959183673469,-0.28125,0.19254658385093168,0.09386281588447654,1.75,8,3,51.17,False,0.0,0.5928853754940677,0.19685039370078705,-3.5073220611221756,41.72,-3.3580642401567884,-10.286150083060042,44.33,-3.5073220611221756,-3.3580642401567884,True,-4.502814258911814,0.19685039370078705,-2.6768642447418722,-0.995492197789638,3.5549146338575754,7.609285838318169,0,0.0,0,0.0,0,0.0,0,0.0,0,0.0,0,,inactive,zero,,51.76,inactive,51.76,51.76,0.0,0.0,0.0,0.0,0.0,0,0,0.0
3086,華義*,文化創意,2026-08-10,excluded,0,7,84,202,190,39.76,37.82,-1.94,"[19000, 5000, 22000, 28000, 59000]","[0, 0, 0, 0, 0]",True,,split,-2.374,-2374,0.0,0,0.0,0,3.5,12.5,5.0,5.0,6.0,4.0,5.0,Q2,unconfirmed_accumulation,7.82,7.82,8.76,5,0.19338447243662166,5,375.0,375000,59.0,59000,109.0,109000,133.0,133000,78.2,active,positive,78.2,87.61,accelerating,87.61,87.61,0.18292682926829268,0.3155080213903743,0.27386934673366836,0.1933139534883721,5.0,8,5,78.2,False,1.4732965009208288,0.36429872495447047,-1.0771992818671472,-10.419298798994925,20.08,-4.632113915724723,-35.0137654167108,6.13,-10.419298798994925,-4.632113915724723,True,-11.414790996784562,-1.0771992818671472,-27.404479578392625,-0.995492197789638,3.5549146338575754,7.609285838318169,0,0.0,0,0.0,0,0.0,0,0.0,0,0.0,0,,inactive,zero,,51.76,inactive,51.76,51.76,0.0,0.0,0.0,0.0,0.0,0,0,0.0
3092,鴻碩,電子零組件,2026-08-10,excluded,0,5,256,259,272,37.6,33.72,-3.88,"[2240, 998, 50, -8000, 49000]","[0, 0, 0, 0, 0]",True,,split,0.321,321,-2.0,-2000,0.0,0,3.5,12.5,5.0,5.0,6.0,4.0,5.0,Q2,unconfirmed_accumulation,3.72,3.72,6.6,5,0.0674340738538307,1,145.166,145166,49.0,49000,41.05,41050,44.288,44288,37.21,active,positive,37.21,65.97,accelerating,65.97,65.97,0.06850684285040114,0.3006134969325153,0.12515243902439024,0.06720485584218513,5.0,8,4,37.21,False,-0.42194092827003704,0.0,3.2822757111597323,-10.115618913321468,21.25,-0.2726389226978432,-27.200427235251734,11.73,-10.115618913321468,-0.2726389226978432,True,-11.111111111111105,3.2822757111597323,-19.591141396933565,-0.995492197789638,3.5549146338575754,7.609285838318169,0,0.0,0,0.0,0,0.0,0,0.0,0,0.0,0,,inactive,zero,,51.76,inactive,51.76,51.76,0.0,0.0,0.0,0.0,0.0,0,0,0.0
3093,港建*,其他電子,2026-08-10,excluded,0,0,627,741,610,4.5,1.5,-3.0,"[12000, -107938, -21000, -95000, 42000]","[0, 0, 0, 0, 0]",True,,split,1.514,1514,0.0,0,0.0,0,0.0,0.0,-1.0,-1.0,2.0,2.5,0.0,Q4,confirmed_distribution,0.0,0.0,0.0,5,-0.09366030116045093,1,283.082,283082,42.0,42000,-74.0,-74000,-169.938,-169938,51.44,active,negative,51.44,20.99,neutral,20.99,20.99,0.04541665329696775,0.1794871794871795,-0.07692307692307693,-0.0940442722744881,-1.0,5,2,-51.44,False,1.2658227848101333,3.2258064516129004,9.714285714285719,-10.606717746961737,19.56,6.159371080428143,-14.945193174225501,32.33,-10.606717746961737,6.159371080428143,True,-11.602209944751374,9.714285714285719,-7.335907335907333,-0.995492197789638,3.5549146338575754,7.609285838318169,0,0.0,0,0.0,0,0.0,0,0.0,0,0.0,0,,inactive,zero,,51.76,inactive,51.76,51.76,0.0,0.0,0.0,0.0,0.0,0,0,0.0
3094,聯傑,半導體業,2026-08-10,excluded,0,5,257,243,241,38.19,35.36,-2.83,"[141229, 191845, -115033, 33050, 455654]","[0, 0, 0, 0, 0]",True,,split,0.0,0,-5.979,-5979,0.0,0,3.5,12.5,5.0,5.0,6.0,3.5,5.0,Q2,unconfirmed_accumulation,5.86,5.86,7.69,5,0.11497781106673408,2,1149.375,1149375,455.654,455654,373.671,373671,706.745,706745,58.62,active,positive,58.62,76.92,accelerating,76.92,76.92,0.05713451309837451,0.2769933130699088,0.11907934990439771,0.1131697357886309,5.0,7,4,58.62,False,6.025824964131998,2.4965325936199934,5.1209103840683,-2.780549468877014,44.46,1.5659957502107247,5.043153186072092,82.53,-2.780549468877014,1.5659957502107247,True,-3.776041666666652,5.1209103840683,12.652439024390262,-0.995492197789638,3.5549146338575754,7.609285838318169,0,0.0,0,0.0,0,0.0,0,0.0,0,0.0,0,,inactive,zero,,51.76,inactive,51.76,51.76,0.0,0.0,0.0,0.0,0.0,0,0,0.0
3095,及成,通信網路,2026-08-10,excluded,0,5,258,154,149,49.22,44.91,-4.31,"[0, 4000, 0, 0, -2000]","[0, 0, 0, 0, 0]",True,,mixed,0.412,412,0.0,0,0.0,0,3.5,12.2,0.0,0.0,1.0,1.5,25.0,Q1,confirmed_accumulation,2.71,2.71,6.02,2,0.047856049004594184,0,4.0,4000,-2.0,-2000,-2.0,-2000,2.0,2000,27.15,active,positive,27.15,60.23,reversing_negative,60.23,60.23,0.05555555555555555,-0.6666666666666666,-0.18181818181818182,0.04878048780487805,0.0,3,1,27.15,False,-2.2842639593908642,1.3157894736842035,2.941176470588247,1.912923390450183,73.01,-0.6137381632693284,-21.575766285245546,19.3,1.912923390450183,-0.6137381632693284,True,0.917431192660545,2.941176470588247,-13.966480446927376,-0.995492197789638,3.5549146338575754,7.609285838318169,0,0.0,0,0.0,0,0.0,0,0.0,0,0.0,0,,inactive,zero,,51.76,inactive,51.76,51.76,0.0,0.0,0.0,0.0,0.0,0,0,0.0
3105,穩懋,半導體業,2026-08-10,excluded,0,6,147,425,413,23.22,17.28,-5.94,"[1851825, -683580, -1076351, -3565114, 1908929]","[119000, -1000, 749436, 219500, 256591]",True,,split,111.093,111093,-7.429,-7429,0.0,0,3.5,2.99,0.75,0.75,2.75,4.5,0.0,Q4,confirmed_distribution,5.54,5.54,9.48,5,-0.014414137825614596,1,-269.951,-269951,1908.929,1908929,-2732.536,-2732536,-1564.291,-1564291,8.62,active,negative,8.62,42.76,neutral,42.76,42.76,-0.0012144910583736363,0.07426872349531183,-0.030166101807182363,-0.013909754579406011,-1.0,4,2,-8.62,False,5.327868852459017,2.5265957446808596,23.954983922829577,-3.346939563996965,42.24,20.400069288972002,-27.878158640800077,11.21,-3.346939563996965,20.400069288972002,True,-4.342431761786603,23.954983922829577,-20.26887280248191,-0.995492197789638,3.5549146338575754,7.609285838318169,5,0.01207591090480125,3,20.476,20476,256.591,256591,1225.527,1225527,1343.527,1343527,55.45,active,positive,55.45,94.78,decelerating,94.78,94.78,9.212012147115061e-05,0.009982920281679181,0.013529326694854443,0.011946709941312467,1.75,5,4,55.45
3114,好德,電子零組件,2026-08-10,excluded,0,0,628,590,701,7.0,0.0,-7.0,"[-37154, 14050, -253935, -575000, -179900]","[0, 0, 0, 0, 0]",True,,split,6.516,6516,9.0,9000,0.0,0,1.0,0.0,-3.5,-3.5,4.5,1.5,0.0,Q4,confirmed_distribution,0.0,0.0,0.0,5,-0.09854868584937604,0,-937.463,-937463,-179.9,-179900,-1008.835,-1008835,-1031.939,-1031939,52.35,active,negative,52.35,20.6,stable,20.6,20.6,-0.06986086891720694,-0.10922890103217972,-0.10788525291412683,-0.09740787238059279,-3.5,3,1,-52.35,False,-3.350515463917514,11.773472429210141,23.152709359605915,-1.2209354423668217,53.32,19.59779472574834,30.5122611230078,95.18,-1.2209354423668217,19.59779472574834,True,-2.2164276401564598,23.152709359605915,38.12154696132597,-0.995492197789638,3.5549146338575754,7.609285838318169,0,0.0,0,0.0,0,0.0,0,0.0,0,0.0,0,,inactive,zero,,51.76,inactive,51.76,51.76,0.0,0.0,0.0,0.0,0.0,0,0,0.0
3128,昇銳,光電業,2026-08-10,excluded,0,5,259,280,261,37.0,34.02,-2.98,"[-7000, 0, -1000, 29000, 28000]","[0, 0, 0, 0, 0]",True,,split,-0.677,-677,0.0,0,0.0,0,3.5,12.5,5.0,5.0,6.0,2.5,5.0,Q2,unconfirmed_accumulation,5.52,5.52,7.5,4,0.10625065354758076,2,126.0,126000,28.0,28000,56.0,56000,49.0,49000,55.22,active,positive,55.22,74.97,accelerating,74.97,74.97,0.09224011713030747,0.45901639344262296,0.21052631578947367,0.10629067245119306,5.0,5,2,55.22,False,1.6203703703703498,0.22831050228311334,1.385681293302543,-5.798563003908885,34.81,-2.1692333405550324,-11.757757454038686,40.29,-5.798563003908885,-2.1692333405550324,True,-6.794055201698523,1.385681293302543,-4.148471615720517,-0.995492197789638,3.5549146338575754,7.609285838318169,0,0.0,0,0.0,0,0.0,0,0.0,0,0.0,0,,inactive,zero,,51.76,inactive,51.76,51.76,0.0,0.0,0.0,0.0,0.0,0,0,0.0
3138,耀登,通信網路,2026-08-10,excluded,0,5,260,338,336,33.24,28.73,-4.51,"[-46748, 21203, 18989, -5675, 65000]","[0, 0, 0, 0, 0]",True,,split,5.212,5212,-2.0,-2000,0.0,0,3.5,9.5,5.0,5.0,6.0,3.5,5.0,Q2,unconfirmed_accumulation,2.23,2.23,5.74,5,0.04058213147594447,1,500.71,500710,65.0,65000,78.314,78314,52.769,52769,22.32,active,positive,22.32,57.37,accelerating,57.37,57.37,0.11995927168183997,0.23465703971119134,0.1193810975609756,0.03801801152737752,5.0,7,3,22.32,False,4.3933054393305415,2.358974358974364,10.643015521064303,-11.07499238370816,18.12,7.0881008872067275,-42.38052766838353,2.35,-11.07499238370816,7.0881008872067275,True,-12.070484581497798,10.643015521064303,-34.77124183006536,-0.995492197789638,3.5549146338575754,7.609285838318169,0,0.0,0,0.0,0,0.0,0,0.0,0,0.0,0,,inactive,zero,,51.76,inactive,51.76,51.76,0.0,0.0,0.0,0.0,0.0,0,0,0.0
3141,晶宏,半導體業,2026-08-10,excluded,0,7,85,67,54,58.94,57.7,-1.24,"[388000, 312579, 801305, 1243040, 255216]","[0, 0, 0, 0, 0]",True,,split,39.674,39674,79.984,79984,0.0,0,4.5,12.5,1.75,1.75,2.75,4.5,25.0,Q1,confirmed_accumulation,9.45,9.45,9.69,5,0.34561489047519406,9,3655.958,3655958,255.216,255216,2299.561,2299561,3000.14,3000140,94.52,active,positive,94.52,96.87,decelerating,96.87,96.87,0.29590918656414406,0.17588973121984838,0.3266421875,0.34743949044585987,1.75,9,5,94.52,False,1.2658227848101333,7.526881720430101,13.475177304964546,12.261138929361259,95.44,9.920262671106972,20.186241318231346,92.44,12.261138929361259,9.920262671106972,True,11.265646731571621,13.475177304964546,27.795527156549515,-0.995492197789638,3.5549146338575754,7.609285838318169,0,0.0,0,0.0,0,0.0,0,0.0,0,0.0,0,,inactive,zero,,51.76,inactive,51.76,51.76,0.0,0.0,0.0,0.0,0.0,0,0,0.0
3147,大綜,資訊服務,2026-08-10,excluded,0,0,629,711,587,5.5,2.5,-3.0,"[67440, 20604, 71000, -358180, 67430]","[0, 0, 0, 0, 0]",True,,split,-121.81,-121810,-1.66,-1660,0.0,0,0.0,0.0,-1.0,-1.0,2.0,3.5,0.0,Q4,confirmed_distribution,0.0,0.0,0.0,5,-0.013681635624515473,1,-26.801,-26801,67.43,67430,-219.75,-219750,-131.706,-131706,11.75,active,negative,11.75,40.55,neutral,40.55,40.55,-0.0022788028228892102,0.06058400718778077,-0.05874097834803529,-0.018051809210526317,-1.0,7,4,-11.75,False,4.035874439461873,-14.548802946592998,-2.3157894736842155,-2.538811336513891,45.11,-5.8707041075417905,26.88346778487023,94.13,-2.538811336513891,-5.8707041075417905,True,-3.534303534303529,-2.3157894736842155,34.4927536231884,-0.995492197789638,3.5549146338575754,7.609285838318169,0,0.0,0,0.0,0,0.0,0,0.0,0,0.0,0,,inactive,zero,,51.76,inactive,51.76,51.76,0.0,0.0,0.0,0.0,0.0,0,0,0.0
3149,正達,光電業,2026-08-10,excluded,0,5,261,294,300,36.21,32.07,-4.14,"[1040020, -668450, -649486, -647840, 4304000]","[0, 0, 0, 0, 0]",True,,split,7.753,7753,-12.0,-12000,0.0,0,3.5,12.5,5.0,5.0,6.0,3.0,5.0,Q2,unconfirmed_accumulation,3.07,3.07,6.21,5,0.060543718920443794,1,6796.28,6796280,4304.0,4304000,3006.674,3006674,3378.244,3378244,30.68,active,positive,30.68,62.06,accelerating,62.06,62.06,0.06913392875307713,0.3419672652153186,0.09769541200935794,0.0557834214002642,5.0,6,2,30.68,False,9.872611464968163,5.504587155963292,4.229607250755274,-24.24827811640321,3.65,0.6746926168976985,20.40555646223843,92.57,-24.24827811640321,0.6746926168976985,True,-25.243770314192847,4.229607250755274,28.014842300556598,-0.995492197789638,3.5549146338575754,7.609285838318169,0,0.0,0,0.0,0,0.0,0,0.0,0,0.0,0,,inactive,zero,,51.76,inactive,51.76,51.76,0.0,0.0,0.0,0.0,0.0,0,0,0.0
3150,鈺寶-創,半導體業,2026-08-10,excluded,0,5,262,226,219,38.65,36.28,-2.37,"[18000, 4000, -5000, -1000, 19000]","[0, 0, 0, 0, 0]",True,,split,-18.134,-18134,-4.0,-4000,0.0,0,3.5,12.5,5.0,5.0,6.0,3.5,5.0,Q2,unconfirmed_accumulation,6.78,6.78,8.15,5,0.14307474573018614,1,50.8,50800,19.0,19000,13.0,13000,35.0,35000,67.75,active,positive,67.75,81.49,accelerating,81.49,81.49,0.08728522336769759,0.23170731707317074,0.08666666666666667,0.14112903225806453,5.0,7,3,67.75,False,6.606606606606613,9.23076923076922,10.59190031152648,-0.6665576637062132,56.84,7.036985677668905,-10.349011865715429,44.07,-0.6665576637062132,7.036985677668905,True,-1.6620498614958512,10.59190031152648,-2.73972602739726,-0.995492197789638,3.5549146338575754,7.609285838318169,0,0.0,0,0.0,0,0.0,0,0.0,0,0.0,0,,inactive,zero,,51.76,inactive,51.76,51.76,0.0,0.0,0.0,0.0,0.0,0,0,0.0
3162,精確,電機機械,2026-08-10,excluded,0,0,630,755,624,4.0,1.0,-3.0,"[49000, -38000, -192000, -246000, 91871]","[0, 0, 0, 0, 0]",True,,split,3.853,3853,-47.0,-47000,0.0,0,0.0,0.0,-1.0,-1.0,2.0,2.0,0.0,Q4,confirmed_distribution,0.0,0.0,0.0,5,-0.08488226637502409,1,50.089,50089,91.871,91871,-346.129,-346129,-335.129,-335129,48.3,active,negative,48.3,23.08,neutral,23.08,23.08,0.0061158730158730155,0.13256998556998556,-0.14666483050847456,-0.08666382208430308,-1.0,4,2,-48.3,False,4.3408360128617485,-0.7645259938837912,8.710217755443894,-19.176709524227576,6.91,5.155303121586319,-30.07045668658579,9.26,-19.176709524227576,5.155303121586319,True,-20.172201722017213,8.710217755443894,-22.46117084826762,-0.995492197789638,3.5549146338575754,7.609285838318169,0,0.0,0,0.0,0,0.0,0,0.0,0,0.0,0,,inactive,zero,,51.76,inactive,51.76,51.76,0.0,0.0,0.0,0.0,0.0,0,0,0.0
3164,景岳,生技醫療,2026-08-10,excluded,0,5,263,83,81,57.78,54.71,-3.07,"[14000, 1000, -5000, 5000, 3000]","[0, 0, 0, 0, 0]",True,,split,0.0,0,-12.126,-12126,0.0,0,3.5,12.5,5.0,5.0,6.0,3.5,25.0,Q1,confirmed_accumulation,5.21,5.21,7.28,5,0.09611247064233744,2,20.5,20500,3.0,3000,3.0,3000,18.0,18000,52.09,active,positive,52.09,72.75,accelerating,72.75,72.75,0.06083086053412463,0.046875,0.02608695652173913,0.0967741935483871,5.0,7,4,52.09,False,1.2195121951219745,2.4691358024691468,2.153846153846173,2.2150043929116126,75.1,-1.4010684800114026,-11.09765793134141,41.98,2.2150043929116126,-1.4010684800114026,True,1.2195121951219745,2.153846153846173,-3.48837209302324,-0.995492197789638,3.5549146338575754,7.609285838318169,0,0.0,0,0.0,0,0.0,0,0.0,0,0.0,0,,inactive,zero,,51.76,inactive,51.76,51.76,0.0,0.0,0.0,0.0,0.0,0,0,0.0
3178,公準,半導體業,2026-08-10,excluded,0,5,264,382,373,27.89,23.48,-4.41,"[-2000, 0, 31000, -17000, 2000]","[0, 0, 0, 0, 0]",True,,split,1.36,1360,-0.05,-50,0.0,0,3.5,10.54,0.0,0.0,1.0,2.0,5.0,Q2,unconfirmed_accumulation,2.44,2.44,5.85,4,0.044409760158160345,1,73.9,73900,2.0,2000,16.0,16000,14.0,14000,24.41,active,positive,24.41,58.54,reversing_negative,58.54,58.54,0.06906542056074766,0.03076923076923077,0.0784313725490196,0.04216867469879518,0.0,4,2,24.41,False,1.0471204188481797,0.5208333333333259,5.464480874316946,-9.514554170061995,21.64,1.9095662404593705,-22.08491360788981,18.38,-9.514554170061995,1.9095662404593705,True,-10.510046367851633,5.464480874316946,-14.475627769571641,-0.995492197789638,3.5549146338575754,7.609285838318169,0,0.0,0,0.0,0,0.0,0,0.0,0,0.0,0,,inactive,zero,,51.76,inactive,51.76,51.76,0.0,0.0,0.0,0.0,0.0,0,0,0.0
3188,鑫龍騰,建材營建,2026-08-10,excluded,0,5,265,335,328,33.44,29.3,-4.14,"[36000, -51000, 54000, -11000, 21000]","[0, 0, 0, 0, 0]",True,,split,-0.193,-193,-8.0,-8000,0.0,0,3.5,12.5,1.75,1.75,2.75,3.5,5.0,Q2,unconfirmed_accumulation,3.05,3.05,6.19,5,0.05565393372122439,1,167.255,167255,21.0,21000,64.0,64000,49.0,49000,30.55,active,positive,30.55,61.93,decelerating,61.93,61.93,0.08616950025759917,0.11170212765957446,0.12475633528265107,0.05561861520998865,1.75,7,3,30.55,False,-0.4319654427645703,-0.21645021645021467,-0.21645021645021467,-3.3613542752394143,42.11,-3.77136485030779,-15.409285838318166,30.77,-3.3613542752394143,-3.77136485030779,True,-4.356846473029052,-0.21645021645021467,-7.799999999999995,-0.995492197789638,3.5549146338575754,7.609285838318169,0,0.0,0,0.0,0,0.0,0,0.0,0,0.0,0,,inactive,zero,,51.76,inactive,51.76,51.76,0.0,0.0,0.0,0.0,0.0,0,0,0.0
3206,志豐,電子零組件,2026-08-10,excluded,0,5,266,187,169,40.66,39.36,-1.3,"[8000, 17000, 17000, -1000, 13000]","[0, 0, 0, 0, 0]",True,,split,-0.185,-185,-2.0,-2000,0.0,0,3.5,12.5,5.0,5.0,6.0,4.0,5.0,Q2,unconfirmed_accumulation,9.36,9.36,9.66,5,0.3382053184794146,1,114.0,114000,13.0,13000,29.0,29000,54.0,54000,93.6,active,positive,93.6,96.61,accelerating,96.61,96.61,0.24152542372881355,0.5,0.37662337662337664,0.3375,5.0,8,4,93.6,False,1.199400299850062,2.427921092564489,1.6566265060240948,-9.12434801525962,23.34,-1.8982881278334807,-18.793496364633956,24.77,-9.12434801525962,-1.8982881278334807,True,-10.119840213049258,1.6566265060240948,-11.184210526315786,-0.995492197789638,3.5549146338575754,7.609285838318169,0,0.0,0,0.0,0,0.0,0,0.0,0,0.0,0,,inactive,zero,,51.76,inactive,51.76,51.76,0.0,0.0,0.0,0.0,0.0,0,0,0.0
3207,耀勝,電子零組件,2026-08-10,excluded,0,5,267,232,224,38.54,35.99,-2.55,"[36000, -9771, 49000, -69000, 108000]","[0, 0, 0, 0, 0]",True,,split,2.682,2682,0.0,0,0.0,0,3.5,12.5,5.0,5.0,6.0,3.5,5.0,Q2,unconfirmed_accumulation,6.49,6.49,8.04,5,0.13388121152663687,1,574.229,574229,108.0,108000,88.0,88000,114.229,114229,64.88,active,positive,64.88,80.44,accelerating,80.44,80.44,0.18559437621202327,0.6242774566473989,0.16356877323420074,0.1314487917146145,5.0,7,3,64.88,False,2.4154589371980784,2.2919179734619988,5.341614906832293,-28.921863174111195,1.3,1.7867002729747172,-33.61277623971433,6.65,-28.921863174111195,1.7867002729747172,True,-29.917355371900832,5.341614906832293,-26.003490401396157,-0.995492197789638,3.5549146338575754,7.609285838318169,0,0.0,0,0.0,0,0.0,0,0.0,0,0.0,0,,inactive,zero,,51.76,inactive,51.76,51.76,0.0,0.0,0.0,0.0,0.0,0,0,0.0
3209,全科,電子通路,2026-08-10,excluded,0,0,631,541,702,7.5,0.0,-7.5,"[295980, -270865, -19000, -252563, -897350]","[0, 0, 0, 0, 0]",True,,split,3.468,3468,12.0,12000,0.0,0,1.0,0.0,-3.5,-3.5,4.5,2.0,0.0,Q4,confirmed_distribution,0.0,0.0,0.0,5,-0.13009708069321752,0,-233.365,-233365,-897.35,-897350,-1168.913,-1168913,-1143.798,-1143798,65.54,active,negative,65.54,15.12,stable,15.12,15.12,-0.013994063324538258,-0.33862264150943394,-0.24316892032452672,-0.1329070415988845,-3.5,4,1,-65.54,False,-3.125000000000011,-4.940374787052826,0.540540540540535,-5.849249037602689,34.68,-3.0143740933170404,-19.735270090286683,22.43,-5.849249037602689,-3.0143740933170404,True,-6.844741235392327,0.540540540540535,-12.125984251968514,-0.995492197789638,3.5549146338575754,7.609285838318169,0,0.0,0,0.0,0,0.0,0,0.0,0,0.0,0,,inactive,zero,,51.76,inactive,51.76,51.76,0.0,0.0,0.0,0.0,0.0,0,0,0.0
3218,大學光,生技醫療,2026-08-10,excluded,0,5,268,44,42,60.92,58.87,-2.05,"[145172, 190808, -23603, 301360, 166483]","[-1000, 0, 0, -2000, 0]",True,,split,0.794,794,-3.0,-3000,0.0,0,3.5,12.5,4.0,4.0,6.0,4.0,25.0,Q1,confirmed_accumulation,9.87,9.87,9.92,5,0.47393732910282205,2,873.281,873281,166.483,166483,444.24,444240,780.22,780220,98.69,active,positive,98.69,99.22,accelerating,99.22,99.22,0.2933426268055089,0.48965588235294116,0.43897233201581026,0.47343446601941747,5.0,8,4,98.69,False,1.7543859649122862,3.571428571428581,9.022556390977442,4.198339172878606,82.27,5.467641757119867,4.79381493687563,82.01,4.198339172878606,5.467641757119867,True,3.2028469750889688,9.022556390977442,12.4031007751938,-0.995492197789638,3.5549146338575754,7.609285838318169,2,-0.0018100053311320917,0,-6.0,-6000,0.0,0,-2.0,-2000,-3.0,-3000,25.74,active,negative,25.74,11.08,neutral,11.08,11.08,-0.002015451797111186,0.0,-0.001976284584980237,-0.0018203883495145632,-1.0,0,0,-25.74
3227,原相,半導體業,2026-08-10,excluded,0,5,269,36,69,62.88,55.8,-7.08,"[773937, 801702, -229561, 1039658, 1016102]","[-60000, -1000, -2800, -211000, -300000]",True,,split,52.326,52326,-1.0,-1000,0.0,0,3.5,12.5,1.5,1.5,8.5,3.5,25.0,Q1,confirmed_accumulation,9.8,9.8,9.88,5,0.4515847213056342,2,4683.14,4683140,1016.102,1016102,1826.199,1826199,3401.838,3401838,98.04,active,positive,98.04,98.83,accelerating,98.83,98.83,0.33585341365461846,0.5549437465865648,0.38979701173959447,0.450216781365802,5.0,7,4,98.04,False,2.1897810218978186,0.23866348448686736,6.598984771573613,5.473104138088136,86.57,3.0440701377160373,-15.504022680423436,30.25,5.473104138088136,3.0440701377160373,True,4.477611940298498,6.598984771573613,-7.8947368421052655,-0.995492197789638,3.5549146338575754,7.609285838318169,5,-0.07628855775717597,0,-1382.059,-1382059,-300.0,-300000,-513.8,-513800,-574.8,-574800,92.57,active,negative,92.57,1.04,stable,1.04,1.04,-0.09911495983935743,-0.1638448935008192,-0.10966915688367129,-0.076071995764955,-3.5,0,0,-92.57
3228,金麗科,半導體業,2026-08-10,excluded,0,7,86,299,292,35.95,32.6,-3.35,"[98000, -1758, 23000, 33000, 23481]","[0, 0, 0, -100000, 0]",True,,split,2.143,2143,0.0,0,0.0,0,3.5,12.5,0.75,0.75,2.75,4.0,5.0,Q2,unconfirmed_accumulation,6.85,6.85,8.2,5,0.14480013860448668,3,243.051,243051,23.481,23481,79.481,79481,175.723,175723,68.54,active,positive,68.54,82.01,decelerating,82.01,82.01,0.07650330500472144,0.09136575875486382,0.11880568011958147,0.14474711696869852,1.75,7,4,68.54,False,2.1201413427561766,-0.6872852233676952,3.214285714285725,-14.501583825602172,11.6,-0.3406289195718504,-37.80252255329402,4.82,-14.501583825602172,-0.3406289195718504,True,-15.49707602339181,3.214285714285725,-30.193236714975846,-0.995492197789638,3.5549146338575754,7.609285838318169,1,-0.08071002002064807,0,0.0,0,0.0,0,-100.0,-100000,-100.0,-100000,94.06,active,negative,94.06,0.78,neutral,0.78,0.78,0.0,0.0,-0.14947683109118087,-0.08237232289950576,-1.0,1,0,-94.06
3229,晟鈦,電子零組件,2026-08-10,excluded,0,5,270,66,67,59.02,56.07,-2.95,"[141920, -48000, -36000, 168000, 272000]","[0, 0, 0, 0, 0]",True,,split,0.0,0,0.199,199,0.0,0,4.5,12.5,5.0,5.0,6.0,3.5,25.0,Q1,confirmed_accumulation,5.57,5.57,7.52,5,0.11175276698424207,2,1278.42,1278420,272.0,272000,404.0,404000,497.92,497920,55.74,active,positive,55.74,75.23,accelerating,75.23,75.23,0.14209403134378126,0.19484240687679083,0.1597469355476473,0.10742610571736785,5.0,7,3,55.74,False,9.344790547798066,15.028248587570614,7.2708113804004215,33.89366452154944,99.74,3.715896746542846,18.53693473169422,92.05,33.89366452154944,3.715896746542846,True,32.8981723237598,7.2708113804004215,26.14622057001239,-0.995492197789638,3.5549146338575754,7.609285838318169,0,0.0,0,0.0,0,0.0,0,0.0,0,0.0,0,,inactive,zero,,51.76,inactive,51.76,51.76,0.0,0.0,0.0,0.0,0.0,0,0,0.0
3230,錦明,光電業,2026-08-10,excluded,0,5,271,427,411,23.11,17.56,-5.55,"[-228999, 129000, 48000, -60000, 130000]","[0, 0, 0, 0, 0]",True,,split,-0.098,-98,0.0,0,0.0,0,3.5,1.26,5.0,5.0,6.0,2.5,5.0,Q2,unconfirmed_accumulation,0.3,0.3,4.85,5,0.006570170003731173,1,-120.589,-120589,130.0,130000,118.0,118000,18.001,18001,3.0,active,positive,3.0,48.5,accelerating,48.5,48.5,-0.014989310130515849,0.25793650793650796,0.06677985285795134,0.005033836689038031,5.0,5,3,3.0,False,1.3664596273291751,-0.487804878048792,3.9490445859872603,-25.490994288696857,2.87,0.3941299521296848,22.95071416168182,93.35,-25.490994288696857,0.3941299521296848,True,-26.486486486486495,3.9490445859872603,30.559999999999988,-0.995492197789638,3.5549146338575754,7.609285838318169,0,0.0,0,0.0,0,0.0,0,0.0,0,0.0,0,,inactive,zero,,51.76,inactive,51.76,51.76,0.0,0.0,0.0,0.0,0.0,0,0,0.0
3231,緯創,電腦週邊,2026-08-10,excluded,0,12,34,20,20,75.68,65.2,-10.48,"[18453095, 35613026, -10142679, 17158210, 9681522]","[5570000, 5824909, -38000, -10276000, -1074567]",True,,split,-2404.893,-2404893,-825.4,-825400,0.0,0,9.0,12.5,5.0,5.0,5.0,7.5,25.0,Q1,confirmed_accumulation,6.2,6.2,16.68,5,0.12206438458841469,2,108878.895,108878895,9681.522,9681522,16697.053,16697053,70763.174,70763174,60.97,active,positive,60.97,78.1,accelerating,78.1,78.1,0.09084718277423812,0.13903241186185109,0.07647166613997243,0.12221407920415882,5.0,8,4,60.97,True,5.177111716621252,0.0,3.7634408602150504,35.49026571695341,99.87,0.20852622635747498,32.245786625449945,95.7,35.49026571695341,0.20852622635747498,True,34.49477351916377,3.7634408602150504,39.85507246376812,-0.995492197789638,3.5549146338575754,7.609285838318169,5,0.0009907798875697605,0,18820.535,18820535,-1074.567,-1074567,-11388.567,-11388567,6.342,6342,0.99,active,positive,0.99,88.66,reversing_negative,88.66,88.66,0.01570361807082948,-0.015431420980828607,-0.05215906623981534,1.095317870157683e-05,0.0,7,2,0.99
3232,昱捷,電子通路,2026-08-10,excluded,0,5,272,327,313,33.89,30.88,-3.01,"[3000, 8000, -3000, 1000, 2000]","[0, 0, 0, 0, 0]",True,,split,0.373,373,-1.0,-1000,0.0,0,3.5,12.5,1.0,1.0,2.0,3.5,5.0,Q2,unconfirmed_accumulation,5.38,5.38,7.39,5,0.10104554066381306,2,30.0,30000,2.0,2000,0.0,0,11.0,11000,53.79,active,positive,53.79,73.92,neutral,73.92,73.92,0.06382978723404255,0.09090909090909091,0.0,0.10091743119266056,1.0,7,4,53.79,False,0.2557544757033181,0.0,0.0,-8.263767061469618,25.16,-3.5549146338575754,-13.604489675248622,35.2,-8.263767061469618,-3.5549146338575754,True,-9.259259259259256,0.0,-5.995203836930452,-0.995492197789638,3.5549146338575754,7.609285838318169,0,0.0,0,0.0,0,0.0,0,0.0,0,0.0,0,,inactive,zero,,51.76,inactive,51.76,51.76,0.0,0.0,0.0,0.0,0.0,0,0,0.0
3236,千如,電子零組件,2026-08-10,excluded,0,0,632,727,598,5.0,2.0,-3.0,"[-775898, -241440, 172033, -491639, 137788]","[0, 0, 0, 0, 0]",True,,split,-15.588,-15588,0.0,0,0.0,0,0.0,0.0,-1.0,-1.0,2.0,3.0,0.0,Q4,confirmed_distribution,0.0,0.0,0.0,5,-0.07831449209139221,1,-538.504,-538504,137.788,137788,-181.818,-181818,-1199.156,-1199156,43.21,active,negative,43.21,25.42,neutral,25.42,25.42,-0.01626114265007851,0.0736440406199893,-0.029641017280730354,-0.07946693174287607,-1.0,6,2,-43.21,False,5.01222493887532,0.5854800936768045,0.8215962441314506,-23.91709521479777,4.04,-2.733318389726125,-0.7684898184176614,71.71,-23.91709521479777,-2.733318389726125,True,-24.912587412587406,0.8215962441314506,6.840796019900508,-0.995492197789638,3.5549146338575754,7.609285838318169,0,0.0,0,0.0,0,0.0,0,0.0,0,0.0,0,,inactive,zero,,51.76,inactive,51.76,51.76,0.0,0.0,0.0,0.0,0.0,0,0,0.0
3260,威剛,半導體業,2026-08-10,other_watch,52,5,273,112,147,55.7,45.38,-10.32,"[519729, 517099, 5202442, 1322420, -3909719]","[-101620, -16750, -4000, -13500, -3300]",True,,split,38.331,38331,143.608,143608,0.0,0,4.5,11.72,-3.5,-3.5,3.5,5.0,25.0,Q1,confirmed_accumulation,2.66,2.66,5.98,5,0.048295743251517746,0,4979.961,4979961,-3909.719,-3909719,2615.143,2615143,3651.971,3651971,26.63,active,positive,26.63,59.84,reversing_negative,59.84,59.84,0.0279740086843687,-0.3344784840448285,0.04886473709779887,0.04687603167879651,0.0,7,4,26.63,False,-1.2019230769230727,3.7878787878787845,4.980842911877392,2.4769736792711217,76.14,1.4259282780198168,-15.662977113485955,29.6,2.4769736792711217,1.4259282780198168,True,1.4814814814814836,4.980842911877392,-8.053691275167784,-0.995492197789638,3.5549146338575754,7.609285838318169,5,-0.0017434128740550885,0,162.895,162895,-3.3,-3300,-20.8,-20800,-139.17,-139170,25.25,active,negative,25.25,11.21,stable,11.21,11.21,0.0009150324961661827,-0.0002823167080160835,-0.000388654284539781,-0.0017863606607878624,-3.5,3,0,-25.25
3266,昇陽,建材營建,2026-08-10,excluded,0,0,633,542,492,7.5,6.5,-1.0,"[-5000, 5000, -10000, 6000, 0]","[0, 0, 0, 0, 0]",True,,split,0.0,0,-4.0,-4000,0.0,0,0.0,0.0,3.0,3.0,4.0,3.5,0.0,Q4,confirmed_distribution,0.0,0.0,0.0,4,-0.02047100747569431,0,143.0,143000,0.0,0,-4.0,-4000,-4.0,-4000,13.77,active,negative,13.77,39.57,reversing_positive,39.57,39.57,0.286,0.0,-0.06557377049180328,-0.02127659574468085,3.0,7,2,-13.77,False,-0.3597122302158362,-0.3597122302158362,-0.7168458781361964,2.8337274919072786,77.97,-4.271760511993772,1.4458322719180563,76.27,2.8337274919072786,-4.271760511993772,True,1.8382352941176405,-0.7168458781361964,9.055118110236226,-0.995492197789638,3.5549146338575754,7.609285838318169,0,0.0,0,0.0,0,0.0,0,0.0,0,0.0,0,,inactive,zero,,51.76,inactive,51.76,51.76,0.0,0.0,0.0,0.0,0.0,0,0,0.0
3268,海德威,半導體業,2026-08-10,excluded,0,7,87,279,240,37.07,35.54,-1.53,"[21000, 41000, 8000, 4000, 4000]","[0, 0, 0, 0, 0]",True,,split,0.081,81,-1.0,-1000,0.0,0,3.5,12.5,1.75,1.75,2.75,4.0,5.0,Q2,unconfirmed_accumulation,8.79,8.79,9.32,5,0.2642583866940518,8,103.0,103000,4.0,4000,16.0,16000,78.0,78000,87.86,active,positive,87.86,93.22,decelerating,93.22,93.22,0.08699324324324324,0.09302325581395349,0.13114754098360656,0.26262626262626265,1.75,8,5,87.86,False,0.0,-2.3866348448687402,-4.66200466200466,0.7515897587652476,66.75,-8.216919295862235,13.039681713304251,88.4,0.7515897587652476,-8.216919295862235,True,-0.24390243902439046,-4.66200466200466,20.64896755162242,-0.995492197789638,3.5549146338575754,7.609285838318169,0,0.0,0,0.0,0,0.0,0,0.0,0,0.0,0,,inactive,zero,,51.76,inactive,51.76,51.76,0.0,0.0,0.0,0.0,0.0,0,0,0.0
3272,東碩,電腦週邊,2026-08-10,excluded,0,0,634,756,625,4.0,1.0,-3.0,"[3000, -1000, -3000, -3000, 3000]","[0, 0, 0, 0, 0]",True,,split,0.0,0,0.0,0,0.0,0,0.0,0.0,-1.0,-1.0,2.0,2.0,0.0,Q4,confirmed_distribution,0.0,0.0,0.0,5,-0.006037298040563768,1,32.0,32000,3.0,3000,-3.0,-3000,-1.0,-1000,3.92,active,negative,3.92,44.85,neutral,44.85,44.85,0.04685212298682284,0.13636363636363635,-0.02857142857142857,-0.006024096385542169,-1.0,4,2,-3.92,False,2.5270758122743597,1.0676156583629748,2.1582733812949506,-8.558647929598894,24.25,-1.3966412525626248,-28.279676899770678,10.69,-8.558647929598894,-1.3966412525626248,True,-9.554140127388532,2.1582733812949506,-20.67039106145251,-0.995492197789638,3.5549146338575754,7.609285838318169,0,0.0,0,0.0,0,0.0,0,0.0,0,0.0,0,,inactive,zero,,51.76,inactive,51.76,51.76,0.0,0.0,0.0,0.0,0.0,0,0,0.0
3276,宇環,電子零組件,2026-08-10,excluded,0,0,635,757,626,4.0,1.0,-3.0,"[-66999, -58987, -34378, -86845, 37000]","[0, 0, 0, 0, 0]",True,,split,-0.274,-274,0.0,0,0.0,0,0.0,0.0,-1.0,-1.0,2.0,2.0,0.0,Q4,confirmed_distribution,0.0,0.0,0.0,5,-0.15826980889392891,1,-103.179,-103179,37.0,37000,-84.223,-84223,-210.209,-210209,71.28,active,negative,71.28,11.99,neutral,11.99,11.99,-0.03123796548592189,0.2846153846153846,-0.1220623188405797,-0.1587681268882175,-1.0,4,1,-71.28,False,1.730103806228378,-2.3255813953488413,-3.60655737704918,-9.096250921476434,23.47,-7.161472010906755,-12.154740383772722,38.72,-9.096250921476434,-7.161472010906755,True,-10.091743119266072,-3.60655737704918,-4.545454545454552,-0.995492197789638,3.5549146338575754,7.609285838318169,0,0.0,0,0.0,0,0.0,0,0.0,0,0.0,0,,inactive,zero,,51.76,inactive,51.76,51.76,0.0,0.0,0.0,0.0,0.0,0,0,0.0
3284,太普高,其他,2026-08-10,excluded,0,0,636,682,703,6.0,0.0,-6.0,"[-30000, -45000, -41999, -86000, -20888]","[0, 0, 0, 0, 0]",True,,split,0.214,214,0.0,0,0.0,0,0.0,0.0,-3.5,-3.5,4.5,1.5,0.0,Q4,confirmed_distribution,0.0,0.0,0.0,5,-0.196397288307436,0,-215.861,-215861,-20.888,-20888,-148.887,-148887,-223.887,-223887,78.72,active,negative,78.72,9.13,stable,9.13,9.13,-0.07226682289922999,-0.09201762114537444,-0.19642084432717677,-0.1957054195804196,-3.5,3,0,-78.72,False,-3.0660377358490476,-1.2019230769230727,-0.4842615012106477,-18.887548737882867,7.43,-4.039176135068223,20.828214161681835,92.83,-18.887548737882867,-4.039176135068223,True,-19.883040935672504,-0.4842615012106477,28.437500000000004,-0.995492197789638,3.5549146338575754,7.609285838318169,0,0.0,0,0.0,0,0.0,0,0.0,0,0.0,0,,inactive,zero,,51.76,inactive,51.76,51.76,0.0,0.0,0.0,0.0,0.0,0,0,0.0
3285,微端,其他電子,2026-08-10,excluded,0,0,637,758,627,4.0,1.0,-3.0,"[-2000, -5000, 17000, 0, -15000]","[0, 0, 0, 0, 0]",True,,split,-0.658,-658,0.0,0,0.0,0,0.0,0.0,-1.0,-1.0,2.0,2.0,0.0,Q4,confirmed_distribution,0.0,0.0,0.0,4,-0.025508805464796662,0,33.0,33000,-15.0,-15000,2.0,2000,-5.0,-5000,17.49,active,negative,17.49,38.07,neutral,38.07,38.07,0.06653225806451613,-0.2542372881355932,0.014492753623188406,-0.028409090909090908,-1.0,4,1,-17.49,False,-3.5532994923857864,0.39630118890356947,4.53920220082531,-2.312395842922821,46.02,0.9842875669677342,26.429514867149198,94.0,-2.312395842922821,0.9842875669677342,True,-3.307888040712459,4.53920220082531,34.03880070546737,-0.995492197789638,3.5549146338575754,7.609285838318169,0,0.0,0,0.0,0,0.0,0,0.0,0,0.0,0,,inactive,zero,,51.76,inactive,51.76,51.76,0.0,0.0,0.0,0.0,0.0,0,0,0.0
3287,廣寰科,電腦週邊,2026-08-10,excluded,0,0,638,511,599,8.0,2.0,-6.0,"[-25000, -12000, -9000, -2000, 48000]","[0, 0, 0, 0, 0]",True,,split,-0.326,-326,-2.0,-2000,0.0,0,0.0,0.0,0.0,0.0,6.0,2.0,0.0,,neutral,0.0,0.0,0.0,5,0.004318287079458481,1,75.0,75000,48.0,48000,37.0,37000,0.0,0,0.33,active,zero,0.33,46.41,accelerating,46.41,46.41,0.07095553453169347,0.23880597014925373,0.13309352517985612,0.0,0.0,4,1,0.0,False,5.236486486486469,4.882154882154888,8.916083916083917,3.1266397387732403,79.27,5.361169282226341,-8.24724437101355,52.54,3.1266397387732403,5.361169282226341,True,2.1311475409836023,8.916083916083917,-0.6379585326953818,-0.995492197789638,3.5549146338575754,7.609285838318169,0,0.0,0,0.0,0,0.0,0,0.0,0,0.0,0,,inactive,zero,,51.76,inactive,51.76,51.76,0.0,0.0,0.0,0.0,0.0,0,0,0.0
3293,鈊象,文化創意,2026-08-10,other_watch,44,7,88,25,63,66.61,56.49,-10.12,"[401598, 597918, 633166, 1470400, 205058]","[-164000, -5000, 22000, -14200, 3000]",True,,split,9.787,9787,6.814,6814,0.0,0,4.5,12.5,-3.25,-3.25,6.75,8.0,25.0,Q1,confirmed_accumulation,9.74,9.74,9.86,5,0.4191401178377184,10,8252.03,8252030,205.058,205058,2308.624,2308624,3308.14,3308140,97.39,active,positive,97.39,98.57,decelerating,98.57,98.57,0.428076464180111,0.18325111706881145,0.4412507645259939,0.41848703352308664,1.75,10,5,97.39,False,-0.8760951188986232,1.9305019305019266,2.7237354085603016,9.637467506431607,93.22,-0.8311792252972738,1.7829793550520057,77.05,9.637467506431607,-0.8311792252972738,True,8.64197530864197,2.7237354085603016,9.392265193370175,-0.995492197789638,3.5549146338575754,7.609285838318169,5,-0.01968612164954813,1,-175.4,-175400,3.0,3000,10.8,10800,-158.2,-158200,66.83,active,negative,66.83,4.69,accelerating,4.69,4.69,-0.009098926181459771,0.002680965147453083,0.0020642201834862386,-0.020012650221378873,-5.0,6,2,-66.83
3294,英濟,電子零組件,2026-08-10,excluded,0,5,274,250,234,37.84,35.69,-2.15,"[32000, 66000, 52000, -37000, 140000]","[0, 0, 0, 0, 0]",True,,split,3.39,3390,0.0,0,0.0,0,3.5,12.5,5.0,5.0,6.0,2.5,5.0,Q2,unconfirmed_accumulation,7.19,7.19,8.34,5,0.16381033508480436,1,534.236,534236,140.0,140000,155.0,155000,253.0,253000,71.93,active,positive,71.93,83.44,accelerating,83.44,83.44,0.11403116328708644,0.32558139534883723,0.17613636363636365,0.1628056628056628,5.0,5,4,71.93,False,2.1523178807947074,0.8169934640522847,4.5762711864406835,-15.85086898819419,10.17,1.021356552583108,-14.687599091330217,33.38,-15.85086898819419,1.021356552583108,True,-16.846361185983827,4.5762711864406835,-7.078313253012047,-0.995492197789638,3.5549146338575754,7.609285838318169,0,0.0,0,0.0,0,0.0,0,0.0,0,0.0,0,,inactive,zero,,51.76,inactive,51.76,51.76,0.0,0.0,0.0,0.0,0.0,0,0,0.0
3296,勝德,電子零組件,2026-08-10,excluded,0,5,275,329,314,33.85,30.84,-3.01,"[25015, 24000, -24000, -1000, 5000]","[0, 0, 0, 0, 0]",True,,split,0.0,0,-8.0,-8000,0.0,0,3.5,12.5,1.0,1.0,2.0,3.5,5.0,Q2,unconfirmed_accumulation,5.34,5.34,7.35,5,0.09855499025602119,1,214.315,214315,5.0,5000,-20.0,-20000,29.015,29015,53.39,active,positive,53.39,73.53,neutral,73.53,73.53,0.21156465942744324,0.20833333333333334,-0.145985401459854,0.10005172413793104,1.0,7,3,53.39,False,1.9565217391304346,1.9565217391304346,3.532008830022071,-13.10707190477447,13.95,-0.022905803835504557,2.4846108752968545,78.1,-13.10707190477447,-0.022905803835504557,True,-14.102564102564108,3.532008830022071,10.093896713615024,-0.995492197789638,3.5549146338575754,7.609285838318169,0,0.0,0,0.0,0,0.0,0,0.0,0,0.0,0,,inactive,zero,,51.76,inactive,51.76,51.76,0.0,0.0,0.0,0.0,0.0,0,0,0.0
3303,岱稜,其他電子,2026-08-10,excluded,0,5,276,313,289,34.98,32.64,-2.34,"[-29000, 68110, 194000, 261000, -43936]","[0, 0, 0, 0, 0]",True,,split,0.223,223,0.0,0,0.0,0,3.5,12.5,1.75,1.75,2.75,3.0,5.0,Q2,unconfirmed_accumulation,6.89,6.89,8.23,5,0.14568562623751322,0,1145.186,1145186,-43.936,-43936,411.064,411064,450.174,450174,68.93,active,positive,68.93,82.27,decelerating,82.27,82.27,0.15320214046822742,-0.09614004376367614,0.2442448009506833,0.14745299705207993,1.75,6,3,68.93,False,2.1897810218978186,2.0036429872495543,-0.5328596802841923,0.995492197789638,68.12,-4.087774314141768,3.5018252727929466,80.7,0.995492197789638,-4.087774314141768,True,0.0,-0.5328596802841923,11.111111111111116,-0.995492197789638,3.5549146338575754,7.609285838318169,0,0.0,0,0.0,0,0.0,0,0.0,0,0.0,0,,inactive,zero,,51.76,inactive,51.76,51.76,0.0,0.0,0.0,0.0,0.0,0,0,0.0
3310,佳穎,電子零組件,2026-08-10,excluded,0,7,89,114,104,55.53,52.79,-2.74,"[0, 0, 3000, 1000, 1000]","[0, 0, 0, 0, 0]",True,,mixed,0.0,0,0.0,0,0.0,0,3.5,12.5,1.75,1.75,2.75,4.0,25.0,Q1,confirmed_accumulation,6.04,6.04,7.78,3,0.11904927859482818,3,16.0,16000,1.0,1000,5.0,5000,5.0,5000,60.44,active,positive,60.44,77.84,decelerating,77.84,77.84,0.14285714285714285,0.09090909090909091,0.13513513513513514,0.11904761904761904,1.75,8,3,60.44,False,2.35294117647058,3.8805970149253577,3.5714285714285587,1.573526879870546,70.93,0.016513937570983295,-8.322552600087075,52.28,1.573526879870546,0.016513937570983295,True,0.5780346820809079,3.5714285714285587,-0.7132667617689048,-0.995492197789638,3.5549146338575754,7.609285838318169,0,0.0,0,0.0,0,0.0,0,0.0,0,0.0,0,,inactive,zero,,51.76,inactive,51.76,51.76,0.0,0.0,0.0,0.0,0.0,0,0,0.0
3312,弘憶股,電子通路,2026-08-10,excluded,0,0,639,683,559,6.0,5.0,-1.0,"[-25000, -261368, -79000, -162025, 249000]","[0, 0, 0, 0, 0]",True,,split,40.587,40587,-37.422,-37422,0.0,0,0.0,0.0,3.0,3.0,4.0,2.0,0.0,Q4,confirmed_distribution,0.0,0.0,0.0,5,-0.03144407110198172,1,297.506,297506,249.0,249000,7.975,7975,-278.393,-278393,19.84,active,negative,19.84,36.77,reversing_positive,36.77,36.77,0.02053181504485852,0.1182897862232779,0.0022792226350385825,-0.033565589582830964,3.0,4,1,-19.84,False,5.208333333333326,5.427974947807934,14.253393665158365,-8.013516811219368,25.95,10.698479031300788,-3.9131872756898334,65.71,-8.013516811219368,10.698479031300788,True,-9.009009009009006,14.253393665158365,3.696098562628336,-0.995492197789638,3.5549146338575754,7.609285838318169,0,0.0,0,0.0,0,0.0,0,0.0,0,0.0,0,,inactive,zero,,51.76,inactive,51.76,51.76,0.0,0.0,0.0,0.0,0.0,0,0,0.0
3313,斐成,建材營建,2026-08-10,excluded,0,2,459,451,437,19.12,13.53,-5.59,"[0, 1000, -7000, 7000, 0]","[0, 0, 0, 0, 0]",True,,split,-0.206,-206,-2.0,-2000,0.0,0,3.5,0.87,1.0,1.0,2.0,3.0,5.0,Q2,unconfirmed_accumulation,0.16,0.16,4.75,3,0.003450355085086426,0,127.0,127000,0.0,0,0.0,0,1.0,1000,1.57,active,positive,1.57,47.46,neutral,47.46,47.46,0.09163059163059163,0.0,0.0,0.0034602076124567475,1.0,6,2,1.57,False,0.9708737864077666,0.9708737864077666,1.9607843137255054,-9.349335388417257,22.29,-1.59413032013207,-15.573887608229676,29.99,-9.349335388417257,-1.59413032013207,True,-10.344827586206895,1.9607843137255054,-7.964601769911505,-0.995492197789638,3.5549146338575754,7.609285838318169,0,0.0,0,0.0,0,0.0,0,0.0,0,0.0,0,,inactive,zero,,51.76,inactive,51.76,51.76,0.0,0.0,0.0,0.0,0.0,0,0,0.0
3317,尼克森,半導體業,2026-08-10,excluded,0,5,277,277,269,37.15,33.84,-3.31,"[92301, 165446, -3135, -107730, 145404]","[0, 0, 0, 0, 0]",True,,split,1.258,1258,0.0,0,0.0,0,3.5,12.5,5.0,5.0,6.0,3.0,5.0,Q2,unconfirmed_accumulation,4.84,4.84,7.15,5,0.08834603278344191,1,1014.504,1014504,145.404,145404,34.539,34539,292.286,292286,48.43,active,positive,48.43,71.45,accelerating,71.45,71.45,0.10948672566371681,0.29795901639344263,0.02073169267707083,0.08722351536854671,5.0,6,3,48.43,False,2.377414561664204,-1.147776183644189,5.190839694656502,-24.11320345438427,3.78,1.6359250607989262,-14.501177730210056,33.64,-24.11320345438427,1.6359250607989262,True,-25.108695652173907,5.190839694656502,-6.891891891891888,-0.995492197789638,3.5549146338575754,7.609285838318169,0,0.0,0,0.0,0,0.0,0,0.0,0,0.0,0,,inactive,zero,,51.76,inactive,51.76,51.76,0.0,0.0,0.0,0.0,0.0,0,0,0.0
3323,加百裕,電腦週邊,2026-08-10,excluded,0,5,278,285,293,36.72,32.58,-4.14,"[21100, 53930, -171000, 135000, 148000]","[0, 0, 0, 0, 0]",True,,split,1.14,1140,0.0,0,0.0,0,3.5,12.5,5.0,5.0,6.0,3.5,5.0,Q2,unconfirmed_accumulation,3.08,3.08,6.22,5,0.05808701712906523,2,529.779,529779,148.0,148000,112.0,112000,187.03,187030,30.81,active,positive,30.81,62.19,accelerating,62.19,62.19,0.08279090482887952,0.1791767554479419,0.04315992292870906,0.05609778044391122,5.0,7,4,30.81,False,3.7459283387622166,8.517887563884162,11.754385964912295,-7.349831543217556,27.51,8.19947133105472,-17.764433934227906,25.81,-7.349831543217556,8.19947133105472,True,-8.345323741007194,11.754385964912295,-10.155148095909738,-0.995492197789638,3.5549146338575754,7.609285838318169,0,0.0,0,0.0,0,0.0,0,0.0,0,0.0,0,,inactive,zero,,51.76,inactive,51.76,51.76,0.0,0.0,0.0,0.0,0.0,0,0,0.0
3338,泰碩,電子零組件,2026-08-10,excluded,0,0,640,684,704,6.0,0.0,-6.0,"[49, -44839, -29339, -117030, -102000]","[0, 0, 0, 0, 0]",True,,split,0.0,0,-9.183,-9183,0.0,0,0.0,0.0,-3.5,-3.5,4.5,1.5,0.0,Q4,confirmed_distribution,0.0,0.0,0.0,5,-0.1321956142619515,0,-14.716,-14716,-102.0,-102000,-248.369,-248369,-293.159,-293159,65.4,active,negative,65.4,15.25,stable,15.25,15.25,-0.0025713786475624672,-0.2073170731707317,-0.19358456742010913,-0.13277128623188406,-3.5,3,1,-65.4,False,-1.0937500000000044,-0.4716981132075526,-0.7836990595611271,-6.189258535348197,32.99,-4.3386136934187025,-15.4695478470518,30.38,-6.189258535348197,-4.3386136934187025,True,-7.184750733137834,-0.7836990595611271,-7.860262008733631,-0.995492197789638,3.5549146338575754,7.609285838318169,0,0.0,0,0.0,0,0.0,0,0.0,0,0.0,0,,inactive,zero,,51.76,inactive,51.76,51.76,0.0,0.0,0.0,0.0,0.0,0,0,0.0
3339,泰谷,光電業,2026-08-10,excluded,0,0,641,644,540,6.5,5.5,-1.0,"[144000, -309000, -1018000, 151210, -78684]","[0, 0, 0, 0, 0]",True,,split,5.163,5163,0.0,0,0.0,0,0.0,0.0,3.0,3.0,4.0,2.5,0.0,Q3,absorption_divergence,0.0,0.0,0.0,5,-0.06610820898603383,0,-702.922,-702922,-78.684,-78684,-945.474,-945474,-1110.474,-1110474,35.12,active,negative,35.12,29.6,reversing_positive,29.6,29.6,-0.033255523489615364,-0.02860196292257361,-0.08152746399931017,-0.06370318953648463,3.0,5,2,-35.12,False,4.497354497354511,-0.7537688442211032,16.176470588235304,9.661241853910674,93.35,12.62155595437773,-26.583644812677143,12.26,9.661241853910674,12.62155595437773,True,8.665749656121037,16.176470588235304,-18.974358974358974,-0.995492197789638,3.5549146338575754,7.609285838318169,0,0.0,0,0.0,0,0.0,0,0.0,0,0.0,0,,inactive,zero,,51.76,inactive,51.76,51.76,0.0,0.0,0.0,0.0,0.0,0,0,0.0
3354,律勝,電子零組件,2026-08-10,excluded,0,5,279,212,201,39.36,37.23,-2.13,"[34000, 23000, -9000, -3000, 37000]","[0, 0, 0, 0, 0]",True,,split,-0.305,-305,-4.0,-4000,0.0,0,3.5,12.5,5.0,5.0,6.0,4.0,5.0,Q2,unconfirmed_accumulation,7.23,7.23,8.36,5,0.16570741764953048,1,265.0,265000,37.0,37000,25.0,25000,82.0,82000,72.32,active,positive,72.32,83.57,accelerating,83.57,83.57,0.18454038997214484,0.3523809523809524,0.10504201680672269,0.1663286004056795,5.0,8,3,72.32,False,2.6960784313725616,-0.7109004739336622,3.970223325062028,-16.198183691538425,9.91,0.41530869120445235,-45.2580953621277,1.43,-16.198183691538425,0.41530869120445235,True,-17.193675889328063,3.970223325062028,-37.648809523809526,-0.995492197789638,3.5549146338575754,7.609285838318169,0,0.0,0,0.0,0,0.0,0,0.0,0,0.0,0,,inactive,zero,,51.76,inactive,51.76,51.76,0.0,0.0,0.0,0.0,0.0,0,0,0.0
3357,臺慶科,電子零組件,2026-08-10,excluded,0,0,642,591,705,7.0,0.0,-7.0,"[30805, -58662, 74946, -522991, -51980]","[-17000, -180, -114835, 0, 0]",True,,split,35.943,35943,-61.0,-61000,0.0,0,0.0,0.0,-4.5,-4.5,4.5,2.5,0.0,Q4,confirmed_distribution,0.0,0.0,0.0,5,-0.05614879734801523,0,-771.696,-771696,-51.98,-51980,-500.025,-500025,-527.882,-527882,31.2,active,negative,31.2,31.29,stable,31.29,31.29,-0.0342200345882666,-0.02622603430877901,-0.09223851687880465,-0.05674930122554289,-3.5,3,2,-31.2,False,5.31400966183575,3.809523809523818,6.8627450980392135,-14.508383771202617,11.47,3.307830464181638,-13.440819315639985,35.98,-14.508383771202617,3.307830464181638,True,-15.503875968992254,6.8627450980392135,-5.831533477321815,-0.995492197789638,3.5549146338575754,7.609285838318169,3,-0.014138848826336205,0,-307.015,-307015,0.0,0,-114.835,-114835,-132.015,-132015,59.9,active,negative,59.9,5.87,neutral,5.87,5.87,-0.013614252139594697,0.0,-0.02118336100350489,-0.014192109223822833,-1.0,2,0,-59.9
3360,尚立,電子通路,2026-08-10,excluded,0,5,280,300,302,35.93,31.95,-3.98,"[135850, -60790, 124830, -67341, 96474]","[0, 0, 0, 0, 0]",True,,split,0.585,585,-6.0,-6000,0.0,0,3.5,12.5,5.0,5.0,6.0,2.5,5.0,Q2,unconfirmed_accumulation,3.45,3.45,6.43,5,0.06210127755975977,1,355.675,355675,96.474,96474,153.963,153963,229.023,229023,34.46,active,positive,34.46,64.28,accelerating,64.28,64.28,0.0384596669550173,0.14042794759825328,0.08664209341586944,0.06178122471000809,5.0,5,3,34.46,False,1.2461059190031154,-0.30674846625767804,2.2012578616352085,-18.359346511887775,8.21,-1.353656772222367,-4.434682663714984,64.41,-18.359346511887775,-1.353656772222367,True,-19.354838709677413,2.2012578616352085,3.1746031746031855,-0.995492197789638,3.5549146338575754,7.609285838318169,0,0.0,0,0.0,0,0.0,0,0.0,0,0.0,0,,inactive,zero,,51.76,inactive,51.76,51.76,0.0,0.0,0.0,0.0,0.0,0,0,0.0
3362,先進光,光電業,2026-08-10,buy_candidates,67,7,90,399,391,25.74,20.75,-4.99,"[-230935, 64000, 194000, 320864, 156736]","[0, 0, 0, 0, 0]",True,,split,3.725,3725,2.0,2000,0.0,0,4.5,5.16,1.75,1.75,2.75,3.0,5.0,Q2,unconfirmed_accumulation,1.34,1.34,5.33,5,0.020037352733223247,4,201.617,201617,156.736,156736,671.6,671600,504.665,504665,13.45,active,positive,13.45,53.32,decelerating,53.32,53.32,0.0016446849992250402,0.2271536231884058,0.25791090629800306,0.02065590209561231,1.75,6,4,13.45,False,2.5936599423631135,2.005730659025784,-1.1111111111111072,-4.574799579398691,37.81,-4.666025744968683,52.03196976706299,98.57,-4.574799579398691,-4.666025744968683,True,-5.57029177718833,-1.1111111111111072,59.64125560538116,-0.995492197789638,3.5549146338575754,7.609285838318169,0,0.0,0,0.0,0,0.0,0,0.0,0,0.0,0,,inactive,zero,,51.76,inactive,51.76,51.76,0.0,0.0,0.0,0.0,0.0,0,0,0.0
3379,彬台,電機機械,2026-08-10,excluded,0,0,643,543,706,7.5,0.0,-7.5,"[34001, 51000, -15000, -1000, -187992]","[0, 0, 0, 0, 0]",True,,split,-0.525,-525,0.0,0,0.0,0,0.0,0.0,-3.5,-3.5,4.5,3.0,0.0,Q4,confirmed_distribution,0.0,0.0,0.0,5,-0.06314564107626468,0,69.009,69009,-187.992,-187992,-203.992,-203992,-118.991,-118991,31.46,active,negative,31.46,31.16,stable,31.16,31.16,0.020848640483383685,-0.17471375464684014,-0.11104627109417528,-0.05704266538830297,-3.5,6,2,-31.46,False,1.5025041736226985,13.644859813084098,19.215686274509803,-8.25823914549395,25.29,15.660771640652229,-18.59025216335477,24.9,-8.25823914549395,15.660771640652229,True,-9.253731343283588,19.215686274509803,-10.9809663250366,-0.995492197789638,3.5549146338575754,7.609285838318169,0,0.0,0,0.0,0,0.0,0,0.0,0,0.0,0,,inactive,zero,,51.76,inactive,51.76,51.76,0.0,0.0,0.0,0.0,0.0,0,0,0.0
3388,崇越電,電子零組件,2026-08-10,excluded,0,5,281,195,173,40.11,38.76,-1.35,"[187930, 101000, 166000, 822, 230573]","[0, 0, 0, 0, 0]",True,,split,-0.148,-148,-56.0,-56000,0.0,0,3.5,12.5,5.0,5.0,6.0,3.5,5.0,Q2,unconfirmed_accumulation,9.26,9.26,9.61,5,0.30835709946243156,5,765.627,765627,230.573,230573,397.395,397395,686.325,686325,92.56,active,positive,92.56,96.09,accelerating,96.09,96.09,0.15464088063017573,0.5596432038834952,0.37703510436432636,0.30804533213644525,5.0,7,5,92.56,False,0.688705234159781,-0.1366120218579403,2.524544179523147,-6.589842821173697,31.16,-1.0303704543344283,-39.92410065313299,3.39,-6.589842821173697,-1.0303704543344283,True,-7.585335018963335,2.524544179523147,-32.31481481481482,-0.995492197789638,3.5549146338575754,7.609285838318169,0,0.0,0,0.0,0,0.0,0,0.0,0,0.0,0,,inactive,zero,,51.76,inactive,51.76,51.76,0.0,0.0,0.0,0.0,0.0,0,0,0.0
3430,奇鈦科,化學工業,2026-08-10,excluded,0,0,644,645,707,6.5,0.0,-6.5,"[-4979, -79577, -12000, -174632, -79406]","[0, 0, 0, 0, 0]",True,,split,-0.873,-873,0.0,0,0.0,0,0.0,0.0,-3.5,-3.5,4.5,2.0,0.0,Q4,confirmed_distribution,0.0,0.0,0.0,5,-0.08817656468907159,0,-79.63,-79630,-79.406,-79406,-266.038,-266038,-350.594,-350594,48.96,active,negative,48.96,22.56,stable,22.56,22.56,-0.012985975212002608,-0.06689637742207245,-0.09357650369328174,-0.08968892299820926,-3.5,4,0,-48.96,False,7.762557077625565,3.5087719298245723,14.009661835748787,-1.0791965988908636,54.24,10.454747201891212,-40.94261917165151,2.87,-1.0791965988908636,10.454747201891212,True,-2.0746887966805017,14.009661835748787,-33.333333333333336,-0.995492197789638,3.5549146338575754,7.609285838318169,0,0.0,0,0.0,0,0.0,0,0.0,0,0.0,0,,inactive,zero,,51.76,inactive,51.76,51.76,0.0,0.0,0.0,0.0,0.0,0,0,0.0
3432,台端,電子零組件,2026-08-10,excluded,0,5,282,333,327,33.59,29.55,-4.04,"[0, 4000, 3000, -1000, 1000]","[0, 0, 0, 0, 0]",True,,split,0.0,0,-1.0,-1000,0.0,0,3.5,12.5,1.75,1.75,2.75,3.5,5.0,Q2,unconfirmed_accumulation,3.3,3.3,6.34,4,0.05975862618959009,1,23.132,23132,1.0,1000,3.0,3000,7.0,7000,33.03,active,positive,33.03,63.36,decelerating,63.36,63.36,0.07320253164556963,0.023809523809523808,0.037037037037037035,0.05982905982905983,1.75,7,3,33.03,False,2.515723270440251,1.8750000000000044,1.8750000000000044,-9.444068241770799,22.03,-1.679914633857571,-22.4917923657333,17.99,-9.444068241770799,-1.679914633857571,True,-10.439560439560436,1.8750000000000044,-14.88250652741513,-0.995492197789638,3.5549146338575754,7.609285838318169,0,0.0,0,0.0,0,0.0,0,0.0,0,0.0,0,,inactive,zero,,51.76,inactive,51.76,51.76,0.0,0.0,0.0,0.0,0.0,0,0,0.0
3434,哲固,光電業,2026-08-10,excluded,0,7,91,95,73,56.97,55.4,-1.57,"[13062, 29000, 60000, 23000, 24000]","[0, 0, 0, 0, 0]",True,,split,-0.338,-338,0.0,0,0.0,0,3.5,12.5,1.75,1.75,2.75,4.0,25.0,Q1,confirmed_accumulation,8.65,8.65,9.22,5,0.25146524005637116,8,212.098,212098,24.0,24000,107.0,107000,149.062,149062,86.55,active,positive,86.55,92.18,decelerating,92.18,92.18,0.12924923826934795,0.12,0.25295508274231676,0.25221996615905246,1.75,8,5,86.55,False,2.4350649350649345,4.297520661157028,5.518394648829439,5.987172730235557,87.48,1.9634800149718634,3.4822634574564804,80.57,5.987172730235557,1.9634800149718634,True,4.991680532445919,5.518394648829439,11.09154929577465,-0.995492197789638,3.5549146338575754,7.609285838318169,0,0.0,0,0.0,0,0.0,0,0.0,0,0.0,0,,inactive,zero,,51.76,inactive,51.76,51.76,0.0,0.0,0.0,0.0,0.0,0,0,0.0
3437,榮創,光電業,2026-08-10,excluded,0,5,283,230,221,38.61,36.2,-2.41,"[46000, 71000, -103000, 23000, 259895]","[0, 0, 0, 0, 0]",True,,split,0.0,0,-3.0,-3000,0.0,0,3.5,12.5,5.0,5.0,6.0,3.5,5.0,Q2,unconfirmed_accumulation,6.7,6.7,8.11,5,0.13905978185115178,2,549.395,549395,259.895,259895,179.895,179895,296.895,296895,66.97,active,positive,66.97,81.1,accelerating,81.1,81.1,0.10213701431492843,0.5056322957198444,0.15602341717259324,0.13719731977818855,5.0,7,4,66.97,False,4.022988505747138,1.6853932584269593,7.41839762611276,-9.621791752827637,21.38,3.863482992255185,-33.27663696768162,6.78,-9.621791752827637,3.863482992255185,True,-10.617283950617274,7.41839762611276,-25.667351129363446,-0.995492197789638,3.5549146338575754,7.609285838318169,0,0.0,0,0.0,0,0.0,0,0.0,0,0.0,0,,inactive,zero,,51.76,inactive,51.76,51.76,0.0,0.0,0.0,0.0,0.0,0,0,0.0
3438,類比科,半導體業,2026-08-10,excluded,0,5,284,359,351,31.15,26.95,-4.2,"[-35000, 191050, -63039, -32000, 28000]","[0, 0, 0, 0, 0]",True,,split,3.976,3976,0.0,0,0.0,0,3.5,12.5,0.0,0.0,1.0,3.0,5.0,Q2,unconfirmed_accumulation,2.95,2.95,6.15,5,0.0562147021021522,1,164.011,164011,28.0,28000,-67.039,-67039,89.011,89011,29.5,active,positive,29.5,61.54,reversing_negative,61.54,61.54,0.06119813432835821,0.2545454545454545,-0.078962308598351,0.0540771567436209,0.0,6,2,29.5,False,3.367003367003374,0.8210180623973828,7.53064798598948,-8.444035825809182,24.64,3.975733352131905,-9.838585201375494,45.89,-8.444035825809182,3.975733352131905,True,-9.43952802359882,7.53064798598948,-2.2292993630573243,-0.995492197789638,3.5549146338575754,7.609285838318169,0,0.0,0,0.0,0,0.0,0,0.0,0,0.0,0,,inactive,zero,,51.76,inactive,51.76,51.76,0.0,0.0,0.0,0.0,0.0,0,0,0.0
3441,聯一光,光電業,2026-08-10,high_priority_watch,58,0,645,685,708,6.0,0.0,-6.0,"[-942668, -468063, 613541, -663000, -370775]","[0, 0, 0, 0, 0]",True,,split,10.248,10248,-10.0,-10000,0.0,0,0.0,0.0,-3.5,-3.5,4.5,1.5,0.0,Q4,confirmed_distribution,0.0,0.0,0.0,5,-0.016056951293048863,0,-1493.6,-1493600,-370.775,-370775,-420.234,-420234,-1830.965,-1830965,10.84,active,negative,10.84,41.2,stable,41.2,41.2,-0.005276731648378048,-0.04502975467573476,-0.010642337984653177,-0.016442298194096466,-3.5,3,1,-10.84,False,-5.805687203791477,-6.908665105386424,-13.961038961038962,7.994146302769456,90.61,-17.515953594896537,77.70539947636713,99.35,7.994146302769456,-17.515953594896537,True,6.998654104979818,-13.961038961038962,85.3146853146853,-0.995492197789638,3.5549146338575754,7.609285838318169,0,0.0,0,0.0,0,0.0,0,0.0,0,0.0,0,,inactive,zero,,51.76,inactive,51.76,51.76,0.0,0.0,0.0,0.0,0.0,0,0,0.0
3443,創意,半導體業,2026-08-10,excluded,0,12,35,24,33,66.64,59.7,-6.94,"[279239, 85837, -18217, 19022, -119395]","[150000, 7408, 52183, 100700, -130521]",True,,split,-8.798,-8798,14.207,14207,0.0,0,10.0,9.69,0.0,0.0,0.0,7.0,25.0,Q1,confirmed_accumulation,8.01,8.01,14.95,5,0.02067359680986779,0,422.3,422300,-119.395,-119395,-118.59,-118590,246.486,246486,14.23,active,positive,14.23,53.72,reversing_negative,53.72,53.72,0.02072943255448655,-0.05829833984375,-0.020390302613480054,0.022415969443433974,0.0,6,3,14.23,True,-0.330033003300334,3.1890660592255093,8.24372759856631,7.08448517202852,89.05,4.688812964708734,-18.348202094475806,25.55,7.08448517202852,4.688812964708734,True,6.088992974238883,8.24372759856631,-10.738916256157637,-0.995492197789638,3.5549146338575754,7.609285838318169,5,0.015624944704927268,0,469.369,469369,-130.521,-130521,22.362,22362,179.77,179770,65.84,active,positive,65.84,95.83,reversing_negative,95.83,95.83,0.02303990771647359,-0.06373095703125,0.003844910591471802,0.01634867224445253,0.0,8,4,65.84
3444,利機,電子通路,2026-08-10,excluded,0,0,646,646,709,6.5,0.0,-6.5,"[42000, -5000, 10000, -154945, -186000]","[0, 0, 0, 0, 0]",True,,split,-0.209,-209,0.0,0,0.0,0,0.0,0.0,-3.5,-3.5,4.5,2.0,0.0,Q4,confirmed_distribution,0.0,0.0,0.0,5,-0.24308763788853538,0,-182.985,-182985,-186.0,-186000,-330.945,-330945,-293.945,-293945,84.99,active,negative,84.99,6.52,stable,6.52,6.52,-0.074353921170256,-0.42081447963800905,-0.31639101338432124,-0.23591091492776886,-3.5,4,2,-84.99,False,-1.726427622841964,7.871720116618075,12.12121212121211,-12.25187005308961,14.99,8.566297487354536,-30.122374843553768,9.13,-12.25187005308961,8.566297487354536,True,-13.247362250879247,12.12121212121211,-22.5130890052356,-0.995492197789638,3.5549146338575754,7.609285838318169,0,0.0,0,0.0,0,0.0,0,0.0,0,0.0,0,,inactive,zero,,51.76,inactive,51.76,51.76,0.0,0.0,0.0,0.0,0.0,0,0,0.0
3447,展達,通信網路,2026-08-10,excluded,0,5,285,414,401,24.04,19.17,-4.87,"[58000, 39000, -3000, -42000, -33000]","[0, 0, 0, 0, 0]",True,,split,0.0,0,-2.0,-2000,0.0,0,3.5,6.12,0.0,0.0,1.0,3.0,5.0,Q2,unconfirmed_accumulation,1.55,1.55,5.42,5,0.022829237950010562,0,278.48,278480,-33.0,-33000,-78.0,-78000,19.0,19000,15.54,active,positive,15.54,54.24,reversing_negative,54.24,54.24,0.11936562366052293,-0.13924050632911392,-0.15204678362573099,0.024484536082474227,0.0,6,2,15.54,False,-3.008849557522131,-0.9041591320072317,2.238805970149249,-22.361151158853723,5.08,-1.3161086637083264,-32.127192174406325,7.95,-22.361151158853723,-1.3161086637083264,True,-23.35664335664336,2.238805970149249,-24.517906336088156,-0.995492197789638,3.5549146338575754,7.609285838318169,0,0.0,0,0.0,0,0.0,0,0.0,0,0.0,0,,inactive,zero,,51.76,inactive,51.76,51.76,0.0,0.0,0.0,0.0,0.0,0,0,0.0
3450,聯鈞,半導體業,2026-08-10,excluded,0,15,9,3,5,86.31,80.49,-5.82,"[-1100209, 159713, 2657250, 1266692, 1485071]","[929000, -400000, -955000, 340000, 1768000]",True,,split,80.67,80670,168.106,168106,0.0,0,10.0,17.9,10.0,10.0,10.0,7.5,25.0,Q1,confirmed_accumulation,10.09,10.09,15.91,5,0.061501322358428735,4,8846.081,8846081,1485.071,1485071,5409.013,5409013,4468.517,4468517,31.59,active,positive,31.59,62.71,accelerating,62.71,62.71,0.0767942305021182,0.11361571417642108,0.10250361007409653,0.05739832500545915,5.0,8,4,31.59,True,9.85324947589099,10.315789473684212,28.117359413202927,2.743065013323609,77.57,24.562444779345352,16.561330275425902,90.74,2.743065013323609,24.562444779345352,True,1.747572815533971,28.117359413202927,24.17061611374407,-0.995492197789638,3.5549146338575754,7.609285838318169,5,0.02231557934178784,2,56.0,56000,1768.0,1768000,1153.0,1153000,1682.0,1682000,69.31,active,positive,69.31,96.35,accelerating,96.35,96.35,0.0004861448711716091,0.13526126539667968,0.02184994978112149,0.02160537436898691,5.0,7,3,69.31
3455,由田,光電業,2026-08-10,excluded,0,0,647,742,611,4.5,1.5,-3.0,"[-106000, -158554, -52030, -229993, 23050]","[0, 0, 0, 0, 0]",True,,split,29.743,29743,0.0,0,0.0,0,0.0,0.0,-1.0,-1.0,2.0,2.5,0.0,Q4,confirmed_distribution,0.0,0.0,0.0,5,-0.10412381717007908,1,682.266,682266,23.05,23050,-258.973,-258973,-523.527,-523527,55.48,active,negative,55.48,19.69,neutral,19.69,19.69,0.06373934977578476,0.019836488812392427,-0.10219928966061563,-0.10640792682926829,-1.0,5,1,-55.48,False,8.157894736842097,10.483870967741925,22.686567164179095,-5.1688913638542004,36.38,19.13165253032152,-35.63030160013954,5.35,-5.1688913638542004,19.13165253032152,True,-6.164383561643838,22.686567164179095,-28.021015761821367,-0.995492197789638,3.5549146338575754,7.609285838318169,0,0.0,0,0.0,0,0.0,0,0.0,0,0.0,0,,inactive,zero,,51.76,inactive,51.76,51.76,0.0,0.0,0.0,0.0,0.0,0,0,0.0
3466,德晉,通信網路,2026-08-10,excluded,0,5,286,343,334,32.38,28.85,-3.53,"[125010, -26000, 19000, 19000, -42000]","[0, 0, 0, 0, 0]",True,,split,0.418,418,0.0,0,0.0,0,3.5,12.5,0.0,0.0,1.0,3.5,5.0,Q2,unconfirmed_accumulation,4.35,4.35,6.88,5,0.07609595974056377,0,377.103,377103,-42.0,-42000,-4.0,-4000,95.01,95010,43.47,active,positive,43.47,68.84,reversing_negative,68.84,68.84,0.1226351219512195,-0.13815789473684212,-0.0071301247771836,0.07970637583892617,0.0,7,3,43.47,False,5.5102040816326525,4.024144869215296,6.597938144329896,-20.907831065050242,6.26,3.0430235104723202,-41.66540828729777,2.48,-20.907831065050242,3.0430235104723202,True,-21.90332326283988,6.597938144329896,-34.0561224489796,-0.995492197789638,3.5549146338575754,7.609285838318169,0,0.0,0,0.0,0,0.0,0,0.0,0,0.0,0,,inactive,zero,,51.76,inactive,51.76,51.76,0.0,0.0,0.0,0.0,0.0,0,0,0.0
3467,台灣精材,半導體業,2026-08-10,excluded,0,0,648,743,612,4.5,1.5,-3.0,"[1000, 3000, -18000, -59000, 11000]","[0, 0, 0, 0, 0]",True,,split,0.141,141,0.0,0,0.0,0,0.0,0.0,-1.0,-1.0,2.0,2.5,0.0,Q4,confirmed_distribution,0.0,0.0,0.0,5,-0.13144318968806976,1,-26.0,-26000,11.0,11000,-66.0,-66000,-62.0,-62000,65.27,active,negative,65.27,15.38,neutral,15.38,15.38,-0.021346469622331693,0.15942028985507245,-0.2323943661971831,-0.13276231263383298,-1.0,5,3,-65.27,False,1.2359550561797716,-3.533190578158474,1.2359550561797716,-18.986745812867557,7.17,-2.318959577677804,-39.45497418930153,3.91,-18.986745812867557,-2.318959577677804,True,-19.982238010657195,1.2359550561797716,-31.84568835098336,-0.995492197789638,3.5549146338575754,7.609285838318169,0,0.0,0,0.0,0,0.0,0,0.0,0,0.0,0,,inactive,zero,,51.76,inactive,51.76,51.76,0.0,0.0,0.0,0.0,0.0,0,0,0.0
3481,群創,光電業,2026-08-10,excluded,0,0,649,465,710,11.5,0.0,-11.5,"[-4964493, -38794875, 37748203, -51201712, 48103660]","[-666000, -104392, -36000, 0, -23908]",True,,split,1044.531,1044531,-902.568,-902568,0.0,0,0.0,0.0,-8.5,-8.5,8.5,3.0,0.0,Q4,confirmed_distribution,0.0,0.0,0.0,5,-0.0016172519991582508,1,-7863.328,-7863328,48103.66,48103660,34650.151,34650151,-9109.217,-9109217,3.66,active,negative,3.66,45.11,accelerating,45.11,45.11,-0.0021310080307168893,0.2186828203845979,0.04388078030198457,-0.00584128237108477,-5.0,3,2,-3.66,False,9.989484752891698,9.414225941422604,14.192139737991273,-13.266802884177576,13.69,10.637225104133698,40.13082715603211,96.87,-13.266802884177576,10.637225104133698,True,-14.262295081967213,14.192139737991273,47.740112994350284,-0.995492197789638,3.5549146338575754,7.609285838318169,4,-0.0005238353486933168,0,-1271.639,-1271639,-23.908,-23908,-59.908,-59908,-830.3,-830300,13.86,active,negative,13.86,13.04,stable,13.04,13.04,-0.00034462163109217806,-0.00010868754830204119,-7.586719568209937e-05,-0.0005324295988021456,-3.5,3,0,-13.86
3483,力致,電腦週邊,2026-08-10,excluded,0,0,650,512,509,8.0,6.0,-2.0,"[-73389, -54034, -12193, -154123, 13540]","[0, -2366, 0, 1294, 0]",True,,split,-16.925,-16925,-8.0,-8000,0.0,0,0.0,0.0,2.0,2.0,4.0,4.0,0.0,Q4,confirmed_distribution,0.0,0.0,0.0,5,-0.1634145026085016,1,-77.411,-77411,13.54,13540,-152.776,-152776,-280.199,-280199,72.06,active,negative,72.06,11.47,neutral,11.47,11.47,-0.020430456584850883,0.050522388059701495,-0.1338965819456617,-0.1645325895478567,-1.0,6,1,-72.06,False,-0.5376344086021612,0.6802721088435382,-3.141361256544506,-12.454800199871187,14.86,-6.696275890402081,-22.551814573950356,17.86,-12.454800199871187,-6.696275890402081,True,-13.450292397660824,-3.141361256544506,-14.942528735632187,-0.995492197789638,3.5549146338575754,7.609285838318169,2,-0.0006100969994765706,0,4.564,4564,0.0,0,1.294,1294,-1.072,-1072,14.85,active,negative,14.85,12.78,reversing_positive,12.78,12.78,0.001204539456320929,0.0,0.0011340929009640665,-0.0006294773928361715,3.0,2,1,-14.85
3485,敘豐,電子零組件,2026-08-10,excluded,0,0,651,483,711,9.0,0.0,-9.0,"[2296, -18001, 4760, -11000, 8000]","[0, 0, 0, 0, 0]",True,,split,-0.057,-57,-1.199,-1199,0.0,0,0.0,0.0,-5.0,-5.0,6.0,3.0,0.0,Q4,confirmed_distribution,0.0,0.0,0.0,5,-0.019571626318554743,1,33.054,33054,8.0,8000,1.76,1760,-13.945,-13945,12.66,active,negative,12.66,40.03,accelerating,40.03,40.03,0.022021319120586275,0.07142857142857142,0.004743935309973046,-0.01969632768361582,-5.0,6,3,-12.66,False,-0.9501187648456089,0.0,3.731343283582089,-24.004507802210362,3.91,0.17642864972451378,-35.08754670788339,6.0,-24.004507802210362,0.17642864972451378,True,-25.0,3.731343283582089,-27.47826086956522,-0.995492197789638,3.5549146338575754,7.609285838318169,0,0.0,0,0.0,0,0.0,0,0.0,0,0.0,0,,inactive,zero,,51.76,inactive,51.76,51.76,0.0,0.0,0.0,0.0,0.0,0,0,0.0
3491,昇達科,通信網路,2026-08-10,excluded,0,3,422,417,459,23.75,9.43,-14.32,"[49768, -143354, -274863, 24986, -396882]","[10000, -35, -33000, 39000, -7740]",True,,split,98.164,98164,93.469,93469,0.0,0,4.5,0.2,-2.5,-2.5,4.5,5.5,0.0,Q4,confirmed_distribution,1.73,1.73,9.05,5,-0.07231764509272065,0,-331.967,-331967,-396.882,-396882,-646.759,-646759,-740.345,-740345,39.56,active,negative,39.56,27.51,stable,27.51,27.51,-0.014349124702831208,-0.2206125625347415,-0.08144553582672208,-0.07117333205152855,-3.5,5,2,-39.56,False,0.0,-3.891050583657585,15.962441314553999,-1.7604133140213807,49.15,12.407526680696424,-35.806960256922814,5.22,-1.7604133140213807,12.407526680696424,True,-2.7559055118110187,15.962441314553999,-28.197674418604645,-0.995492197789638,3.5549146338575754,7.609285838318169,5,0.00043187151064001943,0,127.796,127796,-7.74,-7740,-1.74,-1740,8.225,8225,17.33,active,positive,17.33,90.48,neutral,90.48,90.48,0.005523924789280312,-0.004302390216787104,-0.000219115980355119,0.0007907133243606998,1.0,6,2,17.33
3498,陽程,其他電子,2026-08-10,high_priority_watch,27,0,652,647,712,6.5,0.0,-6.5,"[-303365, -31472, -105205, -88271, -66890]","[0, 0, 0, 0, 0]",True,,split,419.531,419531,0.0,0,0.0,0,0.0,0.0,-3.5,-3.5,4.5,2.0,0.0,Q4,confirmed_distribution,0.0,0.0,0.0,5,-0.06747397390542591,0,418.317,418317,-66.89,-66890,-260.366,-260366,-595.203,-595203,38.9,active,negative,38.9,27.9,stable,27.9,27.9,0.023990193267190457,-0.03282139352306183,-0.05110225711481845,-0.07031340815121087,-3.5,4,0,-38.9,False,7.296137339055786,10.619469026548668,26.262626262626256,-3.5846604739660832,41.33,22.70771162876868,-15.358363329093073,31.16,-3.5846604739660832,22.70771162876868,True,-4.580152671755721,26.262626262626256,-7.749077490774903,-0.995492197789638,3.5549146338575754,7.609285838318169,0,0.0,0,0.0,0,0.0,0,0.0,0,0.0,0,,inactive,zero,,51.76,inactive,51.76,51.76,0.0,0.0,0.0,0.0,0.0,0,0,0.0
3518,柏騰,其他電子,2026-08-10,excluded,0,0,653,648,713,6.5,0.0,-6.5,"[-95000, -75000, -76000, 29000, -241000]","[0, 0, 0, 0, 0]",True,,split,0.0,0,3.069,3069,0.0,0,1.0,0.0,-3.5,-3.5,4.5,1.0,0.0,Q4,confirmed_distribution,0.0,0.0,0.0,5,-0.14266917576388222,0,-429.04,-429040,-241.0,-241000,-288.0,-288000,-458.0,-458000,68.8,active,negative,68.8,13.43,stable,13.43,13.43,-0.07387052341597797,-0.16272788656313303,-0.11433108376339818,-0.1457206490614063,-3.5,2,1,-68.8,False,0.355239786856143,10.1364522417154,9.07335907335909,-3.726261596476799,40.55,5.518444439501514,-29.785594378263067,9.78,-3.726261596476799,5.518444439501514,True,-4.721753794266437,9.07335907335909,-22.1763085399449,-0.995492197789638,3.5549146338575754,7.609285838318169,0,0.0,0,0.0,0,0.0,0,0.0,0,0.0,0,,inactive,zero,,51.76,inactive,51.76,51.76,0.0,0.0,0.0,0.0,0.0,0,0,0.0
3522,御嵿,觀光餐旅,2026-08-10,excluded,0,5,287,304,298,35.53,32.12,-3.41,"[-1000, -4000, -3000, 0, 29000]","[0, 0, 0, 0, 0]",True,,split,-0.342,-342,0.0,0,0.0,0,3.5,12.5,5.0,5.0,6.0,1.5,5.0,Q2,unconfirmed_accumulation,4.62,4.62,7.03,4,0.08199696429749885,1,57.0,57000,29.0,29000,26.0,26000,21.0,21000,46.21,active,positive,46.21,70.27,accelerating,70.27,70.27,0.050487156775907885,0.35365853658536583,0.13402061855670103,0.08300395256916997,5.0,3,1,46.21,False,0.8474576271186418,-1.2448132780083054,-2.0576131687242816,-3.8045078022103556,39.9,-5.612527802581857,-16.07082429985662,28.81,-3.8045078022103556,-5.612527802581857,True,-4.799999999999994,-2.0576131687242816,-8.461538461538453,-0.995492197789638,3.5549146338575754,7.609285838318169,0,0.0,0,0.0,0,0.0,0,0.0,0,0.0,0,,inactive,zero,,51.76,inactive,51.76,51.76,0.0,0.0,0.0,0.0,0.0,0,0,0.0
3532,台勝科,半導體業,2026-08-10,excluded,0,0,654,470,714,10.5,0.0,-10.5,"[-24948, 266430, 104173, 79537, -1497799]","[-1000, 0, 5000, 0, -535000]",True,,split,-31.491,-31491,-180.839,-180839,0.0,0,0.0,0.0,-7.0,-7.0,7.0,3.5,0.0,Q4,confirmed_distribution,0.0,0.0,0.0,5,-0.08722402361578631,0,2363.027,2363027,-1497.799,-1497799,-1314.089,-1314089,-1072.607,-1072607,51.31,active,negative,51.31,21.12,stable,21.12,21.12,0.08041062374519345,-0.17689842919570095,-0.13529177391125297,-0.09394823508802663,-3.5,6,3,-51.31,False,-9.440000000000005,-10.584518167456558,6.792452830188678,-38.2096635487195,0.26,3.2375381963311023,7.431364568185894,84.22,-38.2096635487195,3.2375381963311023,True,-39.205155746509135,6.792452830188678,15.040650406504064,-0.995492197789638,3.5549146338575754,7.609285838318169,3,-0.045299248465170035,0,-4969.0,-4969000,-535.0,-535000,-530.0,-530000,-531.0,-531000,84.65,active,negative,84.65,2.22,stable,2.22,2.22,-0.16908837240956887,-0.0631864887209165,-0.054566045506022856,-0.046509590960847856,-3.5,1,1,-84.65
3533,嘉澤,電子零組件,2026-08-10,excluded,0,3,423,386,383,27.62,21.92,-5.7,"[-109987, -339367, 118941, -48679, 77146]","[44560, -70110, -5000, 17000, 30358]",True,,split,17.474,17474,16.056,16056,0.0,0,4.5,0.86,8.0,8.0,8.0,5.0,0.0,Q4,confirmed_distribution,3.56,3.56,9.26,5,-0.06206857554155968,1,291.446,291446,77.146,77146,147.408,147408,-301.946,-301946,34.6,active,negative,34.6,29.73,reversing_positive,29.73,29.73,0.02850327628361858,0.09827515923566879,0.05762627052384676,-0.062039449352784055,3.0,6,2,-34.6,False,2.617801047120416,0.2557544757033181,-2.244389027431426,-0.014608812311367458,61.41,-5.799303661289001,-27.609285838318165,11.6,-0.014608812311367458,-5.799303661289001,True,-1.0101010101010055,-2.244389027431426,-19.999999999999996,-0.995492197789638,3.5549146338575754,7.609285838318169,5,0.003630028319107377,2,-461.822,-461822,30.358,30358,42.358,42358,16.808,16808,35.64,active,positive,35.64,92.57,accelerating,92.57,92.57,-0.04516596577017115,0.03867261146496815,0.016559030492572322,0.003453462091637559,5.0,4,3,35.64
3535,晶彩科,光電業,2026-08-10,excluded,0,5,288,341,338,32.74,28.18,-4.56,"[3646, -105875, 157000, -158950, 239995]","[0, 0, 0, 0, 0]",True,,split,23.181,23181,-4.0,-4000,0.0,0,3.5,9.04,5.0,5.0,6.0,3.5,5.0,Q2,unconfirmed_accumulation,2.14,2.14,5.7,5,0.04033017621524893,1,1841.954,1841954,239.995,239995,238.045,238045,135.816,135816,21.41,active,positive,21.41,56.98,accelerating,56.98,56.98,0.1633951920518052,0.2733428246013667,0.11030815569972197,0.036159744408945683,5.0,7,3,21.41,False,5.868544600938974,5.99294947121034,12.749999999999995,-8.80450780221036,23.86,9.195085366142418,-33.674859608809975,6.52,-8.80450780221036,9.195085366142418,True,-9.799999999999997,12.749999999999995,-26.065573770491802,-0.995492197789638,3.5549146338575754,7.609285838318169,0,0.0,0,0.0,0,0.0,0,0.0,0,0.0,0,,inactive,zero,,51.76,inactive,51.76,51.76,0.0,0.0,0.0,0.0,0.0,0,0,0.0
3537,堡達,電子零組件,2026-08-10,excluded,0,0,655,544,715,7.5,0.0,-7.5,"[-15946, -45051, 153000, -177000, -2000]","[0, 0, 0, 0, 0]",True,,split,-5.693,-5693,4.0,4000,0.0,0,1.0,0.0,-3.5,-3.5,4.5,2.0,0.0,Q4,confirmed_distribution,0.0,0.0,0.0,5,-0.02906174828339215,0,-210.277,-210277,-2.0,-2000,-26.0,-26000,-86.997,-86997,18.8,active,negative,18.8,37.29,stable,37.29,37.29,-0.03154470447044704,-0.005494505494505495,-0.01683937823834197,-0.030740989399293286,-3.5,4,1,-18.8,False,0.9727626459143934,0.7766990291262044,1.5655577299412915,-20.368144165846726,6.39,-1.989356903916284,-6.832586809191965,57.24,-20.368144165846726,-1.989356903916284,True,-21.363636363636363,1.5655577299412915,0.7766990291262044,-0.995492197789638,3.5549146338575754,7.609285838318169,0,0.0,0,0.0,0,0.0,0,0.0,0,0.0,0,,inactive,zero,,51.76,inactive,51.76,51.76,0.0,0.0,0.0,0.0,0.0,0,0,0.0
3543,州巧,光電業,2026-08-10,excluded,0,7,92,133,130,53.11,49.1,-4.01,"[-59648, 72320, 658000, 166251, 34488]","[0, 0, 0, 0, 0]",True,,split,0.0,0,-10.0,-10000,0.0,0,3.5,12.5,1.75,1.75,2.75,3.0,25.0,Q1,confirmed_accumulation,3.35,3.35,6.36,5,0.06173204185627354,4,947.02,947020,34.488,34488,858.739,858739,871.411,871411,33.55,active,positive,33.55,63.62,decelerating,63.62,63.62,0.03503977503977504,0.014897624190064795,0.07204790670358252,0.060835730242948895,1.75,6,4,33.55,False,4.861111111111116,13.363363363363367,14.393939393939403,23.75971984006605,98.96,10.839024760081827,-6.808217747530465,57.5,23.75971984006605,10.839024760081827,True,22.764227642276413,14.393939393939403,0.8010680907877044,-0.995492197789638,3.5549146338575754,7.609285838318169,0,0.0,0,0.0,0,0.0,0,0.0,0,0.0,0,,inactive,zero,,51.76,inactive,51.76,51.76,0.0,0.0,0.0,0.0,0.0,0,0,0.0
3545,敦泰,半導體業,2026-08-10,excluded,0,12,36,142,154,51.99,42.67,-9.32,"[52080, 76972, 21341, -3000, 150626]","[0, 10000, 0, -5000, 0]",True,,split,-30.886,-30886,-18.0,-18000,0.0,0,9.0,12.85,5.0,5.0,5.0,4.0,5.0,Q2,unconfirmed_accumulation,6.82,6.82,16.14,5,0.08301269206837714,1,1611.92,1611920,150.626,150626,168.967,168967,298.019,298019,45.95,active,positive,45.95,70.14,accelerating,70.14,70.14,0.14281208469921147,0.18970528967254408,0.0838545905707196,0.08273709050527485,5.0,6,4,45.95,True,1.388888888888884,1.1881188118811892,1.9960079840319445,-6.9324357301382875,29.99,-1.558906649825631,-19.200981340048262,23.6,-6.9324357301382875,-1.558906649825631,True,-7.927927927927925,1.9960079840319445,-11.591695501730094,-0.995492197789638,3.5549146338575754,7.609285838318169,2,0.001389422049853342,0,11.0,11000,0.0,0,-5.0,-5000,5.0,5000,22.28,active,positive,22.28,91.26,reversing_negative,91.26,91.26,0.0009745725170550191,0.0,-0.0024813895781637717,0.00138811771238201,0.0,2,1,22.28
3546,宇峻,文化創意,2026-08-10,excluded,0,5,289,144,140,51.32,47.74,-3.58,"[18000, 77993, -18804, -21026, -1000]","[0, 0, 0, 0, 0]",True,,split,10.03,10030,0.0,0,0.0,0,3.5,12.5,0.0,0.0,1.0,2.5,25.0,Q1,confirmed_accumulation,4.24,4.24,6.82,5,0.0782014694992175,0,98.806,98806,-1.0,-1000,-40.83,-40830,55.163,55163,42.43,active,positive,42.43,68.19,reversing_negative,68.19,68.19,0.06613520749665328,-0.006944444444444444,-0.10258793969849246,0.07747612359550562,0.0,5,2,42.43,False,1.8766756032171594,0.26385224274407815,3.260869565217406,4.537726530214703,83.57,-0.29404506864016966,-1.4640344416701145,70.53,4.537726530214703,-0.29404506864016966,True,3.542234332425065,3.260869565217406,6.145251396648055,-0.995492197789638,3.5549146338575754,7.609285838318169,0,0.0,0,0.0,0,0.0,0,0.0,0,0.0,0,,inactive,zero,,51.76,inactive,51.76,51.76,0.0,0.0,0.0,0.0,0.0,0,0,0.0
3548,兆利,電子零組件,2026-08-10,excluded,0,7,93,298,273,36.0,33.7,-2.3,"[49000, -8848, 44040, 3000, 19000]","[0, 0, 0, 0, 0]",True,,split,5.023,5023,0.0,0,0.0,0,3.5,12.5,1.75,1.75,2.75,4.0,5.0,Q2,unconfirmed_accumulation,6.95,6.95,8.25,5,0.14922458676809394,3,429.37,429370,19.0,19000,66.04,66040,106.192,106192,69.45,active,positive,69.45,82.53,decelerating,82.53,82.53,0.19499091734786558,0.15966386554621848,0.19654761904761905,0.14893688639551192,1.75,8,4,69.45,False,0.5256241787122251,0.2621231979030192,7.746478873239426,-4.326289980428177,38.33,4.191564239381851,-26.312792745863334,12.39,-4.326289980428177,4.191564239381851,True,-5.321782178217815,7.746478873239426,-18.703506907545165,-0.995492197789638,3.5549146338575754,7.609285838318169,0,0.0,0,0.0,0,0.0,0,0.0,0,0.0,0,,inactive,zero,,51.76,inactive,51.76,51.76,0.0,0.0,0.0,0.0,0.0,0,0,0.0
3552,同致,其他電子,2026-08-10,excluded,0,0,656,712,588,5.5,2.5,-3.0,"[0, 32000, 10000, -65000, 16000]","[0, 0, 0, 0, 0]",True,,split,1.961,1961,0.0,0,0.0,0,0.0,0.0,-1.0,-1.0,2.0,3.5,0.0,Q4,confirmed_distribution,0.0,0.0,0.0,4,-0.010680315132121782,1,156.0,156000,16.0,16000,-39.0,-39000,-7.0,-7000,7.96,active,negative,7.96,43.02,neutral,43.02,43.02,0.11024734982332156,0.2711864406779661,-0.12828947368421054,-0.013182674199623353,-1.0,7,3,-7.96,False,1.3574660633484115,-1.2127894156560237,-3.239740820734338,-3.1756307968627717,42.89,-6.794655454591913,-26.88856511759745,11.86,-3.1756307968627717,-6.794655454591913,True,-4.17112299465241,-3.239740820734338,-19.279279279279283,-0.995492197789638,3.5549146338575754,7.609285838318169,0,0.0,0,0.0,0,0.0,0,0.0,0,0.0,0,,inactive,zero,,51.76,inactive,51.76,51.76,0.0,0.0,0.0,0.0,0.0,0,0,0.0
3556,禾瑞亞,半導體業,2026-08-10,excluded,0,5,290,367,361,30.28,25.46,-4.82,"[7000, 19817, -51906, 62576, 12844]","[0, 0, 0, 0, 0]",True,,split,5.133,5133,0.0,0,0.0,0,3.5,6.75,5.0,5.0,6.0,3.5,5.0,Q2,unconfirmed_accumulation,1.71,1.71,5.53,5,0.0271074207444559,2,322.812,322812,12.844,12844,23.514,23514,50.331,50331,17.1,active,positive,17.1,55.28,accelerating,55.28,55.28,0.07906245407788391,0.0311747572815534,0.018529550827423167,0.026987131367292225,5.0,7,4,17.1,False,0.6269592476489061,2.5559105431310014,6.467661691542292,-7.811325984028549,26.47,2.912747057684717,11.059845400129145,87.35,-7.811325984028549,2.912747057684717,True,-8.806818181818187,6.467661691542292,18.669131238447314,-0.995492197789638,3.5549146338575754,7.609285838318169,0,0.0,0,0.0,0,0.0,0,0.0,0,0.0,0,,inactive,zero,,51.76,inactive,51.76,51.76,0.0,0.0,0.0,0.0,0.0,0,0,0.0
3557,嘉威,38,2026-08-10,excluded,0,0,657,592,716,7.0,0.0,-7.0,"[11000, -35718, 1000, -8000, -2000]","[0, 0, 0, 0, 0]",True,,split,0.0,0,-1.0,-1000,0.0,0,0.0,0.0,-3.5,-3.5,4.5,2.5,0.0,Q3,absorption_divergence,0.0,0.0,0.0,5,-0.0900956985034069,0,-4.218,-4218,-2.0,-2000,-9.0,-9000,-33.718,-33718,49.87,active,negative,49.87,22.03,stable,22.03,22.03,-0.006017118402282454,-0.06451612903225806,-0.07563025210084033,-0.091625,-3.5,5,2,-49.87,False,-0.19120458891012104,-1.8796992481203034,5.241935483870974,0.6138128084766659,65.58,1.6870208500133987,-15.545793774826112,30.12,0.6138128084766659,1.6870208500133987,True,-0.3816793893129722,5.241935483870974,-7.936507936507942,-0.995492197789638,3.5549146338575754,7.609285838318169,0,0.0,0,0.0,0,0.0,0,0.0,0,0.0,0,,inactive,zero,,51.76,inactive,51.76,51.76,0.0,0.0,0.0,0.0,0.0,0,0,0.0
3558,神準,通信網路,2026-08-10,excluded,0,7,94,173,160,42.47,41.45,-1.02,"[40000, 30000, 19136, 40930, 62929]","[0, 0, 0, 0, 0]",True,,split,-0.434,-434,0.0,0,0.0,0,3.5,12.5,5.0,5.0,6.0,5.5,5.0,Q2,unconfirmed_accumulation,9.95,9.95,9.97,5,0.5376710372074849,10,279.617,279617,62.929,62929,122.995,122995,192.995,192995,99.48,active,positive,99.48,99.74,accelerating,99.74,99.74,0.2974648936170213,0.6992111111111111,0.5590681818181819,0.5375905292479108,5.0,10,5,99.48,False,1.5625,1.5625,6.557377049180335,-8.095416893119456,25.68,3.0024624153227597,10.572532343500018,86.83,-8.095416893119456,3.0024624153227597,True,-9.090909090909093,6.557377049180335,18.181818181818187,-0.995492197789638,3.5549146338575754,7.609285838318169,0,0.0,0,6.0,6000,0.0,0,0.0,0,0.0,0,,inactive,zero,,51.76,inactive,51.76,51.76,0.006382978723404255,0.0,0.0,0.0,0.0,1,0,0.0
3563,牧德,光電業,2026-08-10,excluded,0,5,291,201,195,39.8,37.58,-2.22,"[162600, 320000, -9833, -128804, 173014]","[0, 0, 0, 0, 0]",True,,split,35.654,35654,-4.0,-4000,0.0,0,3.5,12.5,5.0,5.0,6.0,4.5,5.0,Q2,unconfirmed_accumulation,7.08,7.08,8.3,5,0.1550980596354889,1,669.249,669249,173.014,173014,34.377,34377,516.977,516977,70.76,active,positive,70.76,83.05,accelerating,83.05,83.05,0.10422815760784924,0.35023076923076923,0.02213586606567933,0.15381642368342754,5.0,6,3,70.76,False,4.427480916030535,-0.14598540145985828,9.615384615384626,-0.017532404236408894,61.28,6.06046998152705,-23.990703931227706,15.51,-0.017532404236408894,6.06046998152705,True,-1.013024602026047,9.615384615384626,-16.381418092909538,-0.995492197789638,3.5549146338575754,7.609285838318169,0,0.0,0,9.0,9000,0.0,0,0.0,0,0.0,0,,inactive,zero,,51.76,inactive,51.76,51.76,0.0014016508332035508,0.0,0.0,0.0,0.0,3,0,0.0
3570,大塚,資訊服務,2026-08-10,excluded,0,0,658,649,717,6.5,0.0,-6.5,"[-3056, -3000, 0, 3000, -27000]","[0, 0, 0, 0, 0]",True,,split,-0.37,-370,0.0,0,0.0,0,0.0,0.0,-3.5,-3.5,4.5,2.0,0.0,Q3,absorption_divergence,0.0,0.0,0.0,4,-0.2450629736601743,0,-6.89,-6890,-27.0,-27000,-24.0,-24000,-30.056,-30056,85.38,active,negative,85.38,6.26,stable,6.26,6.26,-0.022814569536423843,-0.4909090909090909,-0.2608695652173913,-0.24435772357723579,-3.5,4,1,-85.38,False,0.3030303030302939,0.9146341463414531,0.9146341463414531,2.5292345290779727,76.79,-2.6402804875161223,-13.037857266889596,36.9,2.5292345290779727,-2.6402804875161223,True,1.5337423312883347,0.9146341463414531,-5.428571428571427,-0.995492197789638,3.5549146338575754,7.609285838318169,0,0.0,0,0.0,0,0.0,0,0.0,0,0.0,0,,inactive,zero,,51.76,inactive,51.76,51.76,0.0,0.0,0.0,0.0,0.0,0,0,0.0
3580,友威科,其他電子,2026-08-10,excluded,0,0,659,593,510,7.0,6.0,-1.0,"[-21086, -11256, -21000, -46063, 74240]","[0, 0, 0, 0, 0]",True,,split,1.076,1076,0.0,0,0.0,0,0.0,0.0,3.0,3.0,4.0,3.0,0.0,Q4,confirmed_distribution,0.0,0.0,0.0,5,-0.018163091998287483,1,432.3,432300,74.24,74240,7.177,7177,-25.165,-25165,13.58,active,negative,13.58,39.77,reversing_positive,39.77,39.77,0.11518784972022382,0.24103896103896105,0.010907294832826748,-0.021023391812865496,3.0,6,1,-13.58,False,4.545454545454541,2.027883396704677,8.490566037735835,-12.165241351293432,15.12,4.93565140387826,-23.316092121040686,16.56,-12.165241351293432,4.93565140387826,True,-13.16073354908307,8.490566037735835,-15.706806282722518,-0.995492197789638,3.5549146338575754,7.609285838318169,0,0.0,0,0.0,0,0.0,0,0.0,0,0.0,0,,inactive,zero,,51.76,inactive,51.76,51.76,0.0,0.0,0.0,0.0,0.0,0,0,0.0
3581,博磊,半導體業,2026-08-10,excluded,0,0,660,759,628,4.0,1.0,-3.0,"[-75950, -45431, -35790, -464000, 113980]","[0, 0, 0, 0, 0]",True,,split,-35.624,-35624,0.0,0,0.0,0,0.0,0.0,-1.0,-1.0,2.0,2.0,0.0,Q4,confirmed_distribution,0.0,0.0,0.0,5,-0.12624789583232707,1,-182.241,-182241,113.98,113980,-385.81,-385810,-507.191,-507191,63.58,active,negative,63.58,15.91,neutral,15.91,15.91,-0.02781031588585381,0.19996491228070176,-0.167017316017316,-0.1288267716535433,-1.0,4,1,-63.58,False,3.167420814479649,2.2421524663677195,5.555555555555558,-13.92988093653872,12.52,2.0006409216979826,-57.166807962211976,0.39,-13.92988093653872,2.0006409216979826,True,-14.925373134328357,5.555555555555558,-49.557522123893804,-0.995492197789638,3.5549146338575754,7.609285838318169,0,0.0,0,0.0,0,0.0,0,0.0,0,0.0,0,,inactive,zero,,51.76,inactive,51.76,51.76,0.0,0.0,0.0,0.0,0.0,0,0,0.0
3583,辛耘,半導體業,2026-08-10,excluded,0,2,460,420,397,23.55,19.6,-3.95,"[122051, 15725, 240599, -355010, 75407]","[-23000, -76000, -110000, 70000, -39000]",True,,split,10.159,10159,8.501,8501,0.0,0,4.5,5.65,3.0,3.0,3.0,5.0,0.0,Q4,confirmed_distribution,1.45,1.45,5.4,5,0.025971589134275275,1,348.261,348261,75.407,75407,-39.004,-39004,98.772,98772,14.49,active,positive,14.49,53.98,reversing_negative,53.98,53.98,0.03750387680379065,0.11254776119402984,-0.01483041825095057,0.02258161865569273,0.0,7,4,14.49,False,0.43290043290042934,-0.9957325746799417,3.88059701492538,-11.347077071731771,17.34,0.32568238106780445,-32.69001780817823,7.56,-11.347077071731771,0.32568238106780445,True,-12.342569269521409,3.88059701492538,-25.08073196986006,-0.995492197789638,3.5549146338575754,7.609285838318169,5,-0.041867944997388294,0,-181.0,-181000,-39.0,-39000,-79.0,-79000,-178.0,-178000,83.17,active,negative,83.17,2.35,reversing_positive,2.35,2.35,-0.01949170794744777,-0.058208955223880594,-0.03003802281368821,-0.04069501600365798,3.0,3,1,-83.17
3587,閎康,其他電子,2026-08-10,excluded,0,0,661,713,718,5.5,0.0,-5.5,"[-2000, -130326, -237984, -300500, -117000]","[0, 0, 0, 0, 0]",True,,mixed,66.854,66854,0.041,41,0.0,0,0.0,0.0,-3.5,-3.5,4.5,1.0,0.0,Q4,confirmed_distribution,0.0,0.0,0.0,5,-0.14920263904226347,0,-365.02,-365020,-117.0,-117000,-655.484,-655484,-787.81,-787810,69.97,active,negative,69.97,12.65,stable,12.65,12.65,-0.04738058151609553,-0.12717391304347825,-0.16666259852529874,-0.15060409099598548,-3.5,2,0,-69.97,False,-0.7827788649706457,-8.318264014466548,10.698689956331876,-11.590714698762085,16.56,7.1437753224743,-43.59413432316666,1.69,-11.590714698762085,7.1437753224743,True,-12.586206896551722,10.698689956331876,-35.984848484848484,-0.995492197789638,3.5549146338575754,7.609285838318169,0,0.0,0,0.0,0,0.0,0,0.0,0,0.0,0,,inactive,zero,,51.76,inactive,51.76,51.76,0.0,0.0,0.0,0.0,0.0,0,0,0.0
3592,瑞鼎,半導體業,2026-08-10,excluded,0,0,662,594,719,7.0,0.0,-7.0,"[222937, -518634, -14033, 114321, -133874]","[-51000, 0, 0, -12000, 0]",True,,split,5.755,5755,-5.0,-5000,0.0,0,0.0,0.0,-4.5,-4.5,4.5,2.5,0.0,Q4,confirmed_distribution,0.0,0.0,0.0,5,-0.08086366614439533,0,-120.87,-120870,-133.874,-133874,-33.586,-33586,-329.283,-329283,44.13,active,negative,44.13,24.9,stable,24.9,24.9,-0.01849862258953168,-0.24429562043795622,-0.01994418052256532,-0.08041098901098902,-3.5,4,2,-44.13,False,-0.2044989775051076,0.2053388090349051,4.946236559139794,-3.5054862757915806,41.85,1.3913219252822184,-14.833620439078622,33.12,-3.5054862757915806,1.3913219252822184,True,-4.500978473581219,4.946236559139794,-7.224334600760452,-0.995492197789638,3.5549146338575754,7.609285838318169,2,-0.015252393298363861,0,-67.0,-67000,0.0,0,-12.0,-12000,-63.0,-63000,62.38,active,negative,62.38,5.48,neutral,5.48,5.48,-0.010254055708601164,0.0,-0.007125890736342043,-0.015384615384615385,-1.0,1,0,-62.38
3593,力銘,電子零組件,2026-08-10,excluded,0,5,292,287,266,36.49,33.91,-2.58,"[-1000, 0, 0, 2000, 13000]","[0, 0, 0, 0, 0]",True,,mixed,0.0,0,0.0,0,0.0,0,3.5,12.5,5.0,5.0,6.0,1.5,5.0,Q2,unconfirmed_accumulation,6.41,6.41,7.99,3,0.1311344109509247,2,21.0,21000,13.0,13000,15.0,15000,14.0,14000,64.1,active,positive,64.1,79.92,accelerating,79.92,79.92,0.09767441860465116,0.24074074074074073,0.22388059701492538,0.12962962962962962,5.0,3,2,64.1,False,3.200000000000003,3.200000000000003,1.17647058823529,-25.0790063695456,3.0,-2.3784440456222855,-33.683784405653405,6.39,-25.0790063695456,-2.3784440456222855,True,-26.074498567335237,1.17647058823529,-26.074498567335237,-0.995492197789638,3.5549146338575754,7.609285838318169,0,0.0,0,0.0,0,0.0,0,0.0,0,0.0,0,,inactive,zero,,51.76,inactive,51.76,51.76,0.0,0.0,0.0,0.0,0.0,0,0,0.0
3596,智易,通信網路,2026-08-10,excluded,0,0,663,478,589,9.5,2.5,-7.0,"[65550, 464761, -519878, -603097, -1868700]","[-97000, -1228, 0, 671, 0]",True,,split,-18.23,-18230,-9.577,-9577,0.0,0,0.0,0.0,-0.5,-0.5,6.5,3.0,0.0,Q4,confirmed_distribution,0.0,0.0,0.0,5,-0.3970114965839926,0,-1725.178,-1725178,-1868.7,-1868700,-2991.675,-2991675,-2461.364,-2461364,96.74,active,negative,96.74,1.43,stable,1.43,1.43,-0.1570914223274449,-0.8160262008733624,-0.6461501079913607,-0.4081187199469408,-3.5,5,2,-96.74,False,-2.5210084033613467,-7.199999999999996,-4.395604395604391,-10.679634705763664,19.3,-7.950519029461966,-10.402581927703647,43.81,-10.679634705763664,-7.950519029461966,True,-11.675126903553302,-4.395604395604391,-2.7932960893854775,-0.995492197789638,3.5549146338575754,7.609285838318169,3,-0.016316246582256208,0,-196.784,-196784,0.0,0,0.671,671,-97.557,-97557,65.35,active,negative,65.35,4.95,reversing_positive,4.95,4.95,-0.01791877617920233,0.0,0.0001449244060475162,-0.016175924390648317,3.0,1,1,-65.35
3597,映興,電子零組件,2026-08-10,excluded,0,7,95,121,120,54.92,50.54,-4.38,"[-1000, 3000, 1000, 1000, 2000]","[0, 0, 0, 0, 0]",True,,split,-0.715,-715,0.0,0,0.0,0,3.5,11.03,5.0,5.0,6.0,3.5,25.0,Q1,confirmed_accumulation,2.51,2.51,5.89,5,0.04393656203617173,4,13.0,13000,2.0,2000,4.0,4000,6.0,6000,25.07,active,positive,25.07,58.93,accelerating,58.93,58.93,0.04377104377104377,0.05,0.038461538461538464,0.04411764705882353,5.0,7,4,25.07,False,0.927643784786647,3.6190476190476106,2.6415094339622636,2.6777351884438416,77.05,-0.9134051998953119,-8.700194929227267,50.33,2.6777351884438416,-0.9134051998953119,True,1.6822429906542036,2.6415094339622636,-1.090909090909098,-0.995492197789638,3.5549146338575754,7.609285838318169,0,0.0,0,0.0,0,0.0,0,0.0,0,0.0,0,,inactive,zero,,51.76,inactive,51.76,51.76,0.0,0.0,0.0,0.0,0.0,0,0,0.0
3609,三一東林,電子零組件,2026-08-10,excluded,0,0,664,686,720,6.0,0.0,-6.0,"[5000, -36000, -7000, -8000, -2000]","[0, 0, 0, 0, 0]",True,,split,-0.834,-834,0.0,0,0.0,0,0.0,0.0,-3.5,-3.5,4.5,1.5,0.0,Q4,confirmed_distribution,0.0,0.0,0.0,5,-0.06520232559369825,0,7.0,7000,-2.0,-2000,-17.0,-17000,-48.0,-48000,35.51,active,negative,35.51,29.47,stable,29.47,29.47,0.0035460992907801418,-0.015151515151515152,-0.041666666666666664,-0.06477732793522267,-3.5,3,1,-35.51,False,-2.589641434262957,-5.961538461538463,-5.232558139534893,-12.608748084895883,14.47,-8.78747277339247,-19.81754436614582,22.16,-12.608748084895883,-8.78747277339247,True,-13.60424028268552,-5.232558139534893,-12.208258527827653,-0.995492197789638,3.5549146338575754,7.609285838318169,0,0.0,0,0.0,0,0.0,0,0.0,0,0.0,0,,inactive,zero,,51.76,inactive,51.76,51.76,0.0,0.0,0.0,0.0,0.0,0,0,0.0
3611,鼎翰,電腦週邊,2026-08-10,excluded,0,0,665,484,629,9.0,1.0,-8.0,"[3041, 1000, 3960, 7000, -19861]","[0, 0, 0, 0, 0]",True,,split,0.0,0,0.0,0,0.0,0,0.0,0.0,-3.5,-3.5,4.5,4.5,0.0,Q4,confirmed_distribution,0.0,0.0,0.0,5,-0.03222430150295048,0,67.578,67578,-19.861,-19861,-8.901,-8901,-4.86,-4860,18.41,active,negative,18.41,37.42,stable,37.42,37.42,0.1593820754716981,-0.2482625,-0.0754322033898305,-0.029815950920245398,-3.5,9,4,-18.41,False,1.8716577540107027,2.144772117962468,2.972972972972965,-3.75450780221036,40.29,-0.5819416608846106,-7.609285838318169,54.69,-3.75450780221036,-0.5819416608846106,True,-4.749999999999998,2.972972972972965,0.0,-0.995492197789638,3.5549146338575754,7.609285838318169,0,0.0,0,0.0,0,0.0,0,0.0,0,0.0,0,,inactive,zero,,51.76,inactive,51.76,51.76,0.0,0.0,0.0,0.0,0.0,0,0,0.0
3615,安可,光電業,2026-08-10,excluded,0,0,666,545,721,7.5,0.0,-7.5,"[-5928, 17870, 42619, 1000, -89377]","[0, 0, 0, 0, 0]",True,,split,-0.256,-256,0.0,0,0.0,0,0.0,0.0,-3.5,-3.5,4.5,3.0,0.0,Q4,confirmed_distribution,0.0,0.0,0.0,5,-0.01339306514487208,0,833.336,833336,-89.377,-89377,-45.758,-45758,-33.816,-33816,7.7,active,negative,7.7,43.16,stable,43.16,43.16,0.11049270750464067,-0.10926283618581907,-0.030648359008707302,-0.012760754716981132,-3.5,6,3,-7.7,False,5.507246376811592,1.9607843137254832,5.2023121387283044,-22.453508853735073,4.95,1.647397504870729,-6.917722906091339,56.84,-22.453508853735073,1.647397504870729,True,-23.44900105152471,5.2023121387283044,0.6915629322268302,-0.995492197789638,3.5549146338575754,7.609285838318169,0,0.0,0,0.0,0,0.0,0,0.0,0,0.0,0,,inactive,zero,,51.76,inactive,51.76,51.76,0.0,0.0,0.0,0.0,0.0,0,0,0.0
3617,碩天,其他電子,2026-08-10,other_watch,39,5,293,60,43,59.59,58.77,-0.82,"[67338, 252250, -31080, 167964, 22212]","[0, -1067, 0, 635, 0]",True,,split,29.004,29004,-3.7,-3700,0.0,0,3.5,12.5,4.75,4.75,4.75,5.0,25.0,Q1,confirmed_accumulation,8.02,8.02,8.84,5,0.2037165811239938,2,776.556,776556,22.212,22212,159.096,159096,478.684,478684,80.16,active,positive,80.16,88.4,decelerating,88.4,88.4,0.17685174219995445,0.06456976744186047,0.1259667458432304,0.20334919286321154,1.75,8,4,80.16,False,0.8620689655172376,1.0799136069114423,6.849315068493156,2.51393037566382,76.66,3.2944004346355804,13.320946719821361,88.79,2.51393037566382,3.2944004346355804,True,1.5184381778741818,6.849315068493156,20.93023255813953,-0.995492197789638,3.5549146338575754,7.609285838318169,2,-0.00018405306107377594,0,5.502,5502,0.0,0,0.635,635,-0.432,-432,9.9,active,negative,9.9,13.82,reversing_positive,13.82,13.82,0.0012530175358688226,0.0,0.0005027711797307996,-0.00018351741716227698,3.0,2,1,-9.9
3623,富晶通,光電業,2026-08-10,excluded,0,0,667,546,722,7.5,0.0,-7.5,"[1000, 1000, 0, -15000, -4000]","[0, 0, 0, 0, 0]",True,,split,-0.149,-149,0.0,0,0.0,0,0.0,0.0,-3.5,-3.5,4.5,3.0,0.0,Q4,confirmed_distribution,0.0,0.0,0.0,4,-0.034839220304137365,0,-8.0,-8000,-4.0,-4000,-19.0,-19000,-17.0,-17000,20.37,active,negative,20.37,36.25,stable,36.25,36.25,-0.011644832605531296,-0.05333333333333334,-0.041304347826086954,-0.03441295546558704,-3.5,6,2,-20.37,False,2.1428571428571352,6.716417910447747,8.607594936708862,-4.925560433789311,36.9,5.052680302851287,-13.736200499149685,34.94,-4.925560433789311,5.052680302851287,True,-5.921052631578949,8.607594936708862,-6.126914660831517,-0.995492197789638,3.5549146338575754,7.609285838318169,0,0.0,0,0.0,0,0.0,0,0.0,0,0.0,0,,inactive,zero,,51.76,inactive,51.76,51.76,0.0,0.0,0.0,0.0,0.0,0,0,0.0
3624,光頡,電子零組件,2026-08-10,excluded,0,0,668,547,723,7.5,0.0,-7.5,"[136050, -121000, -50000, -120000, -220224]","[0, 0, 0, 0, 0]",True,,split,215.297,215297,-22.895,-22895,0.0,0,0.0,0.0,-3.5,-3.5,4.5,3.0,0.0,Q4,confirmed_distribution,0.0,0.0,0.0,5,-0.04078549582391116,0,1622.05,1622050,-220.224,-220224,-390.224,-390224,-375.174,-375174,22.85,active,negative,22.85,34.68,stable,34.68,34.68,0.08760734539562517,-0.0424896777927841,-0.056236345294711054,-0.03884190910032095,-3.5,6,1,-22.85,False,9.893048128342263,9.893048128342263,27.639751552795033,-35.77373857144113,0.39,24.08483691893746,4.685796128894949,81.75,-35.77373857144113,24.08483691893746,True,-36.76923076923077,27.639751552795033,12.295081967213118,-0.995492197789638,3.5549146338575754,7.609285838318169,0,0.0,0,-1082.0,-1082000,0.0,0,0.0,0,0.0,0,,inactive,zero,,51.76,inactive,51.76,51.76,-0.05843910342965163,0.0,0.0,0.0,0.0,0,0,0.0
3631,晟楠,電子零組件,2026-08-10,excluded,0,7,96,82,70,57.79,55.55,-2.24,"[0, 2000, 0, 5000, 32000]","[0, 0, 0, 0, 0]",True,,mixed,0.071,71,0.0,0,0.0,0,3.5,12.5,5.0,5.0,6.0,2.5,25.0,Q1,confirmed_accumulation,7.05,7.05,8.29,3,0.15541577812423465,2,45.0,45000,32.0,32000,37.0,37000,39.0,39000,70.5,active,positive,70.5,82.92,accelerating,82.92,82.92,0.10948905109489052,0.24615384615384617,0.21764705882352942,0.15234375,5.0,5,3,70.5,False,8.333333333333325,6.793048973143745,6.2893081761006275,5.964436297168508,87.35,2.734393542243052,-21.822483807861325,19.04,5.964436297168508,2.734393542243052,True,4.968944099378869,6.2893081761006275,-14.213197969543156,-0.995492197789638,3.5549146338575754,7.609285838318169,0,0.0,0,0.0,0,0.0,0,0.0,0,0.0,0,,inactive,zero,,51.76,inactive,51.76,51.76,0.0,0.0,0.0,0.0,0.0,0,0,0.0
3645,達邁,電子零組件,2026-08-10,excluded,0,5,294,240,242,38.33,35.27,-3.06,"[110127, 222296, 6777, -60929, 289785]","[0, 0, 0, 0, 0]",True,,split,31.005,31005,0.0,0,0.0,0,3.5,12.5,5.0,5.0,6.0,4.0,5.0,Q2,unconfirmed_accumulation,5.27,5.27,7.33,5,0.0992454331808614,1,2472.045,2472045,289.785,289785,235.633,235633,568.056,568056,52.74,active,positive,52.74,73.27,accelerating,73.27,73.27,0.15130646345941975,0.21690494011976047,0.07725672131147542,0.09783947640372029,5.0,8,4,52.74,False,5.409356725146175,3.890489913544659,6.814814814814807,-8.312683902839302,24.9,3.2599001809572314,-43.23428583831818,1.96,-8.312683902839302,3.2599001809572314,True,-9.30817610062894,6.814814814814807,-35.62500000000001,-0.995492197789638,3.5549146338575754,7.609285838318169,0,0.0,0,0.0,0,0.0,0,0.0,0,0.0,0,,inactive,zero,,51.76,inactive,51.76,51.76,0.0,0.0,0.0,0.0,0.0,0,0,0.0
3663,鑫科,其他電子,2026-08-10,excluded,0,7,97,328,325,33.88,29.67,-4.21,"[64000, -60000, 67000, 13000, 45000]","[0, 0, 0, 0, 0]",True,,split,6.86,6860,0.0,0,0.0,0,3.5,12.5,1.75,1.75,2.75,4.0,5.0,Q2,unconfirmed_accumulation,2.92,2.92,6.13,5,0.0522015845461374,3,423.343,423343,45.0,45000,125.0,125000,129.0,129000,29.24,active,positive,29.24,61.28,decelerating,61.28,61.28,0.0682481057552797,0.08928571428571429,0.09600614439324116,0.05271761340416837,1.75,8,4,29.24,False,3.5426731078904927,-0.15527950310559868,8.98305084745763,-16.98920167976139,9.13,5.428136213600054,-12.911200418583281,37.42,-16.98920167976139,5.428136213600054,True,-17.984693877551027,8.98305084745763,-5.301914580265111,-0.995492197789638,3.5549146338575754,7.609285838318169,0,0.0,0,0.0,0,0.0,0,0.0,0,0.0,0,,inactive,zero,,51.76,inactive,51.76,51.76,0.0,0.0,0.0,0.0,0.0,0,0,0.0
3665,貿聯-KY,其他電子,2026-08-10,other_watch,49,6,148,151,168,50.26,39.44,-10.82,"[386159, 596198, -129448, -408108, -529950]","[404200, 131996, 508000, -672000, -76977]",True,,split,37.742,37742,-21.38,-21380,0.0,0,3.5,3.25,-3.5,-3.5,3.5,5.5,25.0,Q1,confirmed_accumulation,5.69,5.69,9.51,5,-0.00141216005669695,0,-2548.446,-2548446,-529.95,-529950,-1067.506,-1067506,-85.149,-85149,1.83,active,negative,1.83,45.63,stable,45.63,45.63,-0.060667174518532624,-0.1215202935106627,-0.07223127410514919,-0.0037538685359079487,-3.5,3,2,-1.83,False,-0.4545454545454519,-7.006369426751591,4.534606205250591,18.42176565623467,97.91,0.9796915713930154,-20.00928583831817,21.9,18.42176565623467,0.9796915713930154,True,17.42627345844503,4.534606205250591,-12.4,-0.995492197789638,3.5549146338575754,7.609285838318169,5,0.015425526935209924,0,2717.517,2717517,-76.977,-76977,-240.977,-240977,295.219,295219,56.93,active,positive,56.93,95.05,reversing_negative,95.05,95.05,0.06469200371366678,-0.01765122678284797,-0.016305365721632045,0.013014989198959574,0.0,8,3,56.93
3673,TPK-KY,光電業,2026-08-10,excluded,0,5,295,372,365,29.62,25.18,-4.44,"[600482, 188212, 435557, -740135, 469030]","[0, 0, 0, 0, 0]",True,,split,-22.691,-22691,129.0,129000,0.0,0,4.5,9.84,0.0,0.0,1.0,3.5,5.0,Q2,unconfirmed_accumulation,2.34,2.34,5.78,5,0.0399521792043291,1,3629.273,3629273,469.03,469030,164.452,164452,953.146,953146,23.37,active,positive,23.37,57.76,reversing_negative,57.76,57.76,0.0655198043038706,0.0881966904851448,0.012377841336745446,0.03934555211558308,0.0,7,4,23.37,False,4.801324503311255,2.759740259740262,9.705372616984388,-17.85066164836421,8.34,6.150457983126812,-9.164495791661874,48.76,-17.85066164836421,6.150457983126812,True,-18.846153846153847,9.705372616984388,-1.5552099533437058,-0.995492197789638,3.5549146338575754,7.609285838318169,0,0.0,0,0.0,0,0.0,0,0.0,0,0.0,0,,inactive,zero,,51.76,inactive,51.76,51.76,0.0,0.0,0.0,0.0,0.0,0,0,0.0
3675,德微,半導體業,2026-08-10,excluded,0,0,669,595,724,7.0,0.0,-7.0,"[-46318, -351215, 18102, -183517, -86800]","[0, 0, 0, 0, 0]",True,,split,-42.765,-42765,36.629,36629,0.0,0,1.0,0.0,-3.5,-3.5,4.5,1.5,0.0,Q4,confirmed_distribution,0.0,0.0,0.0,5,-0.15427469220828824,0,-552.279,-552279,-86.8,-86800,-252.215,-252215,-649.748,-649748,70.89,active,negative,70.89,12.26,stable,12.26,12.26,-0.10265408921933085,-0.07239366138448708,-0.0934822090437361,-0.15566554863440346,-3.5,3,1,-70.89,False,5.649717514124286,4.859813084112141,17.85714285714286,-20.322880873739113,6.52,14.302228223285287,2.6068241813282045,78.49,-20.322880873739113,14.302228223285287,True,-21.31837307152875,17.85714285714286,10.216110019646374,-0.995492197789638,3.5549146338575754,7.609285838318169,0,0.0,0,0.0,0,0.0,0,0.0,0,0.0,0,,inactive,zero,,51.76,inactive,51.76,51.76,0.0,0.0,0.0,0.0,0.0,0,0,0.0
3679,新至陞,電子零組件,2026-08-10,excluded,0,0,670,513,725,8.0,0.0,-8.0,"[12000, 3000, 3000, -1070, -42160]","[-480, -296, 0, 0, 0]",True,,split,0.0,0,-4.0,-4000,0.0,0,0.0,0.0,-4.5,-4.5,4.5,3.5,0.0,Q3,absorption_divergence,0.0,0.0,0.0,5,-0.11845330656185919,0,103.87,103870,-42.16,-42160,-40.23,-40230,-25.23,-25230,59.66,active,negative,59.66,17.99,stable,17.99,17.99,0.13685111989459817,-0.34276422764227643,-0.27182432432432435,-0.11789719626168224,-3.5,7,3,-59.66,False,-0.9049773755656076,0.0,0.4587155963302836,0.5409467432441861,64.28,-3.096199037527292,-14.41779647661604,33.9,0.5409467432441861,-3.096199037527292,True,-0.4545454545454519,0.4587155963302836,-6.8085106382978715,-0.995492197789638,3.5549146338575754,7.609285838318169,2,-0.003609535201640465,0,-1.739,-1739,0.0,0,0.0,0,-0.776,-776,37.13,active,negative,37.13,9.39,neutral,9.39,9.39,-0.0022911725955204218,0.0,0.0,-0.0036261682242990654,-1.0,0,0,-37.13
3684,榮昌,通信網路,2026-08-10,excluded,0,0,671,650,576,6.5,3.5,-3.0,"[1000, -3000, 8000, 5000, -13000]","[0, 0, 0, 0, 0]",True,,split,-0.027,-27,1.0,1000,0.0,0,1.0,0.0,-1.0,-1.0,2.0,3.5,0.0,Q3,absorption_divergence,0.0,0.0,0.0,5,-0.0067927098122049475,0,3.015,3015,-13.0,-13000,0.0,0,-2.0,-2000,3.79,active,negative,3.79,44.98,neutral,44.98,44.98,0.007481389578163772,-0.41935483870967744,0.0,-0.006006006006006006,-1.0,7,3,-3.79,False,0.7619047619047636,5.800000000000005,9.865005192108,4.315804697789638,82.79,6.310090558250425,-15.609285838318176,29.73,4.315804697789638,6.310090558250425,True,3.3203125,9.865005192108,-8.000000000000007,-0.995492197789638,3.5549146338575754,7.609285838318169,0,0.0,0,0.0,0,0.0,0,0.0,0,0.0,0,,inactive,zero,,51.76,inactive,51.76,51.76,0.0,0.0,0.0,0.0,0.0,0,0,0.0
3686,達能,半導體業,2026-08-10,excluded,0,0,672,596,511,7.0,6.0,-1.0,"[33000, -3000, -115000, 7000, 7000]","[0, 0, 0, 0, 0]",True,,split,0.0,0,-18.0,-18000,0.0,0,0.0,0.0,3.0,3.0,4.0,3.0,0.0,Q4,confirmed_distribution,0.0,0.0,0.0,5,-0.1263784020292443,2,-20.87,-20870,7.0,7000,-101.0,-101000,-71.0,-71000,61.49,active,negative,61.49,16.95,reversing_positive,16.95,16.95,-0.015014388489208634,0.1,-0.308868501529052,-0.12412587412587413,3.0,6,3,-61.49,False,1.3605442176870763,-0.6666666666666599,4.195804195804187,-7.029199160235045,29.47,0.6408895619466115,-21.232474244115274,20.21,-7.029199160235045,0.6408895619466115,True,-8.024691358024683,4.195804195804187,-13.623188405797105,-0.995492197789638,3.5549146338575754,7.609285838318169,0,0.0,0,0.0,0,0.0,0,0.0,0,0.0,0,,inactive,zero,,51.76,inactive,51.76,51.76,0.0,0.0,0.0,0.0,0.0,0,0,0.0
3691,碩禾,光電業,2026-08-10,excluded,0,0,673,548,726,7.5,0.0,-7.5,"[-30086, -55605, 13330, 28594, -64643]","[0, 0, 0, 0, 0]",True,,split,2.541,2541,66.0,66000,0.0,0,1.0,0.0,-3.5,-3.5,4.5,2.0,0.0,Q4,confirmed_distribution,0.0,0.0,0.0,5,-0.05505873776204436,0,-42.464,-42464,-64.643,-64643,-22.719,-22719,-108.41,-108410,29.9,active,negative,29.9,31.81,stable,31.81,31.81,-0.006518882407123119,-0.20327987421383648,-0.022583499005964215,-0.05480788675429727,-3.5,4,2,-29.9,False,0.0,0.4366812227074135,4.072398190045257,-18.584927382629946,7.95,0.5174835561876812,-24.875472888677884,14.21,-18.584927382629946,0.5174835561876812,True,-19.580419580419584,4.072398190045257,-17.266187050359715,-0.995492197789638,3.5549146338575754,7.609285838318169,0,0.0,0,0.0,0,0.0,0,0.0,0,0.0,0,,inactive,zero,,51.76,inactive,51.76,51.76,0.0,0.0,0.0,0.0,0.0,0,0,0.0
3693,營邦,電腦週邊,2026-08-10,excluded,0,12,37,43,119,60.94,50.85,-10.09,"[37922, 87000, 290052, -139201, -151955]","[790, -500, 16000, 0, 0]",True,,split,37.847,37847,0.0,0,0.0,0,9.0,5.69,1.75,1.75,1.75,5.0,25.0,Q1,confirmed_accumulation,4.41,4.41,14.5,5,0.021628742947228937,0,339.897,339897,-151.955,-151955,-1.104,-1104,123.818,123818,12.92,active,positive,12.92,52.93,reversing_negative,52.93,52.93,0.03500123571207909,-0.12599917081260364,-0.00022622950819672132,0.02012973500243863,0.0,6,3,12.92,True,-5.123339658444026,-0.1996007984031989,5.932203389830515,3.244980950345877,79.79,2.3772887559729394,-17.35657825709074,26.99,3.244980950345877,2.3772887559729394,True,2.249488752556239,5.932203389830515,-9.747292418772568,-0.995492197789638,3.5549146338575754,7.609285838318169,3,0.0027416444063212164,0,94.29,94290,0.0,0,16.0,16000,16.29,16290,31.19,active,positive,31.19,92.05,decelerating,92.05,92.05,0.00970960766141489,0.0,0.003278688524590164,0.0026483498618110877,1.75,4,2,31.19
3701,大眾控,電腦週邊,2026-08-10,excluded,0,0,674,549,727,7.5,0.0,-7.5,"[177187, -278541, -1181750, -980000, -207000]","[0, 0, 0, 0, 0]",True,,split,3.301,3301,-5.171,-5171,0.0,0,0.0,0.0,-3.5,-3.5,4.5,3.0,0.0,Q3,absorption_divergence,0.0,0.0,0.0,5,-0.17794939172083568,0,-1811.693,-1811693,-207.0,-207000,-2368.75,-2368750,-2470.104,-2470104,74.41,active,negative,74.41,10.3,stable,10.3,10.3,-0.10113844693797801,-0.1770744225834046,-0.2202668774409522,-0.17553325753268903,-3.5,6,1,-74.41,False,-3.290246768507632,-4.0792540792540795,13.517241379310342,2.225504497912645,75.23,9.962326745452767,-35.16210273972662,5.87,2.225504497912645,9.962326745452767,True,1.2300123001230068,13.517241379310342,-27.55281690140845,-0.995492197789638,3.5549146338575754,7.609285838318169,0,0.0,0,0.0,0,0.0,0,0.0,0,0.0,0,,inactive,zero,,51.76,inactive,51.76,51.76,0.0,0.0,0.0,0.0,0.0,0,0,0.0
3702,大聯大,電子通路,2026-08-10,wait_pullback,32,9,44,141,137,52.08,47.9,-4.18,"[1674666, -1098443, -1133527, -981245, 1183345]","[-562000, -345062, 59000, 1097127, 360000]",True,,split,420.012,420012,308.64,308640,0.0,0,4.5,2.4,4.75,4.75,4.75,6.0,25.0,Q1,confirmed_accumulation,5.25,5.25,9.43,5,-0.006726330970565955,1,2513.092,2513092,1183.345,1183345,-931.427,-931427,-355.204,-355204,3.39,active,negative,3.39,45.24,reversing_positive,45.24,45.24,0.022932810147374184,0.1011233122543155,-0.02524876660341556,-0.005610108189212667,3.0,5,2,-3.39,False,6.1224489795918435,0.7751937984496138,12.06896551724137,12.106603308900754,95.31,8.514050883383796,9.50783127879895,86.44,12.106603308900754,8.514050883383796,True,11.111111111111116,12.06896551724137,17.117117117117118,-0.995492197789638,3.5549146338575754,7.609285838318169,5,0.009804091590615602,3,-70.495,-70495,360.0,360000,1516.127,1516127,609.065,609065,52.48,active,positive,52.48,94.26,decelerating,94.26,94.26,-0.0006432905963407401,0.030763971970603314,0.0410985904039035,0.009619600410645187,1.75,7,3,52.48
3703,欣陸,建材營建,2026-08-10,excluded,0,3,424,380,442,28.02,12.78,-15.24,"[-575950, -219000, 104000, 289000, -1624000]","[0, 0, 0, 0, 1000]",True,,split,-0.034,-34,42.0,42000,0.0,0,4.5,0.04,1.5,1.5,8.5,6.0,0.0,Q4,confirmed_distribution,0.74,0.74,8.98,5,-0.2888035759129535,0,-368.784,-368784,-1624.0,-1624000,-1231.0,-1231000,-2025.95,-2025950,90.08,active,negative,90.08,4.69,stable,4.69,4.69,-0.023942348893072778,-0.8484848484848485,-0.2867458653622176,-0.2901675737611,-3.5,6,2,-90.08,False,-0.9803921568627416,-0.7371007371007487,-1.4634146341463428,-0.7076708192420011,56.71,-5.018329268003918,-7.361146880501779,55.67,-0.7076708192420011,-5.018329268003918,True,-1.7031630170316392,-1.4634146341463428,0.24813895781639062,-0.995492197789638,3.5549146338575754,7.609285838318169,1,0.0001422926516059522,1,13.0,13000,1.0,1000,1.0,1000,1.0,1000,7.43,active,positive,7.43,89.83,accelerating,89.83,89.83,0.0008439914302408621,0.0005224660397074191,0.00023293733985557886,0.00014322543683758235,5.0,6,1,7.43
3707,漢磊,半導體業,2026-08-10,excluded,0,5,296,443,429,19.97,14.57,-5.4,"[297790, -141344, 118947, -442986, 378777]","[0, 0, 0, 0, 0]",True,,split,31.076,31076,0.0,0,0.0,0,3.5,2.5,0.0,0.0,1.0,3.0,5.0,Q2,unconfirmed_accumulation,0.57,0.57,4.97,5,0.010306044966665965,1,847.491,847491,378.777,378777,54.738,54738,211.184,211184,5.74,active,positive,5.74,49.67,reversing_negative,49.67,49.67,0.016657317504618893,0.1265542933511527,0.0059536654339786815,0.01001109267598957,0.0,6,3,5.74,False,3.660565723793674,-0.1602564102564097,10.657193605683846,-26.139010726186974,2.35,7.10227897182627,-29.734285838318176,9.91,-26.139010726186974,7.10227897182627,True,-27.134502923976612,10.657193605683846,-22.125000000000007,-0.995492197789638,3.5549146338575754,7.609285838318169,0,0.0,0,0.0,0,0.0,0,0.0,0,0.0,0,,inactive,zero,,51.76,inactive,51.76,51.76,0.0,0.0,0.0,0.0,0.0,0,0,0.0
3709,鑫聯大投控,電腦週邊,2026-08-10,wait_pullback,37,7,98,193,182,40.29,38.38,-1.91,"[98000, 293398, 261174, 48310, 252990]","[0, 0, 0, 0, 0]",True,,split,142.097,142097,-20.0,-20000,0.0,0,3.5,12.5,5.0,5.0,6.0,4.5,5.0,Q2,unconfirmed_accumulation,7.88,7.88,8.79,5,0.1965969690043823,7,1563.722,1563722,252.99,252990,562.474,562474,953.872,953872,78.85,active,positive,78.85,87.87,accelerating,87.87,87.87,0.1730738240177089,0.23231404958677687,0.20031125356125357,0.19626995884773663,5.0,9,5,78.85,False,0.12594458438286438,1.1450381679389388,7.5778078484438405,-1.3386601363627015,52.67,4.022893214586265,-10.421021779638462,43.55,-1.3386601363627015,4.022893214586265,True,-2.3341523341523396,7.5778078484438405,-2.8117359413202925,-0.995492197789638,3.5549146338575754,7.609285838318169,0,0.0,0,0.0,0,0.0,0,0.0,0,0.0,0,,inactive,zero,,51.76,inactive,51.76,51.76,0.0,0.0,0.0,0.0,0.0,0,0,0.0
3714,富采,光電業,2026-08-10,excluded,0,5,297,375,369,29.13,24.62,-4.51,"[1970744, 105073, -8288, -481834, 315476]","[0, 0, 0, 0, 0]",True,,split,-7.796,-7796,451.962,451962,0.0,0,4.5,9.41,0.0,0.0,1.0,3.5,5.0,Q2,unconfirmed_accumulation,2.21,2.21,5.72,5,0.034667366887654316,1,5462.222,5462222,315.476,315476,-174.646,-174646,1901.171,1901171,22.06,active,positive,22.06,57.24,reversing_negative,57.24,57.24,0.062035457126632595,0.016733464170158596,-0.004562926192031352,0.037623110108446135,0.0,7,3,22.06,False,-0.6734006734006703,7.078039927404722,17.06349206349207,-2.1243764393203746,47.07,13.508577429634496,-21.0990219086994,20.34,-2.1243764393203746,13.508577429634496,True,-3.1198686371100126,17.06349206349207,-13.48973607038123,-0.995492197789638,3.5549146338575754,7.609285838318169,0,0.0,0,0.0,0,0.0,0,0.0,0,0.0,0,,inactive,zero,,51.76,inactive,51.76,51.76,0.0,0.0,0.0,0.0,0.0,0,0,0.0
3715,定穎投控,電子零組件,2026-08-10,excluded,0,5,298,384,386,27.79,21.65,-6.14,"[113574, -592222, -432573, 289342, 1167000]","[-44000, 0, 0, 0, 0]",True,,split,172.561,172561,21.0,21000,0.0,0,4.5,4.09,4.0,4.0,6.0,3.0,5.0,Q2,unconfirmed_accumulation,1.06,1.06,5.2,5,0.0201086063089406,2,3857.496,3857496,1167.0,1167000,1023.769,1023769,545.121,545121,10.57,active,positive,10.57,52.02,accelerating,52.02,52.02,0.05898672701694293,0.23523483168715983,0.05220381418591607,0.01634790823211876,5.0,6,3,10.57,False,9.606986899563319,14.61187214611872,20.095693779904302,-11.851730024432584,16.04,16.540779146046727,-38.27226926373254,4.43,-11.851730024432584,16.540779146046727,True,-12.847222222222221,20.095693779904302,-30.66298342541437,-0.995492197789638,3.5549146338575754,7.609285838318169,1,-0.0012131614028399005,0,-208.0,-208000,0.0,0,0.0,0,-44.0,-44000,21.29,active,negative,21.29,11.86,neutral,11.86,11.86,-0.003180622668053092,0.0,0.0,-0.0013195381616434249,-1.0,0,0,-21.29
3716,中化控股,生技醫療,2026-08-10,excluded,0,5,299,93,87,57.05,54.1,-2.95,"[-78700, -60000, -113000, 406000, 176715]","[0, 0, 0, 0, 0]",True,,split,0.0,0,-34.0,-34000,0.0,0,3.5,12.5,5.0,5.0,6.0,2.5,25.0,Q1,confirmed_accumulation,5.6,5.6,7.55,5,0.11609854255380138,2,472.107,472107,176.715,176715,469.715,469715,331.015,331015,56.01,active,positive,56.01,75.49,accelerating,75.49,75.49,0.10890588235294117,0.245778859527121,0.1711789358600583,0.107507307567392,5.0,5,2,56.01,False,1.1444921316165813,9.953343701399708,9.104938271604945,2.1399843294062193,74.45,5.55002363774737,-5.736086991055922,60.89,2.1399843294062193,5.55002363774737,True,1.1444921316165813,9.104938271604945,1.8731988472622474,-0.995492197789638,3.5549146338575754,7.609285838318169,0,0.0,0,0.0,0,0.0,0,0.0,0,0.0,0,,inactive,zero,,51.76,inactive,51.76,51.76,0.0,0.0,0.0,0.0,0.0,0,0,0.0
4102,永日,生技醫療,2026-08-10,excluded,0,5,300,369,357,30.08,25.79,-4.29,"[1000, 0, 7000, -2000, -1000]","[0, 0, 0, 0, 0]",True,,split,-0.562,-562,0.0,0,0.0,0,3.5,12.5,0.0,0.0,1.0,2.0,5.0,Q2,unconfirmed_accumulation,2.79,2.79,6.08,4,0.050332033308738276,0,3.0,3000,-1.0,-1000,4.0,4000,5.0,5000,27.94,active,positive,27.94,60.76,reversing_negative,60.76,60.76,0.01327433628318584,-0.019230769230769232,0.047058823529411764,0.05,0.0,4,2,27.94,False,-0.526315789473697,-1.0471204188481797,-1.0471204188481797,-6.129814927517497,33.25,-4.602035052705755,2.274435091914383,77.84,-6.129814927517497,-4.602035052705755,True,-7.125307125307135,-1.0471204188481797,9.883720930232553,-0.995492197789638,3.5549146338575754,7.609285838318169,0,0.0,0,0.0,0,0.0,0,0.0,0,0.0,0,,inactive,zero,,51.76,inactive,51.76,51.76,0.0,0.0,0.0,0.0,0.0,0,0,0.0
4104,佳醫,生技醫療,2026-08-10,excluded,0,0,675,651,541,6.5,5.5,-1.0,"[-121000, -21950, -51000, 22056, 2001]","[0, 0, 0, 0, 0]",True,,split,0.0,0,-13.1,-13100,0.0,0,0.0,0.0,3.0,3.0,4.0,2.5,0.0,Q3,absorption_divergence,0.0,0.0,0.0,5,-0.2100743913891754,2,72.047,72047,2.001,2001,-26.943,-26943,-169.893,-169893,81.46,active,negative,81.46,7.69,reversing_positive,7.69,7.69,0.037156781846312534,0.009574162679425837,-0.058571739130434786,-0.21183665835411472,3.0,5,2,-81.46,False,1.1363636363636243,2.152080344332852,1.7142857142857126,1.7027057762903364,71.71,-1.8406289195718628,-3.667679998902096,66.62,1.7027057762903364,-1.8406289195718628,True,0.7072135785006983,1.7142857142857126,3.9416058394160736,-0.995492197789638,3.5549146338575754,7.609285838318169,0,0.0,0,0.0,0,0.0,0,0.0,0,0.0,0,,inactive,zero,,51.76,inactive,51.76,51.76,0.0,0.0,0.0,0.0,0.0,0,0,0.0
4109,加捷生醫,生技醫療,2026-08-10,excluded,0,0,676,597,512,7.0,6.0,-1.0,"[-10000, -85000, -7000, 12000, 34000]","[0, 0, 0, 0, 0]",True,,split,0.386,386,0.0,0,0.0,0,0.0,0.0,3.0,3.0,4.0,3.0,0.0,Q4,confirmed_distribution,0.0,0.0,0.0,5,-0.06454114830045286,2,14.0,14000,34.0,34000,39.0,39000,-56.0,-56000,35.64,active,negative,35.64,29.34,reversing_positive,29.34,29.34,0.00827912477823773,0.2361111111111111,0.08297872340425531,-0.06542056074766354,3.0,6,2,-35.64,False,0.4444444444444473,1.3452914798206317,0.0,-4.046524608933044,39.11,-3.5549146338575754,-7.164841393873722,56.06,-4.046524608933044,-3.5549146338575754,True,-5.042016806722682,0.0,0.4444444444444473,-0.995492197789638,3.5549146338575754,7.609285838318169,0,0.0,0,0.0,0,0.0,0,0.0,0,0.0,0,,inactive,zero,,51.76,inactive,51.76,51.76,0.0,0.0,0.0,0.0,0.0,0,0,0.0
4113,聯上,建材營建,2026-08-10,excluded,0,5,301,78,74,58.14,55.28,-2.86,"[-42000, 20000, -33000, -9000, 202000]","[0, 0, 0, 0, 0]",True,,split,0.134,134,0.0,0,0.0,0,3.5,12.5,5.0,5.0,6.0,3.5,25.0,Q1,confirmed_accumulation,5.78,5.78,7.64,5,0.11493765606496131,1,335.0,335000,202.0,202000,160.0,160000,138.0,138000,57.83,active,positive,57.83,76.4,accelerating,76.4,76.4,0.1566152407667134,0.3531468531468531,0.2077922077922078,0.11201298701298701,5.0,7,2,57.83,False,1.3513513513513375,1.3513513513513375,2.7397260273972712,1.6666331373869414,71.45,-0.8151886064603042,-3.8030574646157334,66.1,1.6666331373869414,-0.8151886064603042,True,0.6711409395973034,2.7397260273972712,3.806228373702436,-0.995492197789638,3.5549146338575754,7.609285838318169,0,0.0,0,0.0,0,0.0,0,0.0,0,0.0,0,,inactive,zero,,51.76,inactive,51.76,51.76,0.0,0.0,0.0,0.0,0.0,0,0,0.0
4116,明基醫,生技醫療,2026-08-10,excluded,0,5,302,134,121,52.98,50.4,-2.58,"[5000, 12000, 55096, -8000, -11000]","[0, 0, 0, 0, 0]",True,,split,-0.171,-171,0.0,0,0.0,0,3.5,12.5,0.0,0.0,1.0,3.0,25.0,Q1,confirmed_accumulation,6.4,6.4,7.98,5,0.13192629261588235,0,91.096,91096,-11.0,-11000,36.096,36096,53.096,53096,63.97,active,positive,63.97,79.79,reversing_negative,79.79,79.79,0.13013714285714287,-0.2894736842105263,0.15901321585903083,0.12950243902439024,0.0,6,3,63.97,False,0.3783102143757766,-0.3754693366708528,4.73684210526315,4.776456995703581,84.88,1.181927471405575,-3.692836752156281,66.49,4.776456995703581,1.181927471405575,True,3.780964797913944,4.73684210526315,3.9164490861618884,-0.995492197789638,3.5549146338575754,7.609285838318169,0,0.0,0,0.0,0,0.0,0,0.0,0,0.0,0,,inactive,zero,,51.76,inactive,51.76,51.76,0.0,0.0,0.0,0.0,0.0,0,0,0.0
4120,友華,生技醫療,2026-08-10,excluded,0,7,99,102,83,56.5,54.56,-1.94,"[-1000, 71000, 18000, 4000, 7000]","[0, 0, 0, 0, 0]",True,,split,0.396,396,0.0,0,0.0,0,3.5,12.5,1.75,1.75,2.75,4.0,25.0,Q1,confirmed_accumulation,7.81,7.81,8.75,5,0.19382048336022226,4,147.0,147000,7.0,7000,29.0,29000,99.0,99000,78.07,active,positive,78.07,87.48,decelerating,87.48,87.48,0.15960912052117263,0.15555555555555556,0.17791411042944785,0.19298245614035087,1.75,8,4,78.07,False,0.0,0.6147540983606703,3.5864978902953704,4.363913250421215,83.05,0.031583256437794915,-1.4471236761560036,70.66,4.363913250421215,0.031583256437794915,True,3.368421052631576,3.5864978902953704,6.162162162162166,-0.995492197789638,3.5549146338575754,7.609285838318169,0,0.0,0,0.0,0,0.0,0,0.0,0,0.0,0,,inactive,zero,,51.76,inactive,51.76,51.76,0.0,0.0,0.0,0.0,0.0,0,0,0.0
4123,晟德,生技醫療,2026-08-10,high_priority_watch,51,3,425,405,384,25.02,21.85,-3.17,"[280000, -588000, -482000, 457135, -41000]","[205000, 0, 0, 0, 0]",True,,split,-39.153,-39153,-32.01,-32010,0.0,0,3.5,3.96,4.0,4.0,4.0,4.0,0.0,Q3,absorption_divergence,6.39,6.39,9.56,5,-0.028710749372346543,0,1187.464,1187464,-41.0,-41000,-65.865,-65865,-373.865,-373865,17.75,active,negative,17.75,37.81,reversing_positive,37.81,37.81,0.05126997970726652,-0.014162348877374784,-0.010009878419452887,-0.028878804263865288,3.0,6,2,-17.75,False,0.7672634271099765,0.638569604086836,2.3376623376623273,4.543455404097141,83.83,-1.217252296195248,-7.736028550612229,54.11,4.543455404097141,-1.217252296195248,True,3.547963206307503,2.3376623376623273,-0.12674271229405898,-0.995492197789638,3.5549146338575754,7.609285838318169,1,0.01577418561118092,0,585.0,585000,0.0,0,0.0,0,205.0,205000,63.86,active,positive,63.86,95.57,neutral,95.57,95.57,0.025257976771296577,0.0,0.0,0.01583500695195427,1.0,2,1,63.86
4127,天良,生技醫療,2026-08-10,excluded,0,5,303,131,122,53.17,50.34,-2.83,"[52000, 73000, 95000, 49000, -58000]","[0, 0, 0, 0, 0]",True,,split,16.209,16209,-2.0,-2000,0.0,0,3.5,12.5,0.0,0.0,1.0,3.5,25.0,Q1,confirmed_accumulation,5.84,5.84,7.67,5,0.10900555929344574,0,1307.97,1307970,-58.0,-58000,86.0,86000,211.0,211000,58.36,active,positive,58.36,76.66,reversing_negative,76.66,76.66,0.46746604717655466,-0.24066390041493776,0.06724003127443315,0.11271367521367522,0.0,7,4,58.36,False,0.0,5.1825677267373305,19.865771812080535,25.02326997556742,99.09,16.31085717822296,98.38840735660683,99.74,25.02326997556742,16.31085717822296,True,24.027777777777782,19.865771812080535,105.997693194925,-0.995492197789638,3.5549146338575754,7.609285838318169,0,0.0,0,0.0,0,0.0,0,0.0,0,0.0,0,,inactive,zero,,51.76,inactive,51.76,51.76,0.0,0.0,0.0,0.0,0.0,0,0,0.0
4133,亞諾法,生技醫療,2026-08-10,excluded,0,5,304,127,116,53.91,51.28,-2.63,"[38000, 101601, -49997, 10000, -1000]","[0, 0, 0, 0, 0]",True,,split,0.0,0,-15.0,-15000,0.0,0,3.5,12.5,1.0,1.0,2.0,3.0,25.0,Q1,confirmed_accumulation,6.28,6.28,7.91,5,0.1271852957495055,0,185.754,185754,-1.0,-1000,-40.997,-40997,98.604,98604,62.79,active,positive,62.79,79.14,neutral,79.14,79.14,0.09154953178905866,-0.010638297872340425,-0.10845767195767196,0.1269034749034749,1.0,6,3,62.79,False,0.2358490566037874,-1.1627906976744207,1.1904761904761862,4.6540287831554945,84.22,-2.364438443381389,-7.373436781714382,55.54,4.6540287831554945,-2.364438443381389,True,3.658536585365857,1.1904761904761862,0.2358490566037874,-0.995492197789638,3.5549146338575754,7.609285838318169,0,0.0,0,0.0,0,0.0,0,0.0,0,0.0,0,,inactive,zero,,51.76,inactive,51.76,51.76,0.0,0.0,0.0,0.0,0.0,0,0,0.0
4137,麗豐-KY,生技醫療,2026-08-10,excluded,0,5,305,148,148,50.68,45.2,-5.48,"[-12000, -2959, 8000, 24000, 0]","[-1038, -640, 0, 0, 0]",True,,split,0.0,0,2.447,2447,0.0,0,4.5,9.68,0.75,0.75,2.75,3.0,25.0,Q1,confirmed_accumulation,2.27,2.27,5.75,4,0.039070981061374514,0,193.451,193451,0.0,0,32.0,32000,17.041,17041,22.72,active,positive,22.72,57.5,decelerating,57.5,57.5,0.13937391930835735,0.0,0.12213740458015267,0.038729545454545454,1.75,6,2,22.72,False,0.313807531380772,0.41884816753927634,0.8412197686645806,1.0998763314013282,68.84,-2.713694865192995,-17.56233748151065,26.47,1.0998763314013282,-2.713694865192995,True,0.10438413361169019,0.8412197686645806,-9.95305164319248,-0.995492197789638,3.5549146338575754,7.609285838318169,2,-0.0037999212382304856,0,-3.761,-3761,0.0,0,0.0,0,-1.678,-1678,39.11,active,negative,39.11,9.0,neutral,9.0,9.0,-0.0027096541786743515,0.0,0.0,-0.0038136363636363637,-1.0,0,0,-39.11
4138,曜亞,生技醫療,2026-08-10,excluded,0,0,677,652,542,6.5,5.5,-1.0,"[0, -3000, -3000, -1000, 2000]","[0, 0, 0, 0, 0]",True,,mixed,0.0,0,0.0,0,0.0,0,0.0,0.0,3.0,3.0,4.0,2.5,0.0,Q3,absorption_divergence,0.0,0.0,0.0,4,-0.06092967818831943,1,3.0,3000,2.0,2000,-2.0,-2000,-5.0,-5000,34.07,active,negative,34.07,29.86,reversing_positive,29.86,29.86,0.013157894736842105,0.125,-0.06060606060606061,-0.06097560975609756,3.0,5,1,-34.07,False,-0.1953125,-0.1953125,0.19607843137254832,0.800179697789638,67.01,-3.358836202485027,-7.999149386076443,53.46,0.800179697789638,-3.358836202485027,True,-0.1953125,0.19607843137254832,-0.3898635477582735,-0.995492197789638,3.5549146338575754,7.609285838318169,0,0.0,0,0.0,0,0.0,0,0.0,0,0.0,0,,inactive,zero,,51.76,inactive,51.76,51.76,0.0,0.0,0.0,0.0,0.0,0,0,0.0
4147,中裕,生技醫療,2026-08-10,excluded,0,5,306,244,255,38.16,34.33,-3.83,"[36007, 162140, -74991, -279000, 391319]","[0, 0, 0, 0, 0]",True,,split,-24.014,-24014,0.649,649,0.0,0,4.5,12.5,5.0,5.0,6.0,3.5,5.0,Q2,unconfirmed_accumulation,3.83,3.83,6.66,5,0.07589935003379863,1,725.746,725746,391.319,391319,37.328,37328,235.475,235475,38.25,active,positive,38.25,66.62,accelerating,66.62,66.62,0.08953195164075993,0.29202910447761193,0.015605351170568563,0.0690745086535641,5.0,7,3,38.25,False,7.3943661971831,3.2148900169204797,7.205623901581726,-4.136700648244574,38.85,3.6507092677241504,5.984755130024477,83.31,-4.136700648244574,3.6507092677241504,True,-5.132192846034211,7.205623901581726,13.594040968342647,-0.995492197789638,3.5549146338575754,7.609285838318169,0,0.0,0,0.0,0,0.0,0,0.0,0,0.0,0,,inactive,zero,,51.76,inactive,51.76,51.76,0.0,0.0,0.0,0.0,0.0,0,0,0.0
4148,全宇生技-KY,生技醫療,2026-08-10,excluded,0,5,307,196,186,40.1,38.11,-1.99,"[10000, 1000, -10000, 11000, 38000]","[0, 0, 0, 0, 0]",True,,split,0.0,0,-6.0,-6000,0.0,0,3.5,12.5,5.0,5.0,6.0,4.5,5.0,Q2,unconfirmed_accumulation,7.61,7.61,8.6,5,0.1845826245370203,2,84.2,84200,38.0,38000,39.0,39000,50.0,50000,76.11,active,positive,76.11,86.05,accelerating,86.05,86.05,0.18505494505494505,0.5507246376811594,0.2215909090909091,0.18518518518518517,5.0,9,4,76.11,False,1.1551155115511413,-0.9693053311793265,0.0,4.542789495086918,83.7,-3.5549146338575754,-21.271257669304088,19.95,4.542789495086918,-3.5549146338575754,True,3.5472972972972805,0.0,-13.66197183098592,-0.995492197789638,3.5549146338575754,7.609285838318169,0,0.0,0,0.0,0,0.0,0,0.0,0,0.0,0,,inactive,zero,,51.76,inactive,51.76,51.76,0.0,0.0,0.0,0.0,0.0,0,0,0.0
4155,訊映,生技醫療,2026-08-10,excluded,0,5,308,297,299,36.03,32.12,-3.91,"[-27000, 12000, -44000, 44000, 77000]","[0, 0, 0, 0, 0]",True,,split,0.0,0,-34.0,-34000,0.0,0,3.5,12.5,5.0,5.0,6.0,2.5,5.0,Q2,unconfirmed_accumulation,3.62,3.62,6.53,5,0.06801289000210888,2,78.812,78812,77.0,77000,77.0,77000,62.0,62000,36.16,active,positive,36.16,65.32,accelerating,65.32,65.32,0.04415238095238095,0.28,0.11755725190839694,0.06645230439442658,5.0,5,3,36.16,False,1.0344827586207028,1.736111111111116,1.736111111111116,-5.394284160037843,35.85,-1.8188035227464594,-2.966428695461021,68.32,-5.394284160037843,-1.8188035227464594,True,-6.389776357827481,1.736111111111116,4.642857142857149,-0.995492197789638,3.5549146338575754,7.609285838318169,0,0.0,0,0.0,0,0.0,0,0.0,0,0.0,0,,inactive,zero,,51.76,inactive,51.76,51.76,0.0,0.0,0.0,0.0,0.0,0,0,0.0
4157,太景*-KY,生技醫療,2026-08-10,excluded,0,5,309,273,263,37.2,34.01,-3.19,"[189125, -110000, -81000, 229000, 117000]","[0, 0, 0, 0, 0]",True,,split,0.753,753,0.0,0,0.0,0,3.5,12.5,5.0,5.0,6.0,3.0,5.0,Q2,unconfirmed_accumulation,5.01,5.01,7.2,5,0.0925638031721693,2,719.759,719759,117.0,117000,265.0,265000,344.125,344125,50.13,active,positive,50.13,71.97,accelerating,71.97,71.97,0.08225817142857143,0.16883116883116883,0.1185682326621924,0.09245701235894681,5.0,6,3,50.13,False,-0.7981755986317007,1.0452961672473782,5.968331303288643,-1.5800957081454126,50.72,2.4134166694310677,-13.453441682474022,35.72,-1.5800957081454126,2.4134166694310677,True,-2.5755879059350506,5.968331303288643,-5.844155844155852,-0.995492197789638,3.5549146338575754,7.609285838318169,0,0.0,0,0.0,0,0.0,0,0.0,0,0.0,0,,inactive,zero,,51.76,inactive,51.76,51.76,0.0,0.0,0.0,0.0,0.0,0,0,0.0
4162,智擎,生技醫療,2026-08-10,excluded,0,5,310,221,205,39.0,36.99,-2.01,"[30000, -79000, -7000, 178000, 213000]","[0, 0, 0, 0, 0]",True,,split,2.326,2326,-2.0,-2000,0.0,0,3.5,12.5,5.0,5.0,6.0,3.5,5.0,Q2,unconfirmed_accumulation,7.49,7.49,8.5,5,0.18158775237619823,2,714.21,714210,213.0,213000,384.0,384000,335.0,335000,74.93,active,positive,74.93,85.01,accelerating,85.01,85.01,0.15176583085422865,0.4096153846153846,0.366412213740458,0.18020441097364173,5.0,7,3,74.93,False,1.5698587127158659,1.5698587127158659,4.354838709677433,-0.9742047719073277,54.5,0.7999240758198578,8.340534950212298,85.14,-0.9742047719073277,0.7999240758198578,True,-1.9696969696969657,4.354838709677433,15.949820788530467,-0.995492197789638,3.5549146338575754,7.609285838318169,0,0.0,0,0.0,0,0.0,0,0.0,0,0.0,0,,inactive,zero,,51.76,inactive,51.76,51.76,0.0,0.0,0.0,0.0,0.0,0,0,0.0
4163,鐿鈦,生技醫療,2026-08-10,excluded,0,5,311,115,106,55.52,52.77,-2.75,"[-43013, 1153, 0, 202446, 28974]","[0, 0, 0, 0, 0]",True,,split,1.123,1123,7.0,7000,0.0,0,4.5,12.5,1.75,1.75,2.75,3.0,25.0,Q1,confirmed_accumulation,6.02,6.02,7.77,4,0.12473138056013179,2,201.659,201659,28.974,28974,231.42,231420,189.56,189560,60.18,active,positive,60.18,77.71,decelerating,77.71,77.71,0.09770300387596899,0.08597626112759645,0.1564705882352941,0.118475,1.75,6,3,60.18,False,4.166666666666674,22.44897959183674,18.577075098814234,20.043111245408685,98.31,15.02216046495666,31.92559788261207,95.44,20.043111245408685,15.02216046495666,True,19.047619047619047,18.577075098814234,39.53488372093024,-0.995492197789638,3.5549146338575754,7.609285838318169,0,0.0,0,0.0,0,0.0,0,0.0,0,0.0,0,,inactive,zero,,51.76,inactive,51.76,51.76,0.0,0.0,0.0,0.0,0.0,0,0,0.0
4164,承業醫,生技醫療,2026-08-10,excluded,0,5,312,334,330,33.55,29.1,-4.45,"[58876, -110000, -85862, 33050, 209261]","[0, 0, 0, 0, 0]",True,,split,0.0,0,-16.788,-16788,0.0,0,3.5,9.79,5.0,5.0,6.0,3.5,5.0,Q2,unconfirmed_accumulation,2.31,2.31,5.76,5,0.040744594827763714,2,453.113,453113,209.261,209261,156.449,156449,105.325,105325,23.11,active,positive,23.11,57.63,accelerating,57.63,57.63,0.07133391057934509,0.234597533632287,0.08691611111111111,0.03916883599851246,5.0,7,3,23.11,False,2.1072796934865856,2.303262955854124,3.696498054474695,-6.308855628297328,32.07,0.1415834206171196,-12.089572576669427,38.92,-6.308855628297328,0.1415834206171196,True,-7.304347826086966,3.696498054474695,-4.480286738351258,-0.995492197789638,3.5549146338575754,7.609285838318169,0,0.0,0,0.0,0,0.0,0,0.0,0,0.0,0,,inactive,zero,,51.76,inactive,51.76,51.76,0.0,0.0,0.0,0.0,0.0,0,0,0.0
4168,醣聯,生技醫療,2026-08-10,excluded,0,0,678,653,728,6.5,0.0,-6.5,"[-26000, 6000, 3000, -28000, -21000]","[0, 0, 0, 0, 0]",True,,split,0.525,525,0.0,0,0.0,0,0.0,0.0,-3.5,-3.5,4.5,2.0,0.0,Q4,confirmed_distribution,0.0,0.0,0.0,5,-0.12058916351404796,0,2.0,2000,-21.0,-21000,-46.0,-46000,-66.0,-66000,60.7,active,negative,60.7,17.21,stable,17.21,17.21,0.00130718954248366,-0.1891891891891892,-0.14285714285714285,-0.12110091743119267,-3.5,4,2,-60.7,False,-0.21739130434782483,0.4376367614879584,1.1013215859030812,-6.089528045125336,33.38,-2.4535930479544943,-6.2847825270598845,59.71,-6.089528045125336,-2.4535930479544943,True,-7.0850202429149745,1.1013215859030812,1.324503311258285,-0.995492197789638,3.5549146338575754,7.609285838318169,0,0.0,0,0.0,0,0.0,0,0.0,0,0.0,0,,inactive,zero,,51.76,inactive,51.76,51.76,0.0,0.0,0.0,0.0,0.0,0,0,0.0
4171,瑞基,農業科技,2026-08-10,excluded,0,5,313,357,343,31.25,27.62,-3.63,"[-16000, 39000, 65000, -12861, -1000]","[0, 0, 0, 0, 0]",True,,split,0.452,452,0.0,0,0.0,0,3.5,12.5,0.0,0.0,1.0,2.5,5.0,Q2,unconfirmed_accumulation,4.12,4.12,6.75,5,0.07591625716073894,0,187.14,187140,-1.0,-1000,51.139,51139,74.139,74139,41.25,active,positive,41.25,67.54,reversing_negative,67.54,67.54,0.10786167146974063,-0.021739130434782608,0.17634137931034483,0.07481231079717457,0.0,5,2,41.25,False,0.8797653958944274,2.686567164179099,-0.28985507246377384,3.9895041738375325,81.29,-3.8447697063213493,-12.05373028276262,39.24,3.9895041738375325,-3.8447697063213493,True,2.9940119760478945,-0.28985507246377384,-4.444444444444451,-0.995492197789638,3.5549146338575754,7.609285838318169,0,0.0,0,0.0,0,0.0,0,0.0,0,0.0,0,,inactive,zero,,51.76,inactive,51.76,51.76,0.0,0.0,0.0,0.0,0.0,0,0,0.0
4178,永笙-KY,生技醫療,2026-08-10,excluded,0,0,679,714,729,5.5,0.0,-5.5,"[-61134, -11270, -78000, -33000, -36950]","[0, 0, 0, 0, 0]",True,,split,0.0,0,-5.0,-5000,0.0,0,0.0,0.0,-3.5,-3.5,4.5,1.0,0.0,Q4,confirmed_distribution,0.0,0.0,0.0,5,-0.2514646134955489,0,-209.551,-209551,-36.95,-36950,-147.95,-147950,-220.354,-220354,86.42,active,negative,86.42,5.74,stable,5.74,5.74,-0.1010858658948384,-0.2199404761904762,-0.24823825503355704,-0.25183314285714287,-3.5,2,0,-86.42,False,-3.804347826086951,-1.939058171745156,-1.1173184357541888,-1.214452553591594,53.46,-4.672233069611764,-14.451391101476062,33.77,-1.214452553591594,-4.672233069611764,True,-2.209944751381232,-1.1173184357541888,-6.842105263157894,-0.995492197789638,3.5549146338575754,7.609285838318169,0,0.0,0,0.0,0,0.0,0,0.0,0,0.0,0,,inactive,zero,,51.76,inactive,51.76,51.76,0.0,0.0,0.0,0.0,0.0,0,0,0.0
4190,佐登-KY,生技醫療,2026-08-10,excluded,0,5,314,233,209,38.52,36.86,-1.66,"[9000, 0, 0, 0, 3000]","[0, 0, 0, 0, 0]",True,,mixed,0.0,0,1.0,1000,0.0,0,3.5,12.5,5.0,5.0,6.0,2.5,5.0,Q2,unconfirmed_accumulation,8.36,8.36,9.02,2,0.22650368934933293,1,40.1,40100,3.0,3000,3.0,3000,12.0,12000,83.55,active,positive,83.55,90.22,accelerating,90.22,90.22,0.2015075376884422,0.42857142857142855,0.16666666666666666,0.22641509433962265,5.0,5,2,83.55,False,-0.39215686274510775,0.39525691699604515,-1.740812379110257,-0.5548953991095895,57.89,-5.295727012967832,-4.983023212055548,62.71,-0.5548953991095895,-5.295727012967832,True,-1.5503875968992276,-1.740812379110257,2.626262626262621,-0.995492197789638,3.5549146338575754,7.609285838318169,0,0.0,0,0.0,0,0.0,0,0.0,0,0.0,0,,inactive,zero,,51.76,inactive,51.76,51.76,0.0,0.0,0.0,0.0,0.0,0,0,0.0
4195,基米-創,生技醫療,2026-08-10,excluded,0,0,680,654,730,6.5,0.0,-6.5,"[-46000, -8000, 28000, -33000, -10000]","[0, 0, 0, 0, 0]",True,,split,3.623,3623,-2.0,-2000,0.0,0,0.0,0.0,-3.5,-3.5,4.5,2.0,0.0,Q4,confirmed_distribution,0.0,0.0,0.0,5,-0.1487867726003865,0,-1.3,-1300,-10.0,-10000,-15.0,-15000,-69.0,-69000,69.71,active,negative,69.71,12.91,stable,12.91,12.91,-0.0011353711790393012,-0.08928571428571429,-0.055350553505535055,-0.14935064935064934,-3.5,4,1,-69.71,False,-2.28013029315961,-0.990099009900991,0.0,-11.540950950898399,16.69,-3.5549146338575754,-31.85171008074241,8.08,-11.540950950898399,-3.5549146338575754,True,-12.536443148688036,0.0,-24.242424242424242,-0.995492197789638,3.5549146338575754,7.609285838318169,0,0.0,0,0.0,0,0.0,0,0.0,0,0.0,0,,inactive,zero,,51.76,inactive,51.76,51.76,0.0,0.0,0.0,0.0,0.0,0,0,0.0
4198,欣大健康,生技醫療,2026-08-10,excluded,0,0,681,764,731,3.0,0.0,-3.0,"[-1000, 0, 0, 0, 0]","[0, 0, 0, 0, 0]",True,,split,0.262,262,0.0,0,0.0,0,0.0,0.0,-1.0,-1.0,2.0,1.0,0.0,Q3,absorption_divergence,0.0,0.0,0.0,1,-0.09007187780772687,0,1.0,1000,0.0,0,0.0,0,-1.0,-1000,49.54,active,negative,49.54,22.16,neutral,22.16,22.16,0.018518518518518517,0.0,0.0,-0.09090909090909091,-1.0,2,0,-49.54,False,-0.7194244604316613,3.2418952618453734,3.499999999999992,0.15716884449622492,62.58,-0.05491463385758344,1.3380825827344678,76.14,0.15716884449622492,-0.05491463385758344,True,-0.8383233532934131,3.499999999999992,8.947368421052637,-0.995492197789638,3.5549146338575754,7.609285838318169,0,0.0,0,0.0,0,0.0,0,0.0,0,0.0,0,,inactive,zero,,51.76,inactive,51.76,51.76,0.0,0.0,0.0,0.0,0.0,0,0,0.0
4303,信立,塑膠工業,2026-08-10,excluded,0,7,100,262,228,37.46,35.88,-1.58,"[225800, 41110, 148001, 28000, 66201]","[0, 0, 0, 0, 0]",True,,split,-0.58,-580,0.0,0,0.0,0,3.5,12.5,1.75,1.75,2.75,4.5,5.0,Q2,unconfirmed_accumulation,8.63,8.63,9.21,5,0.24951315977185284,9,950.046,950046,66.201,66201,242.202,242202,509.112,509112,86.29,active,positive,86.29,92.05,decelerating,92.05,92.05,0.20939960326206744,0.17989402173913044,0.19453975903614457,0.2504240039350713,1.75,9,5,86.29,False,-0.11098779134294245,2.3890784982935065,6.888361045130642,-0.32029727589457657,58.93,3.3334464112730666,-15.396171084219802,30.9,-0.32029727589457657,3.3334464112730666,True,-1.3157894736842146,6.888361045130642,-7.786885245901631,-0.995492197789638,3.5549146338575754,7.609285838318169,0,0.0,0,0.0,0,0.0,0,0.0,0,0.0,0,,inactive,zero,,51.76,inactive,51.76,51.76,0.0,0.0,0.0,0.0,0.0,0,0,0.0
4306,炎洲,塑膠工業,2026-08-10,excluded,0,5,315,356,345,31.35,27.34,-4.01,"[-11133, 160721, 269050, -40000, -190662]","[0, 0, 0, 0, 0]",True,,split,0.0,0,-70.159,-70159,0.0,0,3.5,12.5,0.0,0.0,1.0,3.0,5.0,Q2,unconfirmed_accumulation,3.34,3.34,6.35,5,0.06074939731827804,0,1042.397,1042397,-190.662,-190662,38.388,38388,187.976,187976,33.42,active,positive,33.42,63.49,reversing_negative,63.49,63.49,0.1140727730356752,-0.25730364372469633,0.020506410256410257,0.06073537964458805,0.0,6,2,33.42,False,-0.34602076124566894,1.4084507042253502,1.7667844522968101,-1.3773891581425612,52.28,-1.7881301815607653,2.7355417478887256,79.2,-1.3773891581425612,-1.7881301815607653,True,-2.3728813559321993,1.7667844522968101,10.344827586206895,-0.995492197789638,3.5549146338575754,7.609285838318169,0,0.0,0,0.0,0,0.0,0,0.0,0,0.0,0,,inactive,zero,,51.76,inactive,51.76,51.76,0.0,0.0,0.0,0.0,0.0,0,0,0.0
4414,如興,紡織纖維,2026-08-10,excluded,0,2,461,430,415,22.55,17.0,-5.55,"[-6000, -5000, -40000, -15000, 70000]","[0, 0, 0, 0, 0]",True,,split,0.0,0,-8.0,-8000,0.0,0,3.5,1.21,5.0,5.0,6.0,2.0,5.0,Q2,unconfirmed_accumulation,0.29,0.29,4.84,5,0.00441384001174311,1,224.6,224600,70.0,70000,15.0,15000,4.0,4000,2.87,active,positive,2.87,48.37,accelerating,48.37,48.37,0.11722338204592903,0.47619047619047616,0.02912621359223301,0.004842615012106538,5.0,4,1,2.87,False,-0.48076923076924016,-0.8383233532934131,-0.8383233532934131,-1.247719136330805,53.19,-4.393237987150989,-27.609285838318176,11.47,-1.247719136330805,-4.393237987150989,True,-2.243211334120443,-0.8383233532934131,-20.000000000000007,-0.995492197789638,3.5549146338575754,7.609285838318169,0,0.0,0,0.0,0,0.0,0,0.0,0,0.0,0,,inactive,zero,,51.76,inactive,51.76,51.76,0.0,0.0,0.0,0.0,0.0,0,0,0.0
4426,利勤,紡織纖維,2026-08-10,excluded,0,0,682,598,513,7.0,6.0,-1.0,"[-6000, 2000, -17000, 11000, -8000]","[0, 0, 0, 0, 0]",True,,split,0.0,0,-11.0,-11000,0.0,0,0.0,0.0,3.0,3.0,4.0,3.0,0.0,Q4,confirmed_distribution,0.0,0.0,0.0,5,-0.050675663690127756,0,110.0,110000,-8.0,-8000,-14.0,-14000,-18.0,-18000,28.2,active,negative,28.2,32.59,reversing_positive,32.59,32.59,0.09243697478991597,-0.09411764705882353,-0.0625,-0.05056179775280899,3.0,6,2,-28.2,False,0.25316455696202667,0.0,-0.7518796992481258,-1.587533632468674,50.52,-4.306794333105701,-8.361165537566295,51.5,-1.587533632468674,-4.306794333105701,True,-2.583025830258312,-0.7518796992481258,-0.7518796992481258,-0.995492197789638,3.5549146338575754,7.609285838318169,0,0.0,0,0.0,0,0.0,0,0.0,0,0.0,0,,inactive,zero,,51.76,inactive,51.76,51.76,0.0,0.0,0.0,0.0,0.0,0,0,0.0
4438,廣越,紡織纖維,2026-08-10,excluded,0,5,316,54,39,60.2,58.96,-1.24,"[3000, 0, 153000, -42000, 86000]","[0, 0, 0, 0, 0]",True,,split,0.0,0,-4.148,-4148,0.0,0,3.5,12.5,5.0,5.0,6.0,3.5,25.0,Q1,confirmed_accumulation,9.46,9.46,9.7,4,0.3521360887797419,1,250.0,250000,86.0,86000,197.0,197000,200.0,200000,94.65,active,positive,94.65,97.0,accelerating,97.0,97.0,0.31887755102040816,0.3926940639269406,0.37957610789980734,0.3502626970227671,5.0,7,3,94.65,False,1.8425460636515734,0.49586776859502635,0.3300330033003229,0.6676233453306146,65.84,-3.2248816305572525,-1.3155795446118779,71.06,0.6676233453306146,-3.2248816305572525,True,-0.3278688524590234,0.3300330033003229,6.2937062937062915,-0.995492197789638,3.5549146338575754,7.609285838318169,0,0.0,0,0.0,0,0.0,0,0.0,0,0.0,0,,inactive,zero,,51.76,inactive,51.76,51.76,0.0,0.0,0.0,0.0,0.0,0,0,0.0
4439,冠星-KY,紡織纖維,2026-08-10,excluded,0,3,426,514,732,8.0,0.0,-8.0,"[1000, 5000, -2000, 0, -6000]","[0, 0, 0, 0, 0]",True,,split,0.0,0,3.0,3000,0.0,0,1.0,0.0,-3.5,-3.5,4.5,2.5,0.0,Q3,absorption_divergence,0.0,0.0,0.0,4,-0.01646151564585496,0,9.3,9300,-6.0,-6000,-8.0,-8000,-2.0,-2000,9.79,active,negative,9.79,41.98,stable,41.98,41.98,0.036758893280632414,-0.3,-0.10666666666666667,-0.015267175572519083,-3.5,5,2,-9.79,False,0.48076923076922906,2.9556650246305383,2.9556650246305383,1.476261428558867,70.66,-0.5992496092270372,0.7932037882378387,75.23,1.476261428558867,-0.5992496092270372,True,0.48076923076922906,2.9556650246305383,8.402489626556008,-0.995492197789638,3.5549146338575754,7.609285838318169,0,0.0,0,0.0,0,0.0,0,0.0,0,0.0,0,,inactive,zero,,51.76,inactive,51.76,51.76,0.0,0.0,0.0,0.0,0.0,0,0,0.0
4440,宜新實業,紡織纖維,2026-08-10,excluded,0,0,683,715,577,5.5,3.5,-2.0,"[4000, 6000, -16000, -2000, 8000]","[0, 0, 0, 0, 0]",True,,split,0.0,0,-17.14,-17140,0.0,0,0.0,0.0,0.0,0.0,2.0,3.5,0.0,,neutral,0.0,0.0,0.0,5,0.001235064606978115,1,507.2,507200,8.0,8000,-10.0,-10000,0.0,0,0.33,active,zero,0.33,46.41,neutral,46.41,46.41,0.9886939571150097,0.041666666666666664,-0.04184100418410042,0.0,0.0,7,3,0.0,False,4.871060171919783,4.871060171919783,4.871060171919783,7.082448719528777,88.92,1.3161455380622078,-12.544350773383105,37.94,7.082448719528777,1.3161455380622078,True,6.08695652173914,4.871060171919783,-4.935064935064936,-0.995492197789638,3.5549146338575754,7.609285838318169,0,0.0,0,0.0,0,0.0,0,0.0,0,0.0,0,,inactive,zero,,51.76,inactive,51.76,51.76,0.0,0.0,0.0,0.0,0.0,0,0,0.0
4442,竣邦-KY,紡織纖維,2026-08-10,excluded,0,0,684,687,560,6.0,5.0,-1.0,"[-770000, -318000, -69000, 18000, 26000]","[0, 0, 0, 0, 0]",True,,split,0.229,229,0.0,0,0.0,0,0.0,0.0,3.0,3.0,4.0,2.0,0.0,Q4,confirmed_distribution,0.0,0.0,0.0,5,-0.3337587024004668,2,392.0,392000,26.0,26000,-25.0,-25000,-1113.0,-1113000,93.21,active,negative,93.21,3.13,reversing_positive,3.13,3.13,0.03970424389749823,0.3058823529411765,-0.04187604690117253,-0.32639296187683287,3.0,4,2,-93.21,False,1.9569471624266255,-1.883239171374762,-20.336391437308876,6.035814778434789,87.61,-23.89130607116645,-6.049831647285031,60.5,6.035814778434789,-23.89130607116645,True,5.040322580645151,-20.336391437308876,1.5594541910331383,-0.995492197789638,3.5549146338575754,7.609285838318169,0,0.0,0,0.0,0,0.0,0,0.0,0,0.0,0,,inactive,zero,,51.76,inactive,51.76,51.76,0.0,0.0,0.0,0.0,0.0,0,0,0.0
4503,金雨,電機機械,2026-08-10,excluded,0,0,685,744,613,4.5,1.5,-3.0,"[-9000, 11000, 26000, -98000, 1000]","[0, 0, 0, 0, 0]",True,,split,-1.613,-1613,-1.0,-1000,0.0,0,0.0,0.0,-1.0,-1.0,2.0,2.5,0.0,Q4,confirmed_distribution,0.0,0.0,0.0,5,-0.047514895091940214,1,-41.0,-41000,1.0,1000,-71.0,-71000,-69.0,-69000,27.81,active,negative,27.81,32.86,neutral,32.86,32.86,-0.017810599478714162,0.0033783783783783786,-0.05901911886949293,-0.04967602591792657,-1.0,5,3,-27.81,False,-9.950248756218905,-18.345864661654144,-17.602427921092577,-30.702621009757536,0.91,-21.15734255495015,-46.044659987978044,0.91,-30.702621009757536,-21.15734255495015,True,-31.698113207547173,-17.602427921092577,-38.43537414965987,-0.995492197789638,3.5549146338575754,7.609285838318169,0,0.0,0,0.0,0,0.0,0,0.0,0,0.0,0,,inactive,zero,,51.76,inactive,51.76,51.76,0.0,0.0,0.0,0.0,0.0,0,0,0.0
4506,崇友,電機機械,2026-08-10,excluded,0,5,317,361,353,31.12,26.8,-4.32,"[9890, 20256, -6870, 13414, -18004]","[0, 0, 0, 0, 0]",True,,split,-1.422,-1422,0.0,0,0.0,0,3.5,11.65,0.0,0.0,1.0,4.0,5.0,Q2,unconfirmed_accumulation,2.65,2.65,5.97,5,0.047258919843597265,0,308.845,308845,-18.004,-18004,-11.46,-11460,18.686,18686,26.5,active,positive,26.5,59.71,reversing_negative,59.71,59.71,0.3070029821073559,-0.16367272727272728,-0.07346153846153847,0.04659850374064838,0.0,8,3,26.5,False,-0.8163265306122436,-1.2195121951219523,-2.0161290322580627,0.17916566717739446,62.97,-5.571043666115639,-5.077640268697925,62.45,0.17916566717739446,-5.571043666115639,True,-0.8163265306122436,-2.0161290322580627,2.5316455696202445,-0.995492197789638,3.5549146338575754,7.609285838318169,0,0.0,0,0.0,0,0.0,0,0.0,0,0.0,0,,inactive,zero,,51.76,inactive,51.76,51.76,0.0,0.0,0.0,0.0,0.0,0,0,0.0
4510,高鋒,電機機械,2026-08-10,excluded,0,5,318,245,247,38.09,34.7,-3.39,"[101000, 179000, 16017, -121000, 241000]","[0, 0, 0, 0, 0]",True,,split,12.837,12837,0.0,0,0.0,0,3.5,12.5,5.0,5.0,6.0,4.0,5.0,Q2,unconfirmed_accumulation,4.7,4.7,7.09,5,0.08238135135080155,1,831.017,831017,241.0,241000,136.017,136017,416.017,416017,47.0,active,positive,47.0,70.93,accelerating,70.93,70.93,0.1037344900761453,0.19081551860649248,0.0347070681296249,0.08400989499192246,5.0,8,4,47.0,False,1.8703241895261735,6.797385620915031,12.225274725274726,-3.112489022867637,43.42,8.670360091417152,-18.514411247260377,25.16,-3.112489022867637,8.670360091417152,True,-4.107981220657275,12.225274725274726,-10.905125408942206,-0.995492197789638,3.5549146338575754,7.609285838318169,0,0.0,0,0.0,0,0.0,0,0.0,0,0.0,0,,inactive,zero,,51.76,inactive,51.76,51.76,0.0,0.0,0.0,0.0,0.0,0,0,0.0
4513,福裕,電機機械,2026-08-10,excluded,0,0,686,599,733,7.0,0.0,-7.0,"[54000, 27187, -63000, -49000, -32000]","[0, 0, 0, 0, 0]",True,,split,-0.314,-314,-13.0,-13000,0.0,0,0.0,0.0,-3.5,-3.5,4.5,2.5,0.0,Q4,confirmed_distribution,0.0,0.0,0.0,5,-0.018181857817885144,0,783.189,783189,-32.0,-32000,-144.0,-144000,-62.813,-62813,11.88,active,negative,11.88,40.42,stable,40.42,40.42,0.07413754259750095,-0.047407407407407405,-0.062882096069869,-0.018117392558407844,-3.5,5,2,-11.88,False,-0.5602240896358635,0.8522727272727293,2.011494252873569,-3.058561856264419,43.81,-1.5434203809840064,13.966056627435265,89.18,-3.058561856264419,-1.5434203809840064,True,-4.054054054054057,2.011494252873569,21.575342465753433,-0.995492197789638,3.5549146338575754,7.609285838318169,0,0.0,0,0.0,0,0.0,0,0.0,0,0.0,0,,inactive,zero,,51.76,inactive,51.76,51.76,0.0,0.0,0.0,0.0,0.0,0,0,0.0
4523,永彰,電機機械,2026-08-10,excluded,0,5,319,149,145,50.62,45.88,-4.74,"[-7000, -25000, 36000, -15000, 20000]","[0, 0, 0, 0, 0]",True,,split,0.095,95,0.0,0,0.0,0,3.5,7.53,5.0,5.0,6.0,3.0,25.0,Q1,confirmed_accumulation,1.85,1.85,5.59,5,0.03132342450243139,1,190.0,190000,20.0,20000,41.0,41000,9.0,9000,18.54,active,positive,18.54,55.93,accelerating,55.93,55.93,0.1926977687626775,0.36363636363636365,0.2265193370165746,0.030100334448160536,5.0,6,2,18.54,False,-0.19379844961240345,1.7786561264822032,1.7786561264822032,4.617222580083402,84.09,-1.7762585073753723,-18.8161823900423,24.64,4.617222580083402,-1.7762585073753723,True,3.621730382293764,1.7786561264822032,-11.206896551724132,-0.995492197789638,3.5549146338575754,7.609285838318169,0,0.0,0,0.0,0,0.0,0,0.0,0,0.0,0,,inactive,zero,,51.76,inactive,51.76,51.76,0.0,0.0,0.0,0.0,0.0,0,0,0.0
4529,淳紳,其他,2026-08-10,excluded,0,5,320,456,450,16.6,11.12,-5.48,"[8000, -3000, -2000, 0, -2000]","[0, 0, 0, 0, 0]",True,,mixed,0.0,0,0.0,0,0.0,0,3.5,1.7,0.0,0.0,1.0,0.5,5.0,Q2,unconfirmed_accumulation,0.42,0.42,4.9,4,0.004737880404902817,0,-2.0,-2000,-2.0,-2000,-4.0,-4000,1.0,1000,4.18,active,positive,4.18,49.02,reversing_negative,49.02,49.02,-0.00684931506849315,-0.07692307692307693,-0.08163265306122448,0.006802721088435374,0.0,1,1,4.18,False,1.6706443914080937,0.23529411764704466,3.9024390243902474,-11.169456255818611,17.86,0.3475243905326719,-23.58561719926492,16.17,-11.169456255818611,0.3475243905326719,True,-12.164948453608249,3.9024390243902474,-15.97633136094675,-0.995492197789638,3.5549146338575754,7.609285838318169,0,0.0,0,0.0,0,0.0,0,0.0,0,0.0,0,,inactive,zero,,51.76,inactive,51.76,51.76,0.0,0.0,0.0,0.0,0.0,0,0,0.0
4530,宏易,觀光餐旅,2026-08-10,excluded,0,0,687,766,734,2.5,0.0,-2.5,"[0, -1000, 0, 0, 0]","[0, 0, 0, 0, 0]",True,,split,0.0,0,0.0,0,0.0,0,0.0,0.0,-1.0,-1.0,2.0,0.5,0.0,Q4,confirmed_distribution,0.0,0.0,0.0,1,-0.06489007328447702,0,2.0,2000,0.0,0,0.0,0,-1.0,-1000,36.36,active,negative,36.36,29.07,neutral,29.07,29.07,0.04878048780487805,0.0,0.0,-0.06666666666666667,-1.0,1,0,-36.36,False,0.0,5.133470225872694,2.8112449799196915,-3.303573222771106,42.37,-0.743669653937884,-14.518376747409079,33.51,-3.303573222771106,-0.743669653937884,True,-4.299065420560744,2.8112449799196915,-6.909090909090909,-0.995492197789638,3.5549146338575754,7.609285838318169,0,0.0,0,0.0,0,0.0,0,0.0,0,0.0,0,,inactive,zero,,51.76,inactive,51.76,51.76,0.0,0.0,0.0,0.0,0.0,0,0,0.0
4533,協易機,電機機械,2026-08-10,excluded,0,5,321,395,385,26.5,21.8,-4.7,"[27000, 107039, -15000, -81000, 28072]","[0, 0, 0, 0, 0]",True,,split,-0.896,-896,0.0,0,0.0,0,3.5,7.88,0.0,0.0,1.0,3.5,5.0,Q2,unconfirmed_accumulation,1.92,1.92,5.62,5,0.03227733540548988,1,902.111,902111,28.072,28072,-67.928,-67928,66.111,66111,19.19,active,positive,19.19,56.19,reversing_negative,56.19,56.19,0.13579873551106428,0.04725925925925926,-0.04987371512481645,0.031526466380543634,0.0,7,3,19.19,False,3.658536585365857,1.7964071856287456,7.36842105263158,-11.37564182282892,17.08,3.813506418774004,-24.411895952510665,15.12,-11.37564182282892,3.813506418774004,True,-12.371134020618557,7.36842105263158,-16.802610114192497,-0.995492197789638,3.5549146338575754,7.609285838318169,0,0.0,0,0.0,0,0.0,0,0.0,0,0.0,0,,inactive,zero,,51.76,inactive,51.76,51.76,0.0,0.0,0.0,0.0,0.0,0,0,0.0
4536,拓凱,37,2026-08-10,other_watch,25,7,101,79,75,57.88,55.22,-2.66,"[88075, 12019, 138000, 98119, 23000]","[-80000, -40000, 0, 0, 0]",True,,split,-0.404,-404,-5.333,-5333,0.0,0,3.5,12.5,0.75,0.75,2.75,5.0,25.0,Q1,confirmed_accumulation,8.47,8.47,9.13,5,0.23402974067065793,5,985.967,985967,23.0,23000,259.119,259119,359.213,359213,84.73,active,positive,84.73,91.26,decelerating,91.26,91.26,0.3073463216957606,0.13372093023255813,0.35254285714285716,0.23355851755526658,1.75,9,5,84.73,False,0.8823529411764675,3.3132530120481896,3.9393939393939315,0.995492197789638,68.12,0.384479305536356,5.592034293695035,82.92,0.995492197789638,0.384479305536356,True,0.0,3.9393939393939315,13.201320132013205,-0.995492197789638,3.5549146338575754,7.609285838318169,2,-0.07724043800601793,0,-114.0,-114000,0.0,0,0.0,0,-120.0,-120000,93.56,active,negative,93.56,0.91,neutral,0.91,0.91,-0.035536159600997506,0.0,0.0,-0.07802340702210664,-1.0,1,0,-93.56
4540,全球傳動,電機機械,2026-08-10,excluded,0,0,688,550,735,7.5,0.0,-7.5,"[214221, 98000, -360823, 66016, -867517]","[0, 0, 0, 0, 0]",True,,split,0.0,0,-2.107,-2107,0.0,0,0.0,0.0,-3.5,-3.5,4.5,3.0,0.0,Q3,absorption_divergence,0.0,0.0,0.0,5,-0.027934167633440532,0,-604.311,-604311,-867.517,-867517,-1162.324,-1162324,-850.103,-850103,16.58,active,negative,16.58,38.33,stable,38.33,38.33,-0.01535772192431828,-0.09329142918593397,-0.04345136448598131,-0.026491212215643503,-3.5,6,3,-16.58,False,-0.33333333333334103,11.567164179104461,22.04081632653061,3.2177144200118524,79.53,18.485901692673036,-14.896107543744531,32.59,3.2177144200118524,18.485901692673036,True,2.2222222222222143,22.04081632653061,-7.286821705426361,-0.995492197789638,3.5549146338575754,7.609285838318169,0,0.0,0,0.0,0,0.0,0,0.0,0,0.0,0,,inactive,zero,,51.76,inactive,51.76,51.76,0.0,0.0,0.0,0.0,0.0,0,0,0.0
4541,晟田,其他,2026-08-10,other_watch,44,5,322,388,381,27.41,22.67,-4.74,"[23907, 393717, -380086, 629660, -202773]","[0, 0, 0, 0, 0]",True,,split,75.72,75720,0.0,0,0.0,0,3.5,7.55,1.75,1.75,2.75,3.0,5.0,Q2,unconfirmed_accumulation,1.87,1.87,5.61,5,0.03163280123148132,0,1389.901,1389901,-202.773,-202773,46.801,46801,464.425,464425,18.67,active,positive,18.67,56.06,decelerating,56.06,56.06,0.02981596447571649,-0.1135983193277311,0.007039861612515042,0.0302045395421436,1.75,6,3,18.67,False,-0.7587253414264028,-0.9090909090909038,8.099173553719009,-1.5380398439391096,51.11,4.544258919861433,40.52208449010767,97.0,-1.5380398439391096,4.544258919861433,True,-2.5335320417287477,8.099173553719009,48.131370328425845,-0.995492197789638,3.5549146338575754,7.609285838318169,0,0.0,0,0.0,0,0.0,0,0.0,0,0.0,0,,inactive,zero,,51.76,inactive,51.76,51.76,0.0,0.0,0.0,0.0,0.0,0,0,0.0
4543,萬在,電機機械,2026-08-10,excluded,0,5,323,362,349,31.02,27.1,-3.92,"[-13000, 41000, 52000, -57000, 22000]","[0, 0, 0, 0, 0]",True,,split,0.677,677,-6.0,-6000,0.0,0,3.5,12.5,0.0,0.0,1.0,2.5,5.0,Q2,unconfirmed_accumulation,3.6,3.6,6.52,5,0.06662769225058694,1,61.0,61000,22.0,22000,17.0,17000,45.0,45000,36.03,active,positive,36.03,65.19,reversing_negative,65.19,65.19,0.051303616484440706,0.15714285714285714,0.03854875283446712,0.0662739322533137,0.0,5,3,36.03,False,-0.31250000000000444,2.5723472668810254,2.4077046548956593,-6.9410157387183045,29.86,-1.1472099789619161,-20.924503229622516,20.47,-6.9410157387183045,-1.1472099789619161,True,-7.936507936507942,2.4077046548956593,-13.315217391304346,-0.995492197789638,3.5549146338575754,7.609285838318169,0,0.0,0,0.0,0,0.0,0,0.0,0,0.0,0,,inactive,zero,,51.76,inactive,51.76,51.76,0.0,0.0,0.0,0.0,0.0,0,0,0.0
4549,桓達,電機機械,2026-08-10,excluded,0,7,102,205,194,39.62,37.65,-1.97,"[-22000, 28000, 32000, 8000, 45000]","[0, 0, 0, 0, 0]",True,,split,-0.482,-482,0.0,0,0.0,0,3.5,12.5,5.0,5.0,6.0,4.0,5.0,Q2,unconfirmed_accumulation,7.65,7.65,8.62,5,0.1872313509984221,4,111.0,111000,45.0,45000,85.0,85000,91.0,91000,76.5,active,positive,76.5,86.18,accelerating,86.18,86.18,0.09527896995708154,0.625,0.2920962199312715,0.1868583162217659,5.0,7,4,76.5,False,0.6644518272425293,0.5530973451327359,-0.2195389681668325,-7.739447561246493,26.6,-3.774453602024408,-14.85418379750184,32.99,-7.739447561246493,-3.774453602024408,True,-8.73493975903613,-0.2195389681668325,-7.244897959183671,-0.995492197789638,3.5549146338575754,7.609285838318169,0,0.0,0,6.0,6000,0.0,0,0.0,0,0.0,0,,inactive,zero,,51.76,inactive,51.76,51.76,0.005150214592274678,0.0,0.0,0.0,0.0,1,0,0.0
4551,智伸科,汽車工業,2026-08-10,excluded,0,6,149,222,306,38.97,31.75,-7.22,"[-5491, -26530, -258000, -426758, -405233]","[2000, 0, 145000, 189000, 255000]",True,,split,0.766,766,-4.0,-4000,0.0,0,3.5,12.5,1.5,1.5,8.5,4.5,0.0,Q4,confirmed_distribution,9.75,9.75,9.97,5,-0.25965814444753876,0,-270.542,-270542,-405.233,-405233,-1089.991,-1089991,-1122.012,-1122012,87.21,active,negative,87.21,5.61,stable,5.61,5.61,-0.03137446364374347,-0.40082393669634026,-0.33455831798649477,-0.2573422018348624,-3.5,3,0,-87.21,False,3.88059701492538,5.1359516616314105,8.749999999999991,-17.696096587257095,8.47,5.195085366142416,4.287820271006582,81.36,-17.696096587257095,5.195085366142416,True,-18.691588785046733,8.749999999999991,11.897106109324751,-0.995492197789638,3.5549146338575754,7.609285838318169,4,0.13721157699544229,3,596.0,596000,255.0,255000,589.0,589000,591.0,591000,97.52,active,positive,97.52,99.74,accelerating,99.74,99.74,0.06911747651629363,0.2522255192878338,0.18078575813382444,0.13555045871559632,5.0,6,4,97.52
4552,力達-KY,電機機械,2026-08-10,excluded,0,7,103,189,176,40.59,38.6,-1.99,"[30000, -14000, 25000, 43000, 38000]","[0, 0, 0, 0, 0]",True,,split,0.0,0,5.0,5000,0.0,0,4.5,12.5,5.0,5.0,6.0,4.0,5.0,Q2,unconfirmed_accumulation,7.6,7.6,8.59,5,0.18470850235309708,3,440.0,440000,38.0,38000,106.0,106000,122.0,122000,75.98,active,positive,75.98,85.92,accelerating,85.92,85.92,0.18280016618196926,0.33043478260869563,0.3063583815028902,0.18456883509833585,5.0,8,4,75.98,False,-0.5649717514124131,-0.5649717514124131,0.0,-8.516075925603673,24.38,-3.5549146338575754,-19.388734459872047,23.34,-8.516075925603673,-3.5549146338575754,True,-9.51156812339331,0.0,-11.779448621553879,-0.995492197789638,3.5549146338575754,7.609285838318169,0,0.0,0,0.0,0,0.0,0,0.0,0,0.0,0,,inactive,zero,,51.76,inactive,51.76,51.76,0.0,0.0,0.0,0.0,0.0,0,0,0.0
4555,氣立,電機機械,2026-08-10,excluded,0,5,324,211,270,39.39,33.78,-5.61,"[78000, 19000, 118000, -301000, 88000]","[0, 0, 0, 0, 0]",True,,split,0.0,0,11.423,11423,0.0,0,4.5,0.2,0.0,0.0,1.0,4.0,25.0,Q1,confirmed_accumulation,0.08,0.08,4.69,5,-0.0013595850747771792,1,443.1,443100,88.0,88000,-95.0,-95000,2.0,2000,0.78,active,positive,0.78,46.94,reversing_negative,46.94,46.94,0.10524940617577197,0.14473684210526316,-0.04281207751239297,0.0007905138339920949,0.0,8,4,0.78,False,4.17112299465241,13.785046728971984,19.80319803198034,1.4078633318102551,69.88,16.248283398122766,12.489357811496895,88.01,1.4078633318102551,16.248283398122766,True,0.4123711340206171,19.80319803198034,20.098643649815063,-0.995492197789638,3.5549146338575754,7.609285838318169,0,0.0,0,0.0,0,0.0,0,0.0,0,0.0,0,,inactive,zero,,51.76,inactive,51.76,51.76,0.0,0.0,0.0,0.0,0.0,0,0,0.0
4561,健椿,電機機械,2026-08-10,excluded,0,0,689,745,614,4.5,1.5,-3.0,"[42000, 24000, -44000, -61000, 11000]","[0, 0, 0, 0, 0]",True,,split,0.538,538,-10.0,-10000,0.0,0,0.0,0.0,-1.0,-1.0,2.0,2.5,0.0,Q3,absorption_divergence,0.0,0.0,0.0,5,-0.013669060724275211,1,-22.0,-22000,11.0,11000,-94.0,-94000,-28.0,-28000,5.87,active,negative,5.87,43.81,neutral,43.81,43.81,-0.006107717934480844,0.008339651250947688,-0.03802588996763754,-0.010115606936416185,-1.0,5,3,-5.87,False,-2.2805017103762815,18.044077134986235,21.73295454545454,7.323035622107266,89.31,18.178039911596965,-19.167593371857905,23.73,7.323035622107266,18.178039911596965,True,6.327543424317628,21.73295454545454,-11.558307533539736,-0.995492197789638,3.5549146338575754,7.609285838318169,0,0.0,0,0.0,0,0.0,0,0.0,0,0.0,0,,inactive,zero,,51.76,inactive,51.76,51.76,0.0,0.0,0.0,0.0,0.0,0,0,0.0
4562,穎漢,電機機械,2026-08-10,excluded,0,0,690,728,600,5.0,2.0,-3.0,"[40000, 35000, 53000, -219000, 34100]","[0, 0, 0, 0, 0]",True,,split,0.0,0,-4.814,-4814,0.0,0,0.0,0.0,-1.0,-1.0,2.0,3.0,0.0,Q4,confirmed_distribution,0.0,0.0,0.0,5,-0.022900539087293337,1,64.624,64624,34.1,34100,-131.9,-131900,-56.9,-56900,13.19,active,negative,13.19,39.9,neutral,39.9,39.9,0.015858650306748465,0.05829059829059829,-0.05410172272354389,-0.02029243937232525,-1.0,6,4,-13.19,False,-0.30674846625767804,4.669887278582929,9.427609427609429,-3.6965899136473186,40.68,5.872694793751854,-16.05999006367028,28.94,-3.6965899136473186,5.872694793751854,True,-4.692082111436957,9.427609427609429,-8.450704225352112,-0.995492197789638,3.5549146338575754,7.609285838318169,0,0.0,0,0.0,0,0.0,0,0.0,0,0.0,0,,inactive,zero,,51.76,inactive,51.76,51.76,0.0,0.0,0.0,0.0,0.0,0,0,0.0
4563,百德,電機機械,2026-08-10,excluded,0,7,104,274,237,37.2,35.68,-1.52,"[21000, 30000, 39000, 5000, 2000]","[0, 0, 0, 0, 0]",True,,split,-0.184,-184,0.0,0,0.0,0,3.5,12.5,1.75,1.75,2.75,4.0,5.0,Q2,unconfirmed_accumulation,8.93,8.93,9.45,5,0.28163558418384,5,112.0,112000,2.0,2000,46.0,46000,97.0,97000,89.3,active,positive,89.3,94.52,decelerating,94.52,94.52,0.10237659963436929,0.06896551724137931,0.2358974358974359,0.28034682080924855,1.75,8,5,89.3,False,0.0,0.0,1.0204081632652962,-6.911484546396407,30.12,-2.5345064705922793,-22.630745065785984,17.6,-6.911484546396407,-2.5345064705922793,True,-7.906976744186045,1.0204081632652962,-15.021459227467815,-0.995492197789638,3.5549146338575754,7.609285838318169,0,0.0,0,0.0,0,0.0,0,0.0,0,0.0,0,,inactive,zero,,51.76,inactive,51.76,51.76,0.0,0.0,0.0,0.0,0.0,0,0,0.0
4564,元翎,電機機械,2026-08-10,excluded,0,0,691,688,561,6.0,5.0,-1.0,"[-301000, 107426, -179000, -101667, 283281]","[0, 0, 0, 0, 0]",True,,split,-0.675,-675,-18.0,-18000,0.0,0,0.0,0.0,3.0,3.0,4.0,2.0,0.0,Q4,confirmed_distribution,0.0,0.0,0.0,5,-0.03259416825090931,1,-247.447,-247447,283.281,283281,2.614,2614,-190.96,-190960,21.15,active,negative,21.15,35.72,reversing_positive,35.72,35.72,-0.019990870899983842,0.3082491838955386,0.001148506151142355,-0.03596233521657251,3.0,4,2,-21.15,False,4.984423676012462,2.4316109422492627,4.984423676012462,-18.76641256411512,7.82,1.4295090421548862,-6.103261741932631,60.1,-18.76641256411512,1.4295090421548862,True,-19.76190476190476,4.984423676012462,1.5060240963855387,-0.995492197789638,3.5549146338575754,7.609285838318169,0,0.0,0,0.0,0,0.0,0,0.0,0,0.0,0,,inactive,zero,,51.76,inactive,51.76,51.76,0.0,0.0,0.0,0.0,0.0,0,0,0.0
4569,六方科-KY,汽車工業,2026-08-10,excluded,0,5,325,84,71,57.74,55.42,-2.32,"[12000, -13000, 3000, -3000, 50000]","[0, 0, 0, 0, 0]",True,,split,0.0,0,-1.288,-1288,0.0,0,3.5,12.5,5.0,5.0,6.0,2.5,25.0,Q1,confirmed_accumulation,6.92,6.92,8.24,5,0.14995452376020965,1,59.586,59586,50.0,50000,50.0,50000,49.0,49000,69.19,active,positive,69.19,82.4,accelerating,82.4,82.4,0.0731116564417178,0.3875968992248062,0.2109704641350211,0.14759036144578314,5.0,5,3,69.19,False,3.3333333333333437,2.710843373493965,7.232704402515733,5.596719191654664,86.83,3.6777897686581573,-19.72268790017384,22.56,5.596719191654664,3.6777897686581573,True,4.601226993865026,7.232704402515733,-12.113402061855671,-0.995492197789638,3.5549146338575754,7.609285838318169,0,0.0,0,0.0,0,0.0,0,0.0,0,0.0,0,,inactive,zero,,51.76,inactive,51.76,51.76,0.0,0.0,0.0,0.0,0.0,0,0,0.0
4576,大銀微系統,電機機械,2026-08-10,excluded,0,3,427,716,590,5.5,2.5,-3.0,"[221833, 212857, -20445, -1308000, 793908]","[0, 0, 0, 0, 0]",True,,split,178.771,178771,-12.0,-12000,0.0,0,0.0,0.0,-1.0,-1.0,2.0,3.5,0.0,Q3,absorption_divergence,0.0,0.0,0.0,5,-0.0045616410668281055,1,787.202,787202,793.908,793908,-534.537,-534537,-99.847,-99847,3.13,active,negative,3.13,45.37,neutral,45.37,45.37,0.030323651771956856,0.25211432200698636,-0.03724736952128772,-0.00528710616891713,-1.0,7,3,-3.13,False,3.8990825688073327,3.8990825688073327,14.974619289340097,9.110050670343327,91.92,11.419704655482523,-13.820465962541771,34.68,9.110050670343327,11.419704655482523,True,8.11455847255369,14.974619289340097,-6.211180124223603,-0.995492197789638,3.5549146338575754,7.609285838318169,0,0.0,0,0.0,0,0.0,0,0.0,0,0.0,0,,inactive,zero,,51.76,inactive,51.76,51.76,0.0,0.0,0.0,0.0,0.0,0,0,0.0
4583,台灣精銳,電機機械,2026-08-10,excluded,0,5,326,284,290,36.75,32.61,-4.14,"[-3198, 50000, -20000, -37000, 57002]","[0, 0, 0, 0, 0]",True,,split,-2.912,-2912,-4.0,-4000,0.0,0,3.5,12.5,5.0,5.0,6.0,3.5,5.0,Q2,unconfirmed_accumulation,3.11,3.11,6.25,5,0.05765306022067036,1,953.802,953802,57.002,57002,0.002,2,46.804,46804,31.07,active,positive,31.07,62.45,accelerating,62.45,62.45,0.3010738636363636,0.23361475409836066,3.9447731755424066e-06,0.05639036144578313,5.0,7,2,31.07,False,-0.3976143141153132,-2.7184466019417486,2.6639344262294973,-16.467440256905586,9.78,-0.8909802076280782,-41.33944456847691,2.74,-16.467440256905586,-0.8909802076280782,True,-17.462932454695224,2.6639344262294973,-33.730158730158735,-0.995492197789638,3.5549146338575754,7.609285838318169,0,0.0,0,0.0,0,0.0,0,0.0,0,0.0,0,,inactive,zero,,51.76,inactive,51.76,51.76,0.0,0.0,0.0,0.0,0.0,0,0,0.0
4706,大恭,化學工業,2026-08-10,excluded,0,0,692,746,736,4.5,0.0,-4.5,"[-1000, -4000, 0, -2000, -2000]","[0, 0, 0, 0, 0]",True,,mixed,0.0,0,0.0,0,0.0,0,0.0,0.0,-3.5,-3.5,4.5,0.0,0.0,Q4,confirmed_distribution,0.0,0.0,0.0,4,-0.4505312868949233,0,-10.0,-10000,-2.0,-2000,-4.0,-4000,-9.0,-9000,97.91,active,negative,97.91,0.91,stable,0.91,0.91,-0.2631578947368421,-0.2857142857142857,-0.4,-0.45,-3.5,0,0,-97.91,False,-0.940438871473348,-0.6289308176100628,-1.710730948678063,-0.2545078022103575,59.32,-5.2656455825356385,-8.238216655928232,52.67,-0.2545078022103575,-5.2656455825356385,True,-1.2499999999999956,-1.710730948678063,-0.6289308176100628,-0.995492197789638,3.5549146338575754,7.609285838318169,0,0.0,0,0.0,0,0.0,0,0.0,0,0.0,0,,inactive,zero,,51.76,inactive,51.76,51.76,0.0,0.0,0.0,0.0,0.0,0,0,0.0
4714,永捷,化學工業,2026-08-10,excluded,0,5,327,340,335,32.81,28.78,-4.03,"[333000, 116411, -209126, -36994, 168696]","[0, 0, 0, 0, 0]",True,,split,-0.62,-620,-95.0,-95000,0.0,0,3.5,12.5,1.0,1.0,2.0,3.5,5.0,Q2,unconfirmed_accumulation,3.28,3.28,6.31,5,0.057703940152768876,1,817.674,817674,168.696,168696,-77.424,-77424,371.987,371987,32.77,active,positive,32.77,63.1,neutral,63.1,63.1,0.06843032889781572,0.04376031128404669,-0.014966943746375411,0.0586360340479193,1.0,7,3,32.77,False,1.4423076923076872,1.4423076923076872,3.431372549019618,-6.460648153087556,31.68,-0.12354208483795759,-31.16001047599932,8.47,-6.460648153087556,-0.12354208483795759,True,-7.4561403508771935,3.431372549019618,-23.550724637681153,-0.995492197789638,3.5549146338575754,7.609285838318169,0,0.0,0,0.0,0,0.0,0,0.0,0,0.0,0,,inactive,zero,,51.76,inactive,51.76,51.76,0.0,0.0,0.0,0.0,0.0,0,0,0.0
4720,德淵,化學工業,2026-08-10,excluded,0,5,328,217,210,39.18,36.8,-2.38,"[226000, 78000, -20000, -84000, 142000]","[0, 0, 0, 0, 0]",True,,split,0.117,117,-6.0,-6000,0.0,0,3.5,12.5,5.0,5.0,6.0,4.0,5.0,Q2,unconfirmed_accumulation,6.8,6.8,8.18,5,0.1415461122117257,1,942.9,942900,142.0,142000,38.0,38000,342.0,342000,68.02,active,positive,68.02,81.75,accelerating,81.75,81.75,0.14382245271507016,0.3471882640586797,0.03401969561324977,0.14149772445179976,5.0,8,3,68.02,False,2.8423772609818876,1.5306122448979442,4.73684210526315,-12.104944483433068,15.38,1.181927471405575,-35.3769809381367,5.61,-12.104944483433068,1.181927471405575,True,-13.100436681222705,4.73684210526315,-27.767695099818525,-0.995492197789638,3.5549146338575754,7.609285838318169,0,0.0,0,0.0,0,0.0,0,0.0,0,0.0,0,,inactive,zero,,51.76,inactive,51.76,51.76,0.0,0.0,0.0,0.0,0.0,0,0,0.0
4722,國精化,化學工業,2026-08-10,excluded,0,0,693,494,636,8.5,0.5,-8.0,"[-586235, -122386, -82971, 97093, -293670]","[0, 0, 0, 0, 0]",True,,split,122.293,122293,10.85,10850,0.0,0,1.0,0.0,-3.5,-3.5,4.5,3.0,0.0,Q4,confirmed_distribution,0.0,0.0,0.0,5,-0.1054937641857204,0,-492.7,-492700,-293.67,-293670,-279.548,-279548,-988.169,-988169,57.05,active,negative,57.05,19.04,stable,19.04,19.04,-0.03229760734185513,-0.16047540983606556,-0.06009200343938091,-0.11055817856343701,-3.5,4,1,-57.05,False,-7.1120689655172376,-1.1467889908256867,14.933333333333332,-11.75754423945733,16.3,11.378418699475755,-24.082154055372428,15.38,-11.75754423945733,11.378418699475755,True,-12.753036437246967,14.933333333333332,-16.47286821705426,-0.995492197789638,3.5549146338575754,7.609285838318169,0,0.0,0,2.0,2000,0.0,0,0.0,0,0.0,0,,inactive,zero,,51.76,inactive,51.76,51.76,0.00013110455588331694,0.0,0.0,0.0,0.0,2,0,0.0
4726,永昕,生技醫療,2026-08-10,excluded,0,0,694,689,562,6.0,5.0,-1.0,"[-10000, 25000, -57000, -5000, 6000]","[0, 0, 0, 0, 0]",True,,split,0.618,618,0.0,0,0.0,0,0.0,0.0,3.0,3.0,4.0,2.0,0.0,Q3,absorption_divergence,0.0,0.0,0.0,5,-0.06576163727642304,1,84.0,84000,6.0,6000,-56.0,-56000,-41.0,-41000,36.81,active,negative,36.81,28.94,reversing_positive,28.94,28.94,0.05817174515235457,0.043478260869565216,-0.17177914110429449,-0.06710310965630115,3.0,4,2,-36.81,False,0.8213552361396204,-1.8000000000000016,1.446280991735538,0.18741138970883586,63.1,-2.1086336421220375,-22.661188952505018,17.47,0.18741138970883586,-2.1086336421220375,True,-0.8080808080808022,1.446280991735538,-15.05190311418685,-0.995492197789638,3.5549146338575754,7.609285838318169,0,0.0,0,0.0,0,0.0,0,0.0,0,0.0,0,,inactive,zero,,51.76,inactive,51.76,51.76,0.0,0.0,0.0,0.0,0.0,0,0,0.0
4736,泰博,生技醫療,2026-08-10,excluded,0,5,329,92,101,57.11,53.25,-3.86,"[-13989, 26863, -33000, 44786, 16000]","[0, 0, 0, 0, 0]",True,,split,0.0,0,-25.166,-25166,0.0,0,3.5,12.5,5.0,5.0,6.0,3.5,25.0,Q1,confirmed_accumulation,3.75,3.75,6.61,5,0.06909008295334518,2,178.567,178567,16.0,16000,27.786,27786,40.66,40660,37.47,active,positive,37.47,66.1,accelerating,66.1,66.1,0.12513454800280308,0.11851851851851852,0.0755054347826087,0.06787979966611019,5.0,7,3,37.47,False,0.0,0.7722007722007707,1.5564202334630295,4.157547533758022,81.75,-1.998494400394546,-0.6420727235640689,72.1,4.157547533758022,-1.998494400394546,True,3.1620553359683834,1.5564202334630295,6.9672131147541005,-0.995492197789638,3.5549146338575754,7.609285838318169,0,0.0,0,0.0,0,0.0,0,0.0,0,0.0,0,,inactive,zero,,51.76,inactive,51.76,51.76,0.0,0.0,0.0,0.0,0.0,0,0,0.0
4737,華廣,生技醫療,2026-08-10,excluded,0,5,330,235,226,38.5,35.92,-2.58,"[2067, 13000, -25000, 19000, 27000]","[0, 0, 0, 0, 0]",True,,split,0.0,0,-6.0,-6000,0.0,0,3.5,12.5,5.0,5.0,6.0,3.5,5.0,Q2,unconfirmed_accumulation,6.42,6.42,8.0,5,0.13286149653774257,2,103.467,103467,27.0,27000,21.0,21000,36.067,36067,64.23,active,positive,64.23,80.05,accelerating,80.05,80.05,0.13385122897800777,0.5869565217391305,0.12574850299401197,0.12973741007194245,5.0,7,4,64.23,False,1.2727272727272698,2.5782688766114337,1.4571948998178597,-11.425891450009107,16.82,-2.097719734039716,-6.885958532712366,56.98,-11.425891450009107,-2.097719734039716,True,-12.421383647798745,1.4571948998178597,0.7233273056058032,-0.995492197789638,3.5549146338575754,7.609285838318169,0,0.0,0,0.0,0,0.0,0,0.0,0,0.0,0,,inactive,zero,,51.76,inactive,51.76,51.76,0.0,0.0,0.0,0.0,0.0,0,0,0.0
4739,康普,化學工業,2026-08-10,excluded,0,5,331,381,379,27.98,22.95,-5.03,"[-95618, -153001, -110344, 24988, 523030]","[0, 0, 0, 0, 0]",True,,split,117.766,117766,8.999,8999,0.0,0,4.5,4.74,5.0,5.0,6.0,2.5,5.0,Q2,unconfirmed_accumulation,1.21,1.21,5.24,5,0.019823013410570217,2,736.13,736130,523.03,523030,437.674,437674,189.055,189055,12.14,active,positive,12.14,52.41,accelerating,52.41,52.41,0.03952375838926175,0.20414910226385635,0.058154929577464785,0.018947183804369612,5.0,5,2,12.14,False,3.325415676959609,1.2805587892898762,9.84848484848484,-7.32905996237897,27.77,6.293570214627265,-21.89500012403246,18.64,-7.32905996237897,6.293570214627265,True,-8.324552160168608,9.84848484848484,-14.28571428571429,-0.995492197789638,3.5549146338575754,7.609285838318169,0,0.0,0,0.0,0,0.0,0,0.0,0,0.0,0,,inactive,zero,,51.76,inactive,51.76,51.76,0.0,0.0,0.0,0.0,0.0,0,0,0.0
4745,合富-KY,生技醫療,2026-08-10,excluded,0,5,332,249,256,37.86,34.31,-3.55,"[17000, -4000, 3000, -2000, 4000]","[0, 0, 0, 0, 0]",True,,split,-0.475,-475,0.0,0,0.0,0,3.5,12.5,5.0,5.0,6.0,4.0,5.0,Q2,unconfirmed_accumulation,4.31,4.31,6.86,5,0.07920900650632356,1,488.0,488000,4.0,4000,5.0,5000,18.0,18000,43.08,active,positive,43.08,68.58,accelerating,68.58,68.58,0.3051907442151345,0.18181818181818182,0.0625,0.07929515418502203,5.0,8,3,43.08,False,0.0,1.6666666666666607,6.0869565217391175,-10.598710700761094,19.69,2.532041887881542,-45.837133939584,1.04,-10.598710700761094,2.532041887881542,True,-11.594202898550732,6.0869565217391175,-38.22784810126583,-0.995492197789638,3.5549146338575754,7.609285838318169,0,0.0,0,0.0,0,0.0,0,0.0,0,0.0,0,,inactive,zero,,51.76,inactive,51.76,51.76,0.0,0.0,0.0,0.0,0.0,0,0,0.0
4747,強生,生技醫療,2026-08-10,excluded,0,7,105,48,40,60.6,58.95,-1.65,"[4000, 55000, 5000, 2000, 33000]","[0, 0, 0, 0, 0]",True,,split,-0.472,-472,0.0,0,0.0,0,3.5,12.5,5.0,5.0,6.0,4.5,25.0,Q1,confirmed_accumulation,8.45,8.45,9.1,5,0.2286417594962675,7,105.0,105000,33.0,33000,40.0,40000,99.0,99000,84.46,active,positive,84.46,91.0,accelerating,91.0,91.0,0.12589928057553956,0.13043478260869565,0.12084592145015106,0.23185011709601874,5.0,9,5,84.46,False,8.63453815261046,6.496062992125995,7.128712871287135,9.303800506097947,92.44,3.5737982374295596,-12.697005136563778,37.68,9.303800506097947,3.5737982374295596,True,8.308308308308309,7.128712871287135,-5.087719298245608,-0.995492197789638,3.5549146338575754,7.609285838318169,0,0.0,0,0.0,0,0.0,0,0.0,0,0.0,0,,inactive,zero,,51.76,inactive,51.76,51.76,0.0,0.0,0.0,0.0,0.0,0,0,0.0
4749,新應材,半導體業,2026-08-10,excluded,0,3,428,228,315,38.63,30.81,-7.82,"[21000, -85804, 62815, -167511, -377740]","[1000, 69794, 104500, 140000, -5266]",True,,split,19.204,19204,15.344,15344,0.0,0,4.5,12.5,-1.75,-1.75,5.25,6.5,0.0,Q4,confirmed_distribution,9.06,9.06,9.88,5,-0.11465191057062507,0,-129.967,-129967,-377.74,-377740,-482.436,-482436,-547.24,-547240,59.01,active,negative,59.01,18.25,stable,18.25,18.25,-0.011328074609953805,-0.2842287434161023,-0.16156597454789015,-0.11574450084602368,-3.5,5,2,-59.01,False,-2.8430160692212603,-1.0075566750629705,2.7450980392156765,-6.642580657674523,31.03,-0.8098165946418989,-37.43071440974675,4.95,-6.642580657674523,-0.8098165946418989,True,-7.638072855464162,2.7450980392156765,-29.821428571428577,-0.995492197789638,3.5549146338575754,7.609285838318169,5,0.066620293091387,0,378.018,378018,-5.266,-5266,239.234,239234,310.028,310028,90.59,active,positive,90.59,98.83,decelerating,98.83,98.83,0.03294848775385688,-0.0039623777276147475,0.08011855324849297,0.06557275803722504,1.75,8,4,90.59
4760,勤凱,其他電子,2026-08-10,excluded,0,3,429,449,440,19.27,13.02,-6.25,"[-10500, -212455, -34603, -117000, 57914]","[0, 20000, 0, 0, 0]",True,,split,16.923,16923,-20.0,-20000,0.0,0,3.5,2.37,0.0,0.0,2.0,2.0,0.0,Q4,confirmed_distribution,5.15,5.15,9.4,5,-0.150044841084337,1,-101.223,-101223,57.914,57914,-93.689,-93689,-316.644,-316644,69.84,active,negative,69.84,12.78,neutral,12.78,12.78,-0.021101313320825515,0.24539830508474575,-0.09131481481481482,-0.15035327635327636,-1.0,3,1,-69.84,False,3.594080338266381,-0.40650406504064707,11.363636363636353,-17.473725772260273,8.74,7.808721729778777,-31.403998124476804,8.34,-17.473725772260273,7.808721729778777,True,-18.46921797004991,11.363636363636353,-23.794712286158635,-0.995492197789638,3.5549146338575754,7.609285838318169,1,0.009603157330751672,0,20.0,20000,0.0,0,0.0,0,20.0,20000,51.49,active,positive,51.49,94.0,neutral,94.0,94.0,0.004169272461955389,0.0,0.0,0.00949667616334283,1.0,1,1,51.49
4764,雙鍵,化學工業,2026-08-10,excluded,0,2,462,376,408,29.03,18.28,-10.75,"[-235271, -83915, 259450, -134950, 500489]","[77000, 0, -500000, -528000, -587000]",True,,split,2.977,2977,-3.971,-3971,0.0,0,3.5,7.45,1.5,1.5,8.5,4.0,0.0,Q4,confirmed_distribution,1.83,1.83,5.58,5,0.027305569984719173,1,29.831,29831,500.489,500489,624.989,624989,305.803,305803,18.28,active,positive,18.28,55.8,accelerating,55.8,55.8,0.0011930491121420572,0.20148510466988728,0.09061751486153401,0.029787940775375023,5.0,4,2,18.28,False,-1.9027484143763207,-11.111111111111116,-11.787072243346008,-22.3102929261773,5.22,-15.341986877203585,-32.77057616089881,7.3,-22.3102929261773,-15.341986877203585,True,-23.30578512396694,-11.787072243346008,-25.161290322580644,-0.995492197789638,3.5549146338575754,7.609285838318169,4,-0.1463669462419481,0,-419.0,-419000,-587.0,-587000,-1615.0,-1615000,-1538.0,-1538000,98.51,active,negative,98.51,0.39,stable,0.39,0.39,-0.01675731882898736,-0.2363123993558776,-0.23415977961432508,-0.1498149230469511,-3.5,4,1,-98.51
4767,誠泰科技,化學工業,2026-08-10,excluded,0,5,333,434,419,21.6,16.54,-5.06,"[-1000, 2000, 0, 0, 0]","[0, 0, 0, 0, 0]",True,,mixed,0.0,0,0.0,0,0.0,0,3.5,4.39,1.0,1.0,2.0,1.5,5.0,Q2,unconfirmed_accumulation,1.15,1.15,5.21,2,0.018051139374668786,0,5.0,5000,0.0,0,0.0,0,1.0,1000,11.49,active,positive,11.49,52.15,neutral,52.15,52.15,0.046296296296296294,0.0,0.0,0.017543859649122806,1.0,3,1,11.49,False,-0.18867924528301883,-0.9363295880149836,1.5355086372360827,-3.171174468877036,43.02,-2.019405996621493,-8.359754881470138,51.63,-3.171174468877036,-2.019405996621493,True,-4.166666666666674,1.5355086372360827,-0.7504690431519689,-0.995492197789638,3.5549146338575754,7.609285838318169,0,0.0,0,0.0,0,0.0,0,0.0,0,0.0,0,,inactive,zero,,51.76,inactive,51.76,51.76,0.0,0.0,0.0,0.0,0.0,0,0,0.0
4768,晶呈科技,化學工業,2026-08-10,excluded,0,5,334,185,177,40.82,38.6,-2.22,"[118100, 32058, 72070, -8000, 96246]","[0, 0, 0, 0, 0]",True,,split,7.397,7397,0.4,400,0.0,0,4.5,12.5,5.0,5.0,6.0,4.5,5.0,Q2,unconfirmed_accumulation,7.1,7.1,8.32,5,0.15711955103477157,1,656.754,656754,96.246,96246,160.316,160316,310.474,310474,71.02,active,positive,71.02,83.18,accelerating,83.18,83.18,0.147287284144427,0.1365191489361702,0.12643217665615142,0.15776117886178861,5.0,9,4,71.02,False,9.589041095890405,7.744107744107742,15.315315315315313,-7.3139633896029075,27.9,11.760400681457739,-38.34521657424891,4.3,-7.3139633896029075,11.760400681457739,True,-8.309455587392545,15.315315315315313,-30.73593073593074,-0.995492197789638,3.5549146338575754,7.609285838318169,0,0.0,0,0.0,0,0.0,0,0.0,0,0.0,0,,inactive,zero,,51.76,inactive,51.76,51.76,0.0,0.0,0.0,0.0,0.0,0,0,0.0
4772,台特化,化學工業,2026-08-10,excluded,0,5,335,207,245,39.5,35.07,-4.43,"[-103000, 176606, 76114, -76000, 154950]","[0, -200, -1600, 0, 0]",True,,split,51.64,51640,0.0,0,0.0,0,3.5,12.5,4.0,4.0,6.0,5.5,5.0,Q2,unconfirmed_accumulation,4.57,4.57,7.0,5,0.08791011671869477,1,841.516,841516,154.95,154950,155.064,155064,228.67,228670,45.69,active,positive,45.69,70.01,accelerating,70.01,70.01,0.12400766283524904,0.22391618497109828,0.0967940074906367,0.08219626168224299,5.0,8,3,45.69,False,9.871244635193133,8.016877637130793,12.035010940919033,-4.364951425130881,38.2,8.480096307061459,-23.67485960880997,16.04,-4.364951425130881,8.480096307061459,True,-5.360443622920519,12.035010940919033,-16.065573770491802,-0.995492197789638,3.5549146338575754,7.609285838318169,2,-0.0006474052858948932,0,0.556,556,0.0,0,-1.6,-1600,-1.8,-1800,15.35,active,negative,15.35,12.65,neutral,12.65,12.65,8.193339227821987e-05,0.0,-0.0009987515605493133,-0.0006470165348670022,-1.0,3,0,-15.35
4903,聯光通,通信網路,2026-08-10,excluded,0,5,336,87,91,57.69,53.92,-3.77,"[219609, 412130, -100950, -190303, 573000]","[0, 0, 0, 0, 0]",True,,split,27.841,27841,0.0,0,0.0,0,3.5,12.5,5.0,5.0,6.0,4.0,25.0,Q1,confirmed_accumulation,3.92,3.92,6.69,5,0.07335432385835966,1,1741.442,1741442,573.0,573000,281.747,281747,913.486,913486,39.16,active,positive,39.16,66.88,accelerating,66.88,66.88,0.06874474972366967,0.22470588235294117,0.0518584575740843,0.07049590986263313,5.0,8,3,39.16,False,9.138381201044377,2.829028290282909,9.855453350854138,8.174979377276815,91.26,6.300538716996562,-23.841750768177892,15.78,8.174979377276815,6.300538716996562,True,7.179487179487176,9.855453350854138,-16.232464929859724,-0.995492197789638,3.5549146338575754,7.609285838318169,0,0.0,0,0.0,0,0.0,0,0.0,0,0.0,0,,inactive,zero,,51.76,inactive,51.76,51.76,0.0,0.0,0.0,0.0,0.0,0,0,0.0
4904,遠傳,通信網路,2026-08-10,excluded,0,15,10,27,32,64.78,60.16,-4.62,"[-254119, 1683573, -92244, 944453, 481397]","[-1020000, 229955, 919000, 763000, 64951]",True,,split,-506.828,-506828,265.518,265518,0.0,0,10.0,19.41,6.75,6.75,6.75,7.0,5.0,Q2,unconfirmed_accumulation,12.0,12.0,16.62,5,0.07997241014866818,2,30662.815,30662815,481.397,481397,1333.606,1333606,2763.06,2763060,43.73,active,positive,43.73,68.97,accelerating,68.97,68.97,0.28160475175872013,0.1325797301019003,0.09030988013814586,0.07982492633038654,5.0,8,3,43.73,True,-1.4563106796116498,0.4950495049504955,-1.9323671497584516,6.614638919954052,88.53,-5.487281783616027,-4.143434666044965,65.45,6.614638919954052,-5.487281783616027,True,5.619146722164414,-1.9323671497584516,3.4658511722732044,-0.995492197789638,3.5549146338575754,7.609285838318169,5,0.028200222756908346,4,43.541,43541,64.951,64951,1746.951,1746951,956.906,956906,76.24,active,positive,76.24,97.26,decelerating,97.26,97.26,0.00039987693551053397,0.01788790966675847,0.1183010090065687,0.027645056913387648,1.75,6,4,76.24
4905,台聯電,生技醫療,2026-08-10,excluded,0,0,695,690,737,6.0,0.0,-6.0,"[1000, 0, 0, -4000, -1000]","[0, 0, 0, 0, 0]",True,,mixed,0.0,0,0.0,0,0.0,0,0.0,0.0,-3.5,-3.5,4.5,1.5,0.0,Q3,absorption_divergence,0.0,0.0,0.0,3,-0.058523122392211406,0,2.0,2000,-1.0,-1000,-5.0,-5000,-4.0,-4000,32.38,active,negative,32.38,30.57,stable,30.57,30.57,0.015384615384615385,-0.07692307692307693,-0.09090909090909091,-0.057971014492753624,-3.5,3,1,-32.38,False,2.402402402402415,2.865761689291113,5.4095826893354015,2.483587435884871,76.4,1.854668055477826,-23.098753000647786,16.95,2.483587435884871,1.854668055477826,True,1.4880952380952328,5.4095826893354015,-15.489467162329618,-0.995492197789638,3.5549146338575754,7.609285838318169,0,0.0,0,0.0,0,0.0,0,0.0,0,0.0,0,,inactive,zero,,51.76,inactive,51.76,51.76,0.0,0.0,0.0,0.0,0.0,0,0,0.0
4907,富宇,建材營建,2026-08-10,excluded,0,5,337,140,138,52.1,47.89,-4.21,"[-17000, 97000, 35000, 78000, -109000]","[0, 0, 0, 0, 0]",True,,split,0.3,300,0.0,0,0.0,0,3.5,12.5,0.0,0.0,1.0,4.0,25.0,Q1,confirmed_accumulation,2.89,2.89,6.1,5,0.05398913496244056,0,318.0,318000,-109.0,-109000,4.0,4000,84.0,84000,28.85,active,positive,28.85,61.02,reversing_negative,61.02,61.02,0.1140193617784152,-0.24384787472035793,0.0030627871362940277,0.05185185185185185,0.0,8,3,28.85,False,-5.042016806722682,-0.4405286343612258,2.031602708803626,11.644207008071149,95.18,-1.5233119250539495,8.139753854383503,85.01,11.644207008071149,-1.5233119250539495,True,10.648714810281511,2.031602708803626,15.749039692701672,-0.995492197789638,3.5549146338575754,7.609285838318169,0,0.0,0,0.0,0,0.0,0,0.0,0,0.0,0,,inactive,zero,,51.76,inactive,51.76,51.76,0.0,0.0,0.0,0.0,0.0,0,0,0.0
4908,前鼎,通信網路,2026-08-10,excluded,0,3,430,515,477,8.0,7.0,-1.0,"[-313729, 15000, -501169, 651000, 126000]","[0, 0, 0, 0, 0]",True,,split,112.58,112580,-6.0,-6000,0.0,0,0.0,0.0,3.0,3.0,4.0,4.0,0.0,Q4,confirmed_distribution,0.0,0.0,0.0,5,-0.0048731718182457185,2,881.532,881532,126.0,126000,275.831,275831,-22.898,-22898,1.17,active,negative,1.17,45.89,reversing_positive,45.89,45.89,0.04249166104309265,0.06357214934409687,0.025699338488772944,-0.0016261629145657268,3.0,8,3,-1.17,False,8.013937282229966,-6.344410876132933,9.92907801418439,-1.520231072650613,51.24,6.374163380326814,-43.025952504984836,2.09,-1.520231072650613,6.374163380326814,True,-2.515723270440251,9.92907801418439,-35.416666666666664,-0.995492197789638,3.5549146338575754,7.609285838318169,0,0.0,0,0.0,0,0.0,0,0.0,0,0.0,0,,inactive,zero,,51.76,inactive,51.76,51.76,0.0,0.0,0.0,0.0,0.0,0,0,0.0
4909,新復興,通信網路,2026-08-10,excluded,0,5,338,289,254,36.39,34.43,-1.96,"[45000, 98000, 88000, 18000, -8000]","[0, 0, 0, 0, 0]",True,,split,7.228,7228,0.0,0,0.0,0,3.5,12.5,1.75,1.75,2.75,4.0,5.0,Q2,unconfirmed_accumulation,7.68,7.68,8.64,5,0.18889459309608395,0,1089.443,1089443,-8.0,-8000,98.0,98000,241.0,241000,76.76,active,positive,76.76,86.44,decelerating,86.44,86.44,0.2712756474103586,-0.0365296803652968,0.13687150837988826,0.18901960784313726,1.75,8,4,76.76,False,1.1780104712041828,0.9138381201044377,6.473829201101933,-7.8488474248518685,26.34,2.9189145672443573,-32.85106533541682,7.17,-7.8488474248518685,2.9189145672443573,True,-8.844339622641506,6.473829201101933,-25.241779497098648,-0.995492197789638,3.5549146338575754,7.609285838318169,0,0.0,0,0.0,0,0.0,0,0.0,0,0.0,0,,inactive,zero,,51.76,inactive,51.76,51.76,0.0,0.0,0.0,0.0,0.0,0,0,0.0
4915,致伸,電子零組件,2026-08-10,excluded,0,3,431,437,523,21.21,5.82,-15.39,"[-952825, 125000, -65833, -2555600, -261000]","[-6000, 0, 0, 8000, 0]",True,,split,4.332,4332,-46.451,-46451,0.0,0,3.5,0.02,-1.75,-1.75,5.25,3.5,0.0,Q4,confirmed_distribution,0.55,0.55,8.94,5,-0.15079936290658646,0,-4663.335,-4663335,-261.0,-261000,-2882.433,-2882433,-3710.258,-3710258,70.63,active,negative,70.63,12.39,stable,12.39,12.39,-0.10734623175728558,-0.11826008155867694,-0.15471166335677097,-0.15277353207609323,-3.5,3,1,-70.63,False,2.0168067226890907,-4.709576138147565,-6.037151702786369,-9.60833696274056,21.51,-9.592066336643946,-21.265046862500235,20.08,-9.60833696274056,-9.592066336643946,True,-10.603829160530198,-6.037151702786369,-13.655761024182066,-0.995492197789638,3.5549146338575754,7.609285838318169,2,6.337768271722147e-05,0,1972.0,1972000,0.0,0,8.0,8000,2.0,2000,5.45,active,positive,5.45,89.44,decelerating,89.44,89.44,0.04539385847797063,0.0,0.0004293918737587891,8.23519723297373e-05,1.75,4,1,5.45
4919,新唐,半導體業,2026-08-10,excluded,0,7,106,261,294,37.47,32.5,-4.97,"[-193521, -289750, 1610665, 219614, 1040137]","[-161000, -150000, -151000, -44000, 0]",True,,split,71.176,71176,-167.099,-167099,0.0,0,3.5,12.5,4.0,4.0,6.0,4.0,5.0,Q2,unconfirmed_accumulation,3.5,3.5,6.47,5,0.06197977391372447,3,7473.541,7473541,1040.137,1040137,2870.416,2870416,2387.145,2387145,34.99,active,positive,34.99,64.67,accelerating,64.67,64.67,0.09756708312118957,0.21999513536379017,0.13732076735396834,0.06300364221805801,5.0,6,3,34.99,False,6.25,-1.9230769230769273,2.4096385542168752,-21.022856426063576,6.0,-1.1452760796407002,-27.92178583831817,11.08,-21.022856426063576,-1.1452760796407002,True,-22.018348623853214,2.4096385542168752,-20.3125,-0.995492197789638,3.5549146338575754,7.609285838318169,4,-0.013435145889257132,0,-443.089,-443089,0.0,0,-195.0,-195000,-506.0,-506000,58.91,active,negative,58.91,6.13,neutral,6.13,6.13,-0.005784527213148997,0.0,-0.00932880447782615,-0.013354799546042387,-1.0,2,0,-58.91
4923,力士,半導體業,2026-08-10,excluded,0,0,696,600,514,7.0,6.0,-1.0,"[-29023, 63008, -162000, 4000, 36000]","[0, 0, 0, 0, 0]",True,,split,2.168,2168,0.0,0,0.0,0,0.0,0.0,3.0,3.0,4.0,3.0,0.0,Q4,confirmed_distribution,0.0,0.0,0.0,5,-0.053271216824601536,2,-53.09,-53090,36.0,36000,-122.0,-122000,-88.015,-88015,33.29,active,negative,33.29,30.12,reversing_positive,30.12,30.12,-0.017773685972547706,0.1518987341772152,-0.13260869565217392,-0.060491408934707905,3.0,6,3,-33.29,False,9.922822491730976,7.667386609071292,18.408551068883618,-17.014376223262985,9.0,14.853636435026043,21.53579188188908,92.96,-17.014376223262985,14.853636435026043,True,-18.009868421052623,18.408551068883618,29.145077720207247,-0.995492197789638,3.5549146338575754,7.609285838318169,0,0.0,0,0.0,0,0.0,0,0.0,0,0.0,0,,inactive,zero,,51.76,inactive,51.76,51.76,0.0,0.0,0.0,0.0,0.0,0,0,0.0
4924,欣厚-KY,綠能環保,2026-08-10,excluded,0,0,697,691,563,6.0,5.0,-1.0,"[-15000, 0, -11000, 0, 4000]","[0, 0, 0, 0, 0]",True,,split,0.36,360,-2.0,-2000,0.0,0,0.0,0.0,3.0,3.0,4.0,2.0,0.0,Q4,confirmed_distribution,0.0,0.0,0.0,3,-0.08091119011838874,1,-13.0,-13000,4.0,4000,-7.0,-7000,-22.0,-22000,45.04,active,negative,45.04,24.38,reversing_positive,24.38,24.38,-0.026422764227642278,0.16666666666666666,-0.0673076923076923,-0.08118081180811808,3.0,4,1,-45.04,False,-0.990099009900991,-0.990099009900991,0.0,-11.285209556596332,17.6,-3.5549146338575754,-11.91550593401194,39.9,-11.285209556596332,-3.5549146338575754,True,-12.28070175438597,0.0,-4.306220095693769,-0.995492197789638,3.5549146338575754,7.609285838318169,0,0.0,0,0.0,0,0.0,0,0.0,0,0.0,0,,inactive,zero,,51.76,inactive,51.76,51.76,0.0,0.0,0.0,0.0,0.0,0,0,0.0
4927,泰鼎-KY,電子零組件,2026-08-10,excluded,0,0,698,729,601,5.0,2.0,-3.0,"[1095000, 67100, -733800, -2537800, 548000]","[0, 0, 0, 0, 0]",True,,split,0.0,0,-12.341,-12341,0.0,0,0.0,0.0,-1.0,-1.0,2.0,3.0,0.0,Q4,confirmed_distribution,0.0,0.0,0.0,5,-0.07596189403962625,1,1386.783,1386783,548.0,548000,-2723.6,-2723600,-1561.5,-1561500,39.03,active,negative,39.03,27.77,neutral,27.77,27.77,0.030737482545382007,0.15121412803532008,-0.17155454774502393,-0.07042984078300482,-1.0,6,3,-39.03,False,2.4242424242424176,5.956112852664575,11.735537190082646,-15.855676313895483,10.04,8.180622556225071,-40.545793774826116,3.26,-15.855676313895483,8.180622556225071,True,-16.85116851168512,11.735537190082646,-32.936507936507944,-0.995492197789638,3.5549146338575754,7.609285838318169,0,0.0,0,0.0,0,0.0,0,0.0,0,0.0,0,,inactive,zero,,51.76,inactive,51.76,51.76,0.0,0.0,0.0,0.0,0.0,0,0,0.0
4930,燦星網,電器電纜,2026-08-10,excluded,0,2,463,291,296,36.38,32.37,-4.01,"[-3000, 1000, 3000, -1000, 7000]","[0, 0, 0, 0, 0]",True,,split,0.0,0,-8.0,-8000,0.0,0,3.5,12.5,5.0,5.0,6.0,3.0,5.0,Q2,unconfirmed_accumulation,3.37,3.37,6.38,5,0.06160908431988403,1,124.4,124400,7.0,7000,9.0,9000,7.0,7000,33.68,active,positive,33.68,63.75,accelerating,63.75,63.75,0.0986518636003172,0.1794871794871795,0.11842105263157894,0.06086956521739131,5.0,6,3,33.68,False,1.5576323987538832,0.3076923076923199,1.2422360248447228,-2.268602757699978,46.28,-2.3126786090128526,-12.565554059892502,37.81,-2.268602757699978,-2.3126786090128526,True,-3.264094955489616,1.2422360248447228,-4.956268221574334,-0.995492197789638,3.5549146338575754,7.609285838318169,0,0.0,0,0.0,0,0.0,0,0.0,0,0.0,0,,inactive,zero,,51.76,inactive,51.76,51.76,0.0,0.0,0.0,0.0,0.0,0,0,0.0
4931,新盛力,電腦週邊,2026-08-10,excluded,0,5,339,160,159,46.73,41.48,-5.25,"[-1020525, -1900, -614000, 1800470, 319000]","[0, 0, 0, 0, 0]",True,,split,265.242,265242,2.0,2000,0.0,0,4.5,3.57,5.0,5.0,6.0,2.5,25.0,Q1,confirmed_accumulation,0.91,0.91,5.16,5,0.018176170636042443,2,2493.021,2493021,319.0,319000,1505.47,1505470,483.045,483045,9.14,active,positive,9.14,51.63,accelerating,51.63,51.63,0.04837248244014126,0.11566352429296592,0.06081724165791387,0.014286622696755494,5.0,5,2,9.14,False,9.930715935334877,19.59798994974875,24.607329842931946,1.417433126059675,70.14,21.052415209074372,12.289958494175536,87.74,1.417433126059675,21.052415209074372,True,0.42194092827003704,24.607329842931946,19.899244332493705,-0.995492197789638,3.5549146338575754,7.609285838318169,0,0.0,0,0.0,0,0.0,0,0.0,0,0.0,0,,inactive,zero,,51.76,inactive,51.76,51.76,0.0,0.0,0.0,0.0,0.0,0,0,0.0
4935,茂林-KY,光電業,2026-08-10,excluded,0,5,340,281,279,36.93,33.48,-3.45,"[-25000, 39000, 8000, -1000, 18000]","[0, 0, 0, 0, 0]",True,,split,0.0,0,-24.0,-24000,0.0,0,3.5,12.5,5.0,5.0,6.0,3.0,5.0,Q2,unconfirmed_accumulation,4.48,4.48,6.93,5,0.08105308666438492,1,98.0,98000,18.0,18000,25.0,25000,39.0,39000,44.84,active,positive,44.84,69.3,accelerating,69.3,69.3,0.09107806691449814,0.4,0.12755102040816327,0.08108108108108109,5.0,6,3,44.84,False,0.287356321839094,1.1594202898550732,-0.5698005698005826,-2.8612571135051224,44.07,-4.124715203658158,-10.799299707943689,43.16,-2.8612571135051224,-4.124715203658158,True,-3.8567493112947604,-0.5698005698005826,-3.1900138696255187,-0.995492197789638,3.5549146338575754,7.609285838318169,0,0.0,0,0.0,0,0.0,0,0.0,0,0.0,0,,inactive,zero,,51.76,inactive,51.76,51.76,0.0,0.0,0.0,0.0,0.0,0,0,0.0
4938,和碩,電腦週邊,2026-08-10,buy_candidates,61,15,11,4,4,86.09,83.11,-2.98,"[5585066, 5508499, -317545, 178341, 1847799]","[61000, 44604, 235000, 714308, 96000]",True,,split,-394.477,-394477,-163.455,-163455,0.0,0,9.0,18.37,6.75,6.75,6.75,8.0,25.0,Q1,confirmed_accumulation,15.99,15.99,18.97,5,0.2622107179510635,2,14546.326,14546326,1847.799,1847799,1708.595,1708595,12802.16,12802160,87.6,active,positive,87.6,92.96,accelerating,92.96,92.96,0.1376828047060605,0.2824516967288291,0.08834057184220051,0.2611779586674011,5.0,6,4,87.6,True,2.7554535017221715,0.0,3.34872979214782,9.349003093673424,92.7,-0.2061848417097556,8.624480395448078,85.53,9.349003093673424,-0.2061848417097556,True,8.353510895883787,3.34872979214782,16.233766233766247,-0.995492197789638,3.5549146338575754,7.609285838318169,5,0.023207812967905556,10,2013.578,2013578,96.0,96000,1045.308,1045308,1150.912,1150912,72.28,active,positive,72.28,96.74,decelerating,96.74,96.74,0.01905876896574571,0.01467441149495567,0.054046223049480376,0.02347985392822898,1.75,10,5,72.28
4939,亞電,電子零組件,2026-08-10,other_watch,48,0,699,601,738,7.0,0.0,-7.0,"[-312884, 648714, -97944, -953833, -591283]","[0, 0, 0, 0, 0]",True,,split,163.599,163599,-3.76,-3760,0.0,0,0.0,0.0,-3.5,-3.5,4.5,2.5,0.0,Q3,absorption_divergence,0.0,0.0,0.0,5,-0.017005279501960617,0,-1258.161,-1258161,-591.283,-591283,-1643.06,-1643060,-1307.23,-1307230,10.97,active,negative,10.97,41.07,stable,41.07,41.07,-0.010476904629066775,-0.05646323529411765,-0.0328612,-0.016773767210296022,-3.5,5,1,-10.97,False,0.8223684210526327,3.1986531986532007,9.856630824372758,8.163324365621804,91.0,6.301716190515182,54.56002633099399,98.7,8.163324365621804,6.301716190515182,True,7.167832167832167,9.856630824372758,62.169312169312164,-0.995492197789638,3.5549146338575754,7.609285838318169,0,0.0,0,0.0,0,0.0,0,0.0,0,0.0,0,,inactive,zero,,51.76,inactive,51.76,51.76,0.0,0.0,0.0,0.0,0.0,0,0,0.0
4946,辣椒,文化創意,2026-08-10,excluded,0,0,700,551,739,7.5,0.0,-7.5,"[7000, -5000, 1000, -27000, -3000]","[0, 0, 0, 0, 0]",True,,split,-0.019,-19,0.0,0,0.0,0,0.0,0.0,-3.5,-3.5,4.5,3.0,0.0,Q4,confirmed_distribution,0.0,0.0,0.0,5,-0.14596700274977084,0,13.0,13000,-3.0,-3000,-29.0,-29000,-27.0,-27000,67.1,active,negative,67.1,14.08,stable,14.08,14.08,0.03672316384180791,-0.14285714285714285,-0.1870967741935484,-0.1377551020408163,-3.5,6,2,-67.1,False,0.5973715651135025,17.10709318497914,20.11412268188304,-14.12547554414585,12.13,16.559208048025464,-26.647747376779705,12.13,-14.12547554414585,16.559208048025464,True,-15.120967741935488,20.11412268188304,-19.038461538461537,-0.995492197789638,3.5549146338575754,7.609285838318169,0,0.0,0,0.0,0,0.0,0,0.0,0,0.0,0,,inactive,zero,,51.76,inactive,51.76,51.76,0.0,0.0,0.0,0.0,0.0,0,0,0.0
4949,有成精密,光電業,2026-08-10,excluded,0,0,701,516,478,8.0,7.0,-1.0,"[41000, -83770, -39150, -33000, 79000]","[0, 0, 0, 0, 0]",True,,split,0.0,0,1.705,1705,0.0,0,1.0,0.0,3.0,3.0,4.0,3.0,0.0,Q4,confirmed_distribution,0.0,0.0,0.0,5,-0.014762805497104549,1,544.501,544501,79.0,79000,6.85,6850,-35.92,-35920,11.23,active,negative,11.23,40.81,reversing_positive,40.81,40.81,0.09916244764159533,0.12559618441971382,0.005935875216637782,-0.017302504816955683,3.0,6,2,-11.23,False,8.532934131736525,9.351432880844657,18.65793780687397,-9.165598260698594,22.82,15.103023173016396,-21.60691335907736,19.17,-9.165598260698594,15.103023173016396,True,-10.161090458488232,18.65793780687397,-13.997627520759192,-0.995492197789638,3.5549146338575754,7.609285838318169,0,0.0,0,0.0,0,0.0,0,0.0,0,0.0,0,,inactive,zero,,51.76,inactive,51.76,51.76,0.0,0.0,0.0,0.0,0.0,0,0,0.0
4953,緯致,資訊服務,2026-08-10,excluded,0,5,341,157,153,47.21,43.26,-3.95,"[161386, 147587, -148659, -141000, 34213]","[0, -33593, 0, 870, 0]",True,,split,33.774,33774,16.0,16000,0.0,0,4.5,5.36,3.0,3.0,3.0,4.0,25.0,Q1,confirmed_accumulation,1.4,1.4,5.35,5,0.02404918278532246,1,170.352,170352,34.213,34213,-255.446,-255446,53.527,53527,13.97,active,positive,13.97,53.46,reversing_negative,53.46,53.46,0.04245003737851981,0.12396014492753624,-0.24776527643064986,0.02144511217948718,0.0,7,3,13.97,False,1.195219123505975,-2.3076923076923106,2.008032128514059,3.003524326303697,78.75,-1.5468825053435165,0.47582054466055457,74.58,3.003524326303697,-1.5468825053435165,True,2.008032128514059,2.008032128514059,8.085106382978724,-0.995492197789638,3.5549146338575754,7.609285838318169,2,-0.013297496748161716,0,-34.315,-34315,0.0,0,0.87,870,-32.723,-32723,57.43,active,negative,57.43,6.39,reversing_positive,6.39,6.39,-0.008550959382008472,0.0,0.0008438409311348206,-0.013110176282051283,3.0,1,1,-57.43
4956,光鋐,光電業,2026-08-10,excluded,0,0,702,602,515,7.0,6.0,-1.0,"[-103180, -261112, -474559, -321648, 329000]","[0, 0, 0, 0, 0]",True,,split,-0.355,-355,-4.0,-4000,0.0,0,0.0,0.0,3.0,3.0,4.0,3.0,0.0,Q4,confirmed_distribution,0.0,0.0,0.0,5,-0.07341781619251175,1,776.493,776493,329.0,329000,-467.207,-467207,-831.499,-831499,40.21,active,negative,40.21,27.12,reversing_positive,27.12,27.12,0.041226068489514205,0.18379888268156425,-0.0673888648492716,-0.07340210098870056,3.0,6,1,-40.21,False,0.9646302250803762,-0.6329113924050778,13.153153153153152,-9.161875470307656,22.95,9.598238519295577,-34.415812644844976,6.26,-9.161875470307656,9.598238519295577,True,-10.157367668097294,13.153153153153152,-26.806526806526808,-0.995492197789638,3.5549146338575754,7.609285838318169,0,0.0,0,0.0,0,0.0,0,0.0,0,0.0,0,,inactive,zero,,51.76,inactive,51.76,51.76,0.0,0.0,0.0,0.0,0.0,0,0,0.0
4958,臻鼎-KY,電子零組件,2026-08-10,excluded,0,3,432,424,449,23.27,11.43,-11.84,"[1194716, -2568586, -2413602, -5465780, -5965976]","[27000, 230315, 2715000, 119000, -2070872]",True,,split,167.181,167181,81.784,81784,0.0,0,4.5,1.43,-3.5,-3.5,3.5,4.5,0.0,Q4,confirmed_distribution,4.5,4.5,9.34,5,-0.08669089417754008,0,-18466.447,-18466447,-5965.976,-5965976,-13845.358,-13845358,-15219.228,-15219228,47.65,active,negative,47.65,23.6,stable,23.6,23.6,-0.04840928263405555,-0.17446924989033485,-0.1172768916709725,-0.08543312638232421,-3.5,3,1,-47.65,False,-0.5285412262156397,-3.5860655737704916,11.625148279952558,-26.171690464749066,2.22,8.070233646094984,0.17994669318239787,73.92,-26.171690464749066,8.070233646094984,True,-27.167182662538703,11.625148279952558,7.789232531500567,-0.995492197789638,3.5549146338575754,7.609285838318169,5,0.006133225742460897,0,1800.087,1800087,-2070.872,-2070872,763.128,763128,1020.443,1020443,45.05,active,positive,45.05,93.35,reversing_negative,93.35,93.35,0.004718878534072588,-0.06056066676414681,0.006464063969099672,0.005728256110294035,0.0,6,4,45.05
4960,誠美材,光電業,2026-08-10,excluded,0,5,342,360,354,31.14,26.33,-4.81,"[306381, -528200, 158000, -52983, 387000]","[0, 0, 0, 0, 0]",True,,split,0.003,3,-19.625,-19625,0.0,0,3.5,7.09,5.0,5.0,6.0,4.0,5.0,Q2,unconfirmed_accumulation,1.74,1.74,5.55,5,0.027629182624279533,1,2823.147,2823147,387.0,387000,492.017,492017,270.198,270198,17.36,active,positive,17.36,55.54,accelerating,55.54,55.54,0.11949322779988149,0.21101417666303163,0.10617544238239102,0.028367244094488188,5.0,8,3,17.36,False,2.2004889975550057,-0.4761904761904856,8.854166666666675,-9.497013155529434,21.77,5.2992520328090995,-45.499330414841204,1.17,-9.497013155529434,5.2992520328090995,True,-10.492505353319071,8.854166666666675,-37.89004457652303,-0.995492197789638,3.5549146338575754,7.609285838318169,0,0.0,0,0.0,0,0.0,0,0.0,0,0.0,0,,inactive,zero,,51.76,inactive,51.76,51.76,0.0,0.0,0.0,0.0,0.0,0,0,0.0
4967,十銓,半導體業,2026-08-10,excluded,0,5,343,58,118,59.82,50.88,-8.94,"[423506, 1336290, 2101551, 1198506, -453868]","[1010, -300, 0, 0, -20000]",True,,split,189.17,189170,23.0,23000,0.0,0,4.5,12.5,-1.75,-1.75,5.25,5.0,25.0,Q1,confirmed_accumulation,5.63,5.63,7.57,5,0.10943401094600408,0,5361.739,5361739,-453.868,-453868,2846.189,2846189,4605.985,4605985,56.27,active,positive,56.27,75.75,decelerating,75.75,75.75,0.08244770266945503,-0.08600871707409513,0.11746549731737516,0.10873173437831968,1.75,7,4,56.27,False,0.17857142857142794,5.649717514124286,16.874999999999996,23.21771442001187,98.7,13.320085366142422,-9.188233206739227,48.44,23.21771442001187,13.320085366142422,True,22.222222222222232,16.874999999999996,-1.5789473684210575,-0.995492197789638,3.5549146338575754,7.609285838318169,3,-0.00047161426768669115,0,-47.29,-47290,-20.0,-20000,-20.0,-20000,-19.29,-19290,13.37,active,negative,13.37,13.17,stable,13.17,13.17,-0.0007271804650018452,-0.0037900322152738296,-0.0008254230293025176,-0.0004553716862208163,-3.5,3,1,-13.37
4968,立積,半導體業,2026-08-10,excluded,0,5,344,321,316,34.54,30.59,-3.95,"[152770, 196140, -91161, -40725, 109734]","[0, 0, 0, -20000, 0]",True,,split,-19.006,-19006,-4.397,-4397,0.0,0,3.5,12.5,0.0,0.0,2.0,4.0,5.0,Q2,unconfirmed_accumulation,5.59,5.59,7.54,5,0.10887672191421932,1,801.924,801924,109.734,109734,-22.152,-22152,326.758,326758,55.87,active,positive,55.87,75.36,neutral,75.36,75.36,0.10429496683573937,0.28064961636828645,-0.014877098723975822,0.10745083853995396,1.0,6,3,55.87,False,0.8403361344537785,-2.8340080971659853,0.10427528675702735,-10.525245129399297,19.95,-3.450639347100548,-24.492402721435045,14.86,-10.525245129399297,-3.450639347100548,True,-11.520737327188934,0.10427528675702735,-16.883116883116877,-0.995492197789638,3.5549146338575754,7.609285838318169,1,-0.006408375046110682,0,3.0,3000,0.0,0,-20.0,-20000,-20.0,-20000,47.03,active,negative,47.03,7.56,neutral,7.56,7.56,0.0003901677721420211,0.0,-0.013431833445265278,-0.006576783952647156,-1.0,2,0,-47.03
4971,IET-KY,半導體業,2026-08-10,excluded,0,0,703,517,740,8.0,0.0,-8.0,"[60000, -12010, -469816, -326372, -241388]","[0, 0, 0, 0, 0]",True,,split,-3.277,-3277,7.949,7949,0.0,0,1.0,0.0,-3.5,-3.5,4.5,2.5,0.0,Q3,absorption_divergence,0.0,0.0,0.0,5,-0.09385147726728679,0,-379.473,-379473,-241.388,-241388,-1037.576,-1037576,-989.586,-989586,50.65,active,negative,50.65,21.64,stable,21.64,21.64,-0.024955478100749703,-0.08894178334561532,-0.10276082004555809,-0.09303243395694274,-3.5,5,1,-50.65,False,9.01194353963084,8.658008658008654,31.413612565445035,18.28521182395787,97.78,27.85869793158746,-43.49689758799889,1.83,18.28521182395787,27.85869793158746,True,17.28971962616823,31.413612565445035,-35.887611749680715,-0.995492197789638,3.5549146338575754,7.609285838318169,0,0.0,0,0.0,0,0.0,0,0.0,0,0.0,0,,inactive,zero,,51.76,inactive,51.76,51.76,0.0,0.0,0.0,0.0,0.0,0,0,0.0
4972,湯石照明,光電業,2026-08-10,excluded,0,0,704,717,741,5.5,0.0,-5.5,"[-1000, -1000, -6000, -1000, -2000]","[0, 0, 0, 0, 0]",True,,mixed,-0.571,-571,0.0,0,0.0,0,0.0,0.0,-3.5,-3.5,4.5,1.0,0.0,Q4,confirmed_distribution,0.0,0.0,0.0,5,-0.166651376146789,0,7.0,7000,-2.0,-2000,-9.0,-9000,-11.0,-11000,72.52,active,negative,72.52,11.21,stable,11.21,11.21,0.030973451327433628,-0.11764705882352941,-0.21951219512195122,-0.16666666666666666,-3.5,2,0,-72.52,False,0.60606060606061,0.911854103343468,0.60606060606061,-0.7796557312044317,55.8,-2.9488540277969655,-6.6974317349747015,57.76,-0.7796557312044317,-2.9488540277969655,True,-1.7751479289940697,0.60606060606061,0.911854103343468,-0.995492197789638,3.5549146338575754,7.609285838318169,0,0.0,0,0.0,0,0.0,0,0.0,0,0.0,0,,inactive,zero,,51.76,inactive,51.76,51.76,0.0,0.0,0.0,0.0,0.0,0,0,0.0
4973,廣穎,半導體業,2026-08-10,excluded,0,0,705,552,742,7.5,0.0,-7.5,"[-292910, -375374, 475010, -468720, -695010]","[0, 0, 0, 0, 0]",True,,split,35.857,35857,10.0,10000,0.0,0,1.0,0.0,-3.5,-3.5,4.5,2.0,0.0,Q3,absorption_divergence,0.0,0.0,0.0,5,-0.07188431821282835,0,-582.637,-582637,-695.01,-695010,-688.72,-688720,-1357.004,-1357004,40.47,active,negative,40.47,26.86,stable,26.86,26.86,-0.021628011433238056,-0.18318661043753295,-0.05130512514898689,-0.07403186033824331,-3.5,4,1,-40.47,False,3.8461538461538547,9.459459459459453,16.546762589928065,0.38199526527430416,64.02,12.99184795607049,31.446508153098133,95.31,0.38199526527430416,12.99184795607049,True,-0.6134969325153339,16.546762589928065,39.0557939914163,-0.995492197789638,3.5549146338575754,7.609285838318169,0,0.0,0,0.0,0,0.0,0,0.0,0,0.0,0,,inactive,zero,,51.76,inactive,51.76,51.76,0.0,0.0,0.0,0.0,0.0,0,0,0.0
4974,亞泰,電子零組件,2026-08-10,excluded,0,5,345,203,184,39.76,38.2,-1.56,"[12021, 38000, -1000, 8000, 28447]","[0, 0, 0, 0, 0]",True,,split,0.425,425,0.0,0,0.0,0,3.5,12.5,5.0,5.0,6.0,3.5,5.0,Q2,unconfirmed_accumulation,8.7,8.7,9.26,5,0.25607556764838835,2,70.558,70558,28.447,28447,35.447,35447,85.468,85468,86.95,active,positive,86.95,92.57,accelerating,92.57,92.57,0.06485110294117646,0.4245820895522388,0.22154375,0.25512835820895524,5.0,7,4,86.95,False,1.3081395348837344,1.455604075691408,3.566121842496295,-0.5581801185945312,57.76,0.01120720863871938,-13.54720756571357,35.46,-0.5581801185945312,0.01120720863871938,True,-1.5536723163841692,3.566121842496295,-5.937921727395401,-0.995492197789638,3.5549146338575754,7.609285838318169,0,0.0,0,0.0,0,0.0,0,0.0,0,0.0,0,,inactive,zero,,51.76,inactive,51.76,51.76,0.0,0.0,0.0,0.0,0.0,0,0,0.0
4976,佳凌,光電業,2026-08-10,excluded,0,0,706,655,743,6.5,0.0,-6.5,"[-25585, 106832, -38365, -434087, -67000]","[0, 0, 0, 0, 0]",True,,split,-0.782,-782,-10.0,-10000,0.0,0,0.0,0.0,-3.5,-3.5,4.5,2.0,0.0,Q4,confirmed_distribution,0.0,0.0,0.0,5,-0.02811895130215164,0,-321.283,-321283,-67.0,-67000,-539.452,-539452,-458.205,-458205,17.62,active,negative,17.62,37.94,stable,37.94,37.94,-0.003785857371794872,-0.04977711738484398,-0.08570892913886241,-0.028491792065663473,-3.5,4,1,-17.62,False,-0.2758620689655267,-0.9589041095890427,-4.868421052631577,-1.301805099507658,53.06,-8.423335686489153,8.070714161681835,84.75,-1.301805099507658,-8.423335686489153,True,-2.297297297297296,-4.868421052631577,15.680000000000005,-0.995492197789638,3.5549146338575754,7.609285838318169,0,0.0,0,0.0,0,0.0,0,0.0,0,0.0,0,,inactive,zero,,51.76,inactive,51.76,51.76,0.0,0.0,0.0,0.0,0.0,0,0,0.0
4977,眾達-KY,通信網路,2026-08-10,excluded,0,0,707,656,543,6.5,5.5,-1.0,"[112827, -957122, -201160, -215678, 319210]","[0, 0, 0, 0, 0]",True,,split,158.019,158019,-3.0,-3000,0.0,0,0.0,0.0,3.0,3.0,4.0,2.5,0.0,Q4,confirmed_distribution,0.0,0.0,0.0,5,-0.055887164391209464,1,-289.282,-289282,319.21,319210,-97.628,-97628,-941.923,-941923,30.16,active,negative,30.16,31.68,reversing_positive,31.68,31.68,-0.010136374785381408,0.1028382731958763,-0.011263036455929857,-0.05527717136150235,3.0,5,2,-30.16,False,8.239700374531832,1.403508771929829,18.930041152263378,-3.6249698484149824,41.07,15.375126518405803,-46.25047479797847,0.78,-3.6249698484149824,15.375126518405803,True,-4.62046204620462,18.930041152263378,-38.6411889596603,-0.995492197789638,3.5549146338575754,7.609285838318169,0,0.0,0,0.0,0,0.0,0,0.0,0,0.0,0,,inactive,zero,,51.76,inactive,51.76,51.76,0.0,0.0,0.0,0.0,0.0,0,0,0.0
4989,榮科,電子零組件,2026-08-10,excluded,0,0,708,692,564,6.0,5.0,-1.0,"[-1376455, -3354239, -6900, -593407, 646883]","[0, 0, 0, 0, 0]",True,,split,164.063,164063,-312.025,-312025,0.0,0,0.0,0.0,3.0,3.0,4.0,2.0,0.0,Q4,confirmed_distribution,0.0,0.0,0.0,5,-0.0895657120794713,1,-2793.476,-2793476,646.883,646883,46.576,46576,-4684.118,-4684118,49.22,active,negative,49.22,22.29,reversing_positive,22.29,22.29,-0.0336134093807908,0.11791523878964637,0.0021502239047135403,-0.08993909487145024,3.0,4,1,-49.22,False,2.739726027397249,0.8968609865470656,10.474631751227491,-17.384193412851236,8.87,6.919717117369916,-33.18811715033582,6.91,-17.384193412851236,6.919717117369916,True,-18.379685610640873,10.474631751227491,-25.57883131201765,-0.995492197789638,3.5549146338575754,7.609285838318169,0,0.0,0,0.0,0,0.0,0,0.0,0,0.0,0,,inactive,zero,,51.76,inactive,51.76,51.76,0.0,0.0,0.0,0.0,0.0,0,0,0.0
4991,環宇-KY,半導體業,2026-08-10,excluded,0,7,107,40,103,61.16,53.11,-8.05,"[177172, -190901, 25166, 714960, 873222]","[0, 64550, -430000, 0, -280000]",True,,split,136.189,136189,47.0,47000,0.0,0,4.5,12.5,-1.75,-1.75,5.25,5.5,25.0,Q1,confirmed_accumulation,7.36,7.36,8.41,5,0.1753150758728299,3,2853.654,2853654,873.222,873222,1613.348,1613348,1599.619,1599619,73.63,active,positive,73.63,84.09,decelerating,84.09,84.09,0.11420097646870497,0.24188975069252078,0.24533880778588807,0.17254007118973141,1.75,9,4,73.63,False,9.892473118279565,8.955223880597018,31.70103092783505,14.425014950286862,96.61,28.146116293977474,-35.43414459538031,5.48,14.425014950286862,28.146116293977474,True,13.429522752497224,31.70103092783505,-27.82485875706214,-0.995492197789638,3.5549146338575754,7.609285838318169,3,-0.06843916248101131,0,-667.1,-667100,-280.0,-280000,-710.0,-710000,-645.45,-645450,91.58,active,negative,91.58,1.17,stable,1.17,1.17,-0.026696814470946056,-0.07756232686980609,-0.1079683698296837,-0.06962032143242369,-3.5,2,1,-91.58
4994,傳奇,資訊服務,2026-08-10,excluded,0,0,709,657,544,6.5,5.5,-1.0,"[0, -3000, -5000, 1000, 0]","[0, 0, 0, 0, 0]",True,,split,0.0,0,-7.0,-7000,0.0,0,0.0,0.0,3.0,3.0,4.0,2.5,0.0,Q4,confirmed_distribution,0.0,0.0,0.0,3,-0.03402982414117726,0,14.3,14300,0.0,0,-4.0,-4000,-7.0,-7000,19.97,active,negative,19.97,36.64,reversing_positive,36.64,36.64,0.04642857142857143,0.0,-0.03571428571428571,-0.03414634146341464,3.0,5,1,-19.97,False,-0.34403669724770714,-1.473922902494329,-3.5516093229744583,-2.2339064659074537,46.54,-7.106523956832033,-13.357658940270444,36.25,-2.2339064659074537,-7.106523956832033,True,-3.2293986636970917,-3.5516093229744583,-5.748373101952275,-0.995492197789638,3.5549146338575754,7.609285838318169,0,0.0,0,0.0,0,0.0,0,0.0,0,0.0,0,,inactive,zero,,51.76,inactive,51.76,51.76,0.0,0.0,0.0,0.0,0.0,0,0,0.0
4995,晶達,光電業,2026-08-10,excluded,0,5,346,146,141,50.93,47.48,-3.45,"[12000, 16000, -4000, -9000, 0]","[0, 0, 0, 0, 0]",True,,split,6.0,6000,0.0,0,0.0,0,3.5,12.5,0.0,0.0,1.0,2.0,25.0,Q1,confirmed_accumulation,4.48,4.48,6.93,4,0.08057632803980937,0,17.0,17000,0.0,0,-13.0,-13000,15.0,15000,44.84,active,positive,44.84,69.3,reversing_negative,69.3,69.3,0.029310344827586206,0.0,-0.18571428571428572,0.08108108108108109,0.0,4,2,44.84,False,1.846153846153853,0.4044489383215222,5.750798722044714,7.312408686012317,89.18,2.195884088187139,3.0930552988055693,80.18,7.312408686012317,2.195884088187139,True,6.316916488222679,5.750798722044714,10.702341137123739,-0.995492197789638,3.5549146338575754,7.609285838318169,0,0.0,0,0.0,0,0.0,0,0.0,0,0.0,0,,inactive,zero,,51.76,inactive,51.76,51.76,0.0,0.0,0.0,0.0,0.0,0,0,0.0
5007,三星,鋼鐵工業,2026-08-10,excluded,0,2,464,385,380,27.78,22.78,-5.0,"[-1000, 0, 1000, -1000, 5000]","[0, 0, 0, 0, 0]",True,,split,0.0,0,-11.0,-11000,0.0,0,3.5,5.0,5.0,5.0,6.0,3.0,5.0,Q2,unconfirmed_accumulation,1.28,1.28,5.28,4,0.01988348755838943,1,117.2,117200,5.0,5000,5.0,5000,4.0,4000,12.79,active,positive,12.79,52.8,accelerating,52.8,52.8,0.2865525672371638,0.1724137931034483,0.06493506493506493,0.02,5.0,6,2,12.79,False,0.0,0.0,-0.7079646017699059,1.533126606391788,70.8,-4.262879235627482,-9.188233206739216,48.63,1.533126606391788,-4.262879235627482,True,0.5376344086021501,-0.7079646017699059,-1.5789473684210464,-0.995492197789638,3.5549146338575754,7.609285838318169,0,0.0,0,0.0,0,0.0,0,0.0,0,0.0,0,,inactive,zero,,51.76,inactive,51.76,51.76,0.0,0.0,0.0,0.0,0.0,0,0,0.0
5014,建錩,鋼鐵工業,2026-08-10,excluded,0,7,108,99,105,56.64,52.79,-3.85,"[-13000, -171000, 28000, 65089, 241501]","[0, 0, 0, 0, 0]",True,,split,-0.613,-613,-21.0,-21000,0.0,0,3.5,12.5,5.0,5.0,6.0,3.0,25.0,Q1,confirmed_accumulation,3.79,3.79,6.64,5,0.07445974233244784,3,174.59,174590,241.501,241501,334.59,334590,150.59,150590,37.86,active,positive,37.86,66.36,accelerating,66.36,66.36,0.04261410788381743,0.24053884462151395,0.19218265364732912,0.0683567862006355,5.0,6,3,37.86,False,3.2558139534883734,7.246376811594213,6.2200956937799035,0.5470617045160941,64.73,2.665181059922328,1.2142435734465495,75.88,0.5470617045160941,2.665181059922328,True,-0.4484304932735439,6.2200956937799035,8.823529411764719,-0.995492197789638,3.5549146338575754,7.609285838318169,0,0.0,0,0.0,0,0.0,0,0.0,0,0.0,0,,inactive,zero,,51.76,inactive,51.76,51.76,0.0,0.0,0.0,0.0,0.0,0,0,0.0
5015,華祺,鋼鐵工業,2026-08-10,excluded,0,5,347,97,86,56.84,54.14,-2.7,"[-1000, -5000, 0, 1000, 20000]","[0, 0, 0, 0, 0]",True,,mixed,-0.008,-8,0.0,0,0.0,0,3.5,12.5,5.0,5.0,6.0,2.0,25.0,Q1,confirmed_accumulation,6.14,6.14,7.84,4,0.12678124352916817,2,21.0,21000,20.0,20000,21.0,21000,15.0,15000,61.36,active,positive,61.36,78.36,accelerating,78.36,78.36,0.08786610878661087,0.26666666666666666,0.21649484536082475,0.12295081967213115,5.0,4,2,61.36,False,3.03030303030305,4.739336492891,2.7906976744186185,4.025795228092688,81.49,-0.764216959438957,-7.154740383772706,56.19,4.025795228092688,-0.764216959438957,True,3.03030303030305,2.7906976744186185,0.454545454545463,-0.995492197789638,3.5549146338575754,7.609285838318169,0,0.0,0,0.0,0,0.0,0,0.0,0,0.0,0,,inactive,zero,,51.76,inactive,51.76,51.76,0.0,0.0,0.0,0.0,0.0,0,0,0.0
5016,松和,鋼鐵工業,2026-08-10,excluded,0,5,348,107,109,56.12,52.27,-3.85,"[1000, 1000, -1000, 0, 2000]","[0, 0, 0, 0, 0]",True,,mixed,0.0,0,0.0,0,0.0,0,3.5,12.5,5.0,5.0,6.0,2.5,25.0,Q1,confirmed_accumulation,3.77,3.77,6.62,4,0.06847703313253012,1,5.0,5000,2.0,2000,1.0,1000,3.0,3000,37.73,active,positive,37.73,66.23,accelerating,66.23,66.23,0.041666666666666664,0.125,0.045454545454545456,0.06818181818181818,5.0,5,3,37.73,False,1.4553014553014387,1.4553014553014387,2.5210084033613356,1.8219384787813708,72.49,-1.0339062304962399,-11.735022577021514,40.68,1.8219384787813708,-1.0339062304962399,True,0.8264462809917328,2.5210084033613356,-4.1257367387033455,-0.995492197789638,3.5549146338575754,7.609285838318169,0,0.0,0,0.0,0,0.0,0,0.0,0,0.0,0,,inactive,zero,,51.76,inactive,51.76,51.76,0.0,0.0,0.0,0.0,0.0,0,0,0.0
5201,凱衛,資訊服務,2026-08-10,excluded,0,5,349,332,317,33.67,30.45,-3.22,"[2000, 4000, 6000, 7000, -10000]","[0, 0, 0, 0, 0]",True,,split,0.194,194,0.0,0,0.0,0,3.5,12.5,0.0,0.0,1.0,4.5,5.0,Q2,unconfirmed_accumulation,4.95,4.95,7.17,5,0.09466261912081156,0,79.0,79000,-10.0,-10000,3.0,3000,9.0,9000,49.54,active,positive,49.54,71.71,reversing_negative,71.71,71.71,0.21467391304347827,-0.25,0.045454545454545456,0.09090909090909091,0.0,9,4,49.54,False,-2.2684310018903475,-2.819548872180455,-3.5447761194029814,-1.6410426421350266,50.07,-7.099690753260557,-17.852341393873726,25.68,-1.6410426421350266,-7.099690753260557,True,-2.6365348399246646,-3.5447761194029814,-10.243055555555557,-0.995492197789638,3.5549146338575754,7.609285838318169,0,0.0,0,0.0,0,0.0,0,0.0,0,0.0,0,,inactive,zero,,51.76,inactive,51.76,51.76,0.0,0.0,0.0,0.0,0.0,0,0,0.0
5202,力新,資訊服務,2026-08-10,excluded,0,2,465,603,516,7.0,6.0,-1.0,"[5000, -220000, 93000, 9000, 37000]","[0, 0, 0, 0, 0]",True,,split,-0.749,-749,0.0,0,0.0,0,0.0,0.0,3.0,3.0,4.0,3.0,0.0,Q4,confirmed_distribution,0.0,0.0,0.0,5,-0.05999270267094612,3,71.0,71000,37.0,37000,139.0,139000,-76.0,-76000,32.64,active,negative,32.64,30.38,reversing_positive,30.38,30.38,0.023066926575698504,0.2624113475177305,0.2607879924953096,-0.05819295558958652,3.0,6,4,-32.64,False,0.8163265306122325,-1.200000000000001,5.106382978723412,-10.79022208792465,18.9,1.5514683448658362,-9.593412822445158,46.94,-10.79022208792465,1.5514683448658362,True,-11.785714285714288,5.106382978723412,-1.9841269841269882,-0.995492197789638,3.5549146338575754,7.609285838318169,0,0.0,0,0.0,0,0.0,0,0.0,0,0.0,0,,inactive,zero,,51.76,inactive,51.76,51.76,0.0,0.0,0.0,0.0,0.0,0,0,0.0
5209,新鼎,其他,2026-08-10,excluded,0,2,466,158,158,47.07,41.54,-5.53,"[12000, 12102, -2000, -2000, -11000]","[-243, -150, 0, 0, 0]",True,,split,5.414,5414,-19.0,-19000,0.0,0,3.5,9.36,-1.0,-1.0,1.0,2.5,25.0,Q1,confirmed_accumulation,2.18,2.18,5.71,5,0.035988200743301196,0,60.048,60048,-11.0,-11000,-15.0,-15000,9.102,9102,21.8,active,positive,21.8,57.11,reversing_negative,57.11,57.11,0.13524324324324324,-0.1774193548387097,-0.10067114093959731,0.03745679012345679,0.0,5,2,21.8,False,2.5396825396825307,1.572327044025168,4.193548387096779,3.5351747374721687,80.31,0.6386337532392039,-9.730497959530293,46.28,3.5351747374721687,0.6386337532392039,True,2.5396825396825307,4.193548387096779,-2.1212121212121238,-0.995492197789638,3.5549146338575754,7.609285838318169,2,-0.001601905034176261,0,-0.881,-881,0.0,0,0.0,0,-0.393,-393,24.75,active,negative,24.75,11.34,neutral,11.34,11.34,-0.001984234234234234,0.0,0.0,-0.0016172839506172839,-1.0,0,0,-24.75
5210,寶碩,資訊服務,2026-08-10,excluded,0,5,350,445,432,19.72,14.23,-5.49,"[7000, 37000, -55000, -1968, 20000]","[0, 0, 0, 0, 0]",True,,split,0.0,0,-1.0,-1000,0.0,0,3.5,1.79,1.0,1.0,2.0,2.5,5.0,Q2,unconfirmed_accumulation,0.44,0.44,4.93,5,0.007739006803733973,1,-179.046,-179046,20.0,20000,-36.968,-36968,7.032,7032,4.44,active,positive,4.44,49.28,neutral,49.28,49.28,-0.059169200264375416,0.09259259259259259,-0.06975094339622641,0.007168195718654434,1.0,5,3,4.44,False,-0.8849557522123908,-0.17825311942959443,0.0,-7.501239828354157,26.99,-3.5549146338575754,2.194635730309291,77.71,-7.501239828354157,-3.5549146338575754,True,-8.496732026143794,0.0,9.80392156862746,-0.995492197789638,3.5549146338575754,7.609285838318169,0,0.0,0,0.0,0,0.0,0,0.0,0,0.0,0,,inactive,zero,,51.76,inactive,51.76,51.76,0.0,0.0,0.0,0.0,0.0,0,0,0.0
5213,亞昕,建材營建,2026-08-10,excluded,0,0,710,604,517,7.0,6.0,-1.0,"[-13000, -35000, -92000, -18000, 21000]","[0, 0, 0, 0, 0]",True,,split,0.221,221,0.0,0,0.0,0,0.0,0.0,3.0,3.0,4.0,3.0,0.0,Q4,confirmed_distribution,0.0,0.0,0.0,5,-0.10138245610337421,1,53.13,53130,21.0,21000,-89.0,-89000,-137.0,-137000,54.18,active,negative,54.18,20.08,reversing_positive,20.08,20.08,0.02131167268351384,0.11797752808988764,-0.0967391304347826,-0.10140636565507032,3.0,6,1,-54.18,False,0.23866348448686736,-1.17647058823529,-2.0979020979020935,-3.981883367821226,39.37,-5.652816731759669,-26.684430346988684,11.99,-3.981883367821226,-5.652816731759669,True,-4.977375565610864,-2.0979020979020935,-19.075144508670515,-0.995492197789638,3.5549146338575754,7.609285838318169,0,0.0,0,0.0,0,0.0,0,0.0,0,0.0,0,,inactive,zero,,51.76,inactive,51.76,51.76,0.0,0.0,0.0,0.0,0.0,0,0,0.0
5215,科嘉-KY,電腦週邊,2026-08-10,excluded,0,0,711,747,615,4.5,1.5,-3.0,"[4000, -42000, -31000, -40000, 0]","[0, 0, 0, 0, 0]",True,,split,0.0,0,-11.0,-11000,0.0,0,0.0,0.0,-1.0,-1.0,2.0,2.5,0.0,Q4,confirmed_distribution,0.0,0.0,0.0,4,-0.304591470471893,0,-50.9,-50900,0.0,0,-71.0,-71000,-109.0,-109000,92.17,active,negative,92.17,3.65,neutral,3.65,3.65,-0.061846901579586874,0.0,-0.39444444444444443,-0.30532212885154064,-1.0,5,1,-92.17,False,0.9247027741083214,-0.7792207792207684,-0.9079118028534228,-7.287821127540484,28.03,-4.462826436710998,-22.72039694942928,17.21,-7.287821127540484,-4.462826436710998,True,-8.283313325330122,-0.9079118028534228,-15.111111111111109,-0.995492197789638,3.5549146338575754,7.609285838318169,0,0.0,0,0.0,0,0.0,0,0.0,0,0.0,0,,inactive,zero,,51.76,inactive,51.76,51.76,0.0,0.0,0.0,0.0,0.0,0,0,0.0
5225,東科-KY,其他電子,2026-08-10,excluded,0,0,712,658,744,6.5,0.0,-6.5,"[-110000, -27899, -66000, -23000, -224800]","[0, 0, 0, 0, 0]",True,,split,-9.305,-9305,-5.232,-5232,0.0,0,0.0,0.0,-3.5,-3.5,4.5,2.0,0.0,Q4,confirmed_distribution,0.0,0.0,0.0,5,-0.13728815426308397,0,-184.649,-184649,-224.8,-224800,-313.8,-313800,-451.699,-451699,66.84,active,negative,66.84,14.21,stable,14.21,14.21,-0.040978473146915224,-0.12413031474323578,-0.13971504897595727,-0.13696149181322012,-3.5,4,0,-66.84,False,-9.986504723346822,-11.655629139072843,-10.228802153432026,-7.131229565295749,28.81,-13.783716787289602,-13.40024629029556,36.11,-7.131229565295749,-13.783716787289602,True,-8.126721763085387,-10.228802153432026,-5.790960451977389,-0.995492197789638,3.5549146338575754,7.609285838318169,0,0.0,0,0.0,0,0.0,0,0.0,0,0.0,0,,inactive,zero,,51.76,inactive,51.76,51.76,0.0,0.0,0.0,0.0,0.0,0,0,0.0
5227,立凱-KY,電子零組件,2026-08-10,excluded,0,0,713,659,745,6.5,0.0,-6.5,"[4000, -90000, 30263, -149737, -13011]","[0, 0, 0, 0, 0]",True,,split,0.001,1,0.0,0,0.0,0,0.0,0.0,-3.5,-3.5,4.5,2.0,0.0,Q4,confirmed_distribution,0.0,0.0,0.0,5,-0.08487864874708877,0,-243.516,-243516,-13.011,-13011,-132.485,-132485,-218.485,-218485,47.52,active,negative,47.52,23.73,stable,23.73,23.73,-0.02971156661786237,-0.021364532019704435,-0.09336504580690627,-0.085379054318093,-3.5,4,2,-47.52,False,0.8902077151335286,-0.1468428781204012,-4.49438202247191,10.672911552628339,94.0,-8.049296656329485,48.3540169139754,98.17,10.672911552628339,-8.049296656329485,True,9.677419354838701,-4.49438202247191,55.96330275229357,-0.995492197789638,3.5549146338575754,7.609285838318169,0,0.0,0,0.0,0,0.0,0,0.0,0,0.0,0,,inactive,zero,,51.76,inactive,51.76,51.76,0.0,0.0,0.0,0.0,0.0,0,0,0.0
5228,鈺鎧,電子零組件,2026-08-10,excluded,0,0,714,718,591,5.5,2.5,-3.0,"[21000, -45000, 47000, -388038, 34000]","[0, 0, 0, 0, 0]",True,,split,-0.08,-80,18.0,18000,0.0,0,1.0,0.0,-1.0,-1.0,2.0,2.5,0.0,Q4,confirmed_distribution,0.0,0.0,0.0,5,-0.10830365827014708,1,-407.245,-407245,34.0,34000,-307.038,-307038,-331.038,-331038,57.96,active,negative,57.96,18.51,neutral,18.51,18.51,-0.07867948222565688,0.05263157894736842,-0.13015599830436625,-0.11206431956668923,-1.0,5,3,-57.96,False,3.354037267080745,4.785894206549113,8.333333333333348,-19.76641256411512,6.65,4.778418699475773,-24.740759941903832,14.6,-19.76641256411512,4.778418699475773,True,-20.76190476190476,8.333333333333348,-17.131474103585663,-0.995492197789638,3.5549146338575754,7.609285838318169,0,0.0,0,0.0,0,0.0,0,0.0,0,0.0,0,,inactive,zero,,51.76,inactive,51.76,51.76,0.0,0.0,0.0,0.0,0.0,0,0,0.0
5230,雷笛克光學,光電業,2026-08-10,excluded,0,5,351,307,311,35.32,31.01,-4.31,"[29000, -23080, 17000, -2000, 12000]","[0, 0, 0, 0, 0]",True,,split,0.233,233,0.0,0,0.0,0,3.5,12.28,5.0,5.0,6.0,2.5,5.0,Q2,unconfirmed_accumulation,2.73,2.73,6.04,5,0.04877097767187063,1,84.999,84999,12.0,12000,27.0,27000,32.92,32920,27.28,active,positive,27.28,60.37,accelerating,60.37,60.37,0.0387415679124886,0.09523809523809523,0.06192660550458716,0.049134328358208954,5.0,5,3,27.28,False,4.057971014492745,0.5602240896358524,2.865329512893977,-10.1431216635965,20.99,-0.6895851209635984,1.8419336738769507,77.18,-10.1431216635965,-0.6895851209635984,True,-11.138613861386137,2.865329512893977,9.45121951219512,-0.995492197789638,3.5549146338575754,7.609285838318169,0,0.0,0,0.0,0,0.0,0,0.0,0,0.0,0,,inactive,zero,,51.76,inactive,51.76,51.76,0.0,0.0,0.0,0.0,0.0,0,0,0.0
5243,乙盛-KY,光電業,2026-08-10,excluded,0,0,715,605,746,7.0,0.0,-7.0,"[144178, -92535, -78810, -327471, -299500]","[0, 0, 0, 0, 0]",True,,split,512.837,512837,-12.0,-12000,0.0,0,0.0,0.0,-3.5,-3.5,4.5,2.5,0.0,Q4,confirmed_distribution,0.0,0.0,0.0,5,-0.11443382997491605,0,1191.673,1191673,-299.5,-299500,-705.781,-705781,-654.138,-654138,58.22,active,negative,58.22,18.38,stable,18.38,18.38,0.07708603402548678,-0.23883572567783093,-0.1943229625550661,-0.11210591259640103,-3.5,5,1,-58.22,False,1.8369690011481143,3.2596041909196627,10.32338308457712,-5.930006228233442,34.29,6.768468450719545,-19.78750366010035,22.29,-5.930006228233442,6.768468450719545,True,-6.92549842602308,10.32338308457712,-12.178217821782178,-0.995492197789638,3.5549146338575754,7.609285838318169,0,0.0,0,-600.0,-600000,0.0,0,0.0,0,0.0,0,,inactive,zero,,51.76,inactive,51.76,51.76,-0.038812342324859306,0.0,0.0,0.0,0.0,0,0,0.0
5244,弘凱,光電業,2026-08-10,excluded,0,5,352,323,308,34.24,31.44,-2.8,"[18445, 66010, 20000, -22000, 19000]","[0, 0, 0, 0, 0]",True,,split,0.0,0,-2.0,-2000,0.0,0,3.5,12.5,0.0,0.0,1.0,4.5,5.0,Q2,unconfirmed_accumulation,5.94,5.94,7.74,5,0.11446494980846125,1,400.655,400655,19.0,19000,17.0,17000,101.455,101455,59.4,active,positive,59.4,77.44,reversing_negative,77.44,77.44,0.20472917731221257,0.3114754098360656,0.03052064631956912,0.11661494252873564,0.0,9,4,59.4,False,0.9049773755656298,4.368174726989094,8.603896103896114,-0.04001076079023225,60.89,5.048981470038538,-21.840055069087395,18.77,-0.04001076079023225,5.048981470038538,True,-1.0355029585798703,8.603896103896114,-14.230769230769225,-0.995492197789638,3.5549146338575754,7.609285838318169,0,0.0,0,0.0,0,0.0,0,0.0,0,0.0,0,,inactive,zero,,51.76,inactive,51.76,51.76,0.0,0.0,0.0,0.0,0.0,0,0,0.0
5251,天鉞電,光電業,2026-08-10,excluded,0,5,353,248,244,37.89,35.23,-2.66,"[-1000, -9000, -3000, 30000, 33000]","[0, 0, 0, 0, 0]",True,,split,0.598,598,0.0,0,0.0,0,3.5,12.5,5.0,5.0,6.0,3.0,5.0,Q2,unconfirmed_accumulation,6.23,6.23,7.89,5,0.1255096197612557,2,211.793,211793,33.0,33000,60.0,60000,50.0,50000,62.27,active,positive,62.27,78.88,accelerating,78.88,78.88,0.1766413678065054,0.3113207547169811,0.24390243902439024,0.12626262626262627,5.0,6,2,62.27,False,-0.9671179883945835,-1.9157088122605415,2.400000000000002,-11.781339148036597,16.17,-1.1549146338575733,-15.023390720777474,32.2,-11.781339148036597,-1.1549146338575733,True,-12.776831345826235,2.400000000000002,-7.414104882459305,-0.995492197789638,3.5549146338575754,7.609285838318169,0,0.0,0,0.0,0,0.0,0,0.0,0,0.0,0,,inactive,zero,,51.76,inactive,51.76,51.76,0.0,0.0,0.0,0.0,0.0,0,0,0.0
5269,祥碩,半導體業,2026-08-10,excluded,0,5,354,183,203,41.01,37.04,-3.97,"[89746, 294837, -78485, 33816, 70098]","[1000, 15000, -67000, -9000, 216]",True,,split,9.214,9214,-6.0,-6000,0.0,0,3.5,12.5,4.0,4.0,6.0,6.5,5.0,Q2,unconfirmed_accumulation,5.54,5.54,7.51,5,0.10634352220458262,2,1308.529,1308529,70.098,70098,25.429,25429,410.012,410012,55.35,active,positive,55.35,75.1,accelerating,75.1,75.1,0.12737554755183492,0.0866477132262052,0.010820851063829788,0.10635849546044099,5.0,7,4,55.35,False,0.0,-1.0600706713780883,4.477611940298498,-6.2892760141308965,32.33,0.9226973064409227,-12.046145906577554,39.37,-6.2892760141308965,0.9226973064409227,True,-7.284768211920534,4.477611940298498,-4.436860068259385,-0.995492197789638,3.5549146338575754,7.609285838318169,5,-0.015594539671483696,1,-15.559,-15559,0.216,216,-75.784,-75784,-59.784,-59784,62.87,active,negative,62.87,5.35,neutral,5.35,5.35,-0.0015145527109899737,0.0002669962917181706,-0.032248510638297874,-0.015508171206225682,-1.0,6,3,-62.87
5272,笙科,半導體業,2026-08-10,excluded,0,0,716,606,518,7.0,6.0,-1.0,"[-7000, 23000, -160000, -7000, 53000]","[0, 0, 0, 0, 0]",True,,split,0.022,22,0.0,0,0.0,0,0.0,0.0,3.0,3.0,4.0,3.0,0.0,Q4,confirmed_distribution,0.0,0.0,0.0,5,-0.07180271838486607,1,-26.0,-26000,53.0,53000,-114.0,-114000,-98.0,-98000,39.3,active,negative,39.3,27.64,reversing_positive,27.64,27.64,-0.013285641287685232,0.5145631067961165,-0.09156626506024096,-0.07065609228550829,3.0,6,2,-39.3,False,0.8356545961002881,3.4285714285714475,3.4285714285714475,-8.730193587746516,24.12,-0.12634320528612797,-28.048846277878603,10.95,-8.730193587746516,-0.12634320528612797,True,-9.725685785536154,3.4285714285714475,-20.439560439560434,-0.995492197789638,3.5549146338575754,7.609285838318169,0,0.0,0,0.0,0,0.0,0,0.0,0,0.0,0,,inactive,zero,,51.76,inactive,51.76,51.76,0.0,0.0,0.0,0.0,0.0,0,0,0.0
5278,尚凡*,數位雲端,2026-08-10,excluded,0,7,109,38,28,61.95,60.92,-1.03,"[108000, 17000, 35000, 7000, 65000]","[0, 0, 0, 0, 0]",True,,split,1.161,1161,-4.0,-4000,0.0,0,3.5,12.5,5.0,5.0,6.0,5.0,25.0,Q1,confirmed_accumulation,9.92,9.92,9.95,5,0.5199838916213807,10,550.0,550000,65.0,65000,107.0,107000,232.0,232000,99.22,active,positive,99.22,99.48,accelerating,99.48,99.48,0.42210283960092093,0.5652173913043478,0.5071090047393365,0.5190156599552572,5.0,10,5,99.22,False,0.6085192697768749,1.6393442622950838,2.268041237113394,2.843541479103806,78.23,-1.2868733967441814,-5.129946995342949,62.32,2.843541479103806,-1.2868733967441814,True,1.848049281314168,2.268041237113394,2.4793388429752206,-0.995492197789638,3.5549146338575754,7.609285838318169,0,0.0,0,0.0,0,0.0,0,0.0,0,0.0,0,,inactive,zero,,51.76,inactive,51.76,51.76,0.0,0.0,0.0,0.0,0.0,0,0,0.0
5283,禾聯碩,電器電纜,2026-08-10,excluded,0,0,717,660,747,6.5,0.0,-6.5,"[-11000, -18000, -34000, 1000, -11162]","[0, 0, 0, 0, 0]",True,,split,0.0,0,-3.0,-3000,0.0,0,0.0,0.0,-3.5,-3.5,4.5,2.0,0.0,Q4,confirmed_distribution,0.0,0.0,0.0,5,-0.2996383374784479,0,11.738,11738,-11.162,-11162,-44.162,-44162,-73.162,-73162,91.25,active,negative,91.25,4.17,stable,4.17,4.17,0.013203599550056244,-0.2536818181818182,-0.2760125,-0.299844262295082,-3.5,4,1,-91.25,False,-0.5555555555555536,0.5617977528090012,-2.007299270072982,1.7459612409416292,71.97,-5.562213903930557,-4.735722619927363,63.49,1.7459612409416292,-5.562213903930557,True,0.7504690431519911,-2.007299270072982,2.8735632183908066,-0.995492197789638,3.5549146338575754,7.609285838318169,0,0.0,0,0.0,0,0.0,0,0.0,0,0.0,0,,inactive,zero,,51.76,inactive,51.76,51.76,0.0,0.0,0.0,0.0,0.0,0,0,0.0
5287,數字,數位雲端,2026-08-10,excluded,0,0,718,693,748,6.0,0.0,-6.0,"[-21332, -46278, 2000, -4000, -11150]","[-582, -359, 0, 0, 0]",True,,split,0.495,495,0.0,0,0.0,0,0.0,0.0,-4.5,-4.5,4.5,1.5,0.0,Q4,confirmed_distribution,0.0,0.0,0.0,5,-0.22415624495838593,0,-124.069,-124069,-11.15,-11150,-13.15,-13150,-80.76,-80760,82.9,active,negative,82.9,7.04,stable,7.04,7.04,-0.18601049475262368,-0.3013513513513513,-0.17077922077922078,-0.22371191135734073,-3.5,3,1,-82.9,False,0.0,0.0,1.0344827586206806,-1.3378411355436937,52.8,-2.520431875236895,-9.615974801528871,46.81,-1.3378411355436937,-2.520431875236895,True,-2.3333333333333317,1.0344827586206806,-2.006688963210701,-0.995492197789638,3.5549146338575754,7.609285838318169,2,-0.0026054966642308753,0,-2.109,-2109,0.0,0,0.0,0,-0.941,-941,30.69,active,negative,30.69,10.3,neutral,10.3,10.3,-0.00316191904047976,0.0,0.0,-0.002606648199445983,-1.0,0,0,-30.69
5289,宜鼎,電腦週邊,2026-08-10,excluded,0,3,433,396,436,26.48,13.58,-12.9,"[-849159, -454187, -314725, -570170, -988619]","[44000, 18471, -3000, 2500, 2542]",True,,split,-25.413,-25413,-16.1,-16100,0.0,0,3.5,0.76,1.5,1.5,8.5,4.5,0.0,Q4,confirmed_distribution,3.32,3.32,9.22,5,-0.14828201869712346,0,-3204.726,-3204726,-988.619,-988619,-1873.514,-1873514,-3176.86,-3176860,70.1,active,negative,70.1,12.52,stable,12.52,12.52,-0.09763362174019011,-0.25968452850013135,-0.12231598877064699,-0.1506191921107529,-3.5,2,0,-70.1,False,-2.3333333333333317,0.0,5.776173285198549,-2.304837835213658,46.15,2.2212586513409738,-29.057007017942837,10.43,-2.304837835213658,2.2212586513409738,True,-3.300330033003296,5.776173285198549,-21.44772117962467,-0.995492197789638,3.5549146338575754,7.609285838318169,5,0.002915530222091747,2,108.163,108163,2.542,2542,2.042,2042,64.513,64513,33.17,active,positive,33.17,92.18,accelerating,92.18,92.18,0.003295241286863271,0.0006677173627528237,0.00013331592348371092,0.0030586478285605915,5.0,7,4,33.17
5291,邑昇,電子零組件,2026-08-10,excluded,0,0,719,607,749,7.0,0.0,-7.0,"[30000, 47000, -25000, 0, -126000]","[0, 0, 0, 0, 0]",True,,split,1.649,1649,-19.0,-19000,0.0,0,0.0,0.0,-3.5,-3.5,4.5,2.5,0.0,Q3,absorption_divergence,0.0,0.0,0.0,4,-0.027045767720596123,0,87.999,87999,-126.0,-126000,-151.0,-151000,-74.0,-74000,15.27,active,negative,15.27,38.85,stable,38.85,38.85,0.016417723880597014,-0.06635071090047394,-0.0553925165077036,-0.023994811932555125,-3.5,5,2,-15.27,False,0.17825311942958333,13.420787083753805,20.4715969989282,5.069566271863712,85.66,16.916682365070624,-24.71843038109103,14.73,5.069566271863712,16.916682365070624,True,4.074074074074074,20.4715969989282,-17.10914454277286,-0.995492197789638,3.5549146338575754,7.609285838318169,0,0.0,0,0.0,0,0.0,0,0.0,0,0.0,0,,inactive,zero,,51.76,inactive,51.76,51.76,0.0,0.0,0.0,0.0,0.0,0,0,0.0
5299,杰力,半導體業,2026-08-10,excluded,0,0,720,730,602,5.0,2.0,-3.0,"[-100399, -104801, -59354, -108002, 17371]","[0, 0, 0, 0, 0]",True,,split,-4.444,-4444,3.0,3000,0.0,0,1.0,0.0,-1.0,-1.0,2.0,2.0,0.0,Q4,confirmed_distribution,0.0,0.0,0.0,5,-0.08297709014256263,1,-125.923,-125923,17.371,17371,-149.985,-149985,-355.185,-355185,46.48,active,negative,46.48,23.99,neutral,23.99,23.99,-0.012036226342955458,0.0481191135734072,-0.11192910447761194,-0.08349435825105783,-1.0,4,1,-46.48,False,2.8225806451612767,-2.857142857142858,0.49261083743843415,-10.692819490522055,19.04,-3.0623037964191413,-9.058561200637005,49.28,-10.692819490522055,-3.0623037964191413,True,-11.688311688311693,0.49261083743843415,-1.449275362318836,-0.995492197789638,3.5549146338575754,7.609285838318169,0,0.0,0,0.0,0,0.0,0,0.0,0,0.0,0,,inactive,zero,,51.76,inactive,51.76,51.76,0.0,0.0,0.0,0.0,0.0,0,0,0.0
5306,桂盟,37,2026-08-10,excluded,0,5,355,129,125,53.52,49.89,-3.63,"[-18000, -859, 45000, 53000, -3634]","[0, 0, 0, 0, 0]",True,,split,0.0,0,-16.0,-16000,0.0,0,3.5,12.5,1.75,1.75,2.75,3.0,25.0,Q1,confirmed_accumulation,4.14,4.14,6.77,5,0.07519849598348498,0,139.947,139947,-3.634,-3634,94.366,94366,75.507,75507,41.38,active,positive,41.38,67.67,decelerating,67.67,67.67,0.07647377049180328,-0.009365979381443299,0.10896766743648961,0.07483349851337959,1.75,6,2,41.38,False,2.428722280887019,7.8976640711902135,7.8976640711902135,10.229726432023877,93.61,4.342749437332638,8.697668598132658,85.66,10.229726432023877,4.342749437332638,True,9.23423423423424,7.8976640711902135,16.306954436450827,-0.995492197789638,3.5549146338575754,7.609285838318169,0,0.0,0,0.0,0,0.0,0,0.0,0,0.0,0,,inactive,zero,,51.76,inactive,51.76,51.76,0.0,0.0,0.0,0.0,0.0,0,0,0.0
5309,系統電,電子零組件,2026-08-10,excluded,0,6,150,447,460,19.48,9.11,-10.37,"[275084, 171000, -568995, -297957, 68151]","[0, 1000, 0, 0, 0]",True,,split,428.83,428830,-39.831,-39831,0.0,0,3.5,0.02,0.0,0.0,2.0,5.0,0.0,Q4,confirmed_distribution,0.59,0.59,8.96,5,-0.03054596527998678,1,796.028,796028,68.151,68151,-798.801,-798801,-352.717,-352717,18.93,active,negative,18.93,37.16,neutral,37.16,37.16,0.03534446319154604,0.0166791483113069,-0.09043371447979169,-0.030829210733327506,-1.0,6,3,-18.93,False,7.307692307692304,5.88235294117645,10.495049504950483,-9.149435338442258,23.08,6.940134871092908,-21.498174727207054,19.43,-9.149435338442258,6.940134871092908,True,-10.144927536231895,10.495049504950483,-13.888888888888884,-0.995492197789638,3.5549146338575754,7.609285838318169,1,8.57039334039781e-05,0,8.0,8000,0.0,0,0.0,0,1.0,1000,5.94,active,positive,5.94,89.57,neutral,89.57,89.57,0.00035520824083118727,0.0,0.0,8.7404947120007e-05,1.0,4,1,5.94
5324,士開,建材營建,2026-08-10,excluded,0,7,110,71,53,58.75,57.75,-1.0,"[221000, 367000, 528000, 52000, 360000]","[0, 0, 0, 0, 0]",True,,split,0.219,219,0.0,0,0.0,0,3.5,12.5,1.75,1.75,2.75,5.0,25.0,Q1,confirmed_accumulation,10.0,10.0,10.0,5,0.6790383370975271,10,3148.0,3148000,360.0,360000,940.0,940000,1528.0,1528000,100.0,active,positive,100.0,100.0,decelerating,100.0,100.0,0.7293790546802595,0.6857142857142857,0.7219662058371735,0.6785079928952042,1.75,10,5,100.0,False,0.0,0.0,1.6528925619834878,3.0701809944701286,79.01,-1.9020220718740877,-0.6527640991877304,71.97,3.0701809944701286,-1.9020220718740877,True,2.0746887966804906,1.6528925619834878,6.956521739130439,-0.995492197789638,3.5549146338575754,7.609285838318169,0,0.0,0,0.0,0,0.0,0,0.0,0,0.0,0,,inactive,zero,,51.76,inactive,51.76,51.76,0.0,0.0,0.0,0.0,0.0,0,0,0.0
5340,建榮,電子零組件,2026-08-10,excluded,0,0,721,661,545,6.5,5.5,-1.0,"[-110419, -1184094, -1556710, -105330, 285975]","[0, 0, 0, 0, 0]",True,,split,47.608,47608,0.0,0,0.0,0,0.0,0.0,3.0,3.0,4.0,2.5,0.0,Q4,confirmed_distribution,0.0,0.0,0.0,5,-0.13309708183785182,1,-1393.708,-1393708,285.975,285975,-1376.065,-1376065,-2670.578,-2670578,65.93,active,negative,65.93,14.86,reversing_positive,14.86,14.86,-0.05197687775042888,0.07284131431482425,-0.13447327274504056,-0.13353557677883895,3.0,5,1,-65.93,False,3.8406827880512084,-3.566710700132103,13.70716510903427,-8.769649953013825,23.99,10.152250475176693,-39.064684899351036,4.04,-8.769649953013825,10.152250475176693,True,-9.765142150803463,13.70716510903427,-31.455399061032864,-0.995492197789638,3.5549146338575754,7.609285838318169,0,0.0,0,0.0,0,0.0,0,0.0,0,0.0,0,,inactive,zero,,51.76,inactive,51.76,51.76,0.0,0.0,0.0,0.0,0.0,0,0,0.0
5371,中光電,光電業,2026-08-10,buy_candidates,63,7,111,163,202,44.74,37.18,-7.56,"[6694000, 8569595, 250347, 274821, 2737332]","[-1000000, -1101000, -990000, -3000000, -1842000]",True,,split,229.151,229151,2631.0,2631000,0.0,0,4.5,12.5,1.5,1.5,8.5,5.0,5.0,Q2,unconfirmed_accumulation,8.68,8.68,9.24,5,0.25600899577861463,7,24320.233,24320233,2737.332,2737332,3262.5,3262500,18526.095,18526095,86.81,active,positive,86.81,92.44,accelerating,92.44,92.44,0.1951786284659524,0.2661738623103851,0.0982532751091703,0.25482936726272354,5.0,9,5,86.81,False,3.1325301204819134,-5.414364640883984,13.829787234042534,-9.182891852577624,22.69,10.27487260018496,17.172055269553542,91.4,-9.182891852577624,10.27487260018496,True,-10.178384050367262,13.829787234042534,24.78134110787171,-0.995492197789638,3.5549146338575754,7.609285838318169,5,-0.10744417883241952,0,-10424.0,-10424000,-1842.0,-1842000,-5832.0,-5832000,-7933.0,-7933000,97.03,active,negative,97.03,0.52,stable,0.52,0.52,-0.08365635407888929,-0.17911318553092181,-0.17563619936756514,-0.10911966987620357,-3.5,1,0,-97.03
5381,光譜,電機機械,2026-08-10,excluded,0,7,112,190,178,40.38,38.59,-1.79,"[35000, 35100, 108000, 37059, 148000]","[0, 0, 0, 0, 0]",True,,split,-0.002,-2,0.0,0,0.0,0,3.5,12.5,5.0,5.0,6.0,4.5,5.0,Q2,unconfirmed_accumulation,8.09,8.09,8.88,5,0.21010822307087093,5,751.54,751540,148.0,148000,293.059,293059,363.159,363159,80.94,active,positive,80.94,88.79,accelerating,88.79,88.79,0.17007015161801312,0.3288888888888889,0.25684399649430323,0.2093135446685879,5.0,9,5,80.94,False,3.1380753138075423,2.0703933747411973,7.641921397379914,-5.278272060765499,35.98,4.087006763522338,-15.11397626983787,31.81,-5.278272060765499,4.087006763522338,True,-6.273764258555136,7.641921397379914,-7.5046904315197,-0.995492197789638,3.5549146338575754,7.609285838318169,0,0.0,0,0.0,0,0.0,0,0.0,0,0.0,0,,inactive,zero,,51.76,inactive,51.76,51.76,0.0,0.0,0.0,0.0,0.0,0,0,0.0
5392,能率,光電業,2026-08-10,excluded,0,5,356,138,133,52.44,48.47,-3.97,"[62196, 2252350, -927134, -927920, 1146547]","[0, 0, 0, 0, 0]",True,,split,16.249,16249,0.0,0,0.0,0,3.5,12.5,1.0,1.0,2.0,3.0,25.0,Q1,confirmed_accumulation,3.47,3.47,6.44,5,0.06436042943570654,1,2654.839,2654839,1146.547,1146547,-708.507,-708507,1606.039,1606039,34.73,active,positive,34.73,64.41,neutral,64.41,64.41,0.0765502436492604,0.40845992162451017,-0.044964587167608046,0.06275305747665377,1.0,6,3,34.73,False,2.28013029315961,1.5086206896551824,13.357400722021673,4.171833928348246,82.01,9.802486088164098,4.93551702906534,82.27,4.171833928348246,9.802486088164098,True,3.1763417305586072,13.357400722021673,12.54480286738351,-0.995492197789638,3.5549146338575754,7.609285838318169,0,0.0,0,0.0,0,0.0,0,0.0,0,0.0,0,,inactive,zero,,51.76,inactive,51.76,51.76,0.0,0.0,0.0,0.0,0.0,0,0,0.0
5403,中菲,資訊服務,2026-08-10,excluded,0,7,113,266,230,37.28,35.86,-1.42,"[9000, 29100, 13900, 10960, 26930]","[0, 0, 0, 0, 0]",True,,split,0.0,0,0.0,0,0.0,0,3.5,12.5,1.75,1.75,2.75,4.0,5.0,Q2,unconfirmed_accumulation,9.11,9.11,9.53,5,0.3001643360323446,5,111.471,111471,26.93,26930,51.79,51790,89.89,89890,91.12,active,positive,91.12,95.31,decelerating,95.31,95.31,0.13446441495778047,0.35906666666666665,0.38649253731343286,0.2996333333333333,1.75,8,5,91.12,False,0.108108108108107,0.9814612868047856,0.6521739130434634,-1.0150898127923802,54.37,-2.902740720814112,-2.7395236639127463,68.58,-1.0150898127923802,-2.902740720814112,True,-2.0105820105820182,0.6521739130434634,4.869762174405423,-0.995492197789638,3.5549146338575754,7.609285838318169,0,0.0,0,0.0,0,0.0,0,0.0,0,0.0,0,,inactive,zero,,51.76,inactive,51.76,51.76,0.0,0.0,0.0,0.0,0.0,0,0,0.0
5425,台半,半導體業,2026-08-10,excluded,0,3,434,440,421,20.61,16.05,-4.56,"[-1018121, -1378769, -82780, -422682, 443510]","[300000, 0, 0, 0, 0]",True,,split,-81.05,-81050,-89.873,-89873,0.0,0,3.5,1.75,4.0,4.0,4.0,2.0,0.0,Q4,confirmed_distribution,4.8,4.8,9.36,5,-0.057031478749144916,1,-2494.91,-2494910,443.51,443510,-61.952,-61952,-2458.842,-2458842,31.72,active,negative,31.72,31.03,reversing_positive,31.03,31.03,-0.030912796748773355,0.09255217028380634,-0.0038616218911674874,-0.05744152688875391,3.0,3,1,-31.72,False,2.1818181818181737,0.9580838323353325,4.850746268656714,-27.259826951146536,1.83,1.2958316347991383,8.346697655492008,85.27,-27.259826951146536,1.2958316347991383,True,-28.255319148936174,4.850746268656714,15.955983493810177,-0.995492197789638,3.5549146338575754,7.609285838318169,1,0.006887082373922153,0,300.0,300000,0.0,0,0.0,0,300.0,300000,48.02,active,positive,48.02,93.61,neutral,93.61,93.61,0.0037171036328492836,0.0,0.0,0.007008363313554175,1.0,1,1,48.02
5426,振發,電腦週邊,2026-08-10,excluded,0,0,722,608,750,7.0,0.0,-7.0,"[51000, -8468, 15276, -170000, -126577]","[0, 0, 0, 0, 0]",True,,split,0.419,419,-10.0,-10000,0.0,0,0.0,0.0,-3.5,-3.5,4.5,2.5,0.0,Q4,confirmed_distribution,0.0,0.0,0.0,5,-0.06791972625543329,0,-151.699,-151699,-126.577,-126577,-281.301,-281301,-238.769,-238769,35.9,active,negative,35.9,29.2,stable,29.2,29.2,-0.01907683601609658,-0.10618875838926174,-0.12546877787689562,-0.06583098979873174,-3.5,5,2,-35.9,False,6.666666666666665,8.949416342412464,15.463917525773185,-4.089253564922224,38.98,11.909002891915609,47.946269717237385,97.91,-4.089253564922224,11.909002891915609,True,-5.0847457627118615,15.463917525773185,55.55555555555556,-0.995492197789638,3.5549146338575754,7.609285838318169,0,0.0,0,0.0,0,0.0,0,0.0,0,0.0,0,,inactive,zero,,51.76,inactive,51.76,51.76,0.0,0.0,0.0,0.0,0.0,0,0,0.0
5432,新門,綠能環保,2026-08-10,excluded,0,0,723,662,578,6.5,3.5,-3.0,"[26000, -13000, -10000, -28000, 5000]","[0, 0, 0, 0, 0]",True,,split,-0.19,-190,3.0,3000,0.0,0,1.0,0.0,-1.0,-1.0,2.0,3.5,0.0,Q4,confirmed_distribution,0.0,0.0,0.0,5,-0.043996286362698575,1,72.462,72462,5.0,5000,-33.0,-33000,-20.0,-20000,25.46,active,negative,25.46,33.64,neutral,33.64,33.64,0.09103266331658291,0.09090909090909091,-0.12406015037593984,-0.0447427293064877,-1.0,7,2,-25.46,False,4.1860465116279055,3.2258064516129004,6.666666666666665,-16.953225750928315,9.26,3.1117520328090897,-29.287607516639845,10.3,-16.953225750928315,3.1117520328090897,True,-17.948717948717952,6.666666666666665,-21.678321678321677,-0.995492197789638,3.5549146338575754,7.609285838318169,0,0.0,0,0.0,0,0.0,0,0.0,0,0.0,0,,inactive,zero,,51.76,inactive,51.76,51.76,0.0,0.0,0.0,0.0,0.0,0,0,0.0
5434,崇越,電子通路,2026-08-10,other_watch,41,4,402,268,249,37.23,34.67,-2.56,"[455155, 499218, 183660, 13389, 136631]","[-437000, -407950, -394190, -243000, 233]",True,,split,-6.698,-6698,-43.68,-43680,0.0,0,3.5,12.5,4.0,4.0,6.0,6.0,0.0,Q4,confirmed_distribution,8.67,8.67,9.23,5,0.25526465373496743,5,1982.503,1982503,136.631,136631,333.68,333680,1288.053,1288053,86.68,active,positive,86.68,92.31,accelerating,92.31,92.31,0.16853719289296948,0.19888064046579332,0.1288837388953264,0.2544050957930081,5.0,8,5,86.68,False,3.006012024048088,0.390625,1.5810276679841806,-7.054597247648642,29.07,-1.9738869658733948,16.845919972819857,91.13,-7.054597247648642,-1.9738869658733948,True,-8.05008944543828,1.5810276679841806,24.455205811138025,-0.995492197789638,3.5549146338575754,7.609285838318169,5,-0.29229972426727446,1,-1537.085,-1537085,0.233,233,-636.957,-636957,-1481.907,-1481907,99.5,active,negative,99.5,0.13,neutral,0.13,0.13,-0.1306711723199864,0.00033915574963609897,-0.24602433371958285,-0.2926934623740865,-1.0,4,1,-99.5
5438,東友,電腦週邊,2026-08-10,excluded,0,7,114,326,322,33.95,30.19,-3.76,"[-12000, 6000, 6000, 27000, 5000]","[0, 0, 0, 0, 0]",True,,split,0.162,162,0.0,0,0.0,0,3.5,12.5,1.75,1.75,2.75,3.5,5.0,Q2,unconfirmed_accumulation,3.94,3.94,6.7,5,0.06998058951319527,4,86.0,86000,5.0,5000,38.0,38000,32.0,32000,39.43,active,positive,39.43,67.01,decelerating,67.01,67.01,0.07839562443026436,0.0423728813559322,0.10764872521246459,0.07079646017699115,1.75,7,4,39.43,False,4.7477744807121525,1.4367816091954033,2.3188405797101463,-5.618264415966978,35.2,-1.236074054147429,-12.971216133224338,37.16,-5.618264415966978,-1.236074054147429,True,-6.613756613756616,2.3188405797101463,-5.36193029490617,-0.995492197789638,3.5549146338575754,7.609285838318169,0,0.0,0,0.0,0,0.0,0,0.0,0,0.0,0,,inactive,zero,,51.76,inactive,51.76,51.76,0.0,0.0,0.0,0.0,0.0,0,0,0.0
5452,佶優,其他電子,2026-08-10,excluded,0,5,357,263,262,37.45,34.02,-3.43,"[-15000, 57115, 14000, -22930, 143000]","[0, 0, 0, 0, 0]",True,,split,8.062,8062,-15.0,-15000,0.0,0,3.5,12.5,5.0,5.0,6.0,3.5,5.0,Q2,unconfirmed_accumulation,4.52,4.52,6.95,5,0.08343366348377913,1,791.2,791200,143.0,143000,134.07,134070,176.185,176185,45.17,active,positive,45.17,69.49,accelerating,69.49,69.49,0.13634327072204033,0.25220458553791886,0.09836390315480557,0.0815293845441925,5.0,7,3,45.17,False,3.6190476190476106,2.6415094339622636,6.25,-10.405159268008413,20.34,2.6950853661424246,-24.808677010312085,14.47,-10.405159268008413,2.6950853661424246,True,-11.40065146579805,6.25,-17.199391171993916,-0.995492197789638,3.5549146338575754,7.609285838318169,0,0.0,0,0.0,0,0.0,0,0.0,0,0.0,0,,inactive,zero,,51.76,inactive,51.76,51.76,0.0,0.0,0.0,0.0,0.0,0,0,0.0
5464,霖宏,電子零組件,2026-08-10,excluded,0,0,724,694,751,6.0,0.0,-6.0,"[62000, -12000, -291000, -274000, -5000]","[0, 0, 0, 0, 0]",True,,split,-0.385,-385,0.0,0,0.0,0,0.0,0.0,-3.5,-3.5,4.5,1.5,0.0,Q4,confirmed_distribution,0.0,0.0,0.0,5,-0.13917068006302205,0,-262.0,-262000,-5.0,-5000,-570.0,-570000,-520.0,-520000,66.71,active,negative,66.71,14.34,stable,14.34,14.34,-0.03258301206317622,-0.010845986984815618,-0.19832985386221294,-0.13695022386094285,-3.5,3,1,-66.71,False,-1.4376996805111841,-1.4376996805111841,-3.89408099688473,-28.084967572325304,1.56,-7.4489956307423055,-3.9118068467215217,65.84,-28.084967572325304,-7.4489956307423055,True,-29.080459770114942,-3.89408099688473,3.6974789915966477,-0.995492197789638,3.5549146338575754,7.609285838318169,0,0.0,0,0.0,0,0.0,0,0.0,0,0.0,0,,inactive,zero,,51.76,inactive,51.76,51.76,0.0,0.0,0.0,0.0,0.0,0,0,0.0
5474,聰泰,電腦週邊,2026-08-10,excluded,0,5,358,330,320,33.84,30.27,-3.57,"[58001, 14005, -47000, 1000, 45000]","[0, 0, 0, 0, 0]",True,,split,-2.28,-2280,0.0,0,0.0,0,3.5,12.5,1.0,1.0,2.0,4.0,5.0,Q2,unconfirmed_accumulation,4.27,4.27,6.84,5,0.07795070573218331,2,212.216,212216,45.0,45000,-1.0,-1000,71.006,71006,42.69,active,positive,42.69,68.45,neutral,68.45,68.45,0.11546028291621327,0.2102803738317757,-0.0019267822736030828,0.0776870897155361,1.0,8,4,42.69,False,2.397260273972601,0.3355704697986628,6.028368794326244,-4.979350569505959,36.64,2.473454160468669,-19.147747376779712,23.92,-4.979350569505959,2.473454160468669,True,-5.974842767295597,6.028368794326244,-11.538461538461542,-0.995492197789638,3.5549146338575754,7.609285838318169,0,0.0,0,0.0,0,0.0,0,0.0,0,0.0,0,,inactive,zero,,51.76,inactive,51.76,51.76,0.0,0.0,0.0,0.0,0.0,0,0,0.0
5475,德宏,電子零組件,2026-08-10,excluded,0,0,725,609,752,7.0,0.0,-7.0,"[-1061444, -2788232, -419458, -1507514, -72615]","[0, 0, 0, 0, 0]",True,,split,1.322,1322,0.0,0,0.0,0,0.0,0.0,-3.5,-3.5,4.5,2.5,0.0,Q4,confirmed_distribution,0.0,0.0,0.0,5,-0.19252127584184323,0,-2838.372,-2838372,-72.615,-72615,-1999.587,-1999587,-5849.263,-5849263,77.68,active,negative,77.68,9.52,stable,9.52,9.52,-0.06928435081895185,-0.018439563230066024,-0.12202276194544456,-0.19165972017431765,-3.5,5,0,-77.68,False,1.2145748987854255,0.40160642570281624,2.4590163934426146,-29.366624793853813,1.17,-1.0958982404149609,-67.98963449125002,0.26,-29.366624793853813,-1.0958982404149609,True,-30.36211699164345,2.4590163934426146,-60.38034865293185,-0.995492197789638,3.5549146338575754,7.609285838318169,0,0.0,0,-189.0,-189000,0.0,0,0.0,0,0.0,0,,inactive,zero,,51.76,inactive,51.76,51.76,-0.004613469377791881,0.0,0.0,0.0,0.0,0,0,0.0
5478,智冠,文化創意,2026-08-10,excluded,0,0,726,663,546,6.5,5.5,-1.0,"[-9990, -44000, -12150, 16269, -9001]","[0, 0, 0, 0, 0]",True,,split,3.42,3420,0.0,0,0.0,0,0.0,0.0,3.0,3.0,4.0,2.5,0.0,Q3,absorption_divergence,0.0,0.0,0.0,5,-0.2037504070249887,0,-7.93,-7930,-9.001,-9001,-4.882,-4882,-58.872,-58872,80.29,active,negative,80.29,8.21,reversing_positive,8.21,8.21,-0.012256568778979907,-0.20456818181818182,-0.02838372093023256,-0.20441666666666666,3.0,5,1,-80.29,False,0.0,0.6066734074823055,0.7085020242914908,0.00046732216775202673,61.54,-2.8464126095660847,-7.104235333267672,56.32,0.00046732216775202673,-2.8464126095660847,True,-0.995024875621886,0.7085020242914908,0.5050505050504972,-0.995492197789638,3.5549146338575754,7.609285838318169,0,0.0,0,0.0,0,0.0,0,0.0,0,0.0,0,,inactive,zero,,51.76,inactive,51.76,51.76,0.0,0.0,0.0,0.0,0.0,0,0,0.0
5489,彩富,其他電子,2026-08-10,excluded,0,5,359,216,200,39.2,37.24,-1.96,"[28000, 18000, 13000, -7000, 22000]","[0, 0, 0, 0, 0]",True,,split,0.89,890,0.0,0,0.0,0,3.5,12.5,5.0,5.0,6.0,3.5,5.0,Q2,unconfirmed_accumulation,7.74,7.74,8.7,5,0.19205775952490894,1,125.0,125000,22.0,22000,28.0,28000,74.0,74000,77.42,active,positive,77.42,86.96,accelerating,86.96,86.96,0.12794268167860798,0.19469026548672566,0.12903225806451613,0.19121447028423771,5.0,7,4,77.42,False,2.400960384153672,0.2350176263219872,4.024390243902443,-22.295874708685183,5.35,0.46947561004486715,-1.7780203296333008,69.75,-22.295874708685183,0.46947561004486715,True,-23.29136690647482,4.024390243902443,5.831265508684869,-0.995492197789638,3.5549146338575754,7.609285838318169,0,0.0,0,0.0,0,0.0,0,0.0,0,0.0,0,,inactive,zero,,51.76,inactive,51.76,51.76,0.0,0.0,0.0,0.0,0.0,0,0,0.0
5490,同亨,電腦週邊,2026-08-10,excluded,0,0,727,471,753,10.5,0.0,-10.5,"[-848942, -759115, 483008, -455818, 327151]","[0, 0, 0, 0, 0]",True,,split,0.894,894,6.0,6000,0.0,0,1.0,0.0,-5.0,-5.0,6.0,3.5,0.0,Q4,confirmed_distribution,0.0,0.0,0.0,5,-0.08598335059157161,1,-6.573,-6573,327.151,327151,354.341,354341,-1253.716,-1253716,47.78,active,negative,47.78,23.47,accelerating,23.47,23.47,-0.00022956831517183571,0.282513816925734,0.05729964424320828,-0.0859769578932931,-5.0,7,2,-47.78,False,2.28013029315961,-1.8750000000000044,-11.299435028248583,6.188122013535013,87.74,-14.85434966210616,4.1344864036747095,81.1,6.188122013535013,-14.85434966210616,True,5.192629815745375,-11.299435028248583,11.743772241992879,-0.995492197789638,3.5549146338575754,7.609285838318169,0,0.0,0,0.0,0,0.0,0,0.0,0,0.0,0,,inactive,zero,,51.76,inactive,51.76,51.76,0.0,0.0,0.0,0.0,0.0,0,0,0.0
5498,凱崴,電子零組件,2026-08-10,excluded,0,5,360,454,441,18.59,13.0,-5.59,"[-1663, 48000, 62215, -403000, 324000]","[0, 0, 0, 0, 0]",True,,split,7.03,7030,-1.0,-1000,0.0,0,3.5,0.86,0.0,0.0,1.0,3.5,5.0,Q2,unconfirmed_accumulation,0.14,0.14,4.73,5,0.005177231316835252,1,2074.983,2074983,324.0,324000,-16.785,-16785,29.552,29552,1.44,active,positive,1.44,47.33,reversing_negative,47.33,47.33,0.10457529482915029,0.19194312796208532,-0.003123371790100484,0.003437478190066302,0.0,7,3,1.44,False,4.329896907216502,6.190975865687309,13.707865168539325,-11.9132857712293,15.78,10.15295053468175,-39.68982275106985,3.65,-11.9132857712293,10.15295053468175,True,-12.908777969018937,13.707865168539325,-32.080536912751676,-0.995492197789638,3.5549146338575754,7.609285838318169,0,0.0,0,0.0,0,0.0,0,0.0,0,0.0,0,,inactive,zero,,51.76,inactive,51.76,51.76,0.0,0.0,0.0,0.0,0.0,0,0,0.0
5508,永信建,建材營建,2026-08-10,excluded,0,7,115,186,167,40.75,39.56,-1.19,"[36000, 60000, 116021, 258786, 166000]","[0, 0, 0, 0, 0]",True,,split,0.715,715,0.0,0,0.0,0,3.5,12.5,5.0,5.0,6.0,4.0,5.0,Q2,unconfirmed_accumulation,9.56,9.56,9.75,5,0.37699828169127014,5,646.985,646985,166.0,166000,540.807,540807,636.807,636807,95.56,active,positive,95.56,97.52,accelerating,97.52,97.52,0.1547440803635494,0.4955223880597015,0.4650103181427343,0.37349384164222876,5.0,8,5,95.56,False,2.242990654205612,6.627680311890849,7.8895463510848085,-2.7016909008019008,44.72,4.334631717227233,5.407243087301672,82.66,-2.7016909008019008,4.334631717227233,True,-3.697183098591539,7.8895463510848085,13.016528925619841,-0.995492197789638,3.5549146338575754,7.609285838318169,0,0.0,0,0.0,0,0.0,0,0.0,0,0.0,0,,inactive,zero,,51.76,inactive,51.76,51.76,0.0,0.0,0.0,0.0,0.0,0,0,0.0
5512,力麒,建材營建,2026-08-10,excluded,0,5,361,96,93,56.88,53.87,-3.01,"[-45000, -154801, -2000, 201200, 228000]","[0, 0, 0, 0, 0]",True,,split,1.101,1101,0.0,0,0.0,0,3.5,12.5,5.0,5.0,6.0,2.5,25.0,Q1,confirmed_accumulation,5.37,5.37,7.38,5,0.10243647990021902,2,470.562,470562,228.0,228000,427.2,427200,227.399,227399,53.66,active,positive,53.66,73.79,accelerating,73.79,73.79,0.07082510535821794,0.4245810055865922,0.32861538461538464,0.10061902654867257,5.0,5,2,53.66,False,1.1658031088082943,1.958224543080922,1.958224543080922,0.6128391365651464,65.45,-1.5966900907766535,6.739176826396309,83.83,0.6128391365651464,-1.5966900907766535,True,-0.3826530612244916,1.958224543080922,14.348462664714479,-0.995492197789638,3.5549146338575754,7.609285838318169,0,0.0,0,0.0,0,0.0,0,0.0,0,0.0,0,,inactive,zero,,51.76,inactive,51.76,51.76,0.0,0.0,0.0,0.0,0.0,0,0,0.0
5519,隆大,建材營建,2026-08-10,excluded,0,0,728,610,519,7.0,6.0,-1.0,"[-12000, -240000, -48000, 66000, 27000]","[0, 0, 0, 0, 0]",True,,split,0.0,0,-14.548,-14548,0.0,0,0.0,0.0,3.0,3.0,4.0,3.0,0.0,Q4,confirmed_distribution,0.0,0.0,0.0,5,-0.19536698091985522,2,219.0,219000,27.0,27000,45.0,45000,-207.0,-207000,78.98,active,negative,78.98,9.0,reversing_positive,9.0,9.0,0.07735782409042741,0.10714285714285714,0.07352941176470588,-0.19639468690702086,3.0,6,2,-78.98,False,-0.3577817531305816,0.3603603603603567,-0.5357142857142838,-2.637725795289936,44.85,-4.090628919571859,-20.849161227726263,20.73,-2.637725795289936,-4.090628919571859,True,-3.633217993079574,-0.5357142857142838,-13.239875389408095,-0.995492197789638,3.5549146338575754,7.609285838318169,0,0.0,0,0.0,0,0.0,0,0.0,0,0.0,0,,inactive,zero,,51.76,inactive,51.76,51.76,0.0,0.0,0.0,0.0,0.0,0,0,0.0
5525,順天,建材營建,2026-08-10,excluded,0,0,729,518,479,8.0,7.0,-1.0,"[6000, -22000, -107000, 16000, 2000]","[0, 0, 0, 0, 0]",True,,split,0.0,0,2.0,2000,0.0,0,1.0,0.0,3.0,3.0,4.0,3.0,0.0,Q4,confirmed_distribution,0.0,0.0,0.0,5,-0.12413118675847801,2,51.6,51600,2.0,2000,-89.0,-89000,-105.0,-105000,63.19,active,negative,63.19,16.17,reversing_positive,16.17,16.17,0.03453815261044177,0.03278688524590164,-0.22139303482587064,-0.12742718446601942,3.0,6,3,-63.19,False,0.0,-5.161290322580648,-4.338394793926248,0.31981652211396927,63.89,-7.893309427783824,-11.739720620926864,40.42,0.31981652211396927,-7.893309427783824,True,-0.6756756756756688,-4.338394793926248,-4.130434782608694,-0.995492197789638,3.5549146338575754,7.609285838318169,0,0.0,0,0.0,0,0.0,0,0.0,0,0.0,0,,inactive,zero,,51.76,inactive,51.76,51.76,0.0,0.0,0.0,0.0,0.0,0,0,0.0
5529,鉅陞,建材營建,2026-08-10,excluded,0,5,362,68,58,58.92,57.16,-1.76,"[17000, 8000, -11000, 32000, 70000]","[0, 0, 0, 0, 0]",True,,split,0.03,30,0.0,0,0.0,0,3.5,12.5,5.0,5.0,6.0,3.0,25.0,Q1,confirmed_accumulation,8.16,8.16,8.92,5,0.21484630335877267,2,128.99,128990,70.0,70000,91.0,91000,116.0,116000,81.59,active,positive,81.59,89.18,accelerating,89.18,89.18,0.18400855920114123,0.3349282296650718,0.20681818181818182,0.2144177449168207,5.0,6,4,81.59,False,0.9411764705882231,-0.23255813953488857,1.4184397163120588,2.1747374808085085,74.71,-2.1364749175455167,-6.190846122006111,59.84,2.1747374808085085,-2.1364749175455167,True,1.1792452830188704,1.4184397163120588,1.4184397163120588,-0.995492197789638,3.5549146338575754,7.609285838318169,0,0.0,0,0.0,0,0.0,0,0.0,0,0.0,0,,inactive,zero,,51.76,inactive,51.76,51.76,0.0,0.0,0.0,0.0,0.0,0,0,0.0
5531,鄉林,建材營建,2026-08-10,excluded,0,0,730,553,754,7.5,0.0,-7.5,"[-5000, -39000, -248000, 21000, -686000]","[0, 0, 0, 0, 0]",True,,split,0.0,0,-40.0,-40000,0.0,0,0.0,0.0,-3.5,-3.5,4.5,3.0,0.0,Q4,confirmed_distribution,0.0,0.0,0.0,5,-0.38820832090665075,0,3.1,3100,-686.0,-686000,-913.0,-913000,-957.0,-957000,96.08,active,negative,96.08,1.83,stable,1.83,1.83,0.0005870100359780345,-0.6964467005076143,-0.5005482456140351,-0.3909313725490196,-3.5,6,1,-96.08,False,-1.5564202334630406,-2.4421593830334265,-3.3121019108280247,-3.532809689002814,41.46,-6.8670165446856,-13.55724122865275,35.33,-3.532809689002814,-6.8670165446856,True,-4.528301886792452,-3.3121019108280247,-5.947955390334581,-0.995492197789638,3.5549146338575754,7.609285838318169,0,0.0,0,0.0,0,0.0,0,0.0,0,0.0,0,,inactive,zero,,51.76,inactive,51.76,51.76,0.0,0.0,0.0,0.0,0.0,0,0,0.0
5533,皇鼎,建材營建,2026-08-10,excluded,0,0,731,695,565,6.0,5.0,-1.0,"[-30000, -6000, -77000, 73000, -4000]","[0, 0, 0, 0, 0]",True,,split,0.0,0,-11.0,-11000,0.0,0,0.0,0.0,3.0,3.0,4.0,2.0,0.0,Q4,confirmed_distribution,0.0,0.0,0.0,5,-0.052350508343230656,0,106.0,106000,-4.0,-4000,-8.0,-8000,-44.0,-44000,28.46,active,negative,28.46,32.33,reversing_positive,32.33,32.33,0.06515058389674247,-0.023668639053254437,-0.01263823064770932,-0.05170387779083431,3.0,4,1,-28.46,False,0.7194244604316502,0.35842293906811484,0.0,4.316525408121741,82.92,-3.5549146338575754,-7.250862899250055,55.93,4.316525408121741,-3.5549146338575754,True,3.3210332103321027,0.0,0.35842293906811484,-0.995492197789638,3.5549146338575754,7.609285838318169,0,0.0,0,0.0,0,0.0,0,0.0,0,0.0,0,,inactive,zero,,51.76,inactive,51.76,51.76,0.0,0.0,0.0,0.0,0.0,0,0,0.0
5538,東明-KY,鋼鐵工業,2026-08-10,excluded,0,5,363,117,111,55.3,51.91,-3.39,"[11000, 8000, 10000, 96000, -9000]","[0, 0, 0, 0, 0]",True,,split,0.0,0,-9.0,-9000,0.0,0,3.5,12.5,1.75,1.75,2.75,4.5,25.0,Q1,confirmed_accumulation,4.66,4.66,7.05,5,0.08324707515672368,0,162.5,162500,-9.0,-9000,97.0,97000,116.0,116000,46.61,active,positive,46.61,70.53,decelerating,70.53,70.53,0.10620915032679738,-0.060810810810810814,0.07309721175584025,0.0838150289017341,1.75,9,4,46.61,False,0.0,3.96475770925111,3.96475770925111,7.461657611323458,89.7,0.4098430753935345,-3.1845070772562156,67.54,7.461657611323458,0.4098430753935345,True,6.46616541353382,3.96475770925111,4.424778761061954,-0.995492197789638,3.5549146338575754,7.609285838318169,0,0.0,0,0.0,0,0.0,0,0.0,0,0.0,0,,inactive,zero,,51.76,inactive,51.76,51.76,0.0,0.0,0.0,0.0,0.0,0,0,0.0
5546,永固-KY,建材營建,2026-08-10,excluded,0,0,732,748,616,4.5,1.5,-3.0,"[-5000, 0, -2000, -6000, 1000]","[0, 0, 0, 0, 0]",True,,split,0.0,0,-8.0,-8000,0.0,0,0.0,0.0,-1.0,-1.0,2.0,2.5,0.0,Q4,confirmed_distribution,0.0,0.0,0.0,4,-0.0942156251770438,1,16.005,16005,1.0,1000,-7.0,-7000,-12.0,-12000,51.04,active,negative,51.04,21.25,neutral,21.25,21.25,0.05080952380952381,0.5,-0.07142857142857142,-0.09375,-1.0,5,1,-51.04,False,0.7142857142857117,3.6764705882353033,4.444444444444451,-13.808133179853877,12.78,0.8895298105868754,-19.208031919822865,23.47,-13.808133179853877,0.8895298105868754,True,-14.803625377643515,4.444444444444451,-11.598746081504697,-0.995492197789638,3.5549146338575754,7.609285838318169,0,0.0,0,0.0,0,0.0,0,0.0,0,0.0,0,,inactive,zero,,51.76,inactive,51.76,51.76,0.0,0.0,0.0,0.0,0.0,0,0,0.0
5547,久舜,建材營建,2026-08-10,excluded,0,5,364,336,333,33.32,28.89,-4.43,"[-1000, 2000, -1000, 1000, 3000]","[0, 0, 0, 0, 0]",True,,split,0.0,0,0.0,0,0.0,0,3.5,10.0,5.0,5.0,6.0,3.0,5.0,Q2,unconfirmed_accumulation,2.39,2.39,5.82,5,0.03997766327385334,2,18.0,18000,3.0,3000,3.0,3000,4.0,4000,23.89,active,positive,23.89,58.15,accelerating,58.15,58.15,0.06923076923076923,0.0967741935483871,0.05,0.04,5.0,6,3,23.89,False,1.025641025641022,-0.5050505050505083,0.0,-1.4797553269628394,51.5,-3.5549146338575754,-15.337623074852136,31.29,-1.4797553269628394,-3.5549146338575754,True,-2.4752475247524774,0.0,-7.728337236533966,-0.995492197789638,3.5549146338575754,7.609285838318169,0,0.0,0,0.0,0,0.0,0,0.0,0,0.0,0,,inactive,zero,,51.76,inactive,51.76,51.76,0.0,0.0,0.0,0.0,0.0,0,0,0.0
5604,中連,其他,2026-08-10,excluded,0,5,365,113,114,55.55,51.64,-3.91,"[0, 0, -1000, 0, 4000]","[0, 0, 0, 0, 0]",True,,mixed,0.0,0,0.0,0,0.0,0,3.5,12.5,5.0,5.0,6.0,2.0,25.0,Q1,confirmed_accumulation,3.64,3.64,6.55,2,0.06681318681318682,1,20.0,20000,4.0,4000,3.0,3000,3.0,3000,36.36,active,positive,36.36,65.45,accelerating,65.45,65.45,0.08658008658008658,0.25,0.1111111111111111,0.06666666666666667,5.0,4,1,36.36,False,-0.3278688524590234,1.1647254575707144,0.9966777408637828,0.018293500721233702,61.93,-2.5582368929937926,-12.460616041761053,38.07,0.018293500721233702,-2.5582368929937926,True,-0.9771986970684043,0.9966777408637828,-4.851330203442883,-0.995492197789638,3.5549146338575754,7.609285838318169,0,0.0,0,0.0,0,0.0,0,0.0,0,0.0,0,,inactive,zero,,51.76,inactive,51.76,51.76,0.0,0.0,0.0,0.0,0.0,0,0,0.0
5608,四維航,航運業,2026-08-10,excluded,0,5,366,213,196,39.33,37.48,-1.85,"[131575, -112109, 111000, -68428, 1194000]","[0, 0, 0, 0, 0]",True,,split,0.0,0,-7.0,-7000,0.0,0,3.5,12.5,5.0,5.0,6.0,3.5,5.0,Q2,unconfirmed_accumulation,7.98,7.98,8.83,5,0.20787159863344942,1,1970.698,1970698,1194.0,1194000,1236.572,1236572,1256.038,1256038,79.77,active,positive,79.77,88.27,accelerating,88.27,88.27,0.14821735860409146,0.4282639885222382,0.28564841764841764,0.20154653401797176,5.0,7,3,79.77,False,6.41509433962264,6.41509433962264,6.818181818181812,-1.4266531309300778,52.02,3.2632671843242367,-11.033943372564748,42.24,-1.4266531309300778,3.2632671843242367,True,-2.422145328719716,6.818181818181812,-3.424657534246578,-0.995492197789638,3.5549146338575754,7.609285838318169,0,0.0,0,0.0,0,0.0,0,0.0,0,0.0,0,,inactive,zero,,51.76,inactive,51.76,51.76,0.0,0.0,0.0,0.0,0.0,0,0,0.0
5609,中菲行,航運業,2026-08-10,excluded,0,7,116,110,92,55.88,53.91,-1.97,"[-23000, 5190, 71000, 54000, 34933]","[0, 0, 0, 0, 0]",True,,split,-0.59,-590,-9.426,-9426,0.0,0,3.5,12.5,1.75,1.75,2.75,3.5,25.0,Q1,confirmed_accumulation,7.66,7.66,8.63,5,0.18973464245842087,4,303.104,303104,34.933,34933,159.933,159933,142.123,142123,76.63,active,positive,76.63,86.31,decelerating,86.31,86.31,0.1824828416616496,0.2935546218487395,0.3772004716981132,0.1884920424403183,1.75,7,4,76.63,False,0.5063291139240533,1.6645326504481472,1.7948717948718107,1.8849458191365298,72.62,-1.7600428389857647,-8.730082849526132,50.07,1.8849458191365298,-1.7600428389857647,True,0.8894536213468918,1.7948717948718107,-1.1207970112079635,-0.995492197789638,3.5549146338575754,7.609285838318169,0,0.0,0,0.0,0,0.0,0,0.0,0,0.0,0,,inactive,zero,,51.76,inactive,51.76,51.76,0.0,0.0,0.0,0.0,0.0,0,0,0.0
5704,老爺知,觀光餐旅,2026-08-10,excluded,0,0,733,719,571,5.5,4.5,-1.0,"[-2000, -1000, -2000, 0, 4000]","[0, 0, 0, 0, 0]",True,,mixed,0.407,407,0.0,0,0.0,0,0.0,0.0,3.0,3.0,4.0,1.5,0.0,Q4,confirmed_distribution,0.0,0.0,0.0,4,-0.02209051724137931,1,-2.0,-2000,4.0,4000,2.0,2000,-1.0,-1000,13.77,active,negative,13.77,39.57,reversing_positive,39.57,39.57,-0.01639344262295082,0.25,0.08,-0.02127659574468085,3.0,3,1,-13.77,False,0.0,-1.1441647597253968,-0.4608294930875445,1.4606084768594152,70.53,-4.01574412694512,-6.438325650964538,59.19,1.4606084768594152,-4.01574412694512,True,0.46511627906977715,-0.4608294930875445,1.1709601873536313,-0.995492197789638,3.5549146338575754,7.609285838318169,0,0.0,0,0.0,0,0.0,0,0.0,0,0.0,0,,inactive,zero,,51.76,inactive,51.76,51.76,0.0,0.0,0.0,0.0,0.0,0,0,0.0
5706,鳳凰,觀光餐旅,2026-08-10,excluded,0,0,734,696,566,6.0,5.0,-1.0,"[-97000, -36600, -16000, 51000, 11000]","[0, 0, 0, 0, 0]",True,,split,0.0,0,-9.246,-9246,0.0,0,0.0,0.0,3.0,3.0,4.0,2.0,0.0,Q4,confirmed_distribution,0.0,0.0,0.0,5,-0.09119411608664528,2,-70.63,-70630,11.0,11000,46.0,46000,-87.6,-87600,51.7,active,negative,51.7,20.73,reversing_positive,20.73,20.73,-0.03570778564206269,0.10679611650485436,0.09406952965235174,-0.09460043196544277,3.0,4,2,-51.7,False,0.5512679162072764,3.754266211604085,3.28425821064553,-2.086335644930859,47.33,-0.27065642321204564,-16.953222220027907,27.64,-2.086335644930859,-0.27065642321204564,True,-3.081827842720497,3.28425821064553,-9.343936381709739,-0.995492197789638,3.5549146338575754,7.609285838318169,0,0.0,0,0.0,0,0.0,0,0.0,0,0.0,0,,inactive,zero,,51.76,inactive,51.76,51.76,0.0,0.0,0.0,0.0,0.0,0,0,0.0
5871,中租-KY,其他,2026-08-10,excluded,0,0,735,479,637,9.5,0.5,-9.0,"[-155310, 334797, -3954910, -281175, -1691099]","[-478000, 25000, -570000, -13000, 12000]",True,,split,-181.329,-181329,-74.781,-74781,0.0,0,0.0,0.0,-4.5,-4.5,4.5,5.0,0.0,Q4,confirmed_distribution,0.0,0.0,0.0,5,-0.2186604912047793,0,10419.158,10419158,-1691.099,-1691099,-5927.184,-5927184,-5747.697,-5747697,82.25,active,negative,82.25,7.3,stable,7.3,7.3,0.13093506754633993,-0.2961125897391,-0.3808509927391891,-0.2210992845053085,-3.5,6,1,-82.25,False,0.0,-2.67857142857143,-3.539823008849563,-5.442276042553706,35.72,-7.0947376427071385,-6.683359912392239,58.02,-5.442276042553706,-7.0947376427071385,True,-6.4377682403433445,-3.539823008849563,0.92592592592593,-0.995492197789638,3.5549146338575754,7.609285838318169,5,-0.039385819344245114,1,-625.076,-625076,12.0,12000,-571.0,-571000,-1024.0,-1024000,82.67,active,negative,82.67,2.48,neutral,2.48,2.48,-0.007855180647188187,0.0021012081947119595,-0.036689584270384885,-0.0393906754885367,-1.0,4,2,-82.67
5876,上海商銀,金融保險,2026-08-10,other_watch,38,7,117,164,152,44.66,43.29,-1.37,"[2551648, -176883, 1142341, 331631, 904051]","[-1323000, 279000, -1395000, 320000, 221000]",True,,split,-638.891,-638891,-1150.458,-1150458,0.0,0,3.5,12.5,8.0,8.0,8.0,7.5,5.0,Q2,unconfirmed_accumulation,6.79,6.79,8.16,5,0.14153801914179476,3,40591.028,40591028,904.051,904051,2378.023,2378023,4752.788,4752788,67.89,active,positive,67.89,81.62,accelerating,81.62,81.62,0.3703121710016148,0.13123109304688635,0.12709224520335632,0.14140573026687692,5.0,9,4,67.89,False,-0.23014959723820505,-1.812004530011324,-2.911534154535267,-0.8165123322216861,55.28,-6.466448788392842,-0.04104762491865532,73.4,-0.8165123322216861,-6.466448788392842,True,-1.812004530011324,-2.911534154535267,7.568238213399514,-0.995492197789638,3.5549146338575754,7.609285838318169,5,-0.056607570555996044,2,-3316.0,-3316000,221.0,221000,-854.0,-854000,-1898.0,-1898000,87.62,active,negative,87.62,1.83,reversing_positive,1.83,1.83,-0.030251886181383594,0.03208012773987516,-0.04564160119715675,-0.056469608163993934,3.0,6,3,-87.62
5878,台名,金融保險,2026-08-10,excluded,0,0,736,767,638,2.5,0.5,-2.0,"[0, 0, 0, 0, 0]","[0, 0, 0, 0, 0]",True,,split,0.0,0,0.0,0,0.0,0,0.0,0.0,0.0,0.0,2.0,0.5,0.0,,neutral,0.0,0.0,0.0,0,0.0,0,2.0,2000,0.0,0,0.0,0,0.0,0,,inactive,zero,,46.41,inactive,46.41,46.41,0.03278688524590164,0.0,0.0,0.0,0.0,1,0,0.0,False,0.13089005235600304,0.13089005235600304,-0.390625,-0.29483038285552654,59.13,-3.9455396338575754,-13.628941857974198,35.07,-0.29483038285552654,-3.9455396338575754,True,-1.2903225806451646,-0.390625,-6.019656019656027,-0.995492197789638,3.5549146338575754,7.609285838318169,0,0.0,0,0.0,0,0.0,0,0.0,0,0.0,0,,inactive,zero,,51.76,inactive,51.76,51.76,0.0,0.0,0.0,0.0,0.0,0,0,0.0
5880,合庫金,金融保險,2026-08-10,excluded,0,3,435,317,364,34.78,25.2,-9.58,"[-5278184, -725397, -8161657, 3220840, -13969755]","[1824000, -24651, 519000, 0, 503783]",True,,split,-220.899,-220899,72.523,72523,0.0,0,4.5,5.62,1.5,1.5,8.5,6.5,0.0,Q4,confirmed_distribution,7.08,7.08,9.66,5,-0.1977554376101509,0,56913.596,56913596,-13969.755,-13969755,-18910.572,-18910572,-24914.153,-24914153,79.37,active,negative,79.37,8.87,stable,8.87,8.87,0.16880693574411543,-0.4332647396334088,-0.2538979337012124,-0.19855237131312808,-3.5,5,1,-79.37,False,-0.3816793893129722,-1.8796992481203034,-2.9739776951672736,4.566920769218219,83.96,-6.528892329024849,7.115988886956571,84.09,4.566920769218219,-6.528892329024849,True,3.571428571428581,-2.9739776951672736,14.72527472527474,-0.995492197789638,3.5549146338575754,7.609285838318169,4,0.02256264724091288,1,9704.646,9704646,503.783,503783,1022.783,1022783,2822.132,2822132,70.79,active,positive,70.79,96.61,accelerating,96.61,96.61,0.028784186361047837,0.015624569674037775,0.013732133027214995,0.02249087098239546,5.0,8,3,70.79
5903,全家,38,2026-08-10,excluded,0,0,737,697,755,6.0,0.0,-6.0,"[-28390, -31800, -7000, -6000, -3026]","[-2000, 0, 0, 0, 0]",True,,split,0.0,0,-1.027,-1027,0.0,0,0.0,0.0,-4.5,-4.5,4.5,1.5,0.0,Q4,confirmed_distribution,0.0,0.0,0.0,5,-0.2723739554384514,0,-32.832,-32832,-3.026,-3026,-16.026,-16026,-76.216,-76216,88.9,active,negative,88.9,5.35,stable,5.35,5.35,-0.07761702127659574,-0.10434482758620689,-0.18634883720930231,-0.2722,-3.5,3,0,-88.9,False,0.8174386920980936,0.5434782608695565,-2.1164021164021163,-0.33784113554369277,58.8,-5.671316750259692,-9.725687954720286,46.41,-0.33784113554369277,-5.671316750259692,True,-1.3333333333333308,-2.1164021164021163,-2.1164021164021163,-0.995492197789638,3.5549146338575754,7.609285838318169,1,-0.007269859891721399,0,-5.0,-5000,0.0,0,0.0,0,-2.0,-2000,48.51,active,negative,48.51,7.3,neutral,7.3,7.3,-0.01182033096926714,0.0,0.0,-0.007142857142857143,-1.0,0,0,-48.51
5906,台南-KY,貿易百貨,2026-08-10,excluded,0,7,118,293,243,36.24,35.24,-1.0,"[1000, 0, 4000, 0, 1000]","[0, 0, 0, 0, 0]",True,,mixed,0.0,0,-1.0,-1000,0.0,0,3.5,12.5,1.75,1.75,2.75,2.5,5.0,Q2,unconfirmed_accumulation,9.99,9.99,9.99,3,0.6043956043956044,1,9.6,9600,1.0,1000,5.0,5000,6.0,6000,99.87,active,positive,99.87,99.87,decelerating,99.87,99.87,0.26666666666666666,0.5,0.8333333333333334,0.6,1.75,5,3,99.87,False,0.0,5.714285714285716,-1.3333333333333308,8.100755355684386,90.87,-4.888247967190907,-22.817619171651494,17.08,8.100755355684386,-4.888247967190907,True,7.105263157894748,-1.3333333333333308,-15.208333333333323,-0.995492197789638,3.5549146338575754,7.609285838318169,0,0.0,0,0.0,0,0.0,0,0.0,0,0.0,0,,inactive,zero,,51.76,inactive,51.76,51.76,0.0,0.0,0.0,0.0,0.0,0,0,0.0
6023,元大期,金融保險,2026-08-10,excluded,0,5,367,292,347,36.29,27.22,-9.07,"[156935, 176707, -101882, 30013, -12400]","[-119000, 0, 0, 0, -39300]",True,,split,0.0,0,0.0,0,0.0,0,3.5,12.5,-2.5,-2.5,4.5,3.5,5.0,Q2,unconfirmed_accumulation,5.22,5.22,7.29,5,0.097404118525427,0,928.16,928160,-12.4,-12400,-84.269,-84269,249.373,249373,52.22,active,positive,52.22,72.88,neutral,72.88,72.88,0.1465824384080859,-0.01753889674681754,-0.053402408111533586,0.09737329168293635,1.0,7,3,52.22,False,-0.34602076124566894,-1.4823261117445807,2.007083825265643,-16.718793516496067,9.65,-1.5478308085919323,-20.336558565590888,21.38,-16.718793516496067,-1.5478308085919323,True,-17.714285714285705,2.007083825265643,-12.72727272727272,-0.995492197789638,3.5549146338575754,7.609285838318169,2,-0.061253019937790525,0,-317.3,-317300,-39.3,-39300,-39.3,-39300,-158.3,-158300,89.11,active,negative,89.11,1.56,stable,1.56,1.56,-0.05011054958938724,-0.05558698727015559,-0.024904942965779466,-0.06181179226864506,-3.5,0,0,-89.11
6024,群益期,金融保險,2026-08-10,excluded,0,5,368,223,231,38.77,35.86,-2.91,"[-79462, 218875, -51881, 107982, 255287]","[0, -1000, 0, 0, 0]",True,,split,0.0,0,-6.0,-6000,0.0,0,3.5,12.5,4.0,4.0,6.0,3.0,5.0,Q2,unconfirmed_accumulation,7.86,7.86,8.77,5,0.19939886109442675,2,504.144,504144,255.287,255287,311.388,311388,450.801,450801,78.59,active,positive,78.59,87.74,accelerating,87.74,87.74,0.06492517707662589,0.3482769440654843,0.2463512658227848,0.19498313148788926,5.0,5,3,78.59,False,3.6727879799666185,4.020100502512558,6.5180102915952,-1.6690846047181962,49.67,2.9630956577376244,2.3022185864606035,77.97,-1.6690846047181962,2.9630956577376244,True,-2.6645768025078342,6.5180102915952,9.911504424778773,-0.995492197789638,3.5549146338575754,7.609285838318169,1,-0.00042995233794685875,0,1.0,1000,0.0,0,0.0,0,-1.0,-1000,12.87,active,negative,12.87,13.3,neutral,13.3,13.3,0.000128783000643915,0.0,0.0,-0.00043252595155709344,-1.0,1,0,-12.87
6103,合邦,半導體業,2026-08-10,excluded,0,5,369,346,331,32.09,29.08,-3.01,"[0, 0, 1000, 0, 0]","[0, 0, 0, 0, 0]",True,,split,0.0,0,0.0,0,0.0,0,3.5,12.5,1.75,1.75,2.75,1.0,5.0,Q2,unconfirmed_accumulation,5.33,5.33,7.34,1,0.10113141862489121,0,2.0,2000,0.0,0,1.0,1000,1.0,1000,53.26,active,positive,53.26,73.4,decelerating,73.4,73.4,0.046511627906976744,0.0,0.14285714285714285,0.1,1.75,2,1,53.26,False,-0.17513134851138146,0.0,0.35211267605634866,-7.364636419573712,27.25,-3.202801957801227,-41.560618399152474,2.61,-7.364636419573712,-3.202801957801227,True,-8.36012861736335,0.35211267605634866,-33.9513325608343,-0.995492197789638,3.5549146338575754,7.609285838318169,0,0.0,0,0.0,0,0.0,0,0.0,0,0.0,0,,inactive,zero,,51.76,inactive,51.76,51.76,0.0,0.0,0.0,0.0,0.0,0,0,0.0
6104,創惟,半導體業,2026-08-10,excluded,0,7,119,175,163,42.23,40.02,-2.21,"[155000, 278000, 74000, 99000, 155048]","[0, 0, 0, -50000, 0]",True,,split,-0.872,-872,-1.0,-1000,0.0,0,3.5,12.5,4.0,4.0,6.0,5.5,5.0,Q2,unconfirmed_accumulation,9.52,9.52,9.73,5,0.35604710926519667,8,1092.767,1092767,155.048,155048,328.048,328048,761.048,761048,95.17,active,positive,95.17,97.26,accelerating,97.26,97.26,0.1827980930076949,0.3718177458033573,0.2882671353251318,0.35579616643291256,5.0,9,5,95.17,False,1.6129032258064502,0.31847133757960666,2.2727272727272707,-5.901059526348297,34.42,-1.2821873611303047,-12.05822415985508,39.11,-5.901059526348297,-1.2821873611303047,True,-6.896551724137934,2.2727272727272707,-4.448938321536911,-0.995492197789638,3.5549146338575754,7.609285838318169,1,-0.023118122669233358,0,3.0,3000,0.0,0,-50.0,-50000,-50.0,-50000,71.78,active,negative,71.78,4.17,neutral,4.17,4.17,0.0005018400802944129,0.0,-0.043936731107205626,-0.02337540906965872,-1.0,2,0,-71.78
6111,光聚晶電,文化創意,2026-08-10,excluded,0,5,370,272,259,37.21,34.04,-3.17,"[50000, -66950, 15000, -3000, 81000]","[0, 0, 0, 0, 0]",True,,split,-1.199,-1199,0.0,0,0.0,0,3.5,12.5,5.0,5.0,6.0,3.0,5.0,Q2,unconfirmed_accumulation,5.04,5.04,7.21,5,0.09401445387048704,1,175.325,175325,81.0,81000,93.0,93000,76.05,76050,50.39,active,positive,50.39,72.1,accelerating,72.1,72.1,0.09251978891820581,0.43315508021390375,0.2198581560283688,0.09285714285714286,5.0,6,3,50.39,False,1.3513513513513598,0.40160642570281624,-0.9247027741083214,-7.205242196335217,28.16,-4.479617407965897,-29.321185629549895,10.17,-7.205242196335217,-4.479617407965897,True,-8.200734394124854,-0.9247027741083214,-21.711899791231726,-0.995492197789638,3.5549146338575754,7.609285838318169,0,0.0,0,0.0,0,0.0,0,0.0,0,0.0,0,,inactive,zero,,51.76,inactive,51.76,51.76,0.0,0.0,0.0,0.0,0.0,0,0,0.0
6113,亞矽,電子通路,2026-08-10,excluded,0,0,738,731,603,5.0,2.0,-3.0,"[10000, -22000, -18000, -133000, 28000]","[0, 0, 0, 0, 0]",True,,split,0.65,650,-1.0,-1000,0.0,0,0.0,0.0,-1.0,-1.0,2.0,3.0,0.0,Q4,confirmed_distribution,0.0,0.0,0.0,5,-0.07889289341312254,1,-79.0,-79000,28.0,28000,-123.0,-123000,-135.0,-135000,43.99,active,negative,43.99,25.03,neutral,25.03,25.03,-0.03188054882970137,0.05894736842105263,-0.08151093439363817,-0.08011869436201781,-1.0,6,2,-43.99,False,3.177966101694918,8.463251670378625,12.993039443155464,-6.9440163088266065,29.73,9.43812480929789,-5.298361468570256,61.93,-6.9440163088266065,9.43812480929789,True,-7.939508506616244,12.993039443155464,2.310924369747913,-0.995492197789638,3.5549146338575754,7.609285838318169,0,0.0,0,0.0,0,0.0,0,0.0,0,0.0,0,,inactive,zero,,51.76,inactive,51.76,51.76,0.0,0.0,0.0,0.0,0.0,0,0,0.0
6114,久威,電子零組件,2026-08-10,excluded,0,0,739,611,756,7.0,0.0,-7.0,"[-1000, -5000, -4000, -11000, -3000]","[0, 0, 0, 0, 0]",True,,split,0.125,125,-2.0,-2000,0.0,0,0.0,0.0,-3.5,-3.5,4.5,2.5,0.0,Q4,confirmed_distribution,0.0,0.0,0.0,5,-0.21995944180930777,0,-8.0,-8000,-3.0,-3000,-18.0,-18000,-24.0,-24000,82.51,active,negative,82.51,7.17,stable,7.17,7.17,-0.0199501246882793,-0.2,-0.20454545454545456,-0.2222222222222222,-3.5,5,0,-82.51,False,-2.1857923497267673,4.271844660194191,4.069767441860472,-6.258393812573049,32.59,0.5148528080028969,-20.007328252673783,22.03,-6.258393812573049,0.5148528080028969,True,-7.253886010362686,4.069767441860472,-12.398042414355615,-0.995492197789638,3.5549146338575754,7.609285838318169,0,0.0,0,0.0,0,0.0,0,0.0,0,0.0,0,,inactive,zero,,51.76,inactive,51.76,51.76,0.0,0.0,0.0,0.0,0.0,0,0,0.0
6115,鎰勝,電子零組件,2026-08-10,excluded,0,7,120,302,275,35.63,33.56,-2.07,"[-12000, 31000, 14000, 101000, 5000]","[0, 0, 0, 0, 0]",True,,split,0.0,0,-10.0,-10000,0.0,0,3.5,12.5,1.75,1.75,2.75,3.5,5.0,Q2,unconfirmed_accumulation,7.31,7.31,8.38,5,0.16895708817406488,4,112.3,112300,5.0,5000,120.0,120000,139.0,139000,73.11,active,positive,73.11,83.83,decelerating,83.83,83.83,0.05901208617971624,0.05555555555555555,0.21201413427561838,0.16868932038834952,1.75,7,4,73.11,False,-0.1103752759381793,0.3325942350332456,0.0,-0.09740397707375115,60.23,-3.5549146338575754,-11.332690093637321,41.46,-0.09740397707375115,-3.5549146338575754,True,-1.0928961748633892,0.0,-3.7234042553191515,-0.995492197789638,3.5549146338575754,7.609285838318169,0,0.0,0,0.0,0,0.0,0,0.0,0,0.0,0,,inactive,zero,,51.76,inactive,51.76,51.76,0.0,0.0,0.0,0.0,0.0,0,0,0.0
6116,彩晶,光電業,2026-08-10,excluded,0,0,740,664,579,6.5,3.5,-3.0,"[1850604, 1548444, -9817285, -7842105, 4713923]","[0, 0, 0, 0, 0]",True,,split,362.097,362097,48.0,48000,0.0,0,1.0,0.0,-1.0,-1.0,2.0,3.5,0.0,Q4,confirmed_distribution,0.0,0.0,0.0,5,-0.03561711972256867,1,-5005.504,-5005504,4713.923,4713923,-12945.467,-12945467,-9546.419,-9546419,21.93,active,negative,21.93,35.2,neutral,35.2,35.2,-0.011269292076042613,0.061810592153571806,-0.06553041017671565,-0.03758121966294125,-1.0,7,3,-21.93,False,9.963099630996307,4.929577464788748,19.199999999999996,-9.245471657632054,22.43,15.645085366142421,35.6599449309126,96.35,-9.245471657632054,15.645085366142421,True,-10.240963855421692,19.199999999999996,43.269230769230774,-0.995492197789638,3.5549146338575754,7.609285838318169,0,0.0,0,0.0,0,0.0,0,0.0,0,0.0,0,,inactive,zero,,51.76,inactive,51.76,51.76,0.0,0.0,0.0,0.0,0.0,0,0,0.0
6118,建達,電子通路,2026-08-10,excluded,0,5,371,214,204,39.28,37.04,-2.24,"[9000, 57000, -3000, -2000, 12000]","[0, 0, 0, 0, 0]",True,,split,-0.3,-300,0.0,0,0.0,0,3.5,12.5,5.0,5.0,6.0,4.0,5.0,Q2,unconfirmed_accumulation,7.04,7.04,8.28,5,0.15230360955364447,1,370.0,370000,12.0,12000,7.0,7000,73.0,73000,70.37,active,positive,70.37,82.79,accelerating,82.79,82.79,0.20635805911879532,0.08450704225352113,0.028112449799196786,0.15208333333333332,5.0,8,3,70.37,False,0.0,-0.6369426751592355,-1.2658227848101333,-6.696815494518049,30.57,-4.820737418667709,-23.284961513993853,16.69,-6.696815494518049,-4.820737418667709,True,-7.692307692307687,-1.2658227848101333,-15.675675675675683,-0.995492197789638,3.5549146338575754,7.609285838318169,0,0.0,0,0.0,0,0.0,0,0.0,0,0.0,0,,inactive,zero,,51.76,inactive,51.76,51.76,0.0,0.0,0.0,0.0,0.0,0,0,0.0
6121,新普,電腦週邊,2026-08-10,excluded,0,7,121,161,146,45.87,45.78,-0.09,"[250611, 361334, 658406, 54285, 521851]","[-65000, 8939, -9000, -11701, 12200]",True,,split,7.541,7541,-24.829,-24829,0.0,0,3.5,12.5,8.0,8.0,8.0,7.0,5.0,Q2,unconfirmed_accumulation,9.78,9.78,9.87,5,0.44490614354739255,9,2873.997,2873997,521.851,521851,1234.542,1234542,1846.487,1846487,97.78,active,positive,97.78,98.7,accelerating,98.7,98.7,0.30103666073111973,0.4506485319516408,0.4399650748396294,0.4438670673076923,5.0,9,5,97.78,False,5.898123324396787,6.040268456375841,8.965517241379306,-0.13091581222287596,59.97,5.410602607521731,-1.569017381942328,70.14,-0.13091581222287596,5.410602607521731,True,-1.126408010012514,8.965517241379306,6.040268456375841,-0.995492197789638,3.5549146338575754,7.609285838318169,5,-0.014966665171486622,1,177.022,177022,12.2,12200,-8.501,-8501,-64.562,-64562,63.37,active,negative,63.37,5.22,reversing_positive,5.22,5.22,0.01854215984078768,0.010535405872193437,-0.0030295794725588025,-0.015519711538461538,3.0,5,2,-63.37
6123,上奇,資訊服務,2026-08-10,excluded,0,5,372,101,90,56.56,54.01,-2.55,"[-17000, -1000, -4000, -1000, 54000]","[0, 0, 0, 0, 0]",True,,split,-0.227,-227,0.0,0,0.0,0,3.5,12.5,5.0,5.0,6.0,1.5,25.0,Q1,confirmed_accumulation,6.51,6.51,8.06,5,0.13608550500772335,1,48.0,48000,54.0,54000,49.0,49000,31.0,31000,65.14,active,positive,65.14,80.57,accelerating,80.57,80.57,0.0933852140077821,0.4909090909090909,0.30246913580246915,0.13191489361702127,5.0,3,1,65.14,False,2.3668639053254337,2.4881516587677677,2.3668639053254337,4.71251857668652,84.62,-1.1880507285321418,-9.202004837180521,48.24,4.71251857668652,-1.1880507285321418,True,3.7170263788968816,2.3668639053254337,-1.5927189988623525,-0.995492197789638,3.5549146338575754,7.609285838318169,0,0.0,0,0.0,0,0.0,0,0.0,0,0.0,0,,inactive,zero,,51.76,inactive,51.76,51.76,0.0,0.0,0.0,0.0,0.0,0,0,0.0
6125,廣運,電機機械,2026-08-10,excluded,0,0,741,612,757,7.0,0.0,-7.0,"[132000, 39000, -15000, -255768, -11457]","[0, 0, 0, 0, 0]",True,,split,7.604,7604,0.0,0,0.0,0,0.0,0.0,-3.5,-3.5,4.5,2.5,0.0,Q4,confirmed_distribution,0.0,0.0,0.0,5,-0.03723291296712275,0,172.824,172824,-11.457,-11457,-282.225,-282225,-111.225,-111225,21.28,active,negative,21.28,35.59,stable,35.59,35.59,0.019484103720405863,-0.019517887563884156,-0.14399234693877552,-0.036006798316607316,-3.5,5,2,-21.28,False,1.2145748987854255,1.8329938900203624,7.526881720430101,-11.896493864928127,15.91,3.9719670865725254,-22.139200368232704,18.25,-11.896493864928127,3.9719670865725254,True,-12.891986062717764,7.526881720430101,-14.529914529914533,-0.995492197789638,3.5549146338575754,7.609285838318169,0,0.0,0,0.0,0,0.0,0,0.0,0,0.0,0,,inactive,zero,,51.76,inactive,51.76,51.76,0.0,0.0,0.0,0.0,0.0,0,0,0.0
6127,九豪,電子零組件,2026-08-10,excluded,0,5,373,377,370,28.84,24.43,-4.41,"[588761, 143113, 231965, -607779, 304000]","[0, 0, 0, 0, 0]",True,,split,31.074,31074,0.0,0,0.0,0,3.5,10.5,0.0,0.0,1.0,3.0,5.0,Q2,unconfirmed_accumulation,2.43,2.43,5.84,5,0.04323630983137315,1,1610.409,1610409,304.0,304000,-71.814,-71814,660.06,660060,24.28,active,positive,24.28,58.41,reversing_negative,58.41,58.41,0.04398342164199487,0.11471698113207547,-0.009466649090429739,0.04199389235271663,0.0,6,4,24.28,False,4.573804573804563,1.9250253292806496,4.248704663212433,-27.249871568258865,1.96,0.6937900293548571,-1.4911423784025546,70.27,-27.249871568258865,0.6937900293548571,True,-28.245363766048502,4.248704663212433,6.118143459915615,-0.995492197789638,3.5549146338575754,7.609285838318169,0,0.0,0,0.0,0,0.0,0,0.0,0,0.0,0,,inactive,zero,,51.76,inactive,51.76,51.76,0.0,0.0,0.0,0.0,0.0,0,0,0.0
6140,訊達,資訊服務,2026-08-10,excluded,0,7,122,199,183,40.05,38.38,-1.67,"[13000, -16000, 14000, 11000, 52000]","[0, 0, 0, 0, 0]",True,,split,-0.502,-502,0.0,0,0.0,0,3.5,12.5,5.0,5.0,6.0,4.0,5.0,Q2,unconfirmed_accumulation,8.38,8.38,9.05,5,0.2309587504711474,3,144.0,144000,52.0,52000,77.0,77000,74.0,74000,83.81,active,positive,83.81,90.48,accelerating,90.48,90.48,0.15254237288135594,0.6753246753246753,0.41621621621621624,0.22910216718266255,5.0,8,4,83.81,False,0.586510263929596,2.083333333333326,4.892966360856255,-9.21393188598001,22.56,1.3380517269986791,-22.28590275374107,18.12,-9.21393188598001,1.3380517269986791,True,-10.209424083769647,4.892966360856255,-14.676616915422901,-0.995492197789638,3.5549146338575754,7.609285838318169,0,0.0,0,0.0,0,0.0,0,0.0,0,0.0,0,,inactive,zero,,51.76,inactive,51.76,51.76,0.0,0.0,0.0,0.0,0.0,0,0,0.0
6146,耕興,其他電子,2026-08-10,excluded,0,0,742,485,461,9.0,9.0,0.0,"[-24090, 57779, -157000, -38519, 56798]","[0, -1040, 0, 568, 0]",True,,split,11.746,11746,-0.394,-394,0.0,0,0.0,0.0,6.0,6.0,6.0,3.0,0.0,Q4,confirmed_distribution,0.0,0.0,0.0,5,-0.07641649573150482,1,-245.982,-245982,56.798,56798,-138.721,-138721,-105.032,-105032,42.95,active,negative,42.95,25.55,reversing_positive,25.55,25.55,-0.06648162162162162,0.2448189655172414,-0.14556243441762853,-0.07820699925539837,3.0,4,2,-42.95,False,2.127659574468077,-1.0309278350515427,0.5235602094240788,-2.0348108325133896,47.46,-3.0313544244334967,-20.336558565590902,21.25,-2.0348108325133896,-3.0313544244334967,True,-3.0303030303030276,0.5235602094240788,-12.727272727272732,-0.995492197789638,3.5549146338575754,7.609285838318169,2,-0.0003710797241594874,0,4.489,4489,0.0,0,0.568,568,-0.472,-472,11.39,active,negative,11.39,13.56,reversing_positive,13.56,13.56,0.0012132432432432432,0.0,0.00059601259181532,-0.00035145197319434105,3.0,2,1,-11.39
6147,頎邦,半導體業,2026-08-10,excluded,0,0,743,476,581,10.0,3.0,-7.0,"[4207164, -99106, -5281628, -161800, -336059]","[-982050, -376500, -1327641, 9000, 50404]",True,,split,106.292,106292,-585.142,-585142,0.0,0,0.0,0.0,-0.5,-0.5,6.5,3.5,0.0,Q4,confirmed_distribution,0.0,0.0,0.0,5,-0.015625478188334076,0,7690.114,7690114,-336.059,-336059,-5779.487,-5779487,-1671.429,-1671429,8.75,active,negative,8.75,42.63,stable,42.63,42.63,0.027681498306378168,-0.01375261908659355,-0.08552826530914256,-0.013983460080817207,-3.5,4,1,-8.75,False,5.119453924914685,-2.8391167192429068,13.653136531365305,-21.226730024432584,5.87,10.098221897507731,-25.03555929676321,13.56,-21.226730024432584,10.098221897507731,True,-22.22222222222222,13.653136531365305,-17.426273458445042,-0.995492197789638,3.5549146338575754,7.609285838318169,5,-0.021871024836852736,2,-7372.861,-7372861,50.404,50404,-1268.237,-1268237,-2626.787,-2626787,69.8,active,negative,69.8,4.43,reversing_positive,4.43,4.43,-0.02653950764379587,0.002062694385333115,-0.01876812087489271,-0.0219761480477541,3.0,3,2,-69.8
6148,驊宏資,資訊服務,2026-08-10,excluded,0,0,744,665,547,6.5,5.5,-1.0,"[16000, -2063, -106000, -34999, 89000]","[0, 0, 0, 0, 0]",True,,split,0.406,406,0.0,0,0.0,0,0.0,0.0,3.0,3.0,4.0,2.5,0.0,Q4,confirmed_distribution,0.0,0.0,0.0,5,-0.014738151696586968,1,79.938,79938,89.0,89000,-51.999,-51999,-38.062,-38062,10.05,active,negative,10.05,41.72,reversing_positive,41.72,41.72,0.015134040136312003,0.45408163265306123,-0.044104325699745546,-0.015503869653767821,3.0,5,2,-10.05,False,1.9607843137254832,-3.703703703703698,6.1224489795918435,-7.484507802210361,27.12,2.567534345734268,-8.475836964834638,50.98,-7.484507802210361,2.567534345734268,True,-8.479999999999999,6.1224489795918435,-0.8665511265164683,-0.995492197789638,3.5549146338575754,7.609285838318169,0,0.0,0,0.0,0,0.0,0,0.0,0,0.0,0,,inactive,zero,,51.76,inactive,51.76,51.76,0.0,0.0,0.0,0.0,0.0,0,0,0.0
6150,撼訊,電腦週邊,2026-08-10,excluded,0,7,123,188,175,40.66,38.7,-1.96,"[27000, 25000, 26000, 9000, 91609]","[0, 0, 0, 0, 0]",True,,split,1.021,1021,0.0,0,0.0,0,3.5,12.5,5.0,5.0,6.0,5.0,5.0,Q2,unconfirmed_accumulation,7.7,7.7,8.66,5,0.19036729201326633,10,387.609,387609,91.609,91609,126.609,126609,178.609,178609,77.02,active,positive,77.02,86.57,accelerating,86.57,86.57,0.16728916702632715,0.2509835616438356,0.2038792270531401,0.1894050901378579,5.0,10,5,77.02,False,5.208333333333326,3.236797274275971,7.2566371681416,-0.6278844255869886,57.24,3.7017225342840243,-20.16339839243072,21.51,-0.6278844255869886,3.7017225342840243,True,-1.6233766233766267,7.2566371681416,-12.554112554112551,-0.995492197789638,3.5549146338575754,7.609285838318169,0,0.0,0,0.0,0,0.0,0,0.0,0,0.0,0,,inactive,zero,,51.76,inactive,51.76,51.76,0.0,0.0,0.0,0.0,0.0,0,0,0.0
6155,鈞寶,電子零組件,2026-08-10,excluded,0,5,374,448,443,19.29,12.72,-6.57,"[103634, -21000, 136250, -44000, -144000]","[2000, 0, -5000, 0, 0]",True,,split,-10.787,-10787,-6.137,-6137,0.0,0,3.5,1.0,-1.0,-1.0,1.0,4.0,5.0,Q2,unconfirmed_accumulation,0.22,0.22,4.79,5,0.004938270981077892,0,-16.538,-16538,-144.0,-144000,-51.75,-51750,30.884,30884,2.22,active,positive,2.22,47.85,reversing_negative,47.85,47.85,-0.000785541253028072,-0.08812729498164015,-0.01311454637607704,0.004002592016588907,0.0,5,2,2.22,False,-0.18761726078798668,-3.0965391621129212,-0.5607476635513975,-23.22103201873458,4.43,-4.1156622974089725,-3.7030358383181694,66.36,-23.22103201873458,-4.1156622974089725,True,-24.216524216524217,-0.5607476635513975,3.90625,-0.995492197789638,3.5549146338575754,7.609285838318169,2,-0.00040068610045898936,0,2.0,2000,0.0,0,-5.0,-5000,-3.0,-3000,11.88,active,negative,11.88,13.43,neutral,13.43,13.43,9.499833752909324e-05,0.0,-0.0012671059300557526,-0.00038880248833592535,-1.0,3,1,-11.88
6156,松上,電子零組件,2026-08-10,excluded,0,0,745,613,520,7.0,6.0,-1.0,"[-70000, 88000, -662000, 146000, 77010]","[0, 0, 0, 0, 0]",True,,split,-7.989,-7989,0.0,0,0.0,0,0.0,0.0,3.0,3.0,4.0,3.0,0.0,Q4,confirmed_distribution,0.0,0.0,0.0,5,-0.06575657665042428,2,241.12,241120,77.01,77010,-438.99,-438990,-420.99,-420990,37.34,active,negative,37.34,28.68,reversing_positive,28.68,28.68,0.018892110005484603,0.17462585034013606,-0.09489623865110246,-0.06731531819635433,3.0,6,3,-37.34,False,0.9708737864077666,-6.935123042505598,-2.3474178403755874,-25.63590110027033,2.74,-5.902332474233162,0.16273488707043704,73.79,-25.63590110027033,-5.902332474233162,True,-26.63139329805997,-2.3474178403755874,7.772020725388606,-0.995492197789638,3.5549146338575754,7.609285838318169,0,0.0,0,0.0,0,0.0,0,0.0,0,0.0,0,,inactive,zero,,51.76,inactive,51.76,51.76,0.0,0.0,0.0,0.0,0.0,0,0,0.0
6158,禾昌,電子零組件,2026-08-10,excluded,0,5,375,410,399,24.53,19.25,-5.28,"[-2000, 3000, -5000, -5000, 14000]","[0, 0, 0, 0, 0]",True,,split,0.828,828,0.0,0,0.0,0,3.5,3.41,5.0,5.0,6.0,1.5,5.0,Q2,unconfirmed_accumulation,0.84,0.84,5.12,5,0.013667185776393484,1,-8.0,-8000,14.0,14000,4.0,4000,5.0,5000,8.36,active,positive,8.36,51.24,accelerating,51.24,51.24,-0.013745704467353952,0.15053763440860216,0.013986013986013986,0.013623978201634877,5.0,3,2,8.36,False,1.2121212121211977,-2.9069767441860517,-3.746397694524506,-11.34046580745971,17.47,-7.301312328382082,-14.313196452843302,34.16,-11.34046580745971,-7.301312328382082,True,-12.335958005249347,-3.746397694524506,-6.703910614525133,-0.995492197789638,3.5549146338575754,7.609285838318169,0,0.0,0,0.0,0,0.0,0,0.0,0,0.0,0,,inactive,zero,,51.76,inactive,51.76,51.76,0.0,0.0,0.0,0.0,0.0,0,0,0.0
6160,欣技,電腦週邊,2026-08-10,excluded,0,0,746,749,617,4.5,1.5,-3.0,"[5000, -12000, 3000, -8000, 0]","[0, 0, 0, 0, 0]",True,,split,0.442,442,0.0,0,0.0,0,0.0,0.0,-1.0,-1.0,2.0,2.5,0.0,Q4,confirmed_distribution,0.0,0.0,0.0,4,-0.0463030401122171,0,5.0,5000,0.0,0,-5.0,-5000,-12.0,-12000,26.04,active,negative,26.04,33.25,neutral,33.25,33.25,0.0072254335260115606,0.0,-0.037037037037037035,-0.04597701149425287,-1.0,5,2,-26.04,False,0.7117437722419906,-1.3937282229965153,0.35460992907800915,-10.84251403273996,18.77,-3.2003047047795663,-21.328798033440112,19.69,-10.84251403273996,-3.2003047047795663,True,-11.838006230529597,0.35460992907800915,-13.719512195121942,-0.995492197789638,3.5549146338575754,7.609285838318169,0,0.0,0,0.0,0,0.0,0,0.0,0,0.0,0,,inactive,zero,,51.76,inactive,51.76,51.76,0.0,0.0,0.0,0.0,0.0,0,0,0.0
6161,捷波,電腦週邊,2026-08-10,excluded,0,7,124,290,264,36.39,34.01,-2.38,"[19000, 189897, 158151, 95000, 107493]","[0, 0, 0, 0, 0]",True,,split,-0.227,-227,-3.0,-3000,0.0,0,3.5,12.5,1.75,1.75,2.75,4.5,5.0,Q2,unconfirmed_accumulation,6.76,6.76,8.14,5,0.1402628092823045,7,668.541,668541,107.493,107493,360.644,360644,569.541,569541,67.62,active,positive,67.62,81.36,decelerating,81.36,81.36,0.1351133791430881,0.1587784342688331,0.18095534370296038,0.14041937869822485,1.75,9,5,67.62,False,-4.667863554757634,-4.496402877697847,10.624999999999996,-1.7517605494631106,49.28,7.070085366142421,8.076988671485765,84.88,-1.7517605494631106,7.070085366142421,True,-2.7472527472527486,10.624999999999996,15.686274509803933,-0.995492197789638,3.5549146338575754,7.609285838318169,0,0.0,0,0.0,0,0.0,0,0.0,0,0.0,0,,inactive,zero,,51.76,inactive,51.76,51.76,0.0,0.0,0.0,0.0,0.0,0,0,0.0
6163,華電網,資訊服務,2026-08-10,excluded,0,7,125,191,172,40.37,38.84,-1.53,"[115000, 283199, 144999, 54000, 267000]","[0, 0, 0, 0, 0]",True,,split,15.501,15501,-1.2,-1200,0.0,0,3.5,12.5,5.0,5.0,6.0,4.0,5.0,Q2,unconfirmed_accumulation,8.84,8.84,9.37,5,0.26687896173944875,6,1727.527,1727527,267.0,267000,465.999,465999,864.198,864198,88.38,active,positive,88.38,93.74,accelerating,93.74,93.74,0.186941564765718,0.42857142857142855,0.3150770791075051,0.2656618505994467,5.0,8,5,88.38,False,3.3210332103321027,1.8181818181818077,6.194690265486735,-7.100787889737726,28.94,2.63977563162916,-38.18779823501238,4.69,-7.100787889737726,2.63977563162916,True,-8.096280087527363,6.194690265486735,-30.57851239669421,-0.995492197789638,3.5549146338575754,7.609285838318169,0,0.0,0,0.0,0,0.0,0,0.0,0,0.0,0,,inactive,zero,,51.76,inactive,51.76,51.76,0.0,0.0,0.0,0.0,0.0,0,0,0.0
6169,昱泉,文化創意,2026-08-10,excluded,0,0,747,732,758,5.0,0.0,-5.0,"[-1000, 0, -4000, 0, -3000]","[0, 0, 0, 0, 0]",True,,split,-0.084,-84,0.0,0,0.0,0,0.0,0.0,-3.5,-3.5,4.5,0.5,0.0,Q4,confirmed_distribution,0.0,0.0,0.0,3,-0.08126515064065566,0,-3.0,-3000,-3.0,-3000,-7.0,-7000,-8.0,-8000,44.26,active,negative,44.26,24.77,stable,24.77,24.77,-0.019230769230769232,-0.10344827586206896,-0.08860759493670886,-0.08080808080808081,-3.5,1,0,-44.26,False,1.1718749999999778,-2.264150943396237,-3.3582089552238847,-12.091756124358023,15.51,-6.91312358908146,-21.27595250498484,19.82,-12.091756124358023,-6.91312358908146,True,-13.08724832214766,-3.3582089552238847,-13.666666666666671,-0.995492197789638,3.5549146338575754,7.609285838318169,0,0.0,0,0.0,0,0.0,0,0.0,0,0.0,0,,inactive,zero,,51.76,inactive,51.76,51.76,0.0,0.0,0.0,0.0,0.0,0,0,0.0
6173,信昌電,電子零組件,2026-08-10,excluded,0,0,748,698,759,6.0,0.0,-6.0,"[-128255, -2772375, -252598, -1309303, -117429]","[0, -225, 0, 0, 0]",True,,split,-462.805,-462805,-816.564,-816564,0.0,0,0.0,0.0,-4.5,-4.5,4.5,1.5,0.0,Q4,confirmed_distribution,0.0,0.0,0.0,5,-0.13872371876847256,0,-4165.115,-4165115,-117.429,-117429,-1679.33,-1679330,-4579.96,-4579960,67.49,active,negative,67.49,13.82,stable,13.82,13.82,-0.11022321901132635,-0.023443601517268917,-0.10272388059701493,-0.14039482557783092,-3.5,3,0,-67.49,False,6.645569620253156,2.1212121212121238,5.312500000000009,-30.923699721402276,0.78,1.7575853661424334,-9.644169559248406,46.54,-30.923699721402276,1.7575853661424334,True,-31.919191919191913,5.312500000000009,-2.034883720930236,-0.995492197789638,3.5549146338575754,7.609285838318169,1,-6.881589759378842e-06,0,-0.225,-225,0.0,0,0.0,0,-0.225,-225,0.5,active,negative,0.5,14.86,neutral,14.86,14.86,-5.954271197205462e-06,0.0,0.0,-6.897185948133161e-06,-1.0,0,0,-0.5
6175,立敦,電子零組件,2026-08-10,excluded,0,5,376,325,312,34.01,30.95,-3.06,"[429634, 2758, 158060, -38000, 47000]","[0, 0, 0, 0, 0]",True,,split,-2.039,-2039,0.0,0,0.0,0,3.5,12.5,1.75,1.75,2.75,3.0,5.0,Q2,unconfirmed_accumulation,5.2,5.2,7.26,5,0.09559273019409066,1,1335.976,1335976,47.0,47000,167.06,167060,599.452,599452,51.96,active,positive,51.96,72.62,decelerating,72.62,72.62,0.07930052828396747,0.03893951946975974,0.05073185545095658,0.09583565147881695,1.75,6,4,51.96,False,0.9345794392523255,-1.6905071521456594,3.8461538461538325,-24.521749181520715,3.13,0.29123921229625704,1.9559315529861676,77.31,-24.521749181520715,0.29123921229625704,True,-25.517241379310352,3.8461538461538325,9.565217391304337,-0.995492197789638,3.5549146338575754,7.609285838318169,0,0.0,0,0.0,0,0.0,0,0.0,0,0.0,0,,inactive,zero,,51.76,inactive,51.76,51.76,0.0,0.0,0.0,0.0,0.0,0,0,0.0
6177,達麗,建材營建,2026-08-10,buy_candidates,50,0,749,554,548,7.5,5.5,-2.0,"[-815000, 139319, -185000, 1134020, -1034350]","[-6898, -4256, 0, 0, 0]",True,,split,0.0,0,200.74,200740,0.0,0,1.0,0.0,2.0,2.0,4.0,2.5,0.0,Q3,absorption_divergence,0.0,0.0,0.0,5,-0.10352248298642043,0,-1265.736,-1265736,-1034.35,-1034350,-85.33,-85330,-761.011,-761011,55.61,active,negative,55.61,19.56,reversing_positive,19.56,19.56,-0.08199365161624668,-0.6287841945288754,-0.0176410998552822,-0.1067486323467527,3.0,5,2,-55.61,False,-0.6147540983606481,1.5706806282722585,2.428722280887019,6.201565950501131,87.87,-1.1261923529705564,-1.4823711774866632,70.4,6.201565950501131,-1.1261923529705564,True,5.206073752711493,2.428722280887019,6.126914660831506,-0.995492197789638,3.5549146338575754,7.609285838318169,2,-0.0015412296872901088,0,-25.002,-25002,0.0,0,0.0,0,-11.154,-11154,24.26,active,negative,24.26,11.47,neutral,11.47,11.47,-0.0016196152102092376,0.0,0.0,-0.0015645953149109272,-1.0,0,0,-24.26
6180,橘子,文化創意,2026-08-10,excluded,0,0,750,614,521,7.0,6.0,-1.0,"[-121960, -112000, -219400, 106000, 69000]","[0, 0, 0, 0, 0]",True,,split,-0.758,-758,-4.0,-4000,0.0,0,0.0,0.0,3.0,3.0,4.0,3.0,0.0,Q4,confirmed_distribution,0.0,0.0,0.0,5,-0.1239447123750808,2,-3.894,-3894,69.0,69000,-44.4,-44400,-278.36,-278360,62.4,active,negative,62.4,16.56,reversing_positive,16.56,16.56,-0.000777555910543131,0.1571753986332574,-0.034101382488479264,-0.12635497049477984,3.0,6,2,-62.4,False,1.2091898428053138,2.3227383863080764,2.6993865030674913,-6.722258629112233,30.25,-0.8555281307900842,-0.025738280477538567,73.53,-6.722258629112233,-0.8555281307900842,True,-7.71775082690187,2.6993865030674913,7.583547557840631,-0.995492197789638,3.5549146338575754,7.609285838318169,0,0.0,0,0.0,0,0.0,0,0.0,0,0.0,0,,inactive,zero,,51.76,inactive,51.76,51.76,0.0,0.0,0.0,0.0,0.0,0,0,0.0
6183,關貿,資訊服務,2026-08-10,excluded,0,0,751,555,760,7.5,0.0,-7.5,"[-1000, 13000, -6000, -8000, -2000]","[0, 0, 0, 0, 0]",True,,split,0.0,0,-2.056,-2056,0.0,0,0.0,0.0,-3.5,-3.5,4.5,3.0,0.0,Q3,absorption_divergence,0.0,0.0,0.0,5,-0.02307574948508658,0,89.6,89600,-2.0,-2000,-16.0,-16000,-4.0,-4000,15.14,active,negative,15.14,38.98,stable,38.98,38.98,0.21132075471698114,-0.058823529411764705,-0.1839080459770115,-0.023391812865497075,-3.5,6,1,-15.14,False,1.1982570806100323,0.8686210640608261,1.088139281828071,3.9888403130889816,81.1,-2.4667753520295044,-6.631024968752941,58.28,3.9888403130889816,-2.4667753520295044,True,2.9933481152993435,1.088139281828071,0.9782608695652284,-0.995492197789638,3.5549146338575754,7.609285838318169,0,0.0,0,0.0,0,0.0,0,0.0,0,0.0,0,,inactive,zero,,51.76,inactive,51.76,51.76,0.0,0.0,0.0,0.0,0.0,0,0,0.0
6184,大豐電,其他,2026-08-10,excluded,0,5,377,224,238,38.75,35.68,-3.07,"[6000, 6000, -3000, 8000, 5000]","[0, 0, 0, 0, 0]",True,,split,0.0,0,-4.0,-4000,0.0,0,3.5,12.5,5.0,5.0,6.0,4.5,5.0,Q2,unconfirmed_accumulation,5.18,5.18,7.25,5,0.09557696856264333,2,123.695,123695,5.0,5000,10.0,10000,22.0,22000,51.83,active,positive,51.83,72.49,accelerating,72.49,72.49,0.21815696649029984,0.17857142857142858,0.07936507936507936,0.09565217391304348,5.0,9,4,51.83,False,0.23752969121140222,-0.35419126328216644,-0.7058823529411673,-0.40637696108885013,58.41,-4.260796986798743,-16.16833242553376,28.55,-0.40637696108885013,-4.260796986798743,True,-1.4018691588784882,-0.7058823529411673,-8.55904658721559,-0.995492197789638,3.5549146338575754,7.609285838318169,0,0.0,0,0.0,0,0.0,0,0.0,0,0.0,0,,inactive,zero,,51.76,inactive,51.76,51.76,0.0,0.0,0.0,0.0,0.0,0,0,0.0
6187,萬潤,半導體業,2026-08-10,other_watch,43,15,12,17,16,77.37,69.93,-7.44,"[498433, 271809, -26389, 131911, 74736]","[21000, 41934, 116550, -61000, 56000]",True,,split,14.857,14857,104.199,104199,0.0,0,10.0,14.87,5.0,5.0,5.0,7.0,25.0,Q1,confirmed_accumulation,8.06,8.06,15.5,5,0.05062186019906077,2,1714.793,1714793,74.736,74736,180.258,180258,950.5,950500,28.59,active,positive,28.59,60.89,accelerating,60.89,60.89,0.05783060164575745,0.01827286063569682,0.016237996576884964,0.051739154101573134,5.0,8,4,28.59,True,-3.539823008849563,1.869158878504673,8.457711442786064,6.309501859625389,88.14,4.902796808928488,-11.995250750598874,39.5,6.309501859625389,4.902796808928488,True,5.31400966183575,8.457711442786064,-4.385964912280704,-0.995492197789638,3.5549146338575754,7.609285838318169,5,0.009638899567998065,1,-106.616,-106616,56.0,56000,111.55,111550,174.484,174484,51.98,active,positive,51.98,94.13,reversing_negative,94.13,94.13,-0.0035955753406178336,0.013691931540342298,0.010048644266282316,0.009497795438462795,0.0,6,4,51.98
6188,廣明,電腦週邊,2026-08-10,excluded,0,5,378,355,346,31.61,27.25,-4.36,"[76709, 136200, 74000, -166000, 61451]","[0, 0, 0, 0, 0]",True,,split,10.433,10433,48.537,48537,0.0,0,4.5,11.19,0.0,0.0,1.0,4.0,5.0,Q2,unconfirmed_accumulation,2.56,2.56,5.92,5,0.04485874402323348,1,1461.622,1461622,61.451,61451,-30.549,-30549,182.36,182360,25.59,active,positive,25.59,59.19,reversing_negative,59.19,59.19,0.12675587546613476,0.102078073089701,-0.016336363636363635,0.04475092024539877,0.0,8,4,25.59,False,1.4064697609001309,1.836158192090398,3.147353361945626,-6.211715009417585,32.86,-0.40756127191194924,-20.846349616898195,20.86,-6.211715009417585,-0.40756127191194924,True,-7.207207207207222,3.147353361945626,-13.237063778580026,-0.995492197789638,3.5549146338575754,7.609285838318169,0,0.0,0,0.0,0,0.0,0,0.0,0,0.0,0,,inactive,zero,,51.76,inactive,51.76,51.76,0.0,0.0,0.0,0.0,0.0,0,0,0.0
6189,豐藝,電子通路,2026-08-10,excluded,0,7,126,200,165,40.05,39.91,-0.14,"[246410, 260463, 88481, 138597, 185000]","[-5000, -4076, 0, 228, 0]",True,,split,13.879,13879,-25.022,-25022,0.0,0,3.5,12.5,4.75,4.75,4.75,4.5,5.0,Q2,unconfirmed_accumulation,9.66,9.66,9.8,5,0.40604761244435067,8,1326.57,1326570,185.0,185000,412.078,412078,918.951,918951,96.61,active,positive,96.61,98.04,decelerating,98.04,98.04,0.22231774761186526,0.2837423312883436,0.29710021629416006,0.4067954847277556,1.75,8,5,96.61,False,0.9259259259259078,0.5122950819672178,3.919491525423724,-0.7079146158376237,56.52,0.3645768915661485,-5.845800361139752,60.63,-0.7079146158376237,0.3645768915661485,True,-1.7034068136272618,3.919491525423724,1.763485477178417,-0.995492197789638,3.5549146338575754,7.609285838318169,3,-0.0038857043093665435,0,-18.92,-18920,0.0,0,0.228,228,-8.848,-8848,40.1,active,negative,40.1,8.74,reversing_positive,8.74,8.74,-0.0031707725825372885,0.0,0.00016438356164383562,-0.0039167773351040285,3.0,1,1,-40.1
6190,萬泰科,通信網路,2026-08-10,excluded,0,5,379,353,350,31.74,27.06,-4.68,"[59064, 123316, 6000, -298902, 313000]","[0, 0, 0, 0, 0]",True,,split,23.502,23502,-3.03,-3030,0.0,0,3.5,8.1,5.0,5.0,6.0,3.5,5.0,Q2,unconfirmed_accumulation,1.96,1.96,5.64,5,0.03461044667216924,1,1584.296,1584296,313.0,313000,20.098,20098,202.478,202478,19.58,active,positive,19.58,56.45,accelerating,56.45,56.45,0.09376196958039888,0.20089858793324775,0.005445136819290165,0.03241203777813351,5.0,7,4,19.58,False,4.5592705167173175,1.3254786450662692,6.172839506172845,-11.24940576139405,17.73,2.6179248723152693,-19.62974619637444,22.69,-11.24940576139405,2.6179248723152693,True,-12.244897959183687,6.172839506172845,-12.020460358056273,-0.995492197789638,3.5549146338575754,7.609285838318169,0,0.0,0,0.0,0,0.0,0,0.0,0,0.0,0,,inactive,zero,,51.76,inactive,51.76,51.76,0.0,0.0,0.0,0.0,0.0,0,0,0.0
6195,詩肯,38,2026-08-10,excluded,0,2,467,167,191,43.2,37.82,-5.38,"[-6000, -1000, -3000, -1000, 14000]","[0, 0, 0, 0, 0]",True,,split,-0.547,-547,-4.0,-4000,0.0,0,3.5,2.72,5.0,5.0,6.0,1.0,25.0,Q1,confirmed_accumulation,0.6,0.6,4.98,5,0.013908161373039268,1,12.0,12000,14.0,14000,10.0,10000,3.0,3000,6.01,active,positive,6.01,49.8,accelerating,49.8,49.8,0.03076923076923077,0.0782122905027933,0.040160642570281124,0.010869565217391304,5.0,2,1,6.01,False,6.813996316758764,7.606679035250474,7.407407407407418,11.052418193994573,94.65,3.8524927735498427,-0.2018784309107513,73.01,11.052418193994573,3.8524927735498427,True,10.056925996204935,7.407407407407418,7.407407407407418,-0.995492197789638,3.5549146338575754,7.609285838318169,0,0.0,0,0.0,0,0.0,0,0.0,0,0.0,0,,inactive,zero,,51.76,inactive,51.76,51.76,0.0,0.0,0.0,0.0,0.0,0,0,0.0
6196,帆宣,其他電子,2026-08-10,other_watch,56,5,380,180,198,41.37,37.35,-4.02,"[6057, 100308, -42072, 410159, 394523]","[-101650, -350, 98000, -458000, 0]",True,,split,81.02,81020,-17.048,-17048,0.0,0,3.5,12.5,4.0,4.0,6.0,7.0,5.0,Q2,unconfirmed_accumulation,5.35,5.35,7.37,5,0.09991360452708076,2,1396.713,1396713,394.523,394523,762.61,762610,868.975,868975,53.52,active,positive,53.52,73.66,accelerating,73.66,73.66,0.07689880526344767,0.38984486166007903,0.16834657836644593,0.10027405954304178,5.0,8,4,53.52,False,2.735562310030404,-0.39292730844793233,2.6315789473684292,-6.989988745949017,29.6,-0.9233356864891462,8.80862460944303,86.05,-6.989988745949017,-0.9233356864891462,True,-7.985480943738654,2.6315789473684292,16.417910447761198,-0.995492197789638,3.5549146338575754,7.609285838318169,4,-0.051995604361285586,0,-369.0,-369000,0.0,0,-360.0,-360000,-462.0,-462000,86.14,active,negative,86.14,1.96,neutral,1.96,1.96,-0.020316027088036117,0.0,-0.07947019867549669,-0.05331179321486268,-1.0,6,1,-86.14
6197,佳必琪,電子零組件,2026-08-10,buy_candidates,60,3,436,439,439,20.68,13.07,-7.61,"[-244073, 257913, 13962, -1221000, 386108]","[43000, 0, 0, 0, 0]",True,,split,-153.811,-153811,-24.284,-24284,0.0,0,3.5,0.91,0.0,0.0,2.0,5.0,0.0,Q4,confirmed_distribution,3.66,3.66,9.27,5,-0.06322405770253993,1,-648.248,-648248,386.108,386108,-820.93,-820930,-807.09,-807090,37.6,active,negative,37.6,28.55,neutral,28.55,28.55,-0.02928875434871007,0.17654686785550983,-0.10653127433168959,-0.06802275600505689,-1.0,5,3,-37.6,False,5.28109028960817,-1.1199999999999988,2.148760330578514,-4.940580861571098,36.77,-1.4061543032790613,28.81455522128449,94.65,-4.940580861571098,-1.4061543032790613,True,-5.936073059360735,2.148760330578514,36.42384105960266,-0.995492197789638,3.5549146338575754,7.609285838318169,1,0.003653092978718885,0,107.0,107000,0.0,0,0.0,0,43.0,43000,36.63,active,positive,36.63,92.7,neutral,92.7,92.7,0.0048344101567794695,0.0,0.0,0.0036241045090602613,1.0,5,1,36.63
6201,亞弘電,其他電子,2026-08-10,excluded,0,0,752,495,639,8.5,0.5,-8.0,"[14000, -9000, -3000, -10000, -2000]","[0, 0, 0, 0, 0]",True,,split,0.0,0,2.0,2000,0.0,0,1.0,0.0,-3.5,-3.5,4.5,3.0,0.0,Q4,confirmed_distribution,0.0,0.0,0.0,5,-0.022896160476946727,0,17.679,17679,-2.0,-2000,-15.0,-15000,-10.0,-10000,16.84,active,negative,16.84,38.2,stable,38.2,38.2,0.03220218579234973,-0.07142857142857142,-0.22727272727272727,-0.02680965147453083,-3.5,6,1,-16.84,False,-0.1098901098900984,-0.1098901098900984,-6.288659793814421,-5.86926190057101,34.55,-9.843574427671996,-15.791104020136348,29.47,-5.86926190057101,-9.843574427671996,True,-6.864754098360648,-6.288659793814421,-8.18181818181818,-0.995492197789638,3.5549146338575754,7.609285838318169,0,0.0,0,0.0,0,0.0,0,0.0,0,0.0,0,,inactive,zero,,51.76,inactive,51.76,51.76,0.0,0.0,0.0,0.0,0.0,0,0,0.0
6204,艾華,電子零組件,2026-08-10,excluded,0,0,753,615,522,7.0,6.0,-1.0,"[28000, -93000, 32000, 31000, -27000]","[0, 0, 0, 0, 0]",True,,split,-0.132,-132,0.0,0,0.0,0,0.0,0.0,3.0,3.0,4.0,3.0,0.0,Q4,confirmed_distribution,0.0,0.0,0.0,5,-0.01684210690142741,0,19.0,19000,-27.0,-27000,36.0,36000,-29.0,-29000,11.36,active,negative,11.36,40.68,reversing_positive,40.68,40.68,0.0076,-0.05162523900573614,0.0345489443378119,-0.017490952955367914,3.0,6,3,-11.36,False,2.5348542458808687,8.299866131191447,20.746268656716428,-12.480443631087358,14.73,17.191354022858853,-11.069906363377823,42.11,-12.480443631087358,17.191354022858853,True,-13.475935828876995,20.746268656716428,-3.4606205250596545,-0.995492197789638,3.5549146338575754,7.609285838318169,0,0.0,0,0.0,0,0.0,0,0.0,0,0.0,0,,inactive,zero,,51.76,inactive,51.76,51.76,0.0,0.0,0.0,0.0,0.0,0,0,0.0
6205,詮欣,電子零組件,2026-08-10,excluded,0,5,381,210,213,39.45,36.44,-3.01,"[18024, 8000, 111225, -17910, 90000]","[0, 0, 0, 0, 0]",True,,split,-0.09,-90,1.0,1000,0.0,0,4.5,12.5,5.0,5.0,6.0,4.0,5.0,Q2,unconfirmed_accumulation,5.44,5.44,7.45,5,0.10344612395294586,1,1001.257,1001257,90.0,90000,183.315,183315,209.339,209339,54.44,active,positive,54.44,74.45,accelerating,74.45,74.45,0.17831825467497775,0.3050847457627119,0.1744196003805899,0.10276828669612174,5.0,8,4,54.44,False,2.6711185308848195,2.329450915141429,7.329842931937169,-9.354362029615604,22.16,3.774928298079594,-30.055691891281597,9.39,-9.354362029615604,3.774928298079594,True,-10.349854227405242,7.329842931937169,-22.44640605296343,-0.995492197789638,3.5549146338575754,7.609285838318169,0,0.0,0,0.0,0,0.0,0,0.0,0,0.0,0,,inactive,zero,,51.76,inactive,51.76,51.76,0.0,0.0,0.0,0.0,0.0,0,0,0.0
6207,雷科,電子零組件,2026-08-10,excluded,0,7,127,407,396,24.73,19.74,-4.99,"[329050, -314621, 363230, 18197, 32551]","[0, 0, 0, 0, 0]",True,,split,34.88,34880,-30.841,-30841,0.0,0,3.5,5.16,1.75,1.75,2.75,3.0,5.0,Q2,unconfirmed_accumulation,1.33,1.33,5.32,5,0.020399851406990636,3,1818.993,1818993,32.551,32551,413.978,413978,428.407,428407,13.32,active,positive,13.32,53.19,decelerating,53.19,53.19,0.03553345314606083,0.005860821029888369,0.0394828803051979,0.02064612048192771,1.75,6,4,13.32,False,7.107107107107091,2.392344497607657,10.880829015544036,-22.847924172317125,4.82,7.32591438168646,44.812366583334246,97.52,-22.847924172317125,7.32591438168646,True,-23.843416370106763,10.880829015544036,52.42165242165242,-0.995492197789638,3.5549146338575754,7.609285838318169,0,0.0,0,0.0,0,0.0,0,0.0,0,0.0,0,,inactive,zero,,51.76,inactive,51.76,51.76,0.0,0.0,0.0,0.0,0.0,0,0,0.0
6213,聯茂,電子零組件,2026-08-10,excluded,0,15,13,9,11,81.21,76.07,-5.14,"[1075660, 2727342, -1574606, 5801407, 4499459]","[108000, 0, 1760000, 1073000, 210000]",True,,split,44.614,44614,336.289,336289,0.0,0,10.0,17.77,6.75,6.75,6.75,5.0,25.0,Q1,confirmed_accumulation,11.55,11.55,16.69,5,0.08740765382011441,2,14251.891,14251891,4499.459,4499459,8726.26,8726260,12529.262,12529262,46.74,active,positive,46.74,70.66,accelerating,70.66,70.66,0.06766155197379353,0.22435597107953129,0.08602724870854529,0.08382627603417477,5.0,6,4,46.74,True,9.89717223650386,25.366568914956012,47.92387543252594,19.910652142156803,98.17,44.36896079866836,51.905639534816146,98.44,19.910652142156803,44.36896079866836,True,18.915159944367165,47.92387543252594,59.51492537313432,-0.995492197789638,3.5549146338575754,7.609285838318169,4,0.021623820407163083,3,1759.0,1759000,210.0,210000,3043.0,3043000,3151.0,3151000,68.81,active,positive,68.81,96.22,decelerating,96.22,96.22,0.008350938827830133,0.010471204188481676,0.02999921132536772,0.021081576535288724,1.75,4,4,68.81
6214,精誠,資訊服務,2026-08-10,other_watch,49,0,754,466,452,11.0,11.0,0.0,"[288757, 135057, -1225000, 468581, -393106]","[0, -1593, 0, 870, 0]",True,,split,-49.58,-49580,0.298,298,0.0,0,1.0,0.0,6.0,6.0,6.0,4.0,0.0,Q4,confirmed_distribution,0.0,0.0,0.0,5,-0.054962204704126556,0,1077.111,1077111,-393.106,-393106,-1149.525,-1149525,-725.711,-725711,31.85,active,negative,31.85,30.9,reversing_positive,30.9,30.9,0.03357054698457223,-0.23681084337349398,-0.15059937115157868,-0.05759611111111111,3.0,6,3,-31.85,False,-1.3651877133105783,-5.555555555555558,-2.6936026936026924,3.4777617013357465,80.18,-6.248517327460268,10.833337112501496,86.96,3.4777617013357465,-6.248517327460268,True,2.4822695035461084,-2.6936026936026924,18.442622950819665,-0.995492197789638,3.5549146338575754,7.609285838318169,2,-6.239862316676474e-05,0,1.077,1077,0.0,0,0.87,870,-0.723,-723,3.96,active,negative,3.96,14.6,reversing_positive,14.6,14.6,3.356708742402992e-05,0.0,0.00011397877636578016,-5.7380952380952384e-05,3.0,2,1,-3.96
6215,和椿,其他電子,2026-08-10,excluded,0,0,755,720,592,5.5,2.5,-3.0,"[83949, 134368, -243570, -443190, 286188]","[0, 0, 0, 0, 0]",True,,split,75.554,75554,-3.0,-3000,0.0,0,0.0,0.0,-1.0,-1.0,2.0,3.5,0.0,Q4,confirmed_distribution,0.0,0.0,0.0,5,-0.02265517268134425,1,102.661,102661,286.188,286188,-400.572,-400572,-182.255,-182255,15.01,active,negative,15.01,39.11,neutral,39.11,39.11,0.008125771727085642,0.16964315352697096,-0.06199845225197338,-0.023249776757239445,-1.0,7,3,-15.01,False,3.535353535353525,6.770833333333326,11.899563318777307,-6.662165459868019,30.9,8.344648684919733,-21.47483205680556,19.56,-6.662165459868019,8.344648684919733,True,-7.657657657657657,11.899563318777307,-13.86554621848739,-0.995492197789638,3.5549146338575754,7.609285838318169,0,0.0,0,0.0,0,0.0,0,0.0,0,0.0,0,,inactive,zero,,51.76,inactive,51.76,51.76,0.0,0.0,0.0,0.0,0.0,0,0,0.0
6216,居易,通信網路,2026-08-10,excluded,0,5,382,275,239,37.18,35.65,-1.53,"[46000, 30000, -6000, 74000, 43000]","[0, 0, 0, 0, 0]",True,,split,0.0,0,-7.259,-7259,0.0,0,3.5,12.5,1.75,1.75,2.75,4.0,5.0,Q2,unconfirmed_accumulation,8.9,8.9,9.43,5,0.2735501733806382,2,227.7,227700,43.0,43000,111.0,111000,187.0,187000,89.03,active,positive,89.03,94.26,decelerating,94.26,94.26,0.15009887936717206,0.2866666666666667,0.2883116883116883,0.2733918128654971,1.75,8,4,89.03,False,0.0,0.4587155963302614,0.4587155963302614,-1.88699117249862,48.5,-3.096199037527314,-10.491769208606428,43.42,-1.88699117249862,-3.096199037527314,True,-2.882483370288258,0.4587155963302614,-2.882483370288258,-0.995492197789638,3.5549146338575754,7.609285838318169,0,0.0,0,0.0,0,0.0,0,0.0,0,0.0,0,,inactive,zero,,51.76,inactive,51.76,51.76,0.0,0.0,0.0,0.0,0.0,0,0,0.0
6217,中探針,電子零組件,2026-08-10,excluded,0,0,756,556,761,7.5,0.0,-7.5,"[2100, -1024, 30592, -157584, -245082]","[0, 0, 0, 0, 0]",True,,split,-260.347,-260347,-10.5,-10500,0.0,0,0.0,0.0,-3.5,-3.5,4.5,3.0,0.0,Q4,confirmed_distribution,0.0,0.0,0.0,5,-0.04607051215641408,0,47.599,47599,-245.082,-245082,-372.074,-372074,-370.998,-370998,25.72,active,negative,25.72,33.51,stable,33.51,33.51,0.0036221748725363367,-0.049551556813586736,-0.04958342217484008,-0.04518855054811206,-3.5,6,2,-25.72,False,0.0,12.244897959183664,35.24590163934427,-30.963270688808297,0.65,31.690987005486694,-56.76182821119953,0.52,-30.963270688808297,31.690987005486694,True,-31.958762886597935,35.24590163934427,-49.152542372881356,-0.995492197789638,3.5549146338575754,7.609285838318169,0,0.0,0,0.0,0,0.0,0,0.0,0,0.0,0,,inactive,zero,,51.76,inactive,51.76,51.76,0.0,0.0,0.0,0.0,0.0,0,0,0.0
6218,豪勉,通信網路,2026-08-10,excluded,0,5,383,225,211,38.67,36.72,-1.95,"[-16123, 90088, 60609, -13000, 153000]","[0, 0, 0, 0, 0]",True,,split,0.002,2,-3.0,-3000,0.0,0,3.5,12.5,5.0,5.0,6.0,3.0,5.0,Q2,unconfirmed_accumulation,7.72,7.72,8.67,5,0.19426818708145782,1,431.05,431050,153.0,153000,200.609,200609,274.574,274574,77.15,active,positive,77.15,86.7,accelerating,86.7,86.7,0.12749186631174209,0.40691489361702127,0.23005619266055047,0.1900166089965398,5.0,6,3,77.15,False,5.247813411078739,6.8047337278106745,14.060031595576628,-0.37062802078959844,58.67,10.505116961719054,-20.72601267345655,20.99,-0.37062802078959844,10.505116961719054,True,-1.3661202185792365,14.060031595576628,-13.116726835138381,-0.995492197789638,3.5549146338575754,7.609285838318169,0,0.0,0,0.0,0,0.0,0,0.0,0,0.0,0,,inactive,zero,,51.76,inactive,51.76,51.76,0.0,0.0,0.0,0.0,0.0,0,0,0.0
6220,岳豐,電子零組件,2026-08-10,excluded,0,5,384,255,252,37.68,34.47,-3.21,"[-14000, 72000, -25000, -40000, 89120]","[0, 0, 0, 0, 0]",True,,split,1.771,1771,0.0,0,0.0,0,3.5,12.5,5.0,5.0,6.0,3.5,5.0,Q2,unconfirmed_accumulation,4.97,4.97,7.18,5,0.09040001186413028,1,428.301,428301,89.12,89120,24.12,24120,82.12,82120,49.74,active,positive,49.74,71.84,accelerating,71.84,71.84,0.1604123595505618,0.26366863905325444,0.04053781512605042,0.09104212860310422,5.0,7,2,49.74,False,-0.9615384615384581,-3.195488721804518,0.3898635477582957,-23.269213684563304,4.3,-3.1650510860992798,-22.061113080843086,18.51,-23.269213684563304,-3.1650510860992798,True,-24.264705882352942,0.3898635477582957,-14.451827242524917,-0.995492197789638,3.5549146338575754,7.609285838318169,0,0.0,0,0.0,0,0.0,0,0.0,0,0.0,0,,inactive,zero,,51.76,inactive,51.76,51.76,0.0,0.0,0.0,0.0,0.0,0,0,0.0
6221,晉泰,資訊服務,2026-08-10,excluded,0,0,757,721,593,5.5,2.5,-3.0,"[7000, -20000, 2000, -7000, 5000]","[0, 0, 0, 0, 0]",True,,split,0.432,432,0.0,0,0.0,0,0.0,0.0,-1.0,-1.0,2.0,3.5,0.0,Q4,confirmed_distribution,0.0,0.0,0.0,5,-0.034299356127033706,1,88.0,88000,5.0,5000,0.0,0,-13.0,-13000,20.63,active,negative,20.63,36.11,neutral,36.11,36.11,0.10589651022864019,0.15625,0.0,-0.034666666666666665,-1.0,7,3,-20.63,False,1.449275362318847,0.7194244604316502,-0.4739336492891044,-3.766412564115129,40.16,-4.028848283146679,-16.700194929227262,28.03,-3.766412564115129,-4.028848283146679,True,-4.761904761904767,-0.4739336492891044,-9.090909090909093,-0.995492197789638,3.5549146338575754,7.609285838318169,0,0.0,0,0.0,0,0.0,0,0.0,0,0.0,0,,inactive,zero,,51.76,inactive,51.76,51.76,0.0,0.0,0.0,0.0,0.0,0,0,0.0
6224,聚鼎,電子零組件,2026-08-10,excluded,0,5,385,253,258,37.74,34.11,-3.63,"[78000, 5000, 8000, -18000, 34000]","[0, 0, 0, 0, 0]",True,,split,0.0,0,-5.0,-5000,0.0,0,3.5,12.5,5.0,5.0,6.0,4.0,5.0,Q2,unconfirmed_accumulation,4.11,4.11,6.74,5,0.07508379413865619,1,330.521,330521,34.0,34000,24.0,24000,107.0,107000,41.12,active,positive,41.12,67.41,accelerating,67.41,67.41,0.08416628469569647,0.15178571428571427,0.03260869565217391,0.07472067039106145,5.0,8,4,41.12,False,1.8181818181818077,0.538599640933568,3.703703703703698,-15.794998143963703,10.43,0.1487890698461225,-31.522329316579032,8.21,-15.794998143963703,0.1487890698461225,True,-16.79049034175334,3.703703703703698,-23.913043478260864,-0.995492197789638,3.5549146338575754,7.609285838318169,0,0.0,0,0.0,0,0.0,0,0.0,0,0.0,0,,inactive,zero,,51.76,inactive,51.76,51.76,0.0,0.0,0.0,0.0,0.0,0,0,0.0
6229,研通,半導體業,2026-08-10,excluded,0,7,128,181,166,41.27,39.71,-1.56,"[9000, 6000, 15000, 24000, 12000]","[0, 0, 0, 0, 0]",True,,split,0.001,1,3.0,3000,0.0,0,4.5,12.5,5.0,5.0,6.0,4.0,5.0,Q2,unconfirmed_accumulation,8.71,8.71,9.27,5,0.2570341701129611,7,101.0,101000,12.0,12000,51.0,51000,66.0,66000,87.08,active,positive,87.08,92.7,accelerating,92.7,92.7,0.1549079754601227,0.5217391304347826,0.281767955801105,0.25680933852140075,5.0,8,5,87.08,False,0.8565310492505418,-0.21186440677966045,2.614379084967333,-7.725438034768507,26.73,-0.9405355488902423,-24.977706890949747,13.69,-7.725438034768507,-0.9405355488902423,True,-8.720930232558144,2.614379084967333,-17.36842105263158,-0.995492197789638,3.5549146338575754,7.609285838318169,0,0.0,0,0.0,0,0.0,0,0.0,0,0.0,0,,inactive,zero,,51.76,inactive,51.76,51.76,0.0,0.0,0.0,0.0,0.0,0,0,0.0
6230,尼得科超眾,電腦週邊,2026-08-10,excluded,0,7,129,269,286,37.23,33.09,-4.14,"[-7000, 4218, 5985, 4000, 9007]","[0, 0, 0, 0, 0]",True,,split,0.0,0,-5.363,-5363,0.0,0,3.5,12.5,5.0,5.0,6.0,4.0,5.0,Q2,unconfirmed_accumulation,3.09,3.09,6.23,5,0.05702862319416411,4,90.11,90110,9.007,9007,18.992,18992,16.21,16210,30.94,active,positive,30.94,62.32,accelerating,62.32,62.32,0.11779084967320261,0.225175,0.10048677248677249,0.05628472222222222,5.0,8,4,30.94,False,0.917431192660545,1.85185185185186,0.45662100456620447,-7.3378411355437,27.64,-3.098293629291371,-28.472595190836156,10.56,-7.3378411355437,-3.098293629291371,True,-8.333333333333337,0.45662100456620447,-20.863309352517987,-0.995492197789638,3.5549146338575754,7.609285838318169,0,0.0,0,0.0,0,0.0,0,0.0,0,0.0,0,,inactive,zero,,51.76,inactive,51.76,51.76,0.0,0.0,0.0,0.0,0.0,0,0,0.0
6231,系微,資訊服務,2026-08-10,excluded,0,0,758,666,762,6.5,0.0,-6.5,"[41000, 21301, -23635, -75000, -124713]","[0, 0, 0, 0, 0]",True,,split,1.732,1732,0.0,0,0.0,0,0.0,0.0,-3.5,-3.5,4.5,2.0,0.0,Q4,confirmed_distribution,0.0,0.0,0.0,5,-0.09790003575525734,0,56.791,56791,-124.713,-124713,-223.348,-223348,-161.047,-161047,53.13,active,negative,53.13,20.21,stable,20.21,20.21,0.01699311789347696,-0.2450157170923379,-0.19320761245674742,-0.09965779702970297,-3.5,4,2,-53.13,False,-5.263157894736848,-6.086956521739129,-0.2309468822170868,-15.767513582557179,10.56,-3.7858615160746623,-32.86880140925243,7.04,-15.767513582557179,-3.7858615160746623,True,-16.763005780346816,-0.2309468822170868,-25.259515570934255,-0.995492197789638,3.5549146338575754,7.609285838318169,0,0.0,0,0.0,0,0.0,0,0.0,0,0.0,0,,inactive,zero,,51.76,inactive,51.76,51.76,0.0,0.0,0.0,0.0,0.0,0,0,0.0
6233,旺玖,半導體業,2026-08-10,excluded,0,0,759,761,640,3.5,0.5,-3.0,"[-2995, -45900, -16000, -48000, 29100]","[0, 0, 0, 0, 0]",True,,split,0.108,108,0.0,0,0.0,0,0.0,0.0,-1.0,-1.0,2.0,1.5,0.0,Q4,confirmed_distribution,0.0,0.0,0.0,5,-0.11302245373280488,1,-137.659,-137659,29.1,29100,-34.9,-34900,-83.795,-83795,59.27,active,negative,59.27,18.12,neutral,18.12,18.12,-0.061592393736017895,0.1419512195121951,-0.08022988505747126,-0.11638194444444444,-1.0,3,1,-59.27,False,4.819277108433728,4.567307692307687,7.14285714285714,-10.409803117892647,20.21,3.5879425089995642,-23.47002084798936,16.3,-10.409803117892647,3.5879425089995642,True,-11.405295315682284,7.14285714285714,-15.86073500967119,-0.995492197789638,3.5549146338575754,7.609285838318169,0,0.0,0,0.0,0,0.0,0,0.0,0,0.0,0,,inactive,zero,,51.76,inactive,51.76,51.76,0.0,0.0,0.0,0.0,0.0,0,0,0.0
6234,高僑,光電業,2026-08-10,excluded,0,5,386,206,206,39.53,36.95,-2.58,"[115000, 87000, 8000, -40097, 136641]","[0, 0, 0, 0, 0]",True,,split,2.398,2398,0.0,0,0.0,0,3.5,12.5,5.0,5.0,6.0,4.5,5.0,Q2,unconfirmed_accumulation,6.45,6.45,8.03,5,0.1316594204994,1,1188.163,1188163,136.641,136641,104.544,104544,306.544,306544,64.49,active,positive,64.49,80.31,accelerating,80.31,80.31,0.1989556262558607,0.18291967871485942,0.07642105263157895,0.1308339735381989,5.0,9,4,64.49,False,9.985315712187969,6.392045454545459,16.30434782608696,-15.223747175812154,10.82,12.749433192229386,-40.734285838318165,3.13,-15.223747175812154,12.749433192229386,True,-16.21923937360179,16.30434782608696,-33.12499999999999,-0.995492197789638,3.5549146338575754,7.609285838318169,0,0.0,0,0.0,0,0.0,0,0.0,0,0.0,0,,inactive,zero,,51.76,inactive,51.76,51.76,0.0,0.0,0.0,0.0,0.0,0,0,0.0
6235,華孚,電腦週邊,2026-08-10,excluded,0,7,130,182,164,41.21,39.98,-1.23,"[158000, 252151, 130953, 110000, 106954]","[0, 0, 0, 0, 0]",True,,split,7.12,7120,-9.0,-9000,0.0,0,3.5,12.5,5.0,5.0,6.0,4.5,5.0,Q2,unconfirmed_accumulation,9.48,9.48,9.71,5,0.3513411984368884,9,1301.492,1301492,106.954,106954,347.907,347907,758.058,758058,94.78,active,positive,94.78,97.13,accelerating,97.13,97.13,0.2181880972338642,0.4401399176954732,0.2963432708688245,0.3511153311718388,5.0,9,5,94.78,False,1.1450381679389388,1.532567049808442,4.057591623036649,-4.921667565523968,37.03,0.5026769891790739,-9.096274685901818,49.02,-4.921667565523968,0.5026769891790739,True,-5.917159763313606,4.057591623036649,-1.486988847583648,-0.995492197789638,3.5549146338575754,7.609285838318169,0,0.0,0,0.0,0,0.0,0,0.0,0,0.0,0,,inactive,zero,,51.76,inactive,51.76,51.76,0.0,0.0,0.0,0.0,0.0,0,0,0.0
6241,鑫永洋,通信網路,2026-08-10,excluded,0,0,760,557,493,7.5,6.5,-1.0,"[34999, 30249, -248299, 70037, 64000]","[0, 0, 0, 0, 0]",True,,split,0.511,511,-12.0,-12000,0.0,0,0.0,0.0,3.0,3.0,4.0,3.5,0.0,Q4,confirmed_distribution,0.0,0.0,0.0,5,-0.020710661024620915,2,251.434,251434,64.0,64000,-114.262,-114262,-49.014,-49014,14.62,active,negative,14.62,39.37,reversing_positive,39.37,39.37,0.06287421855463866,0.085219707057257,-0.07482776686313032,-0.022660194174757283,3.0,7,4,-14.62,False,-7.886435331230279,-11.246200607902734,-11.782477341389729,-14.611444218395341,11.21,-15.337391975247304,32.10363282196891,95.57,-14.611444218395341,-15.337391975247304,True,-15.606936416184979,-11.782477341389729,39.71291866028708,-0.995492197789638,3.5549146338575754,7.609285838318169,0,0.0,0,0.0,0,0.0,0,0.0,0,0.0,0,,inactive,zero,,51.76,inactive,51.76,51.76,0.0,0.0,0.0,0.0,0.0,0,0,0.0
6242,立康,生技醫療,2026-08-10,excluded,0,5,387,378,372,28.42,23.65,-4.77,"[0, 0, 0, 0, 1000]","[0, 0, 0, 0, 0]",True,,split,0.0,0,0.0,0,0.0,0,3.5,7.35,5.0,5.0,6.0,1.0,5.0,Q2,unconfirmed_accumulation,1.8,1.8,5.57,1,0.029279952195996415,1,2.0,2000,1.0,1000,1.0,1000,1.0,1000,18.02,active,positive,18.02,55.67,accelerating,55.67,55.67,0.027777777777777776,0.041666666666666664,0.03571428571428571,0.029411764705882353,5.0,2,1,18.02,False,-0.8670520231213952,-1.5781922525107683,-0.29069767441860517,-3.5942157298877064,41.2,-3.8456123082761806,-17.583039119158073,26.34,-3.5942157298877064,-3.8456123082761806,True,-4.5897079276773445,-0.29069767441860517,-9.973753280839903,-0.995492197789638,3.5549146338575754,7.609285838318169,0,0.0,0,0.0,0,0.0,0,0.0,0,0.0,0,,inactive,zero,,51.76,inactive,51.76,51.76,0.0,0.0,0.0,0.0,0.0,0,0,0.0
6246,臺龍,光電業,2026-08-10,excluded,0,0,761,762,641,3.5,0.5,-3.0,"[-12000, -2000, 0, -5000, 4000]","[0, 0, 0, 0, 0]",True,,split,0.044,44,0.0,0,0.0,0,0.0,0.0,-1.0,-1.0,2.0,1.5,0.0,Q4,confirmed_distribution,0.0,0.0,0.0,4,-0.10515217934134229,1,12.0,12000,4.0,4000,-1.0,-1000,-15.0,-15000,54.7,active,negative,54.7,19.82,neutral,19.82,19.82,0.027972027972027972,0.08163265306122448,-0.009345794392523364,-0.10344827586206896,-1.0,3,1,-54.7,False,0.0,-3.149606299212593,-2.3809523809523725,-16.730260310571555,9.39,-5.935867014809948,-30.49329837750312,8.6,-16.730260310571555,-5.935867014809948,True,-17.725752508361193,-2.3809523809523725,-22.88401253918495,-0.995492197789638,3.5549146338575754,7.609285838318169,0,0.0,0,0.0,0,0.0,0,0.0,0,0.0,0,,inactive,zero,,51.76,inactive,51.76,51.76,0.0,0.0,0.0,0.0,0.0,0,0,0.0
6248,沛波,鋼鐵工業,2026-08-10,excluded,0,5,388,72,65,58.49,56.48,-2.01,"[6000, -7000, -6000, 7000, 58000]","[0, 0, 0, 0, 0]",True,,split,-0.082,-82,0.0,0,0.0,0,3.5,12.5,5.0,5.0,6.0,3.0,25.0,Q1,confirmed_accumulation,7.48,7.48,8.49,5,0.18184682437577124,2,65.0,65000,58.0,58000,59.0,59000,58.0,58000,74.8,active,positive,74.8,84.88,accelerating,84.88,84.88,0.07566938300349244,0.4233576642335766,0.2935323383084577,0.17956656346749225,5.0,6,3,74.8,False,1.9943019943019724,2.5787965616045794,2.8735632183908066,1.275604242607542,69.1,-0.6813514154667688,-11.113328965002822,41.85,1.275604242607542,-0.6813514154667688,True,0.28011204481790397,2.8735632183908066,-3.504043126684653,-0.995492197789638,3.5549146338575754,7.609285838318169,0,0.0,0,0.0,0,0.0,0,0.0,0,0.0,0,,inactive,zero,,51.76,inactive,51.76,51.76,0.0,0.0,0.0,0.0,0.0,0,0,0.0
6259,百徽,電子零組件,2026-08-10,excluded,0,5,389,428,410,23.11,17.79,-5.32,"[-76999, -24210, 72030, -2735, 64768]","[0, 0, 0, 0, 0]",True,,split,0.408,408,6.0,6000,0.0,0,4.5,3.26,1.75,1.75,2.75,2.5,5.0,Q2,unconfirmed_accumulation,0.78,0.78,5.1,5,0.01293195313191758,1,251.793,251793,64.768,64768,134.063,134063,32.854,32854,7.83,active,positive,7.83,50.98,decelerating,50.98,50.98,0.04283650901667234,0.08116290726817042,0.08571803069053709,0.013021799445105033,1.75,5,2,7.83,False,4.31034482758621,-0.16501650165017256,0.16556291390728006,-18.552380142635894,8.08,-3.3893517199502954,16.62069362780092,90.87,-18.552380142635894,-3.3893517199502954,True,-19.54787234042553,0.16556291390728006,24.22997946611909,-0.995492197789638,3.5549146338575754,7.609285838318169,0,0.0,0,0.0,0,0.0,0,0.0,0,0.0,0,,inactive,zero,,51.76,inactive,51.76,51.76,0.0,0.0,0.0,0.0,0.0,0,0,0.0
6261,久元,半導體業,2026-08-10,excluded,0,5,390,220,214,39.02,36.44,-2.58,"[79800, 42400, 29999, -25100, 123000]","[0, 0, 0, 0, 0]",True,,split,23.857,23857,0.0,0,0.0,0,3.5,12.5,5.0,5.0,6.0,4.0,5.0,Q2,unconfirmed_accumulation,6.44,6.44,8.02,5,0.1295733758176707,1,1143.433,1143433,123.0,123000,127.899,127899,250.099,250099,64.36,active,positive,64.36,80.18,accelerating,80.18,80.18,0.2072562987130687,0.38080495356037153,0.12065943396226415,0.1301920874544508,5.0,8,4,64.36,False,0.12755102040815647,0.25542784163474774,5.510752688172027,-14.04779784550041,12.26,1.9558380543144516,-42.464057622550534,2.22,-14.04779784550041,1.9558380543144516,True,-15.043290043290048,5.510752688172027,-34.85477178423236,-0.995492197789638,3.5549146338575754,7.609285838318169,0,0.0,0,0.0,0,0.0,0,0.0,0,0.0,0,,inactive,zero,,51.76,inactive,51.76,51.76,0.0,0.0,0.0,0.0,0.0,0,0,0.0
6263,普萊德,通信網路,2026-08-10,excluded,0,7,131,57,49,60.03,58.02,-2.01,"[-20000, 64011, 35000, 14666, 65000]","[0, 0, 0, 0, 0]",True,,split,-0.021,-21,0.0,0,0.0,0,3.5,12.5,5.0,5.0,6.0,4.5,25.0,Q1,confirmed_accumulation,7.52,7.52,8.53,5,0.18357655913031998,4,431.758,431758,65.0,65000,114.666,114666,158.677,158677,75.2,active,positive,75.2,85.27,accelerating,85.27,85.27,0.2378831955922865,0.28888888888888886,0.21078308823529412,0.18176059564719357,5.0,9,4,75.2,False,4.545454545454541,4.545454545454541,3.536977491961424,0.07241527471271159,62.45,-0.017937141896151587,-19.147747376779712,23.92,0.07241527471271159,-0.017937141896151587,True,-0.9230769230769265,3.536977491961424,-11.538461538461542,-0.995492197789638,3.5549146338575754,7.609285838318169,0,0.0,0,0.0,0,0.0,0,0.0,0,0.0,0,,inactive,zero,,51.76,inactive,51.76,51.76,0.0,0.0,0.0,0.0,0.0,0,0,0.0
6265,方土昶,電子通路,2026-08-10,excluded,0,7,132,126,117,54.17,51.15,-3.02,"[783930, 751804, 178000, 852360, 326940]","[0, 0, 0, 0, 0]",True,,split,53.463,53463,0.0,0,0.0,0,3.5,12.5,1.75,1.75,2.75,3.0,25.0,Q1,confirmed_accumulation,5.4,5.4,7.42,5,0.0994145719654175,5,2907.481,2907481,326.94,326940,1357.3,1357300,2893.034,2893034,54.05,active,positive,54.05,74.19,decelerating,74.19,74.19,0.0718499728166856,0.04971715328467153,0.07304773693557935,0.10120457566641013,1.75,6,5,54.05,False,0.7220216606498076,8.771929824561408,24.41471571906353,4.137821218122351,81.62,20.859801085205955,13.169934940902596,88.66,4.137821218122351,20.859801085205955,True,3.1423290203327126,24.41471571906353,20.779220779220765,-0.995492197789638,3.5549146338575754,7.609285838318169,0,0.0,0,0.0,0,0.0,0,0.0,0,0.0,0,,inactive,zero,,51.76,inactive,51.76,51.76,0.0,0.0,0.0,0.0,0.0,0,0,0.0
6266,泰詠,電子零組件,2026-08-10,excluded,0,7,133,208,193,39.47,37.76,-1.71,"[29000, 22000, 83000, 19000, 42000]","[0, 0, 0, 0, 0]",True,,split,0.203,203,0.0,0,0.0,0,3.5,12.5,5.0,5.0,6.0,3.5,5.0,Q2,unconfirmed_accumulation,8.26,8.26,8.97,5,0.2224077283251382,5,275.0,275000,42.0,42000,144.0,144000,195.0,195000,82.64,active,positive,82.64,89.7,accelerating,89.7,89.7,0.14635444385311336,0.34710743801652894,0.26865671641791045,0.22234891676168758,5.0,7,5,82.64,False,1.8367346938775508,3.526970954356834,3.9583333333333304,-3.7755001686225813,40.03,0.4034186994757549,-14.858356470288424,32.86,-3.7755001686225813,0.4034186994757549,True,-4.770992366412219,3.9583333333333304,-7.249070631970255,-0.995492197789638,3.5549146338575754,7.609285838318169,0,0.0,0,0.0,0,0.0,0,0.0,0,0.0,0,,inactive,zero,,51.76,inactive,51.76,51.76,0.0,0.0,0.0,0.0,0.0,0,0,0.0
6270,倍微,電子通路,2026-08-10,excluded,0,5,391,229,220,38.62,36.22,-2.4,"[16994, 127950, -11000, 10000, 35521]","[0, 0, 0, 0, 0]",True,,split,0.212,212,0.0,0,0.0,0,3.5,12.5,5.0,5.0,6.0,3.5,5.0,Q2,unconfirmed_accumulation,6.72,6.72,8.12,5,0.1407005069110573,2,432.814,432814,35.521,35521,34.521,34521,179.465,179465,67.23,active,positive,67.23,81.23,accelerating,81.23,81.23,0.11647308934337998,0.12333680555555555,0.051523880597014925,0.13987918939984412,5.0,7,4,67.23,False,2.876480541455151,1.3333333333333197,7.042253521126751,-13.611249375244073,13.17,3.4873388872691757,7.760733137013886,84.49,-13.611249375244073,3.4873388872691757,True,-14.60674157303371,7.042253521126751,15.370018975332055,-0.995492197789638,3.5549146338575754,7.609285838318169,0,0.0,0,0.0,0,0.0,0,0.0,0,0.0,0,,inactive,zero,,51.76,inactive,51.76,51.76,0.0,0.0,0.0,0.0,0.0,0,0,0.0
6272,驊陞,電子零組件,2026-08-10,excluded,0,0,762,733,763,5.0,0.0,-5.0,"[-26000, -4000, -20000, -22000, -3000]","[0, 0, 0, 0, 0]",True,,split,0.0,0,-11.0,-11000,0.0,0,0.0,0.0,-3.5,-3.5,4.5,0.5,0.0,Q4,confirmed_distribution,0.0,0.0,0.0,5,-0.11127314800865358,0,70.751,70751,-3.0,-3000,-45.0,-45000,-75.0,-75000,57.31,active,negative,57.31,18.77,stable,18.77,18.77,0.03141696269982238,-0.041666666666666664,-0.14331210191082802,-0.11094674556213018,-3.5,1,0,-57.31,False,3.5051546391752675,4.149377593361003,3.9337474120082927,-15.337841135543695,10.69,0.37883277815071725,-26.115779344811674,12.65,-15.337841135543695,0.37883277815071725,True,-16.333333333333332,3.9337474120082927,-18.506493506493506,-0.995492197789638,3.5549146338575754,7.609285838318169,0,0.0,0,0.0,0,0.0,0,0.0,0,0.0,0,,inactive,zero,,51.76,inactive,51.76,51.76,0.0,0.0,0.0,0.0,0.0,0,0,0.0
6276,安鈦克,電腦週邊,2026-08-10,excluded,0,5,392,402,392,25.42,20.59,-4.83,"[0, -2000, 0, 5000, 1000]","[0, 0, 0, 0, 0]",True,,split,0.341,341,0.0,0,0.0,0,3.5,6.67,1.75,1.75,2.75,2.0,5.0,Q2,unconfirmed_accumulation,1.67,1.67,5.5,3,0.02587080948487326,2,22.0,22000,1.0,1000,6.0,6000,4.0,4000,16.71,active,positive,16.71,55.02,decelerating,55.02,55.02,0.06748466257668712,0.017857142857142856,0.056074766355140186,0.02666666666666667,1.75,4,2,16.71,False,-1.9607843137254832,-6.7599067599067535,0.0,-7.050484813704617,29.2,-3.5549146338575754,-39.81267566882665,3.52,-7.050484813704617,-3.5549146338575754,True,-8.045977011494255,0.0,-32.20338983050848,-0.995492197789638,3.5549146338575754,7.609285838318169,0,0.0,0,0.0,0,0.0,0,0.0,0,0.0,0,,inactive,zero,,51.76,inactive,51.76,51.76,0.0,0.0,0.0,0.0,0.0,0,0,0.0
6277,宏正,電腦週邊,2026-08-10,high_priority_watch,44,5,393,108,96,56.02,53.77,-2.25,"[30000, -46987, -45000, 292000, 65848]","[0, 0, 0, 0, 0]",True,,split,0.333,333,-1.0,-1000,0.0,0,3.5,12.5,1.75,1.75,2.75,4.0,25.0,Q1,confirmed_accumulation,7.02,7.02,8.27,5,0.15518298892609517,2,912.419,912419,65.848,65848,312.848,312848,295.861,295861,70.23,active,positive,70.23,82.66,decelerating,82.66,82.66,0.19813659066232356,0.20260923076923076,0.2815913591359136,0.1512581799591002,1.75,7,3,70.23,False,1.0101010101010166,3.2258064516129004,3.3591731266149782,7.947363855543655,90.35,-0.1957415072425972,4.435532088852701,81.49,7.947363855543655,-0.1957415072425972,True,6.951871657754016,3.3591731266149782,12.04481792717087,-0.995492197789638,3.5549146338575754,7.609285838318169,0,0.0,0,1.0,1000,0.0,0,0.0,0,0.0,0,,inactive,zero,,51.76,inactive,51.76,51.76,0.00021715526601520088,0.0,0.0,0.0,0.0,1,0,0.0
6278,台表科,光電業,2026-08-10,high_priority_watch,39,5,394,363,355,30.68,26.33,-4.35,"[269162, -316100, -482029, 403140, 442803]","[105930, -231000, 0, 0, 50000]",True,,split,323.875,323875,156.0,156000,0.0,0,4.5,3.11,8.0,8.0,8.0,5.0,5.0,Q2,unconfirmed_accumulation,0.72,0.72,5.07,5,0.01164953523278649,2,3688.289,3688289,442.803,442803,363.914,363914,316.976,316976,7.18,active,positive,7.18,50.72,accelerating,50.72,50.72,0.0754915160570645,0.06292496802614751,0.017905628813225744,0.012425558604468836,5.0,6,3,7.18,False,9.935897435897445,2.083333333333326,17.86941580756014,-3.9906573866978934,39.24,14.314501173702567,42.82931065290989,97.39,-3.9906573866978934,14.314501173702567,True,-4.986149584487531,17.86941580756014,50.43859649122806,-0.995492197789638,3.5549146338575754,7.609285838318169,3,-0.0033635304322343477,1,-932.07,-932070,50.0,50000,50.0,50000,-75.07,-75070,32.67,active,negative,32.67,9.91,reversing_positive,9.91,9.91,-0.01907751192254948,0.0071053005542134435,0.002460145640621925,-0.002942767542140337,3.0,4,2,-32.67
6279,胡連,電子零組件,2026-08-10,wait_pullback,38,7,134,69,62,58.9,56.6,-2.3,"[20020, 13282, 45366, 2031000, 619000]","[-4000, 0, 0, -1000, 0]",True,,split,65.091,65091,135.487,135487,0.0,0,4.5,12.5,0.75,0.75,2.75,4.5,25.0,Q1,confirmed_accumulation,9.35,9.35,9.65,5,0.328707682099431,9,3335.168,3335168,619.0,619000,2695.366,2695366,2728.668,2728668,93.47,active,positive,93.47,96.48,decelerating,96.48,96.48,0.2901407568508047,0.17348654708520178,0.3541408487715149,0.3284781509570242,1.75,9,5,93.47,False,2.7667984189723382,9.243697478991585,10.63829787234043,7.9913769714521905,90.48,7.083383238482855,3.0290120340222613,80.05,7.9913769714521905,7.083383238482855,True,6.995884773662553,10.63829787234043,10.63829787234043,-0.995492197789638,3.5549146338575754,7.609285838318169,2,-0.00056163666136627,0,-7.0,-7000,0.0,0,-1.0,-1000,-5.0,-5000,14.36,active,negative,14.36,12.91,neutral,12.91,12.91,-0.0006089604175728578,0.0,-0.00013138877939823938,-0.0006019020103527145,-1.0,0,0,-14.36
6281,全國電,電子通路,2026-08-10,excluded,0,0,763,558,764,7.5,0.0,-7.5,"[12000, 0, -12000, -6000, -10000]","[0, 0, 0, 0, 0]",True,,split,0.0,0,-2.0,-2000,0.0,0,0.0,0.0,-3.5,-3.5,4.5,3.0,0.0,Q4,confirmed_distribution,0.0,0.0,0.0,4,-0.055710943172955385,0,49.3,49300,-10.0,-10000,-28.0,-28000,-16.0,-16000,30.29,active,negative,30.29,31.55,stable,31.55,31.55,0.08588850174216028,-0.2777777777777778,-0.16091954022988506,-0.05536332179930796,-3.5,6,1,-30.29,False,0.5847953216374435,0.3891050583657574,-0.578034682080919,2.171962786024928,74.58,-4.132949315938495,-7.802709435997091,53.98,2.171962786024928,-4.132949315938495,True,1.17647058823529,-0.578034682080919,-0.19342359767892114,-0.995492197789638,3.5549146338575754,7.609285838318169,0,0.0,0,0.0,0,0.0,0,0.0,0,0.0,0,,inactive,zero,,51.76,inactive,51.76,51.76,0.0,0.0,0.0,0.0,0.0,0,0,0.0
6282,康舒,電子零組件,2026-08-10,excluded,0,12,38,156,179,48.26,38.59,-9.67,"[2632368, 78735, -1035000, -1666023, 2364309]","[184000, 1000, 0, 0, -50000]",True,,split,386.178,386178,245.0,245000,0.0,0,10.0,11.21,1.0,1.0,1.0,6.0,5.0,Q2,unconfirmed_accumulation,5.38,5.38,15.05,5,0.04412781255266614,1,5498.632,5498632,2364.309,2364309,-336.714,-336714,2374.389,2374389,24.54,active,positive,24.54,58.67,neutral,58.67,58.67,0.044139837685533784,0.16453089770354906,-0.011291927965391194,0.04243617743780383,1.0,6,3,24.54,True,6.04453870625663,4.166666666666674,11.982082866741317,-12.79761125048623,14.21,8.42716823288374,-8.40293663196896,51.24,-12.79761125048623,8.42716823288374,True,-13.793103448275868,11.982082866741317,-0.7936507936507908,-0.995492197789638,3.5549146338575754,7.609285838318169,3,0.002348331639311454,0,487.0,487000,-50.0,-50000,-50.0,-50000,135.0,135000,29.21,active,positive,29.21,91.79,reversing_negative,91.79,91.79,0.003909354354474886,-0.003479471120389701,-0.0016767832589959421,0.002412782384901344,0.0,6,2,29.21
6284,佳邦,電子零組件,2026-08-10,excluded,0,5,395,257,280,37.67,33.46,-4.21,"[27000, 78179, 42130, -203922, 337050]","[0, 0, 0, 0, 0]",True,,split,30.857,30857,2.0,2000,0.0,0,4.5,12.5,5.0,5.0,6.0,3.5,5.0,Q2,unconfirmed_accumulation,2.96,2.96,6.17,5,0.05608050744985885,1,885.397,885397,337.05,337050,175.258,175258,280.437,280437,29.63,active,positive,29.63,61.67,accelerating,61.67,61.67,0.06973826402016384,0.32755102040816325,0.06060096818810512,0.05411752219220378,5.0,7,4,29.63,False,4.229195088676674,-1.2919896640826822,0.5263157894736858,-20.965692684743555,6.13,-3.0285988443838896,-18.461094473090622,25.42,-20.965692684743555,-3.0285988443838896,True,-21.961184882533193,0.5263157894736858,-10.851808634772453,-0.995492197789638,3.5549146338575754,7.609285838318169,0,0.0,0,0.0,0,0.0,0,0.0,0,0.0,0,,inactive,zero,,51.76,inactive,51.76,51.76,0.0,0.0,0.0,0.0,0.0,0,0,0.0
6285,啟碁,通信網路,2026-08-10,excluded,0,12,39,170,271,43.09,33.77,-9.32,"[1275240, 329140, -1558522, -2335299, 3618140]","[87000, 0, 158000, -57000, 0]",True,,split,70.473,70473,-53.284,-53284,0.0,0,9.0,7.34,1.0,1.0,1.0,6.0,5.0,Q2,unconfirmed_accumulation,5.43,5.43,14.75,5,0.03125617960937608,1,5219.593,5219593,3618.14,3618140,-275.681,-275681,1328.699,1328699,16.19,active,positive,16.19,54.63,neutral,54.63,54.63,0.05733422307168435,0.332335813355378,-0.008646374357044285,0.025710119969040247,1.0,7,3,16.19,True,9.871244635193133,-1.538461538461533,7.112970711297062,-0.16280896051151794,59.84,3.5580560774394865,-9.899362174196035,45.63,-0.16280896051151794,3.5580560774394865,True,-1.158301158301156,7.112970711297062,-2.2900763358778664,-0.995492197789638,3.5549146338575754,7.609285838318169,3,0.003684624983753671,0,-439.17,-439170,0.0,0,101.0,101000,188.0,188000,38.12,active,positive,38.12,92.83,reversing_negative,92.83,92.83,-0.004824029526131945,0.0,0.003167733032241877,0.0036377708978328174,0.0,5,2,38.12
6290,良維,電子零組件,2026-08-10,excluded,0,5,396,278,305,37.1,31.78,-5.32,"[-747231, -50000, 901850, -277000, 1113900]","[1195, -3500, -1000, 0, 0]",True,,split,21.618,21618,-19.0,-19000,0.0,0,3.5,11.64,4.0,4.0,6.0,5.0,5.0,Q2,unconfirmed_accumulation,2.64,2.64,5.96,5,0.04760187131038376,1,2382.734,2382734,1113.9,1113900,1738.75,1738750,941.519,941519,26.37,active,positive,26.37,59.58,accelerating,59.58,59.58,0.06791318227162606,0.3305341246290801,0.16083156044769217,0.04654303228038954,5.0,5,2,26.37,False,5.940594059405946,0.23419203747072626,-1.6091954022988464,-23.11798297951533,4.69,-5.164110036156422,-30.352968148787483,8.87,-23.11798297951533,-5.164110036156422,True,-24.113475177304966,-1.6091954022988464,-22.743682310469314,-0.995492197789638,3.5549146338575754,7.609285838318169,3,-0.00016427903353337828,0,4.075,4075,0.0,0,-1.0,-1000,-3.305,-3305,8.91,active,negative,8.91,14.08,neutral,14.08,14.08,0.00011614650135385492,0.0,-9.249838127832763e-05,-0.00016337930693558752,-1.0,5,1,-8.91
6291,沛亨,半導體業,2026-08-10,excluded,0,0,764,472,765,10.5,0.0,-10.5,"[9000, -301703, 11870, -21886, -35974]","[0, 0, 0, -1000, -10000]",True,,split,24.606,24606,-4.0,-4000,0.0,0,0.0,0.0,-7.0,-7.0,7.0,3.5,0.0,Q4,confirmed_distribution,0.0,0.0,0.0,5,-0.11268385399436016,0,279.784,279784,-35.974,-35974,-45.99,-45990,-338.693,-338693,57.7,active,negative,57.7,18.64,stable,18.64,18.64,0.04775285884963304,-0.08444600938967137,-0.03532258064516129,-0.11200165343915344,-3.5,6,2,-57.7,False,2.953020134228179,0.9210526315789558,14.99250374812593,-14.440009456014113,11.73,11.437589114268356,-32.26547444342622,7.82,-14.440009456014113,11.437589114268356,True,-15.435501653803751,14.99250374812593,-24.656188605108053,-0.995492197789638,3.5549146338575754,7.609285838318169,2,-0.0036824361579784804,0,-447.0,-447000,-10.0,-10000,-11.0,-11000,-11.0,-11000,37.62,active,negative,37.62,9.26,stable,9.26,9.26,-0.07629288274449565,-0.023474178403755867,-0.008448540706605223,-0.0036375661375661374,-3.5,1,0,-37.62
6405,悅城,光電業,2026-08-10,excluded,0,0,765,722,572,5.5,4.5,-1.0,"[-9000, -44995, -20500, -107000, 140000]","[0, 0, 0, 0, 0]",True,,split,0.577,577,-2.689,-2689,0.0,0,0.0,0.0,3.0,3.0,4.0,1.5,0.0,Q4,confirmed_distribution,0.0,0.0,0.0,5,-0.011073582300550045,1,213.805,213805,140.0,140000,12.5,12500,-41.495,-41495,7.57,active,negative,7.57,43.29,reversing_positive,43.29,43.29,0.02740387080235837,0.2017291066282421,0.00799744081893794,-0.01271682500766166,3.0,3,1,-7.57,False,4.17209908735332,2.5673940949935803,10.664819944598335,-25.836009633712187,2.61,7.10990531074076,-38.72997549349058,4.17,-25.836009633712187,7.10990531074076,True,-26.831501831501825,10.664819944598335,-31.120689655172406,-0.995492197789638,3.5549146338575754,7.609285838318169,0,0.0,0,0.0,0,0.0,0,0.0,0,0.0,0,,inactive,zero,,51.76,inactive,51.76,51.76,0.0,0.0,0.0,0.0,0.0,0,0,0.0
6409,旭隼,其他電子,2026-08-10,high_priority_watch,48,0,766,473,766,10.5,0.0,-10.5,"[-850, -13393, -9523, -12464, -156688]","[1000, -1265, -4000, -1863, -17]",True,,split,34.96,34960,-4.0,-4000,0.0,0,0.0,0.0,-7.0,-7.0,7.0,3.5,0.0,Q4,confirmed_distribution,0.0,0.0,0.0,5,-0.0766337060064698,0,-41.482,-41482,-156.688,-156688,-178.675,-178675,-192.918,-192918,40.99,active,negative,40.99,26.34,stable,26.34,26.34,-0.008303042433947158,-0.23076288659793814,-0.09291471658866354,-0.07465866873065015,-3.5,3,0,-40.99,False,2.4630541871921263,7.9958463136033275,11.34903640256959,-0.4263087500776641,58.28,7.794121768712015,39.90844465813572,96.61,-0.4263087500776641,7.794121768712015,True,-1.4218009478673022,11.34903640256959,47.51773049645389,-0.995492197789638,3.5549146338575754,7.609285838318169,5,-0.002398465800456207,0,1.602,1602,-0.017,-17,-5.88,-5880,-6.145,-6145,28.71,active,negative,28.71,10.56,stable,10.56,10.56,0.00032065652522017616,-2.5036818851251842e-05,-0.003057722308892356,-0.002378095975232198,-3.5,4,1,-28.71
6414,樺漢,電腦週邊,2026-08-10,wait_pullback,50,7,135,168,208,43.18,36.88,-6.3,"[7778, -432233, 478450, 106876, 35175]","[0, -29000, -28000, -13000, 0]",True,,split,26.165,26165,-22.374,-22374,0.0,0,3.5,3.32,0.75,0.75,2.75,3.5,25.0,Q1,confirmed_accumulation,0.81,0.81,5.11,5,0.013382474785580464,3,558.932,558932,35.175,35175,620.501,620501,196.046,196046,8.09,active,positive,8.09,51.11,decelerating,51.11,51.11,0.014996833914676684,0.014767002518891688,0.0695784929356358,0.013292155400366127,1.75,7,4,8.09,False,1.6877637130801704,2.771855010660973,10.171428571428564,25.062416264713693,99.22,6.616513937570988,28.16536204900577,94.39,25.062416264713693,6.616513937570988,True,24.066924066924056,10.171428571428564,35.77464788732394,-0.995492197789638,3.5549146338575754,7.609285838318169,3,-0.004770208309642789,0,-71.0,-71000,0.0,0,-41.0,-41000,-70.0,-70000,44.06,active,negative,44.06,8.08,neutral,8.08,8.08,-0.0019050174403005098,0.0,-0.004597443372953577,-0.004746084480303749,-1.0,0,0,-44.06
6415,矽力*-KY,半導體業,2026-08-10,excluded,0,5,397,270,341,37.22,27.79,-9.43,"[729044, 75041, 790767, 620439, -392880]","[-314000, -443000, -6000, -16000, -32000]",True,,split,4.173,4173,-3.0,-3000,0.0,0,3.5,12.5,-1.75,-1.75,5.25,4.0,5.0,Q2,unconfirmed_accumulation,4.54,4.54,6.97,5,0.08004341827120183,0,5344.086,5344086,-392.88,-392880,1018.326,1018326,1822.411,1822411,45.43,active,positive,45.43,69.75,decelerating,69.75,69.75,0.11087315352697096,-0.12653140096618357,0.1099229274611399,0.08201669666966696,1.75,8,4,45.43,False,5.3227633069082625,4.494382022471921,9.540636042402827,-10.264049786943186,20.6,5.985721408545252,-15.163957806509021,31.55,-10.264049786943186,5.985721408545252,True,-11.259541984732824,9.540636042402827,-7.554671968190851,-0.995492197789638,3.5549146338575754,7.609285838318169,5,-0.0361570584740078,0,-4673.64,-4673640,-32.0,-32000,-54.0,-54000,-811.0,-811000,81.19,active,negative,81.19,2.87,stable,2.87,2.87,-0.09696348547717842,-0.010305958132045089,-0.005829015544041451,-0.0364986498649865,-3.5,0,0,-81.19
6416,瑞祺電通,通信網路,2026-08-10,other_watch,42,7,136,47,38,60.67,59.06,-1.61,"[121000, 187295, 156148, 220000, 236090]","[0, 0, 0, 0, 0]",True,,split,0.0,0,-15.515,-15515,0.0,0,3.5,12.5,5.0,5.0,6.0,4.5,25.0,Q1,confirmed_accumulation,8.56,8.56,9.17,5,0.2467647511658397,6,1174.543,1174543,236.09,236090,612.238,612238,920.533,920533,85.64,active,positive,85.64,91.66,accelerating,91.66,91.66,0.14534624427669843,0.26767573696145125,0.24401673973694699,0.24699034075664072,5.0,9,5,85.64,False,0.4854368932038833,3.915662650602414,11.410118406889126,8.027550108854776,90.74,7.85520377303155,8.033172262240495,84.62,8.027550108854776,7.85520377303155,True,7.032057911065137,11.410118406889126,15.642458100558665,-0.995492197789638,3.5549146338575754,7.609285838318169,0,0.0,0,0.0,0,0.0,0,0.0,0,0.0,0,,inactive,zero,,51.76,inactive,51.76,51.76,0.0,0.0,0.0,0.0,0.0,0,0,0.0
6418,詠昇,電子零組件,2026-08-10,excluded,0,5,398,91,95,57.13,53.79,-3.34,"[23000, -21000, -14000, 13000, 70000]","[0, 0, 0, 0, 0]",True,,split,0.05,50,0.0,0,0.0,0,3.5,12.5,5.0,5.0,6.0,3.0,25.0,Q1,confirmed_accumulation,4.79,4.79,7.13,5,0.08856719564239963,2,104.0,104000,70.0,70000,69.0,69000,71.0,71000,47.91,active,positive,47.91,71.32,accelerating,71.32,71.32,0.07530774800868936,0.15053763440860216,0.11201298701298701,0.08647990255785627,5.0,6,3,47.91,False,5.616224648985968,5.616224648985968,12.833333333333341,5.149338351635791,85.92,9.278418699475765,1.5842625487786135,76.79,5.149338351635791,9.278418699475765,True,4.153846153846152,12.833333333333341,9.193548387096783,-0.995492197789638,3.5549146338575754,7.609285838318169,0,0.0,0,0.0,0,0.0,0,0.0,0,0.0,0,,inactive,zero,,51.76,inactive,51.76,51.76,0.0,0.0,0.0,0.0,0.0,0,0,0.0
6423,億而得,半導體業,2026-08-10,excluded,0,5,399,242,229,38.21,35.87,-2.34,"[14000, 21000, -9490, 5000, 56000]","[0, 0, 0, 0, 0]",True,,split,0.0,0,-8.807,-8807,0.0,0,3.5,12.5,5.0,5.0,6.0,3.0,5.0,Q2,unconfirmed_accumulation,6.87,6.87,8.21,5,0.14691167739330752,2,94.51,94510,56.0,56000,51.51,51510,86.51,86510,68.67,active,positive,68.67,82.14,accelerating,82.14,82.14,0.13482168330955777,0.2204724409448819,0.11627539503386004,0.14539495798319327,5.0,6,4,68.67,False,8.278580814717484,13.031550068587094,16.548797736916555,-0.08493997507950102,60.5,12.99388310305898,-23.441767962935124,16.43,-0.08493997507950102,12.99388310305898,True,-1.080432172869139,16.548797736916555,-15.832482124616954,-0.995492197789638,3.5549146338575754,7.609285838318169,0,0.0,0,0.0,0,0.0,0,0.0,0,0.0,0,,inactive,zero,,51.76,inactive,51.76,51.76,0.0,0.0,0.0,0.0,0.0,0,0,0.0
6425,易發,電機機械,2026-08-10,excluded,0,0,767,519,767,8.0,0.0,-8.0,"[-64000, 55000, 16000, -29050, -135000]","[0, 0, 0, 0, 0]",True,,split,-46.069,-46069,0.0,0,0.0,0,0.0,0.0,-3.5,-3.5,4.5,3.5,0.0,Q4,confirmed_distribution,0.0,0.0,0.0,5,-0.11982441023233231,0,345.053,345053,-135.0,-135000,-148.05,-148050,-157.05,-157050,59.79,active,negative,59.79,17.86,stable,17.86,17.86,0.18432318376068377,-0.251865671641791,-0.1798906439854192,-0.11790540540540541,-3.5,7,2,-59.79,False,3.985507246376807,3.4234234234234107,7.692307692307687,-26.069310851765636,2.48,4.137393058450112,-40.787399924464864,3.0,-26.069310851765636,4.137393058450112,True,-27.064803049555273,7.692307692307687,-33.17811408614669,-0.995492197789638,3.5549146338575754,7.609285838318169,0,0.0,0,0.0,0,0.0,0,0.0,0,0.0,0,,inactive,zero,,51.76,inactive,51.76,51.76,0.0,0.0,0.0,0.0,0.0,0,0,0.0
