analysis_family,universe,factor,group,horizon,metric,sample_count,date_count,mean,median,std,positive_pct,bootstrap_ci_low,bootstrap_ci_high,ic_ir,notes
rank_ic,A_technical_eligible,V1_chip_bonus,all,3,daily_rank_ic,10,10,-0.045411538817437244,-0.032987255027672094,0.241246885118418,30.0,-0.1890882679082468,0.09288594621172297,-0.18823678819789372,Daily cross-sectional Spearman against future excess return.
rank_ic,A_technical_eligible,V1_chip_bonus,all,5,daily_rank_ic,8,8,-0.0009259120536170718,-0.03719133206557318,0.2013741085736314,37.5,-0.13398707831560747,0.1268168226276622,-0.004597969720017491,Daily cross-sectional Spearman against future excess return.
rank_ic,A_technical_eligible,V1_chip_bonus,all,10,daily_rank_ic,3,3,0.06165826039127187,0.06927075081082631,0.15678648660810296,66.66666666666666,-0.09879580598152692,0.21449983634451622,0.39326259376798406,Daily cross-sectional Spearman against future excess return.
rank_ic,A_technical_eligible,V1_chip_bonus,all,20,daily_rank_ic,0,0,,,,,,,,Daily cross-sectional Spearman against future excess return.
rank_ic,A_technical_eligible,V21_capital_flow,all,3,daily_rank_ic,10,10,-0.02658308681546495,-0.08755210306934445,0.26878811853507734,30.0,-0.17322384796832507,0.12519085555674822,-0.0988997838161355,Daily cross-sectional Spearman against future excess return.
rank_ic,A_technical_eligible,V21_capital_flow,all,5,daily_rank_ic,8,8,-0.0388136662303776,-0.09664224664224665,0.2620758110301867,37.5,-0.2023104573415261,0.12668273588257498,-0.14810091048771734,Daily cross-sectional Spearman against future excess return.
rank_ic,A_technical_eligible,V21_capital_flow,all,10,daily_rank_ic,3,3,0.10812235382052553,0.13008009874990434,0.153457834779333,66.66666666666666,-0.055131599118197226,0.24941856182986943,0.7045736959341417,Daily cross-sectional Spearman against future excess return.
rank_ic,A_technical_eligible,V21_capital_flow,all,20,daily_rank_ic,0,0,,,,,,,,Daily cross-sectional Spearman against future excess return.
rank_ic,A_technical_eligible,RS20_percentile,all,3,daily_rank_ic,10,10,-0.04548986110713139,-0.01517651979423322,0.12747648361891625,50.0,-0.12549362783548282,0.022143951004324678,-0.3568490423937387,Daily cross-sectional Spearman against future excess return.
rank_ic,A_technical_eligible,RS20_percentile,all,5,daily_rank_ic,8,8,-0.0026331928887905927,-0.05033782743436339,0.22611933579180793,37.5,-0.14448195017417706,0.15053622262848457,-0.011645146929031402,Daily cross-sectional Spearman against future excess return.
rank_ic,A_technical_eligible,RS20_percentile,all,10,daily_rank_ic,3,3,-0.006075472574200154,-0.0179427235534775,0.09415097937058328,33.33333333333333,-0.0937302180613347,0.09344652389221174,-0.06452904276530963,Daily cross-sectional Spearman against future excess return.
rank_ic,A_technical_eligible,RS20_percentile,all,20,daily_rank_ic,0,0,,,,,,,,Daily cross-sectional Spearman against future excess return.
rank_ic,A_technical_eligible,foreign_signed_strength,all,3,daily_rank_ic,10,10,-0.12549864745176748,-0.15810068349767303,0.2283414768273974,30.0,-0.24986229307839036,0.005241743125298909,-0.5496095111385809,Daily cross-sectional Spearman against future excess return.
rank_ic,A_technical_eligible,foreign_signed_strength,all,5,daily_rank_ic,8,8,-0.1300533804119586,-0.18746819273198817,0.2936376627788383,37.5,-0.31741196103687425,0.056091650532323185,-0.44290428952879957,Daily cross-sectional Spearman against future excess return.
rank_ic,A_technical_eligible,foreign_signed_strength,all,10,daily_rank_ic,3,3,0.09077930211960021,0.12443259662718127,0.14095765140409433,66.66666666666666,-0.06395909704804169,0.21186440677966104,0.6440182651692747,Daily cross-sectional Spearman against future excess return.
rank_ic,A_technical_eligible,foreign_signed_strength,all,20,daily_rank_ic,0,0,,,,,,,,Daily cross-sectional Spearman against future excess return.
rank_ic,A_technical_eligible,trust_signed_strength_active_only,all,3,daily_rank_ic,10,10,-0.025059997951484475,-0.016400804442717732,0.2644062670318265,50.0,-0.19266141275691764,0.11710801585494951,-0.09477838113598121,Daily cross-sectional Spearman against future excess return.
rank_ic,A_technical_eligible,trust_signed_strength_active_only,all,5,daily_rank_ic,8,8,-0.030930230070101115,0.006295135070878772,0.29353897480413993,50.0,-0.25087249536456624,0.12920981419823743,-0.10537009639261331,Daily cross-sectional Spearman against future excess return.
rank_ic,A_technical_eligible,trust_signed_strength_active_only,all,10,daily_rank_ic,3,3,-0.05546186122481972,-0.021763602251407135,0.10211129295284542,33.33333333333333,-0.17016310696417755,0.025541125541125545,-0.5431511013226694,Daily cross-sectional Spearman against future excess return.
rank_ic,A_technical_eligible,trust_signed_strength_active_only,all,20,daily_rank_ic,0,0,,,,,,,,Daily cross-sectional Spearman against future excess return.
rank_ic,B_buy_high,V1_chip_bonus,all,3,daily_rank_ic,10,10,0.031230104096382598,0.10255160270060622,0.35712903218149833,60.0,-0.1914708511388534,0.23027341119517775,0.08744767655996948,Daily cross-sectional Spearman against future excess return.
rank_ic,B_buy_high,V1_chip_bonus,all,5,daily_rank_ic,8,8,0.19857631057766614,0.21826650246558543,0.3253018810158404,75.0,-0.011723046227549884,0.42316251412871125,0.6104370191698848,Daily cross-sectional Spearman against future excess return.
rank_ic,B_buy_high,V1_chip_bonus,all,10,daily_rank_ic,3,3,0.22257460487200964,0.25242971016443316,0.08894882725169477,100.0,0.12253889524049143,0.2927552092111043,2.5022770029581123,Daily cross-sectional Spearman against future excess return.
rank_ic,B_buy_high,V1_chip_bonus,all,20,daily_rank_ic,0,0,,,,,,,,Daily cross-sectional Spearman against future excess return.
rank_ic,B_buy_high,V21_capital_flow,all,3,daily_rank_ic,10,10,0.12627483765399022,0.13690476190476192,0.3671928138210377,70.0,-0.09691422132174228,0.32377693632390114,0.3438924535040983,Daily cross-sectional Spearman against future excess return.
rank_ic,B_buy_high,V21_capital_flow,all,5,daily_rank_ic,8,8,0.22332427345760372,0.19603432325493467,0.3313060059509213,87.5,-0.01472636531146228,0.43134211273203577,0.6740725173895167,Daily cross-sectional Spearman against future excess return.
rank_ic,B_buy_high,V21_capital_flow,all,10,daily_rank_ic,3,3,0.32827204615194905,0.42260569821229227,0.2408382379412556,100.0,0.05454633501380507,0.5076641052297498,1.3630395611514978,Daily cross-sectional Spearman against future excess return.
rank_ic,B_buy_high,V21_capital_flow,all,20,daily_rank_ic,0,0,,,,,,,,Daily cross-sectional Spearman against future excess return.
rank_ic,B_buy_high,RS20_percentile,all,3,daily_rank_ic,10,10,-0.07188636610428274,0.001225490196078427,0.288187814163661,50.0,-0.25164598280338085,0.09109486384303417,-0.24944276812293903,Daily cross-sectional Spearman against future excess return.
rank_ic,B_buy_high,RS20_percentile,all,5,daily_rank_ic,8,8,0.053170713025252656,0.01551120448179272,0.3407752491028708,62.5,-0.1587353210514975,0.29752004136634885,0.15602868214528648,Daily cross-sectional Spearman against future excess return.
rank_ic,B_buy_high,RS20_percentile,all,10,daily_rank_ic,3,3,0.08227615770641628,0.10957357115846449,0.14652743730335277,66.66666666666666,-0.07598039215686275,0.2132352941176471,0.5615068359933274,Daily cross-sectional Spearman against future excess return.
rank_ic,B_buy_high,RS20_percentile,all,20,daily_rank_ic,0,0,,,,,,,,Daily cross-sectional Spearman against future excess return.
rank_ic,B_buy_high,foreign_signed_strength,all,3,daily_rank_ic,10,10,0.06537238243216613,0.11190476190476192,0.39661998647939567,60.0,-0.1735098775068225,0.29573293420252844,0.16482372210348056,Daily cross-sectional Spearman against future excess return.
rank_ic,B_buy_high,foreign_signed_strength,all,5,daily_rank_ic,8,8,0.11588064003345339,0.15842490842490844,0.4570390381128099,62.5,-0.1854192774137626,0.40439592882607595,0.2535464815258316,Daily cross-sectional Spearman against future excess return.
rank_ic,B_buy_high,foreign_signed_strength,all,10,daily_rank_ic,3,3,0.1350094961167971,0.17401960784313728,0.1553698775831653,66.66666666666666,-0.036147982237843955,0.26715686274509803,0.8689554128311014,Daily cross-sectional Spearman against future excess return.
rank_ic,B_buy_high,foreign_signed_strength,all,20,daily_rank_ic,0,0,,,,,,,,Daily cross-sectional Spearman against future excess return.
rank_ic,B_buy_high,trust_signed_strength_active_only,all,3,daily_rank_ic,10,10,-0.033536478670474545,0.0034632034632034563,0.29099204214599983,50.0,-0.22385346934237585,0.1142900432900433,-0.11524878282976633,Daily cross-sectional Spearman against future excess return.
rank_ic,B_buy_high,trust_signed_strength_active_only,all,5,daily_rank_ic,8,8,0.04254495504495508,0.08831168831168831,0.43297410210952475,75.0,-0.28800766941391925,0.28826579670329655,0.09826212431105855,Daily cross-sectional Spearman against future excess return.
rank_ic,B_buy_high,trust_signed_strength_active_only,all,10,daily_rank_ic,3,3,0.14177483451896153,0.12727272727272726,0.034881790222119444,100.0,0.1164835164835165,0.18156825980064076,4.064436877126176,Daily cross-sectional Spearman against future excess return.
rank_ic,B_buy_high,trust_signed_strength_active_only,all,20,daily_rank_ic,0,0,,,,,,,,Daily cross-sectional Spearman against future excess return.
quantile,A_technical_eligible,V21_capital_flow,Q1,3,fwd_3d,92,10,-2.324020707950591,-1.0673280721533285,7.229088212354364,39.130434782608695,-5.558195948208602,1.7637067293889126,-0.3214818576952605,Deterministic equal-count quintiles; score ties use code as tie-break.
quantile,A_technical_eligible,V21_capital_flow,Q1,3,excess_vs_taiex_3d,92,10,-0.35634221662589977,-0.5687439269521866,5.6607845634899245,48.91304347826087,-2.213248643116978,1.2882571409451202,-0.06294926306225856,Deterministic equal-count quintiles; score ties use code as tie-break.
quantile,A_technical_eligible,V21_capital_flow,Q1,3,mfe_3d,92,10,4.387471926334199,2.776823703412945,4.372007430841381,92.3913043478261,2.9501969593090496,6.4280860768697,1.003537161301174,Deterministic equal-count quintiles; score ties use code as tie-break.
quantile,A_technical_eligible,V21_capital_flow,Q1,3,mae_3d,92,10,-5.8591693650325825,-3.626164537723481,5.742213494870946,0.0,-8.538053835371544,-3.084522542366894,-1.0203677328030565,Deterministic equal-count quintiles; score ties use code as tie-break.
quantile,A_technical_eligible,V21_capital_flow,Q2,3,fwd_3d,90,10,-0.5712925706046573,0.0,6.702987976827264,48.888888888888886,-2.5342460926033983,1.7294601442225872,-0.08522953831629401,Deterministic equal-count quintiles; score ties use code as tie-break.
quantile,A_technical_eligible,V21_capital_flow,Q2,3,excess_vs_taiex_3d,90,10,1.3991748002446807,-0.08929002513613504,6.829702125796123,48.888888888888886,-1.1381055567657707,3.1398847816081465,0.2048661529409794,Deterministic equal-count quintiles; score ties use code as tie-break.
quantile,A_technical_eligible,V21_capital_flow,Q2,3,mfe_3d,90,10,4.1129963345814495,2.2472036170666287,5.407703147768928,93.33333333333333,2.9015859224117904,5.606707315907137,0.760581012343172,Deterministic equal-count quintiles; score ties use code as tie-break.
quantile,A_technical_eligible,V21_capital_flow,Q2,3,mae_3d,90,10,-4.130850307189494,-2.208868479586723,4.562471050471966,0.0,-5.153926386890642,-2.8009419261831856,-0.9053975929912317,Deterministic equal-count quintiles; score ties use code as tie-break.
quantile,A_technical_eligible,V21_capital_flow,Q3,3,fwd_3d,90,10,-1.4047632301310515,-0.0589622641509413,5.972702084743704,44.44444444444444,-3.336735701943996,0.9014765661164932,-0.23519727088335626,Deterministic equal-count quintiles; score ties use code as tie-break.
quantile,A_technical_eligible,V21_capital_flow,Q3,3,excess_vs_taiex_3d,90,10,0.6512793501824979,-0.17430856480066792,6.118381821713857,48.888888888888886,-1.9687990678164637,2.5121079052277175,0.10644633976113378,Deterministic equal-count quintiles; score ties use code as tie-break.
quantile,A_technical_eligible,V21_capital_flow,Q3,3,mfe_3d,90,10,2.877639176319512,2.0888596460851283,3.140442158104893,88.88888888888889,2.0930605167777605,3.8068034542597373,0.9163165667270338,Deterministic equal-count quintiles; score ties use code as tie-break.
quantile,A_technical_eligible,V21_capital_flow,Q3,3,mae_3d,90,10,-4.325691394134316,-2.6978167956567045,5.02737644245104,0.0,-5.89463319459744,-2.6396523268535526,-0.8604271917273366,Deterministic equal-count quintiles; score ties use code as tie-break.
quantile,A_technical_eligible,V21_capital_flow,Q4,3,fwd_3d,90,10,-0.5819223283393414,-0.3495403967102073,4.497527490646912,42.22222222222222,-2.0219795991402467,0.8663048527595352,-0.12938716429182723,Deterministic equal-count quintiles; score ties use code as tie-break.
quantile,A_technical_eligible,V21_capital_flow,Q4,3,excess_vs_taiex_3d,90,10,1.3885450425099963,0.8371991640884979,5.722063933850161,54.44444444444444,-1.806108464443179,3.668407309558153,0.2426650695557148,Deterministic equal-count quintiles; score ties use code as tie-break.
quantile,A_technical_eligible,V21_capital_flow,Q4,3,mfe_3d,90,10,2.885817184740748,2.3913664951400793,2.6101032424357733,94.44444444444444,2.2003767889426995,3.620069847576014,1.1056333473030269,Deterministic equal-count quintiles; score ties use code as tie-break.
quantile,A_technical_eligible,V21_capital_flow,Q4,3,mae_3d,90,10,-3.5175279056164546,-2.5345562920713216,3.3158765225479905,0.0,-4.797054814989499,-2.2490211269259293,-1.060813899943871,Deterministic equal-count quintiles; score ties use code as tie-break.
quantile,A_technical_eligible,V21_capital_flow,Q5,3,fwd_3d,84,10,-0.3437208952652199,-0.2419842710223885,4.344982748850971,44.047619047619044,-1.7365635099567367,0.9816715820138677,-0.07910753969187029,Deterministic equal-count quintiles; score ties use code as tie-break.
quantile,A_technical_eligible,V21_capital_flow,Q5,3,excess_vs_taiex_3d,84,10,1.8799190306554223,1.7532556086304885,6.015738800448151,60.71428571428571,-1.761528916446666,4.470691647961317,0.31250010896672825,Deterministic equal-count quintiles; score ties use code as tie-break.
quantile,A_technical_eligible,V21_capital_flow,Q5,3,mfe_3d,84,10,2.9287380503753933,1.6746765989827384,3.0051191521649674,96.42857142857143,2.2666004348269975,3.94868930597679,0.9745830038936901,Deterministic equal-count quintiles; score ties use code as tie-break.
quantile,A_technical_eligible,V21_capital_flow,Q5,3,mae_3d,84,10,-3.153761397920509,-2.1334661786046927,3.2865571093919215,0.0,-4.083065855172837,-2.2206570479828844,-0.9595942784344367,Deterministic equal-count quintiles; score ties use code as tie-break.
quantile_spread,A_technical_eligible,V21_capital_flow,Q5_minus_Q1,3,daily_Q5_minus_Q1_fwd_3d,10,10,1.221437968142664,-0.5417962087028524,4.620434077194803,30.0,-1.210813810116732,3.9124635737357414,0.26435567475604665,Deterministic equal-count quintiles; score ties use code as tie-break.
quantile_spread,A_technical_eligible,V21_capital_flow,Q5_minus_Q1,3,daily_Q5_minus_Q1_excess_vs_taiex_3d,10,10,1.2214379681426635,-0.5417962087028527,4.620434077194804,30.0,-1.2108138101167325,3.9124635737357414,0.26435567475604654,Deterministic equal-count quintiles; score ties use code as tie-break.
quantile_spread,A_technical_eligible,V21_capital_flow,Q5_minus_Q1,3,daily_Q5_minus_Q1_mfe_3d,10,10,-1.5691500760853319,-0.5450185670407333,2.0940172433929383,30.0,-2.8894179783145257,-0.4685784196303551,-0.7493491665535841,Deterministic equal-count quintiles; score ties use code as tie-break.
quantile_spread,A_technical_eligible,V21_capital_flow,Q5_minus_Q1,3,daily_Q5_minus_Q1_mae_3d,10,10,2.4911662672593904,1.272153796594542,3.7541706517719353,70.0,0.5080372702949052,4.849649762154548,0.6635729960979749,Deterministic equal-count quintiles; score ties use code as tie-break.
quantile,A_technical_eligible,V21_capital_flow,Q1,5,fwd_5d,68,8,-1.7895222491632035,-0.4853306086702647,9.303276546509442,45.588235294117645,-5.080520327039392,3.3450888903177973,-0.19235397767839396,Deterministic equal-count quintiles; score ties use code as tie-break.
quantile,A_technical_eligible,V21_capital_flow,Q1,5,excess_vs_taiex_5d,68,8,-1.3684851661019204,-2.274472730588495,8.713804079041967,45.588235294117645,-5.095627591535519,1.9795039365783913,-0.15704796133681004,Deterministic equal-count quintiles; score ties use code as tie-break.
quantile,A_technical_eligible,V21_capital_flow,Q1,5,mfe_5d,68,8,5.159833352218506,2.637429043633166,5.4353748248691005,92.64705882352942,3.3380062516648645,8.48759610259372,0.9493058930563762,Deterministic equal-count quintiles; score ties use code as tie-break.
quantile,A_technical_eligible,V21_capital_flow,Q1,5,mae_5d,68,8,-8.244573563879122,-5.9674415810656525,7.582009626731422,0.0,-11.050691273297064,-4.26288101124548,-1.0873863223296023,Deterministic equal-count quintiles; score ties use code as tie-break.
quantile,A_technical_eligible,V21_capital_flow,Q2,5,fwd_5d,66,8,-1.1660292926068379,0.2512816468175805,9.335614917162179,53.03030303030303,-4.76606529465359,2.664899961741172,-0.12490117715366146,Deterministic equal-count quintiles; score ties use code as tie-break.
quantile,A_technical_eligible,V21_capital_flow,Q2,5,excess_vs_taiex_5d,66,8,-0.6582104659318975,-1.5999755664014237,8.640901008212124,39.39393939393939,-3.4046650752852132,0.9734903402507254,-0.07617382322819675,Deterministic equal-count quintiles; score ties use code as tie-break.
quantile,A_technical_eligible,V21_capital_flow,Q2,5,mfe_5d,66,8,5.002232537039998,3.868574456809759,5.8144557991397905,96.96969696969697,3.4978797371906256,7.030005490012256,0.8603096678076122,Deterministic equal-count quintiles; score ties use code as tie-break.
quantile,A_technical_eligible,V21_capital_flow,Q2,5,mae_5d,66,8,-6.181296911851985,-3.4106286560238064,6.718468754102791,0.0,-8.35121338416568,-3.5456766421305526,-0.9200454951996658,Deterministic equal-count quintiles; score ties use code as tie-break.
quantile,A_technical_eligible,V21_capital_flow,Q3,5,fwd_5d,67,8,-1.5871014240218648,-0.6976744186046435,8.511865371246367,38.80597014925373,-3.5058067173629004,1.5923379014825791,-0.18645753366626266,Deterministic equal-count quintiles; score ties use code as tie-break.
quantile,A_technical_eligible,V21_capital_flow,Q3,5,excess_vs_taiex_5d,67,8,-1.09617969943081,-1.3219712414127782,9.336442484084026,38.80597014925373,-5.180557052117756,2.4075016204570727,-0.11740871336159185,Deterministic equal-count quintiles; score ties use code as tie-break.
quantile,A_technical_eligible,V21_capital_flow,Q3,5,mfe_5d,67,8,3.8806101995728874,2.2222222222222365,4.94479679377957,88.05970149253731,2.7135467935496425,5.73689932365334,0.7847865870756504,Deterministic equal-count quintiles; score ties use code as tie-break.
quantile,A_technical_eligible,V21_capital_flow,Q3,5,mae_5d,67,8,-6.391211074031518,-4.1860465116279055,6.773660801385586,0.0,-8.070344017091713,-3.9704440634400058,-0.9435386951652737,Deterministic equal-count quintiles; score ties use code as tie-break.
quantile,A_technical_eligible,V21_capital_flow,Q4,5,fwd_5d,66,8,-1.0080828841840328,0.5540208717004225,7.210911622787462,54.54545454545454,-3.0066725132291103,1.4207869444343457,-0.13979964488794366,Deterministic equal-count quintiles; score ties use code as tie-break.
quantile,A_technical_eligible,V21_capital_flow,Q4,5,excess_vs_taiex_5d,66,8,-0.5002640575090926,-1.619253013891142,8.008879596612172,40.909090909090914,-4.569250154310459,2.2584020527380346,-0.06246367565829169,Deterministic equal-count quintiles; score ties use code as tie-break.
quantile,A_technical_eligible,V21_capital_flow,Q4,5,mfe_5d,66,8,4.318615602141489,3.289405280762414,4.89920515492663,100.0,3.0614443801335636,5.168434888254735,0.8814931127753853,Deterministic equal-count quintiles; score ties use code as tie-break.
quantile,A_technical_eligible,V21_capital_flow,Q4,5,mae_5d,66,8,-5.350815853931425,-3.3790539953047594,5.744053333814613,0.0,-7.426826489194328,-2.8153039381995093,-0.9315400716131512,Deterministic equal-count quintiles; score ties use code as tie-break.
quantile,A_technical_eligible,V21_capital_flow,Q5,5,fwd_5d,62,8,-0.10424635583432872,-0.3254853147593939,7.332405622249298,41.935483870967744,-3.053532948429543,2.460861986900525,-0.01421721072249546,Deterministic equal-count quintiles; score ties use code as tie-break.
quantile,A_technical_eligible,V21_capital_flow,Q5,5,excess_vs_taiex_5d,62,8,0.7260648576884775,0.017129026978435213,7.53827763219637,50.0,-3.0205732753651784,2.6515061554987893,0.09631707574518313,Deterministic equal-count quintiles; score ties use code as tie-break.
quantile,A_technical_eligible,V21_capital_flow,Q5,5,mfe_5d,62,8,4.4631752566472995,2.699665958092934,4.402180232845338,96.7741935483871,3.4985170547771975,5.766799823051959,1.0138556398365675,Deterministic equal-count quintiles; score ties use code as tie-break.
quantile,A_technical_eligible,V21_capital_flow,Q5,5,mae_5d,62,8,-4.370549659016791,-2.914399469143991,5.374211964372513,0.0,-6.565194532326481,-2.4168223665231197,-0.8132447488098082,Deterministic equal-count quintiles; score ties use code as tie-break.
quantile_spread,A_technical_eligible,V21_capital_flow,Q5_minus_Q1,5,daily_Q5_minus_Q1_fwd_5d,8,8,-0.006833943597849057,-0.6462623656891174,5.335921935825698,50.0,-3.241087268973262,3.4877003436360394,-0.0012807427994711753,Deterministic equal-count quintiles; score ties use code as tie-break.
quantile_spread,A_technical_eligible,V21_capital_flow,Q5_minus_Q1,5,daily_Q5_minus_Q1_excess_vs_taiex_5d,8,8,-0.006833943597848835,-0.6462623656891175,5.335921935825698,50.0,-3.241087268973262,3.4877003436360403,-0.0012807427994711337,Deterministic equal-count quintiles; score ties use code as tie-break.
quantile_spread,A_technical_eligible,V21_capital_flow,Q5_minus_Q1,5,daily_Q5_minus_Q1_mfe_5d,8,8,-1.5711778715962386,-0.756102185453484,3.6777501258936582,37.5,-4.120225838582816,0.6330827227994812,-0.4272116967746571,Deterministic equal-count quintiles; score ties use code as tie-break.
quantile_spread,A_technical_eligible,V21_capital_flow,Q5_minus_Q1,5,daily_Q5_minus_Q1_mae_5d,8,8,3.0377318842610395,1.0517222454537738,4.33294232176839,75.0,0.4303668108847556,5.918770744645051,0.7010783109204324,Deterministic equal-count quintiles; score ties use code as tie-break.
quantile,A_technical_eligible,V21_capital_flow,Q1,10,fwd_10d,42,3,-1.7210019915496113,-0.5328080296421345,8.389266899064209,42.857142857142854,-3.7213402767859685,1.7926226827838472,-0.2051433113591347,Deterministic equal-count quintiles; score ties use code as tie-break.
quantile,A_technical_eligible,V21_capital_flow,Q1,10,excess_vs_taiex_10d,42,3,-3.253570540316851,-1.2276257744217922,8.060076953437754,30.952380952380953,-5.1896774226318785,-2.156368777895016,-0.4036649475076228,Deterministic equal-count quintiles; score ties use code as tie-break.
quantile,A_technical_eligible,V21_capital_flow,Q1,10,mfe_10d,42,3,5.375889260355728,3.586533942837611,5.7631197092650766,90.47619047619048,3.314235411285336,7.782177813506292,0.9328088833055441,Deterministic equal-count quintiles; score ties use code as tie-break.
quantile,A_technical_eligible,V21_capital_flow,Q1,10,mae_10d,42,3,-11.582845545409787,-9.551902156211328,8.072236857630667,0.0,-15.095263166567065,-9.693732084569973,-1.4348991177656722,Deterministic equal-count quintiles; score ties use code as tie-break.
quantile,A_technical_eligible,V21_capital_flow,Q2,10,fwd_10d,41,3,1.7179376771694599,1.4134275618374437,8.000267636162727,56.09756097560976,-1.262622751439568,5.923116781523286,0.21473502578889433,Deterministic equal-count quintiles; score ties use code as tie-break.
quantile,A_technical_eligible,V21_capital_flow,Q2,10,excess_vs_taiex_10d,41,3,0.24430627259518697,1.307528623230103,7.627775380960782,56.09756097560976,-2.7309598972854783,1.9741253208444234,0.03202850902046549,Deterministic equal-count quintiles; score ties use code as tie-break.
quantile,A_technical_eligible,V21_capital_flow,Q2,10,mfe_10d,41,3,7.613476731325121,5.102040816326525,8.334589807101587,97.5609756097561,5.216376594968434,11.756299262251641,0.9134794761990527,Deterministic equal-count quintiles; score ties use code as tie-break.
quantile,A_technical_eligible,V21_capital_flow,Q2,10,mae_10d,41,3,-9.024169331035948,-8.786610878661083,7.284745450777346,0.0,-11.908423714435504,-6.201685286618021,-1.2387762059788912,Deterministic equal-count quintiles; score ties use code as tie-break.
quantile,A_technical_eligible,V21_capital_flow,Q3,10,fwd_10d,42,3,-1.6771522050637337,-1.289086929330835,8.382505694445411,47.61904761904761,-2.469910064275076,-0.5996708444414282,-0.20007766963702547,Deterministic equal-count quintiles; score ties use code as tie-break.
quantile,A_technical_eligible,V21_capital_flow,Q3,10,excess_vs_taiex_10d,42,3,-3.2097207538309735,-2.9235826342168316,8.43563043759013,35.714285714285715,-4.548662305120292,-1.637440823467755,-0.3804956579804744,Deterministic equal-count quintiles; score ties use code as tie-break.
quantile,A_technical_eligible,V21_capital_flow,Q3,10,mfe_10d,42,3,5.2943462534087065,3.751562447214618,5.401746889927417,88.09523809523809,4.731175925911873,5.867028331847276,0.9801174252131325,Deterministic equal-count quintiles; score ties use code as tie-break.
quantile,A_technical_eligible,V21_capital_flow,Q3,10,mae_10d,42,3,-8.832478765085474,-5.781515061121306,7.6955266654198,0.0,-10.960727751614577,-7.574930684580519,-1.1477419479000208,Deterministic equal-count quintiles; score ties use code as tie-break.
quantile,A_technical_eligible,V21_capital_flow,Q4,10,fwd_10d,41,3,2.011106091673138,0.7843137254901933,8.963491879336782,53.65853658536586,-0.3874981347588328,4.434383001645988,0.2243663651114884,Deterministic equal-count quintiles; score ties use code as tie-break.
quantile,A_technical_eligible,V21_capital_flow,Q4,10,excess_vs_taiex_10d,41,3,0.5374746870988647,-0.041610852864093495,9.465892085446356,46.34146341463415,-2.478307007034947,5.266852242453309,0.05678014097849506,Deterministic equal-count quintiles; score ties use code as tie-break.
quantile,A_technical_eligible,V21_capital_flow,Q4,10,mfe_10d,41,3,7.156538050396342,5.065123010130246,7.870453458533671,100.0,4.08253799868621,10.158891982852714,0.9092917057576582,Deterministic equal-count quintiles; score ties use code as tie-break.
quantile,A_technical_eligible,V21_capital_flow,Q4,10,mae_10d,41,3,-7.289375065027328,-5.490196078431375,6.522956056318074,0.0,-9.814742463655616,-4.417483662525827,-1.117495657197768,Deterministic equal-count quintiles; score ties use code as tie-break.
quantile,A_technical_eligible,V21_capital_flow,Q5,10,fwd_10d,40,3,2.3508333663358427,0.2099807454478908,10.645470740734302,52.5,-0.9817940519401576,5.23781027093582,0.22082944226604367,Deterministic equal-count quintiles; score ties use code as tie-break.
quantile,A_technical_eligible,V21_capital_flow,Q5,10,excess_vs_taiex_10d,40,3,0.8770696052933605,-1.5801137718667868,10.321392865938432,40.0,-0.1493248111328371,1.7526539122845055,0.08497589585876271,Deterministic equal-count quintiles; score ties use code as tie-break.
quantile,A_technical_eligible,V21_capital_flow,Q5,10,mfe_10d,40,3,7.128133649375359,3.9600083533465558,9.99241253656231,97.5,5.08382082660296,9.794454740129968,0.7133546201473834,Deterministic equal-count quintiles; score ties use code as tie-break.
quantile,A_technical_eligible,V21_capital_flow,Q5,10,mae_10d,40,3,-5.948234563642711,-4.143336539757042,6.205983483840457,0.0,-9.295511858548464,-3.759267240424061,-0.9584676754508147,Deterministic equal-count quintiles; score ties use code as tie-break.
quantile_spread,A_technical_eligible,V21_capital_flow,Q5_minus_Q1,10,daily_Q5_minus_Q1_fwd_10d,3,3,4.346693636274062,3.4451875881519745,2.28255670977835,100.0,2.6525619857538265,6.942331334916385,1.904309153701663,Deterministic equal-count quintiles; score ties use code as tie-break.
quantile_spread,A_technical_eligible,V21_capital_flow,Q5_minus_Q1,10,daily_Q5_minus_Q1_excess_vs_taiex_10d,3,3,4.346693636274061,3.445187588151974,2.2825567097783495,100.0,2.6525619857538265,6.942331334916385,1.904309153701663,Deterministic equal-count quintiles; score ties use code as tie-break.
quantile_spread,A_technical_eligible,V21_capital_flow,Q5_minus_Q1,10,daily_Q5_minus_Q1_mfe_10d,3,3,1.8950906461948016,2.0122769266236764,1.37534988498564,100.0,0.46489704014147915,3.20809797181925,1.37789712049497,Deterministic equal-count quintiles; score ties use code as tie-break.
quantile_spread,A_technical_eligible,V21_capital_flow,Q5_minus_Q1,10,daily_Q5_minus_Q1_mae_10d,3,3,6.075505708328078,6.9027576688997225,5.312190763509493,100.0,0.398220226021504,10.925539230063007,1.1436911772939233,Deterministic equal-count quintiles; score ties use code as tie-break.
quantile,A_technical_eligible,V21_capital_flow,Q1,20,fwd_20d,0,0,,,,,,,,Deterministic equal-count quintiles; score ties use code as tie-break.
quantile,A_technical_eligible,V21_capital_flow,Q1,20,excess_vs_taiex_20d,0,0,,,,,,,,Deterministic equal-count quintiles; score ties use code as tie-break.
quantile,A_technical_eligible,V21_capital_flow,Q1,20,mfe_20d,0,0,,,,,,,,Deterministic equal-count quintiles; score ties use code as tie-break.
quantile,A_technical_eligible,V21_capital_flow,Q1,20,mae_20d,0,0,,,,,,,,Deterministic equal-count quintiles; score ties use code as tie-break.
quantile,A_technical_eligible,V21_capital_flow,Q2,20,fwd_20d,0,0,,,,,,,,Deterministic equal-count quintiles; score ties use code as tie-break.
quantile,A_technical_eligible,V21_capital_flow,Q2,20,excess_vs_taiex_20d,0,0,,,,,,,,Deterministic equal-count quintiles; score ties use code as tie-break.
quantile,A_technical_eligible,V21_capital_flow,Q2,20,mfe_20d,0,0,,,,,,,,Deterministic equal-count quintiles; score ties use code as tie-break.
quantile,A_technical_eligible,V21_capital_flow,Q2,20,mae_20d,0,0,,,,,,,,Deterministic equal-count quintiles; score ties use code as tie-break.
quantile,A_technical_eligible,V21_capital_flow,Q3,20,fwd_20d,0,0,,,,,,,,Deterministic equal-count quintiles; score ties use code as tie-break.
quantile,A_technical_eligible,V21_capital_flow,Q3,20,excess_vs_taiex_20d,0,0,,,,,,,,Deterministic equal-count quintiles; score ties use code as tie-break.
quantile,A_technical_eligible,V21_capital_flow,Q3,20,mfe_20d,0,0,,,,,,,,Deterministic equal-count quintiles; score ties use code as tie-break.
quantile,A_technical_eligible,V21_capital_flow,Q3,20,mae_20d,0,0,,,,,,,,Deterministic equal-count quintiles; score ties use code as tie-break.
quantile,A_technical_eligible,V21_capital_flow,Q4,20,fwd_20d,0,0,,,,,,,,Deterministic equal-count quintiles; score ties use code as tie-break.
quantile,A_technical_eligible,V21_capital_flow,Q4,20,excess_vs_taiex_20d,0,0,,,,,,,,Deterministic equal-count quintiles; score ties use code as tie-break.
quantile,A_technical_eligible,V21_capital_flow,Q4,20,mfe_20d,0,0,,,,,,,,Deterministic equal-count quintiles; score ties use code as tie-break.
quantile,A_technical_eligible,V21_capital_flow,Q4,20,mae_20d,0,0,,,,,,,,Deterministic equal-count quintiles; score ties use code as tie-break.
quantile,A_technical_eligible,V21_capital_flow,Q5,20,fwd_20d,0,0,,,,,,,,Deterministic equal-count quintiles; score ties use code as tie-break.
quantile,A_technical_eligible,V21_capital_flow,Q5,20,excess_vs_taiex_20d,0,0,,,,,,,,Deterministic equal-count quintiles; score ties use code as tie-break.
quantile,A_technical_eligible,V21_capital_flow,Q5,20,mfe_20d,0,0,,,,,,,,Deterministic equal-count quintiles; score ties use code as tie-break.
quantile,A_technical_eligible,V21_capital_flow,Q5,20,mae_20d,0,0,,,,,,,,Deterministic equal-count quintiles; score ties use code as tie-break.
quantile_spread,A_technical_eligible,V21_capital_flow,Q5_minus_Q1,20,daily_Q5_minus_Q1_fwd_20d,0,0,,,,,,,,Deterministic equal-count quintiles; score ties use code as tie-break.
quantile_spread,A_technical_eligible,V21_capital_flow,Q5_minus_Q1,20,daily_Q5_minus_Q1_excess_vs_taiex_20d,0,0,,,,,,,,Deterministic equal-count quintiles; score ties use code as tie-break.
quantile_spread,A_technical_eligible,V21_capital_flow,Q5_minus_Q1,20,daily_Q5_minus_Q1_mfe_20d,0,0,,,,,,,,Deterministic equal-count quintiles; score ties use code as tie-break.
quantile_spread,A_technical_eligible,V21_capital_flow,Q5_minus_Q1,20,daily_Q5_minus_Q1_mae_20d,0,0,,,,,,,,Deterministic equal-count quintiles; score ties use code as tie-break.
quantile,A_technical_eligible,V1_chip_bonus,Q1,3,fwd_3d,89,10,-1.3614162341973572,-0.11312217194571206,6.473312919921495,43.82022471910113,-4.558093347236691,1.8641645664228046,-0.21031213090404222,Average-rank quintile labels preserve V1 score ties; groups can be uneven or absent.
quantile,A_technical_eligible,V1_chip_bonus,Q1,3,excess_vs_taiex_3d,89,10,0.37958170779899586,1.152356236715879,5.424363997881008,53.93258426966292,-2.075664652723855,2.3063225168316377,0.0699771822000288,Average-rank quintile labels preserve V1 score ties; groups can be uneven or absent.
quantile,A_technical_eligible,V1_chip_bonus,Q1,3,mfe_3d,89,10,4.438320117405432,3.3402922755741082,4.304715778318153,91.01123595505618,2.9492628702945862,6.101333856220856,1.0310367387691919,Average-rank quintile labels preserve V1 score ties; groups can be uneven or absent.
quantile,A_technical_eligible,V1_chip_bonus,Q1,3,mae_3d,89,10,-4.93901807623499,-2.8358208955224007,5.038946136003439,0.0,-7.542290412595875,-2.8679150872905255,-0.9801688573222762,Average-rank quintile labels preserve V1 score ties; groups can be uneven or absent.
quantile,A_technical_eligible,V1_chip_bonus,Q2,3,fwd_3d,94,10,-1.23157195963325,-0.35426839741860006,7.364646675548162,44.680851063829785,-2.8077443221002243,2.0128318519242616,-0.16722756893718627,Average-rank quintile labels preserve V1 score ties; groups can be uneven or absent.
quantile,A_technical_eligible,V1_chip_bonus,Q2,3,excess_vs_taiex_3d,94,10,2.230882145142853,2.063125822538108,7.226992387263441,56.38297872340425,-0.2737213469680086,3.543540625858859,0.3086874906737787,Average-rank quintile labels preserve V1 score ties; groups can be uneven or absent.
quantile,A_technical_eligible,V1_chip_bonus,Q2,3,mfe_3d,94,10,3.8518769577718173,2.1459199242384375,5.359242775589274,93.61702127659575,2.6901927794672607,5.715804496745648,0.7187352988218164,Average-rank quintile labels preserve V1 score ties; groups can be uneven or absent.
quantile,A_technical_eligible,V1_chip_bonus,Q2,3,mae_3d,94,10,-4.744805391615413,-2.771880112531522,5.27035471895419,0.0,-5.628454921126273,-3.1614387082589324,-0.9002819818846913,Average-rank quintile labels preserve V1 score ties; groups can be uneven or absent.
quantile,A_technical_eligible,V1_chip_bonus,Q3,3,fwd_3d,74,8,-1.616252534903643,-0.393081761006292,5.9065126907368155,41.891891891891895,-3.558199994614561,1.0336504034342742,-0.273639052268255,Average-rank quintile labels preserve V1 score ties; groups can be uneven or absent.
quantile,A_technical_eligible,V1_chip_bonus,Q3,3,excess_vs_taiex_3d,74,8,0.3183487392621619,0.08303887325334935,6.168608119504571,50.0,-2.9108489181858355,2.1664183513012922,0.05160787216415523,Average-rank quintile labels preserve V1 score ties; groups can be uneven or absent.
quantile,A_technical_eligible,V1_chip_bonus,Q3,3,mfe_3d,74,8,2.636773192267679,1.8522612912079461,2.8346397158111034,86.48648648648648,1.8595156239219837,3.709781069824295,0.9301969409234757,Average-rank quintile labels preserve V1 score ties; groups can be uneven or absent.
quantile,A_technical_eligible,V1_chip_bonus,Q3,3,mae_3d,74,8,-4.698868633538383,-3.043004954675399,5.127442405098663,0.0,-6.190877289760571,-2.720395618404173,-0.916415682966207,Average-rank quintile labels preserve V1 score ties; groups can be uneven or absent.
quantile,A_technical_eligible,V1_chip_bonus,Q4,3,fwd_3d,109,9,-0.622857960530759,-0.19157088122605526,4.726960066591938,43.11926605504588,-1.7355427887189714,0.5515883963434176,-0.13176712977392033,Average-rank quintile labels preserve V1 score ties; groups can be uneven or absent.
quantile,A_technical_eligible,V1_chip_bonus,Q4,3,excess_vs_taiex_3d,109,9,0.25634450551250637,-0.9497458653862312,5.687888406154614,42.201834862385326,-2.504124231607985,2.953233911015777,0.04506848362832282,Average-rank quintile labels preserve V1 score ties; groups can be uneven or absent.
quantile,A_technical_eligible,V1_chip_bonus,Q4,3,mfe_3d,109,9,3.0771274629044156,2.35294117647058,3.058895987788217,96.3302752293578,2.4937821580243473,3.6584222567686275,1.0059601487559506,Average-rank quintile labels preserve V1 score ties; groups can be uneven or absent.
quantile,A_technical_eligible,V1_chip_bonus,Q4,3,mae_3d,109,9,-3.3350211084346033,-2.2012578616352196,3.489756108596786,0.0,-4.397940368192101,-2.2511432057053478,-0.9556602251426674,Average-rank quintile labels preserve V1 score ties; groups can be uneven or absent.
quantile,A_technical_eligible,V1_chip_bonus,Q5,3,fwd_3d,80,8,-0.605905970258434,-0.3385065227170525,4.742395255385216,45.0,-2.6251852818982973,1.4008063606536936,-0.12776370117408473,Average-rank quintile labels preserve V1 score ties; groups can be uneven or absent.
quantile,A_technical_eligible,V1_chip_bonus,Q5,3,excess_vs_taiex_3d,80,8,1.745682382075205,1.8810384665742808,5.687835673646354,61.25000000000001,-1.4382923458187566,4.654398174364259,0.3069150520932832,Average-rank quintile labels preserve V1 score ties; groups can be uneven or absent.
quantile,A_technical_eligible,V1_chip_bonus,Q5,3,mfe_3d,80,8,3.1365890237251164,2.010477336034433,2.9854071263154096,96.25,2.4681707997546702,4.105005842617837,1.0506402949457334,Average-rank quintile labels preserve V1 score ties; groups can be uneven or absent.
quantile,A_technical_eligible,V1_chip_bonus,Q5,3,mae_3d,80,8,-3.5600988541871152,-2.373297828581322,3.7405057611672166,0.0,-5.0508888400518,-2.1126418988267783,-0.9517693813352648,Average-rank quintile labels preserve V1 score ties; groups can be uneven or absent.
quantile_spread,A_technical_eligible,V1_chip_bonus,Q5_minus_Q1,3,daily_Q5_minus_Q1_fwd_3d,8,8,1.2048393978747476,0.5832299904780219,4.4501249138288275,50.0,-1.3640989308045546,4.118774509979797,0.2707428265958764,Average-rank quintile labels preserve V1 score ties; groups can be uneven or absent.
quantile_spread,A_technical_eligible,V1_chip_bonus,Q5_minus_Q1,3,daily_Q5_minus_Q1_excess_vs_taiex_3d,8,8,1.2048393978747476,0.5832299904780213,4.4501249138288275,50.0,-1.3640989308045544,4.118774509979797,0.2707428265958764,Average-rank quintile labels preserve V1 score ties; groups can be uneven or absent.
quantile_spread,A_technical_eligible,V1_chip_bonus,Q5_minus_Q1,3,daily_Q5_minus_Q1_mfe_3d,8,8,-1.2126056853010092,-0.5501031369068519,1.588687067783813,37.5,-2.289375728964526,-0.2590517785539148,-0.7632753547824683,Average-rank quintile labels preserve V1 score ties; groups can be uneven or absent.
quantile_spread,A_technical_eligible,V1_chip_bonus,Q5_minus_Q1,3,daily_Q5_minus_Q1_mae_3d,8,8,2.7901069704421344,2.1224089663484986,4.166560938350235,62.5,0.12158449103159795,5.458858114445802,0.6696426649520905,Average-rank quintile labels preserve V1 score ties; groups can be uneven or absent.
quantile,A_technical_eligible,V1_chip_bonus,Q1,5,fwd_5d,63,8,-2.623874536483973,-1.5723270440251569,7.791003742238306,39.682539682539684,-5.184909683373886,0.9282784108560022,-0.3367826050780654,Average-rank quintile labels preserve V1 score ties; groups can be uneven or absent.
quantile,A_technical_eligible,V1_chip_bonus,Q1,5,excess_vs_taiex_5d,63,8,-1.6567230792908374,-3.080131537228703,8.558837040237329,39.682539682539684,-6.420721795997143,2.037857921865733,-0.1935687140089418,Average-rank quintile labels preserve V1 score ties; groups can be uneven or absent.
quantile,A_technical_eligible,V1_chip_bonus,Q1,5,mfe_5d,63,8,4.448287714849102,2.5145067698259194,4.826387253600772,88.88888888888889,3.1152470358590736,6.692363216882369,0.921659925139744,Average-rank quintile labels preserve V1 score ties; groups can be uneven or absent.
quantile,A_technical_eligible,V1_chip_bonus,Q1,5,mae_5d,63,8,-7.5116408337464575,-5.345911949685533,6.585068425475622,0.0,-10.215250274315187,-4.484853108677622,-1.1407080911545595,Average-rank quintile labels preserve V1 score ties; groups can be uneven or absent.
quantile,A_technical_eligible,V1_chip_bonus,Q2,5,fwd_5d,77,8,-0.29456137454246983,0.2580645161290418,10.60633802642378,51.94805194805194,-3.8747460330531096,5.515953993839613,-0.027772203168390755,Average-rank quintile labels preserve V1 score ties; groups can be uneven or absent.
quantile,A_technical_eligible,V1_chip_bonus,Q2,5,excess_vs_taiex_5d,77,8,1.6861723470121202,1.3140456746371099,9.514675786325771,53.246753246753244,-0.9273635981768066,3.8308450342407077,0.17721805607243502,Average-rank quintile labels preserve V1 score ties; groups can be uneven or absent.
quantile,A_technical_eligible,V1_chip_bonus,Q2,5,mfe_5d,77,8,5.419986208356742,3.3264033264033266,6.637834377729902,97.40259740259741,3.838137617465707,8.733176244925392,0.8165292925266303,Average-rank quintile labels preserve V1 score ties; groups can be uneven or absent.
quantile,A_technical_eligible,V1_chip_bonus,Q2,5,mae_5d,77,8,-6.680359980380416,-3.9443155452436263,7.283695589761717,0.0,-8.301144934662243,-3.5832977602803546,-0.9171662788558358,Average-rank quintile labels preserve V1 score ties; groups can be uneven or absent.
quantile,A_technical_eligible,V1_chip_bonus,Q3,5,fwd_5d,47,6,-1.5805544098217699,-0.4739336492891044,7.133450645447509,44.680851063829785,-2.481141122919481,0.2822069466416476,-0.2215694042588579,Average-rank quintile labels preserve V1 score ties; groups can be uneven or absent.
quantile,A_technical_eligible,V1_chip_bonus,Q3,5,excess_vs_taiex_5d,47,6,-3.3717745637113956,-1.6053502222105775,7.465279905917331,38.297872340425535,-6.771082612947498,-2.200944512949548,-0.45166083605770346,Average-rank quintile labels preserve V1 score ties; groups can be uneven or absent.
quantile,A_technical_eligible,V1_chip_bonus,Q3,5,mfe_5d,47,6,3.367848795871142,2.7272727272727337,3.247545696414481,91.48936170212765,2.5712747326011005,4.390918913469259,1.0370443130606242,Average-rank quintile labels preserve V1 score ties; groups can be uneven or absent.
quantile,A_technical_eligible,V1_chip_bonus,Q3,5,mae_5d,47,6,-6.604809426470825,-4.7496790757381335,6.706250446441673,0.0,-7.653662922889718,-4.03947468654563,-0.9848736606571751,Average-rank quintile labels preserve V1 score ties; groups can be uneven or absent.
quantile,A_technical_eligible,V1_chip_bonus,Q4,5,fwd_5d,84,7,-0.32876718188744886,-0.224644475699326,7.545604769754115,46.42857142857143,-2.512535830868921,1.9123581843693234,-0.04357068676659064,Average-rank quintile labels preserve V1 score ties; groups can be uneven or absent.
quantile,A_technical_eligible,V1_chip_bonus,Q4,5,excess_vs_taiex_5d,84,7,-0.13670311425363577,-2.041207991045957,8.34975027749793,38.095238095238095,-4.216417113926018,3.5032094115313592,-0.016372120088674072,Average-rank quintile labels preserve V1 score ties; groups can be uneven or absent.
quantile,A_technical_eligible,V1_chip_bonus,Q4,5,mfe_5d,84,7,4.749967718138241,3.1290307720655886,5.392720087856619,97.61904761904762,4.200681101953371,5.166777428225253,0.880811101031234,Average-rank quintile labels preserve V1 score ties; groups can be uneven or absent.
quantile,A_technical_eligible,V1_chip_bonus,Q4,5,mae_5d,84,7,-4.740014699048122,-2.801485530096004,5.799932786640113,0.0,-6.921592120296431,-2.509821531662659,-0.8172533843782698,Average-rank quintile labels preserve V1 score ties; groups can be uneven or absent.
quantile,A_technical_eligible,V1_chip_bonus,Q5,5,fwd_5d,58,6,-1.5187959293803321,0.16853932584269815,7.688050168767614,50.0,-6.185541056807923,1.844978692163686,-0.19755281196659952,Average-rank quintile labels preserve V1 score ties; groups can be uneven or absent.
quantile,A_technical_eligible,V1_chip_bonus,Q5,5,excess_vs_taiex_5d,58,6,-0.921544468277312,-0.4113148285581403,7.090675839331822,43.103448275862064,-4.5817455025063225,0.969182873941232,-0.1299656745222402,Average-rank quintile labels preserve V1 score ties; groups can be uneven or absent.
quantile,A_technical_eligible,V1_chip_bonus,Q5,5,mfe_5d,58,6,4.274054286410932,3.0264930399640733,3.703065704925826,96.55172413793103,3.5356672605798756,5.537542962066937,1.154193478318674,Average-rank quintile labels preserve V1 score ties; groups can be uneven or absent.
quantile,A_technical_eligible,V1_chip_bonus,Q5,5,mae_5d,58,6,-5.5987464987094535,-3.0654845670325557,6.41664595136102,0.0,-9.295933203322004,-2.5319933244010016,-0.8725347387324551,Average-rank quintile labels preserve V1 score ties; groups can be uneven or absent.
quantile_spread,A_technical_eligible,V1_chip_bonus,Q5_minus_Q1,5,daily_Q5_minus_Q1_fwd_5d,6,6,1.2561397764487967,0.8297940395913277,4.902872000528179,50.0,-2.100853284025904,4.779877062689403,0.25620488895355104,Average-rank quintile labels preserve V1 score ties; groups can be uneven or absent.
quantile_spread,A_technical_eligible,V1_chip_bonus,Q5_minus_Q1,5,daily_Q5_minus_Q1_excess_vs_taiex_5d,6,6,1.2561397764487965,0.8297940395913267,4.90287200052818,50.0,-2.100853284025904,4.779877062689402,0.256204888953551,Average-rank quintile labels preserve V1 score ties; groups can be uneven or absent.
quantile_spread,A_technical_eligible,V1_chip_bonus,Q5_minus_Q1,5,daily_Q5_minus_Q1_mfe_5d,6,6,-0.8038322425325791,-0.48429697342265743,2.4433428006935514,33.33333333333333,-2.756406939862682,0.7297643929633223,-0.32898872900863874,Average-rank quintile labels preserve V1 score ties; groups can be uneven or absent.
quantile_spread,A_technical_eligible,V1_chip_bonus,Q5_minus_Q1,5,daily_Q5_minus_Q1_mae_5d,6,6,3.4971941426064395,4.56837426570027,5.130174187357936,83.33333333333334,-0.6336724370058153,6.742558854659658,0.6816911112344728,Average-rank quintile labels preserve V1 score ties; groups can be uneven or absent.
quantile,A_technical_eligible,V1_chip_bonus,Q1,10,fwd_10d,38,3,-2.5366900094727485,-0.838042208826334,7.045351332874325,36.84210526315789,-6.114971657536494,-0.8462380049026027,-0.3600515985109636,Average-rank quintile labels preserve V1 score ties; groups can be uneven or absent.
quantile,A_technical_eligible,V1_chip_bonus,Q1,10,excess_vs_taiex_10d,38,3,-3.759083555447357,-1.2747963263731843,7.263963700385215,28.947368421052634,-7.583308803382405,-1.0030966052694303,-0.5174975688890088,Average-rank quintile labels preserve V1 score ties; groups can be uneven or absent.
quantile,A_technical_eligible,V1_chip_bonus,Q1,10,mfe_10d,38,3,4.293822411765677,3.1768787640743645,5.15083624329784,89.47368421052632,2.187982641620187,5.319627892235146,0.8336165641749355,Average-rank quintile labels preserve V1 score ties; groups can be uneven or absent.
quantile,A_technical_eligible,V1_chip_bonus,Q1,10,mae_10d,38,3,-9.954687892301237,-8.666120554304051,7.060878919205709,0.0,-14.233139139802882,-7.711244657530489,-1.4098369347793687,Average-rank quintile labels preserve V1 score ties; groups can be uneven or absent.
quantile,A_technical_eligible,V1_chip_bonus,Q2,10,fwd_10d,57,3,1.259926141577159,1.7699115044247815,8.370079189756439,59.64912280701754,-1.5057328011025435,6.298882714734856,0.15052738606333563,Average-rank quintile labels preserve V1 score ties; groups can be uneven or absent.
quantile,A_technical_eligible,V1_chip_bonus,Q2,10,excess_vs_taiex_10d,57,3,-0.019859714078152877,-0.5271606752576874,7.826118452551009,49.122807017543856,-1.505593713800967,2.3498912540559918,-0.002537619919575762,Average-rank quintile labels preserve V1 score ties; groups can be uneven or absent.
quantile,A_technical_eligible,V1_chip_bonus,Q2,10,mfe_10d,57,3,7.432369022015188,5.102040816326525,7.5716942654651245,96.49122807017544,5.253109397976612,11.798781493893424,0.9815991984666621,Average-rank quintile labels preserve V1 score ties; groups can be uneven or absent.
quantile,A_technical_eligible,V1_chip_bonus,Q2,10,mae_10d,57,3,-9.091164255391543,-7.964601769911505,7.780350141575911,0.0,-10.803632738353937,-6.640671222556054,-1.168477522214717,Average-rank quintile labels preserve V1 score ties; groups can be uneven or absent.
quantile,A_technical_eligible,V1_chip_bonus,Q3,10,fwd_10d,31,2,0.40870488708243774,1.532175689479054,7.99830088811604,54.83870967741935,-0.3072988348730527,1.27813797802839,0.051098963742373806,Average-rank quintile labels preserve V1 score ties; groups can be uneven or absent.
quantile,A_technical_eligible,V1_chip_bonus,Q3,10,excess_vs_taiex_10d,31,2,-2.1799277557848065,-1.0568145121010675,7.970862082072238,45.16129032258064,-2.670853482650473,-1.7756359807189632,-0.27348707496618435,Average-rank quintile labels preserve V1 score ties; groups can be uneven or absent.
quantile,A_technical_eligible,V1_chip_bonus,Q3,10,mfe_10d,31,2,5.941566232721345,4.698672114402447,5.3584235444611865,90.32258064516128,4.99008753399203,7.096933224035511,1.1088272853800318,Average-rank quintile labels preserve V1 score ties; groups can be uneven or absent.
quantile,A_technical_eligible,V1_chip_bonus,Q3,10,mae_10d,31,2,-8.115953634894373,-5.405405405405405,7.58040106154426,0.0,-8.701857692649625,-7.404498707620133,-1.0706496356857682,Average-rank quintile labels preserve V1 score ties; groups can be uneven or absent.
quantile,A_technical_eligible,V1_chip_bonus,Q4,10,fwd_10d,40,3,2.497832568531546,0.0,13.371772351028229,47.5,-4.577323360018286,6.098758920393698,0.186798915129562,Average-rank quintile labels preserve V1 score ties; groups can be uneven or absent.
quantile,A_technical_eligible,V1_chip_bonus,Q4,10,excess_vs_taiex_10d,40,3,1.4312061233578726,-0.5020917616480158,13.306794935657543,50.0,-6.045660505864197,3.1226300472955835,0.10755453362572998,Average-rank quintile labels preserve V1 score ties; groups can be uneven or absent.
quantile,A_technical_eligible,V1_chip_bonus,Q4,10,mfe_10d,40,3,8.96577858589047,4.681077601148909,11.806035356799649,97.5,5.126842731329291,10.656026800892311,0.7594233216256343,Average-rank quintile labels preserve V1 score ties; groups can be uneven or absent.
quantile,A_technical_eligible,V1_chip_bonus,Q4,10,mae_10d,40,3,-7.920267847442555,-5.4137506225262815,7.327570155647461,0.0,-9.275474174950391,-5.835268634178485,-1.0808859798276096,Average-rank quintile labels preserve V1 score ties; groups can be uneven or absent.
quantile,A_technical_eligible,V1_chip_bonus,Q5,10,fwd_10d,40,3,0.40492322418671717,0.09107468123861207,6.122433525897689,50.0,-1.383484112260145,3.4932815627708904,0.06613762688870455,Average-rank quintile labels preserve V1 score ties; groups can be uneven or absent.
quantile,A_technical_eligible,V1_chip_bonus,Q5,10,excess_vs_taiex_10d,40,3,-1.2503934122637435,-1.5388133531371806,6.297831790108281,32.5,-3.909435778716251,2.024944416924981,-0.19854347558594365,Average-rank quintile labels preserve V1 score ties; groups can be uneven or absent.
quantile,A_technical_eligible,V1_chip_bonus,Q5,10,mfe_10d,40,3,5.230396526293967,3.808359371462222,4.711282452476863,97.5,4.868236442488705,6.19056980441843,1.1101853007229892,Average-rank quintile labels preserve V1 score ties; groups can be uneven or absent.
quantile,A_technical_eligible,V1_chip_bonus,Q5,10,mae_10d,40,3,-7.483713619522774,-4.920485935293706,7.070818851554717,0.0,-12.258819849986583,-3.959426697303586,-1.0583941940299137,Average-rank quintile labels preserve V1 score ties; groups can be uneven or absent.
quantile_spread,A_technical_eligible,V1_chip_bonus,Q5_minus_Q1,10,daily_Q5_minus_Q1_fwd_10d,3,3,3.648709546996402,0.8857936868652145,5.165670054323064,100.0,0.4520817338166061,9.608253220307386,0.7063380952763054,Average-rank quintile labels preserve V1 score ties; groups can be uneven or absent.
quantile_spread,A_technical_eligible,V1_chip_bonus,Q5_minus_Q1,10,daily_Q5_minus_Q1_excess_vs_taiex_10d,3,3,3.6487095469964026,0.8857936868652159,5.165670054323064,100.0,0.45208173381660605,9.608253220307386,0.7063380952763055,Average-rank quintile labels preserve V1 score ties; groups can be uneven or absent.
quantile_spread,A_technical_eligible,V1_chip_bonus,Q5_minus_Q1,10,daily_Q5_minus_Q1_mfe_10d,3,3,1.271264413131698,0.18365566803621647,2.3816813886493304,66.66666666666666,-0.37244959143936374,4.002587162798241,0.5337676228190378,Average-rank quintile labels preserve V1 score ties; groups can be uneven or absent.
quantile_spread,A_technical_eligible,V1_chip_bonus,Q5_minus_Q1,10,daily_Q5_minus_Q1_mae_10d,3,3,3.0709246611842076,5.964634008629979,6.661033671091834,66.66666666666666,-4.547575192456095,7.795715167378739,0.4610282446869603,Average-rank quintile labels preserve V1 score ties; groups can be uneven or absent.
quantile,A_technical_eligible,V1_chip_bonus,Q1,20,fwd_20d,0,0,,,,,,,,Average-rank quintile labels preserve V1 score ties; groups can be uneven or absent.
quantile,A_technical_eligible,V1_chip_bonus,Q1,20,excess_vs_taiex_20d,0,0,,,,,,,,Average-rank quintile labels preserve V1 score ties; groups can be uneven or absent.
quantile,A_technical_eligible,V1_chip_bonus,Q1,20,mfe_20d,0,0,,,,,,,,Average-rank quintile labels preserve V1 score ties; groups can be uneven or absent.
quantile,A_technical_eligible,V1_chip_bonus,Q1,20,mae_20d,0,0,,,,,,,,Average-rank quintile labels preserve V1 score ties; groups can be uneven or absent.
quantile,A_technical_eligible,V1_chip_bonus,Q2,20,fwd_20d,0,0,,,,,,,,Average-rank quintile labels preserve V1 score ties; groups can be uneven or absent.
quantile,A_technical_eligible,V1_chip_bonus,Q2,20,excess_vs_taiex_20d,0,0,,,,,,,,Average-rank quintile labels preserve V1 score ties; groups can be uneven or absent.
quantile,A_technical_eligible,V1_chip_bonus,Q2,20,mfe_20d,0,0,,,,,,,,Average-rank quintile labels preserve V1 score ties; groups can be uneven or absent.
quantile,A_technical_eligible,V1_chip_bonus,Q2,20,mae_20d,0,0,,,,,,,,Average-rank quintile labels preserve V1 score ties; groups can be uneven or absent.
quantile,A_technical_eligible,V1_chip_bonus,Q3,20,fwd_20d,0,0,,,,,,,,Average-rank quintile labels preserve V1 score ties; groups can be uneven or absent.
quantile,A_technical_eligible,V1_chip_bonus,Q3,20,excess_vs_taiex_20d,0,0,,,,,,,,Average-rank quintile labels preserve V1 score ties; groups can be uneven or absent.
quantile,A_technical_eligible,V1_chip_bonus,Q3,20,mfe_20d,0,0,,,,,,,,Average-rank quintile labels preserve V1 score ties; groups can be uneven or absent.
quantile,A_technical_eligible,V1_chip_bonus,Q3,20,mae_20d,0,0,,,,,,,,Average-rank quintile labels preserve V1 score ties; groups can be uneven or absent.
quantile,A_technical_eligible,V1_chip_bonus,Q4,20,fwd_20d,0,0,,,,,,,,Average-rank quintile labels preserve V1 score ties; groups can be uneven or absent.
quantile,A_technical_eligible,V1_chip_bonus,Q4,20,excess_vs_taiex_20d,0,0,,,,,,,,Average-rank quintile labels preserve V1 score ties; groups can be uneven or absent.
quantile,A_technical_eligible,V1_chip_bonus,Q4,20,mfe_20d,0,0,,,,,,,,Average-rank quintile labels preserve V1 score ties; groups can be uneven or absent.
quantile,A_technical_eligible,V1_chip_bonus,Q4,20,mae_20d,0,0,,,,,,,,Average-rank quintile labels preserve V1 score ties; groups can be uneven or absent.
quantile,A_technical_eligible,V1_chip_bonus,Q5,20,fwd_20d,0,0,,,,,,,,Average-rank quintile labels preserve V1 score ties; groups can be uneven or absent.
quantile,A_technical_eligible,V1_chip_bonus,Q5,20,excess_vs_taiex_20d,0,0,,,,,,,,Average-rank quintile labels preserve V1 score ties; groups can be uneven or absent.
quantile,A_technical_eligible,V1_chip_bonus,Q5,20,mfe_20d,0,0,,,,,,,,Average-rank quintile labels preserve V1 score ties; groups can be uneven or absent.
quantile,A_technical_eligible,V1_chip_bonus,Q5,20,mae_20d,0,0,,,,,,,,Average-rank quintile labels preserve V1 score ties; groups can be uneven or absent.
quantile_spread,A_technical_eligible,V1_chip_bonus,Q5_minus_Q1,20,daily_Q5_minus_Q1_fwd_20d,0,0,,,,,,,,Average-rank quintile labels preserve V1 score ties; groups can be uneven or absent.
quantile_spread,A_technical_eligible,V1_chip_bonus,Q5_minus_Q1,20,daily_Q5_minus_Q1_excess_vs_taiex_20d,0,0,,,,,,,,Average-rank quintile labels preserve V1 score ties; groups can be uneven or absent.
quantile_spread,A_technical_eligible,V1_chip_bonus,Q5_minus_Q1,20,daily_Q5_minus_Q1_mfe_20d,0,0,,,,,,,,Average-rank quintile labels preserve V1 score ties; groups can be uneven or absent.
quantile_spread,A_technical_eligible,V1_chip_bonus,Q5_minus_Q1,20,daily_Q5_minus_Q1_mae_20d,0,0,,,,,,,,Average-rank quintile labels preserve V1 score ties; groups can be uneven or absent.
quantile,B_buy_high,V21_capital_flow,Q1,3,fwd_3d,34,10,-0.6546806386561507,0.2538071065989911,8.011411327669206,50.0,-3.3170543402203,1.644130639036681,-0.08171851523776644,Deterministic equal-count quintiles; score ties use code as tie-break.
quantile,B_buy_high,V21_capital_flow,Q1,3,excess_vs_taiex_3d,34,10,0.4374635574315655,1.285658212202983,8.452601416825555,52.94117647058824,-2.88103300968844,3.061642469214392,0.05175490193596028,Deterministic equal-count quintiles; score ties use code as tie-break.
quantile,B_buy_high,V21_capital_flow,Q1,3,mfe_3d,34,10,4.678449559406765,2.121944668278264,5.893410787505563,97.05882352941177,2.5793414544950752,7.305580955677776,0.793844130011334,Deterministic equal-count quintiles; score ties use code as tie-break.
quantile,B_buy_high,V21_capital_flow,Q1,3,mae_3d,34,10,-4.769774026049703,-2.5353923311325524,5.537885725152606,0.0,-6.675503435221466,-3.0668871525291586,-0.8612987451846099,Deterministic equal-count quintiles; score ties use code as tie-break.
quantile,B_buy_high,V21_capital_flow,Q2,3,fwd_3d,30,10,0.030789452092827633,0.11794287619470989,3.8256861470977315,53.333333333333336,-1.16753327473705,1.2889579308613524,0.008048086254065912,Deterministic equal-count quintiles; score ties use code as tie-break.
quantile,B_buy_high,V21_capital_flow,Q2,3,excess_vs_taiex_3d,30,10,0.7857378057446404,-0.3727064783625109,4.917859232413738,43.333333333333336,-1.5958819461858795,2.8705774405391127,0.15977232543904918,Deterministic equal-count quintiles; score ties use code as tie-break.
quantile,B_buy_high,V21_capital_flow,Q2,3,mfe_3d,30,10,3.108523329258234,1.9266041122856903,2.9274867484503617,93.33333333333333,2.1101556839905014,4.161626597815996,1.0618402733688554,Deterministic equal-count quintiles; score ties use code as tie-break.
quantile,B_buy_high,V21_capital_flow,Q2,3,mae_3d,30,10,-3.0138598233664085,-2.3371717263665714,2.0984437310581927,0.0,-3.5255017256174206,-2.4023787796298235,-1.4362357106647765,Deterministic equal-count quintiles; score ties use code as tie-break.
quantile,B_buy_high,V21_capital_flow,Q3,3,fwd_3d,30,10,-0.2394824390825142,-0.11261261261261146,3.2648700380994673,43.333333333333336,-1.874092756192331,1.3223597645076397,-0.07335129309524392,Deterministic equal-count quintiles; score ties use code as tie-break.
quantile,B_buy_high,V21_capital_flow,Q3,3,excess_vs_taiex_3d,30,10,1.5825846346977586,1.2651498409432693,5.551337291471056,56.666666666666664,-2.089434029477167,4.592093003037926,0.28508169322177634,Deterministic equal-count quintiles; score ties use code as tie-break.
quantile,B_buy_high,V21_capital_flow,Q3,3,mfe_3d,30,10,2.73159295301367,2.135786583450694,3.0499996939637137,93.33333333333333,1.6233118059595963,4.361434465589181,0.8956043367544575,Deterministic equal-count quintiles; score ties use code as tie-break.
quantile,B_buy_high,V21_capital_flow,Q3,3,mae_3d,30,10,-2.7857864932943466,-2.434259717556364,2.3095193591712797,0.0,-3.9235054761812225,-1.777425281960003,-1.2062191564802318,Deterministic equal-count quintiles; score ties use code as tie-break.
quantile,B_buy_high,V21_capital_flow,Q4,3,fwd_3d,30,10,0.6353378565633377,1.6387895812053133,3.5236320458631836,63.33333333333333,-0.27229085571903255,2.1380409439324315,0.1803076621775073,Deterministic equal-count quintiles; score ties use code as tie-break.
quantile,B_buy_high,V21_capital_flow,Q4,3,excess_vs_taiex_3d,30,10,1.39028621021515,1.1496633310418392,5.760265951981565,56.666666666666664,-1.691750441931385,4.587145849262259,0.24135798968394567,Deterministic equal-count quintiles; score ties use code as tie-break.
quantile,B_buy_high,V21_capital_flow,Q4,3,mfe_3d,30,10,2.9564319521146647,2.645484418062327,2.57873258514822,93.33333333333333,2.0550320757896645,4.247825325063332,1.14646705483994,Deterministic equal-count quintiles; score ties use code as tie-break.
quantile,B_buy_high,V21_capital_flow,Q4,3,mae_3d,30,10,-2.1690357814325356,-1.3047528846630019,2.393684853150349,0.0,-2.7702767770523864,-1.2870653076616025,-0.9061492696408423,Deterministic equal-count quintiles; score ties use code as tie-break.
quantile,B_buy_high,V21_capital_flow,Q5,3,fwd_3d,25,10,0.8506555492417318,0.19230769230769162,3.386577642923591,52.0,-0.5565507945428896,2.8523604345193347,0.2511844224269346,Deterministic equal-count quintiles; score ties use code as tie-break.
quantile,B_buy_high,V21_capital_flow,Q5,3,excess_vs_taiex_3d,25,10,2.3306599324724484,2.229499485916686,5.586473519262123,56.00000000000001,-1.1956919989194843,5.604869947747248,0.41719698919834647,Deterministic equal-count quintiles; score ties use code as tie-break.
quantile,B_buy_high,V21_capital_flow,Q5,3,mfe_3d,25,10,2.8404467390634442,1.737451737451745,2.7428658295801958,100.0,2.0802476135484116,4.486467936865122,1.0355762605778582,Deterministic equal-count quintiles; score ties use code as tie-break.
quantile,B_buy_high,V21_capital_flow,Q5,3,mae_3d,25,10,-2.1578650879535672,-1.8126888217522619,1.3878914242808578,0.0,-2.6933543388341135,-1.6475650829193218,-1.5547794663200507,Deterministic equal-count quintiles; score ties use code as tie-break.
quantile_spread,B_buy_high,V21_capital_flow,Q5_minus_Q1,3,daily_Q5_minus_Q1_fwd_3d,10,10,2.3424605673878913,2.176486678354131,6.23284438595703,60.0,-1.3567581081388818,5.971032146032528,0.37582529296986694,Deterministic equal-count quintiles; score ties use code as tie-break.
quantile_spread,B_buy_high,V21_capital_flow,Q5_minus_Q1,3,daily_Q5_minus_Q1_excess_vs_taiex_3d,10,10,2.3424605673878913,2.176486678354131,6.232844385957029,60.0,-1.356758108138882,5.971032146032528,0.375825292969867,Deterministic equal-count quintiles; score ties use code as tie-break.
quantile_spread,B_buy_high,V21_capital_flow,Q5_minus_Q1,3,daily_Q5_minus_Q1_mfe_3d,10,10,-1.4676199037784692,0.04625653784286099,6.544367702741225,50.0,-5.409216984573103,2.321844319967877,-0.22425694435899904,Deterministic equal-count quintiles; score ties use code as tie-break.
quantile_spread,B_buy_high,V21_capital_flow,Q5_minus_Q1,3,daily_Q5_minus_Q1_mae_3d,10,10,2.717231105874269,1.9898841935954843,3.1381357562127885,90.0,0.9953784997950301,4.692542332015643,0.865874301484496,Deterministic equal-count quintiles; score ties use code as tie-break.
quantile,B_buy_high,V21_capital_flow,Q1,5,fwd_5d,24,8,-1.2489566106600205,-0.7374718077417408,6.682332083882107,45.83333333333333,-3.6334253938899272,2.2477827564426227,-0.1869043015196033,Deterministic equal-count quintiles; score ties use code as tie-break.
quantile,B_buy_high,V21_capital_flow,Q1,5,excess_vs_taiex_5d,24,8,-1.5908596218800435,-2.8153815670469817,8.551444243272789,41.66666666666667,-6.574450027145574,2.9691563887307675,-0.18603402847788358,Deterministic equal-count quintiles; score ties use code as tie-break.
quantile,B_buy_high,V21_capital_flow,Q1,5,mfe_5d,24,8,4.961922582276405,1.6611954628293457,5.850484194089591,95.83333333333334,2.6675435164883545,9.03658482271242,0.848121696882653,Deterministic equal-count quintiles; score ties use code as tie-break.
quantile,B_buy_high,V21_capital_flow,Q1,5,mae_5d,24,8,-5.94543768872991,-4.390374134629549,5.160434712887277,0.0,-8.094679720082308,-3.9331168438941604,-1.1521195440923273,Deterministic equal-count quintiles; score ties use code as tie-break.
quantile,B_buy_high,V21_capital_flow,Q2,5,fwd_5d,20,8,0.1387479548318206,-0.02635218925879923,4.566104261288997,50.0,-2.0125119844380905,2.3827495582178093,0.030386506065600106,Deterministic equal-count quintiles; score ties use code as tie-break.
quantile,B_buy_high,V21_capital_flow,Q2,5,excess_vs_taiex_5d,20,8,-0.276461219041183,-0.43078931596280956,5.405145531201202,40.0,-3.3472009948572157,2.5044234594035344,-0.05114778454073264,Deterministic equal-count quintiles; score ties use code as tie-break.
quantile,B_buy_high,V21_capital_flow,Q2,5,mfe_5d,20,8,3.7703760807745548,2.8314691103709877,3.006151694032174,95.0,2.773552288117522,5.008108431077335,1.2542201673520077,Deterministic equal-count quintiles; score ties use code as tie-break.
quantile,B_buy_high,V21_capital_flow,Q2,5,mae_5d,20,8,-3.803405393415813,-2.467716793332886,2.7032813093348396,0.0,-5.125433451512016,-2.27393425771587,-1.4069587875601692,Deterministic equal-count quintiles; score ties use code as tie-break.
quantile,B_buy_high,V21_capital_flow,Q3,5,fwd_5d,21,8,0.8835665733130601,0.2580645161290418,6.346173880026644,57.14285714285714,-2.151266006181174,3.420108539089208,0.13922823263540182,Deterministic equal-count quintiles; score ties use code as tie-break.
quantile,B_buy_high,V21_capital_flow,Q3,5,excess_vs_taiex_5d,21,8,1.4107506529032112,-0.7663062346184524,10.518159964857647,47.61904761904761,-6.078982346627322,7.642713577996583,0.1341252327038843,Deterministic equal-count quintiles; score ties use code as tie-break.
quantile,B_buy_high,V21_capital_flow,Q3,5,mfe_5d,21,8,4.470086255250239,2.7450980392156765,5.49616634569028,95.23809523809523,1.8288497046511023,7.419802320846605,0.8133098552876546,Deterministic equal-count quintiles; score ties use code as tie-break.
quantile,B_buy_high,V21_capital_flow,Q3,5,mae_5d,21,8,-4.187330853863219,-4.166666666666674,3.182572570332126,0.0,-5.211918276135134,-3.2545436315710567,-1.3157063228965862,Deterministic equal-count quintiles; score ties use code as tie-break.
quantile,B_buy_high,V21_capital_flow,Q4,5,fwd_5d,20,8,3.1024564429343875,2.5328137817883567,4.904636180318782,70.0,1.084497818688172,5.155929669465961,0.6325558775152085,Deterministic equal-count quintiles; score ties use code as tie-break.
quantile,B_buy_high,V21_capital_flow,Q4,5,excess_vs_taiex_5d,20,8,2.687247269061384,0.30891840361068623,8.97215711143013,55.00000000000001,-3.506045228208074,8.217167489852741,0.2995096090814048,Deterministic equal-count quintiles; score ties use code as tie-break.
quantile,B_buy_high,V21_capital_flow,Q4,5,mfe_5d,20,8,5.377129451661097,6.1057428696071,4.096217899841117,100.0,4.145550947832035,6.963593331790422,1.3127059114383692,Deterministic equal-count quintiles; score ties use code as tie-break.
quantile,B_buy_high,V21_capital_flow,Q4,5,mae_5d,20,8,-2.166914927658949,-1.2923617296947187,2.2346697958422514,0.0,-3.0262528547032113,-1.3392741107595165,-0.969680143209809,Deterministic equal-count quintiles; score ties use code as tie-break.
quantile,B_buy_high,V21_capital_flow,Q5,5,fwd_5d,17,8,2.7073945924753553,1.8604651162790642,5.761217129359755,64.70588235294117,0.026472738797852884,6.398183822184752,0.46993448288525597,Deterministic equal-count quintiles; score ties use code as tie-break.
quantile,B_buy_high,V21_capital_flow,Q5,5,excess_vs_taiex_5d,17,8,3.0765580061802633,3.6813469039867153,6.809714954542024,58.82352941176471,-2.177059270166025,6.439658744864439,0.4517895428395611,Deterministic equal-count quintiles; score ties use code as tie-break.
quantile,B_buy_high,V21_capital_flow,Q5,5,mfe_5d,17,8,5.549985340532907,3.4482758620689724,4.812247641591351,100.0,3.3804637623542964,8.428253416238318,1.1533041842164207,Deterministic equal-count quintiles; score ties use code as tie-break.
quantile,B_buy_high,V21_capital_flow,Q5,5,mae_5d,17,8,-2.5373244676203552,-1.7928286852589626,1.818556917769792,0.0,-3.4064565526594945,-1.5870601239639175,-1.3952406123928374,Deterministic equal-count quintiles; score ties use code as tie-break.
quantile_spread,B_buy_high,V21_capital_flow,Q5_minus_Q1,5,daily_Q5_minus_Q1_fwd_5d,8,8,3.938711988641984,3.0201835367526204,7.643891301401196,62.5,-1.1520409499742112,8.867365611798531,0.5152757716374096,Deterministic equal-count quintiles; score ties use code as tie-break.
quantile_spread,B_buy_high,V21_capital_flow,Q5_minus_Q1,5,daily_Q5_minus_Q1_excess_vs_taiex_5d,8,8,3.938711988641984,3.02018353675262,7.6438913014011955,62.5,-1.1520409499742108,8.867365611798531,0.5152757716374096,Deterministic equal-count quintiles; score ties use code as tie-break.
quantile_spread,B_buy_high,V21_capital_flow,Q5_minus_Q1,5,daily_Q5_minus_Q1_mfe_5d,8,8,0.07748742410521925,0.978172836268116,8.575429994810108,50.0,-5.593984531429923,5.513758129394591,0.009035981187195863,Deterministic equal-count quintiles; score ties use code as tie-break.
quantile_spread,B_buy_high,V21_capital_flow,Q5_minus_Q1,5,daily_Q5_minus_Q1_mae_5d,8,8,3.3243920560325617,2.0570884946707553,3.358113463554482,87.5,1.2350284501816178,5.744431582125838,0.9899582286638323,Deterministic equal-count quintiles; score ties use code as tie-break.
quantile,B_buy_high,V21_capital_flow,Q1,10,fwd_10d,13,3,-3.657843629283451,-1.9230769230769162,5.601232461900465,38.46153846153847,-7.117560930895436,-1.182200273416203,-0.6530426391270264,Deterministic equal-count quintiles; score ties use code as tie-break.
quantile,B_buy_high,V21_capital_flow,Q1,10,excess_vs_taiex_10d,13,3,-5.004533492519027,-2.93743076703723,6.30535111845026,23.076923076923077,-8.585898076741346,-0.3497310326088821,-0.7936962428428648,Deterministic equal-count quintiles; score ties use code as tie-break.
quantile,B_buy_high,V21_capital_flow,Q1,10,mfe_10d,13,3,3.274932523004456,1.6649323621227952,3.286882900424246,92.3076923076923,2.023397735733562,4.158987984023277,0.9963642217317058,Deterministic equal-count quintiles; score ties use code as tie-break.
quantile,B_buy_high,V21_capital_flow,Q1,10,mae_10d,13,3,-7.755663464244374,-7.843137254901967,5.973104598871966,0.0,-12.802248192817837,-4.5320578343232665,-1.2984308806025342,Deterministic equal-count quintiles; score ties use code as tie-break.
quantile,B_buy_high,V21_capital_flow,Q2,10,fwd_10d,10,3,-0.1899715682692638,0.3385167858201865,5.134193725858823,50.0,-1.7670903786898249,1.412667010249195,-0.03700124662465601,Deterministic equal-count quintiles; score ties use code as tie-break.
quantile,B_buy_high,V21_capital_flow,Q2,10,excess_vs_taiex_10d,10,3,-1.4821824539037678,-1.9556114042504347,5.7704852786583825,40.0,-5.716081839368688,0.6233578464646339,-0.2568557724920442,Deterministic equal-count quintiles; score ties use code as tie-break.
quantile,B_buy_high,V21_capital_flow,Q2,10,mfe_10d,10,3,3.830641512740314,3.61248935461177,3.2949375761458066,90.0,3.816559821528257,3.8585036525070313,1.162583941035125,Deterministic equal-count quintiles; score ties use code as tie-break.
quantile,B_buy_high,V21_capital_flow,Q2,10,mae_10d,10,3,-5.997219947020914,-5.0651675875478865,3.3518096079371174,0.0,-7.399840430942085,-5.02991154620844,-1.7892483907258456,Deterministic equal-count quintiles; score ties use code as tie-break.
quantile,B_buy_high,V21_capital_flow,Q3,10,fwd_10d,13,3,2.723403167272287,0.7843137254901933,8.058081154993877,61.53846153846154,-4.192346912949151,8.512582423594761,0.33797167277032175,Deterministic equal-count quintiles; score ties use code as tie-break.
quantile,B_buy_high,V21_capital_flow,Q3,10,excess_vs_taiex_10d,13,3,1.3767133040367112,-1.0492511893002043,8.989092790414357,38.46153846153847,-5.660684058795063,9.345051664402082,0.1531537537920165,Deterministic equal-count quintiles; score ties use code as tie-break.
quantile,B_buy_high,V21_capital_flow,Q3,10,mfe_10d,13,3,7.268832462521492,3.9215686274509887,7.080015624012222,100.0,1.5020151237962962,13.608151218843917,1.0266689861345628,Deterministic equal-count quintiles; score ties use code as tie-break.
quantile,B_buy_high,V21_capital_flow,Q3,10,mae_10d,13,3,-4.65573276349819,-4.526748971193417,3.657415586881224,0.0,-5.774775461168393,-3.0575480879808636,-1.2729569973392765,Deterministic equal-count quintiles; score ties use code as tie-break.
quantile,B_buy_high,V21_capital_flow,Q4,10,fwd_10d,10,3,2.9345935540405863,3.721794926273736,4.13405009418549,70.0,0.1464093701996886,4.152625536330712,0.709859214857621,Deterministic equal-count quintiles; score ties use code as tie-break.
quantile,B_buy_high,V21_capital_flow,Q4,10,excess_vs_taiex_10d,10,3,1.6423826684060825,1.3783074995549094,4.674820307485969,60.0,-1.3219277756462222,4.944676946010986,0.35132530458466443,Deterministic equal-count quintiles; score ties use code as tie-break.
quantile,B_buy_high,V21_capital_flow,Q4,10,mfe_10d,10,3,6.852951284071575,7.753093422132551,3.3729902946854753,100.0,4.252325482164188,9.041997223555098,2.031713905275437,Deterministic equal-count quintiles; score ties use code as tie-break.
quantile,B_buy_high,V21_capital_flow,Q4,10,mae_10d,10,3,-2.7353660917613616,-1.1814112326364978,3.118545600282608,0.0,-4.024097542242707,-1.705707908822257,-0.8771287780795887,Deterministic equal-count quintiles; score ties use code as tie-break.
quantile,B_buy_high,V21_capital_flow,Q5,10,fwd_10d,10,3,1.701298227694735,0.11890606420927874,6.3003874030878855,50.0,-2.1895634930905934,6.266588483557225,0.2700307328500008,Deterministic equal-count quintiles; score ties use code as tie-break.
quantile,B_buy_high,V21_capital_flow,Q5,10,excess_vs_taiex_10d,10,3,0.40908734206023123,-1.0962501245362521,5.343876122004106,50.0,-1.3570942522832725,2.317597022878363,0.07655254963260859,Deterministic equal-count quintiles; score ties use code as tie-break.
quantile,B_buy_high,V21_capital_flow,Q5,10,mfe_10d,10,3,6.598458297286591,4.170043245453936,6.825836990181796,100.0,2.485694679090788,10.675116217538065,0.9666885257848578,Deterministic equal-count quintiles; score ties use code as tie-break.
quantile,B_buy_high,V21_capital_flow,Q5,10,mae_10d,10,3,-2.9750047897246965,-2.1449280168268636,2.0416743682789877,0.0,-4.536702488188117,-1.5048327832815769,-1.4571397064814267,Deterministic equal-count quintiles; score ties use code as tie-break.
quantile_spread,B_buy_high,V21_capital_flow,Q5_minus_Q1,10,daily_Q5_minus_Q1_fwd_10d,3,3,5.997763438943271,9.441384530441452,6.066903972773511,66.66666666666666,-1.0073632196743905,9.55926900606275,0.9886036544932107,Deterministic equal-count quintiles; score ties use code as tie-break.
quantile_spread,B_buy_high,V21_capital_flow,Q5_minus_Q1,10,daily_Q5_minus_Q1_excess_vs_taiex_10d,3,3,5.997763438943271,9.441384530441454,6.0669039727735115,66.66666666666666,-1.0073632196743905,9.559269006062753,0.9886036544932105,Deterministic equal-count quintiles; score ties use code as tie-break.
quantile_spread,B_buy_high,V21_capital_flow,Q5_minus_Q1,10,daily_Q5_minus_Q1_mfe_10d,3,3,3.8049981313873626,5.982087465562627,4.241735120035698,66.66666666666666,-1.083221304915325,6.516128233514787,0.8970381279619695,Deterministic equal-count quintiles; score ties use code as tie-break.
quantile_spread,B_buy_high,V21_capital_flow,Q5_minus_Q1,10,daily_Q5_minus_Q1_mae_10d,3,3,5.222814443509038,4.375672574855701,5.6984539507133585,66.66666666666666,-0.004644653864849246,11.297415409536262,0.91653183278865,Deterministic equal-count quintiles; score ties use code as tie-break.
quantile,B_buy_high,V21_capital_flow,Q1,20,fwd_20d,0,0,,,,,,,,Deterministic equal-count quintiles; score ties use code as tie-break.
quantile,B_buy_high,V21_capital_flow,Q1,20,excess_vs_taiex_20d,0,0,,,,,,,,Deterministic equal-count quintiles; score ties use code as tie-break.
quantile,B_buy_high,V21_capital_flow,Q1,20,mfe_20d,0,0,,,,,,,,Deterministic equal-count quintiles; score ties use code as tie-break.
quantile,B_buy_high,V21_capital_flow,Q1,20,mae_20d,0,0,,,,,,,,Deterministic equal-count quintiles; score ties use code as tie-break.
quantile,B_buy_high,V21_capital_flow,Q2,20,fwd_20d,0,0,,,,,,,,Deterministic equal-count quintiles; score ties use code as tie-break.
quantile,B_buy_high,V21_capital_flow,Q2,20,excess_vs_taiex_20d,0,0,,,,,,,,Deterministic equal-count quintiles; score ties use code as tie-break.
quantile,B_buy_high,V21_capital_flow,Q2,20,mfe_20d,0,0,,,,,,,,Deterministic equal-count quintiles; score ties use code as tie-break.
quantile,B_buy_high,V21_capital_flow,Q2,20,mae_20d,0,0,,,,,,,,Deterministic equal-count quintiles; score ties use code as tie-break.
quantile,B_buy_high,V21_capital_flow,Q3,20,fwd_20d,0,0,,,,,,,,Deterministic equal-count quintiles; score ties use code as tie-break.
quantile,B_buy_high,V21_capital_flow,Q3,20,excess_vs_taiex_20d,0,0,,,,,,,,Deterministic equal-count quintiles; score ties use code as tie-break.
quantile,B_buy_high,V21_capital_flow,Q3,20,mfe_20d,0,0,,,,,,,,Deterministic equal-count quintiles; score ties use code as tie-break.
quantile,B_buy_high,V21_capital_flow,Q3,20,mae_20d,0,0,,,,,,,,Deterministic equal-count quintiles; score ties use code as tie-break.
quantile,B_buy_high,V21_capital_flow,Q4,20,fwd_20d,0,0,,,,,,,,Deterministic equal-count quintiles; score ties use code as tie-break.
quantile,B_buy_high,V21_capital_flow,Q4,20,excess_vs_taiex_20d,0,0,,,,,,,,Deterministic equal-count quintiles; score ties use code as tie-break.
quantile,B_buy_high,V21_capital_flow,Q4,20,mfe_20d,0,0,,,,,,,,Deterministic equal-count quintiles; score ties use code as tie-break.
quantile,B_buy_high,V21_capital_flow,Q4,20,mae_20d,0,0,,,,,,,,Deterministic equal-count quintiles; score ties use code as tie-break.
quantile,B_buy_high,V21_capital_flow,Q5,20,fwd_20d,0,0,,,,,,,,Deterministic equal-count quintiles; score ties use code as tie-break.
quantile,B_buy_high,V21_capital_flow,Q5,20,excess_vs_taiex_20d,0,0,,,,,,,,Deterministic equal-count quintiles; score ties use code as tie-break.
quantile,B_buy_high,V21_capital_flow,Q5,20,mfe_20d,0,0,,,,,,,,Deterministic equal-count quintiles; score ties use code as tie-break.
quantile,B_buy_high,V21_capital_flow,Q5,20,mae_20d,0,0,,,,,,,,Deterministic equal-count quintiles; score ties use code as tie-break.
quantile_spread,B_buy_high,V21_capital_flow,Q5_minus_Q1,20,daily_Q5_minus_Q1_fwd_20d,0,0,,,,,,,,Deterministic equal-count quintiles; score ties use code as tie-break.
quantile_spread,B_buy_high,V21_capital_flow,Q5_minus_Q1,20,daily_Q5_minus_Q1_excess_vs_taiex_20d,0,0,,,,,,,,Deterministic equal-count quintiles; score ties use code as tie-break.
quantile_spread,B_buy_high,V21_capital_flow,Q5_minus_Q1,20,daily_Q5_minus_Q1_mfe_20d,0,0,,,,,,,,Deterministic equal-count quintiles; score ties use code as tie-break.
quantile_spread,B_buy_high,V21_capital_flow,Q5_minus_Q1,20,daily_Q5_minus_Q1_mae_20d,0,0,,,,,,,,Deterministic equal-count quintiles; score ties use code as tie-break.
quantile,B_buy_high,V1_chip_bonus,Q1,3,fwd_3d,26,10,-1.4831545316903312,0.0,5.870428570360349,42.30769230769231,-4.719118323875995,1.473116226778838,-0.2526484248831069,Average-rank quintile labels preserve V1 score ties; groups can be uneven or absent.
quantile,B_buy_high,V1_chip_bonus,Q1,3,excess_vs_taiex_3d,26,10,0.0869823349021913,1.285658212202983,5.689641050968048,53.84615384615385,-3.707975866890297,3.138400287858739,0.015287842259819173,Average-rank quintile labels preserve V1 score ties; groups can be uneven or absent.
quantile,B_buy_high,V1_chip_bonus,Q1,3,mfe_3d,26,10,3.922209925032374,1.849957374254041,4.268002290240921,96.15384615384616,2.0517328165271174,6.266739841544391,0.9189802765572022,Average-rank quintile labels preserve V1 score ties; groups can be uneven or absent.
quantile,B_buy_high,V1_chip_bonus,Q1,3,mae_3d,26,10,-4.874199070317359,-3.0632723557458386,5.158340960033792,0.0,-7.916805241957603,-2.4283498761439892,-0.9449160317400632,Average-rank quintile labels preserve V1 score ties; groups can be uneven or absent.
quantile,B_buy_high,V1_chip_bonus,Q2,3,fwd_3d,33,10,1.1832930251992515,0.5122950819672178,7.050137729781719,57.57575757575758,-0.03985275218980217,2.3946833707134707,0.16783970335794954,Average-rank quintile labels preserve V1 score ties; groups can be uneven or absent.
quantile,B_buy_high,V1_chip_bonus,Q2,3,excess_vs_taiex_3d,33,10,2.6594989387754184,1.9096239691025811,8.434474086203323,54.54545454545454,-0.7006732634196833,5.506573017805419,0.31531295390730874,Average-rank quintile labels preserve V1 score ties; groups can be uneven or absent.
quantile,B_buy_high,V1_chip_bonus,Q2,3,mfe_3d,33,10,4.406321493462731,2.9279279279279313,5.788734595393535,93.93939393939394,2.580684178605815,6.213330341797321,0.7611890683274929,Average-rank quintile labels preserve V1 score ties; groups can be uneven or absent.
quantile,B_buy_high,V1_chip_bonus,Q2,3,mae_3d,33,10,-3.0906735575791577,-2.199074074074081,3.7364675596201216,0.0,-4.039971282186792,-2.0736919145093196,-0.8271645633913599,Average-rank quintile labels preserve V1 score ties; groups can be uneven or absent.
quantile,B_buy_high,V1_chip_bonus,Q3,3,fwd_3d,18,7,-0.47089496578882806,0.10330578512396382,3.9759877894636166,50.0,-2.2477493995197766,1.3359787981991407,-0.11843471125256008,Average-rank quintile labels preserve V1 score ties; groups can be uneven or absent.
quantile,B_buy_high,V1_chip_bonus,Q3,3,excess_vs_taiex_3d,18,7,-1.438681088982132,-0.669764532600603,4.879778349652942,38.88888888888889,-4.2579936998997985,0.795939159972178,-0.2948250895626137,Average-rank quintile labels preserve V1 score ties; groups can be uneven or absent.
quantile,B_buy_high,V1_chip_bonus,Q3,3,mfe_3d,18,7,3.071580620085287,2.227515479344855,2.384330046595169,94.44444444444444,1.781729092087685,4.574886654815881,1.288236343148682,Average-rank quintile labels preserve V1 score ties; groups can be uneven or absent.
quantile,B_buy_high,V1_chip_bonus,Q3,3,mae_3d,18,7,-2.8265105274884625,-1.730213283372839,2.7728722138665494,0.0,-3.9429391559981406,-1.590882916075863,-1.019343954385521,Average-rank quintile labels preserve V1 score ties; groups can be uneven or absent.
quantile,B_buy_high,V1_chip_bonus,Q4,3,fwd_3d,42,9,-0.04835520775091401,0.1224349797184332,3.0137958638136393,52.38095238095239,-0.9675262189104726,0.7646705084836605,-0.016044619455322238,Average-rank quintile labels preserve V1 score ties; groups can be uneven or absent.
quantile,B_buy_high,V1_chip_bonus,Q4,3,excess_vs_taiex_3d,42,9,1.2406056747520002,0.2201678707939747,5.250092583559853,50.0,-2.154577934301,4.147186333850573,0.2363016756384134,Average-rank quintile labels preserve V1 score ties; groups can be uneven or absent.
quantile,B_buy_high,V1_chip_bonus,Q4,3,mfe_3d,42,9,2.3586587007476107,1.6838065131416613,2.5698105420454755,92.85714285714286,1.6433609242628415,3.257430840196707,0.9178336932458081,Average-rank quintile labels preserve V1 score ties; groups can be uneven or absent.
quantile,B_buy_high,V1_chip_bonus,Q4,3,mae_3d,42,9,-2.526172758983187,-2.2045250347137166,1.9380347516586354,0.0,-3.4099934809771946,-1.8813901506163138,-1.3034713422043662,Average-rank quintile labels preserve V1 score ties; groups can be uneven or absent.
quantile,B_buy_high,V1_chip_bonus,Q5,3,fwd_3d,30,8,0.7275656402018105,0.9785281449655625,3.305298481845149,56.666666666666664,-0.45308100723108097,2.197632532436894,0.22012101000804452,Average-rank quintile labels preserve V1 score ties; groups can be uneven or absent.
quantile,B_buy_high,V1_chip_bonus,Q5,3,excess_vs_taiex_3d,30,8,2.3221444786419827,2.0584283838182222,5.382076996424067,63.33333333333333,-1.0862035235946443,5.179262086797524,0.4314587993045901,Average-rank quintile labels preserve V1 score ties; groups can be uneven or absent.
quantile,B_buy_high,V1_chip_bonus,Q5,3,mfe_3d,30,8,3.074557219998884,2.951113831676988,2.1723520136635193,100.0,2.199212109765455,4.201073011305158,1.4153126199900996,Average-rank quintile labels preserve V1 score ties; groups can be uneven or absent.
quantile,B_buy_high,V1_chip_bonus,Q5,3,mae_3d,30,8,-2.316051947562604,-1.5271660641723583,2.203945715743042,0.0,-3.0025387453229766,-1.4499051400348195,-1.050866149297042,Average-rank quintile labels preserve V1 score ties; groups can be uneven or absent.
quantile_spread,B_buy_high,V1_chip_bonus,Q5_minus_Q1,3,daily_Q5_minus_Q1_fwd_3d,8,8,2.83373528067406,1.6136290962415938,5.558169631958623,50.0,-0.588197306110184,6.472228827134824,0.5098324571420989,Average-rank quintile labels preserve V1 score ties; groups can be uneven or absent.
quantile_spread,B_buy_high,V1_chip_bonus,Q5_minus_Q1,3,daily_Q5_minus_Q1_excess_vs_taiex_3d,8,8,2.83373528067406,1.613629096241594,5.558169631958622,50.0,-0.5881973061101844,6.472228827134823,0.5098324571420989,Average-rank quintile labels preserve V1 score ties; groups can be uneven or absent.
quantile_spread,B_buy_high,V1_chip_bonus,Q5_minus_Q1,3,daily_Q5_minus_Q1_mfe_3d,8,8,-0.1765339969065176,0.15140841628740898,3.0476701455149153,50.0,-2.1530218362688363,1.8037464108236254,-0.05792424654824039,Average-rank quintile labels preserve V1 score ties; groups can be uneven or absent.
quantile_spread,B_buy_high,V1_chip_bonus,Q5_minus_Q1,3,daily_Q5_minus_Q1_mae_3d,8,8,3.874317819211855,3.972135571199187,4.399393145937153,62.5,1.0201939909877626,6.784862519622559,0.8806482373119561,Average-rank quintile labels preserve V1 score ties; groups can be uneven or absent.
quantile,B_buy_high,V1_chip_bonus,Q1,5,fwd_5d,19,8,-3.190308147453467,-1.2526096033402934,5.015603882308793,36.84210526315789,-5.69406589401574,-0.555848757876301,-0.6360765766823073,Average-rank quintile labels preserve V1 score ties; groups can be uneven or absent.
quantile,B_buy_high,V1_chip_bonus,Q1,5,excess_vs_taiex_5d,19,8,-2.4693003931324142,-3.7804646686641963,7.980191459819623,26.31578947368421,-7.5245185764686635,3.042496540262491,-0.3094287155346306,Average-rank quintile labels preserve V1 score ties; groups can be uneven or absent.
quantile,B_buy_high,V1_chip_bonus,Q1,5,mfe_5d,19,8,3.7665153438998344,1.6025641025640969,4.767082314844159,94.73684210526315,1.6057070352202687,7.184336913111088,0.790109147511745,Average-rank quintile labels preserve V1 score ties; groups can be uneven or absent.
quantile,B_buy_high,V1_chip_bonus,Q1,5,mae_5d,19,8,-7.085443020415115,-6.5517241379310365,5.124223086061588,0.0,-10.21281479576644,-4.64625716070664,-1.3827350803067584,Average-rank quintile labels preserve V1 score ties; groups can be uneven or absent.
quantile,B_buy_high,V1_chip_bonus,Q2,5,fwd_5d,22,8,2.5308444168083297,4.177587699796403,6.9949969912013055,63.63636363636363,0.36511217683090486,5.1592590970269,0.36180779205363006,Average-rank quintile labels preserve V1 score ties; groups can be uneven or absent.
quantile,B_buy_high,V1_chip_bonus,Q2,5,excess_vs_taiex_5d,22,8,2.8292941170940082,3.7970390525258746,8.70431222691944,68.18181818181817,-2.17286846916355,6.465411308074045,0.32504510906030876,Average-rank quintile labels preserve V1 score ties; groups can be uneven or absent.
quantile,B_buy_high,V1_chip_bonus,Q2,5,mfe_5d,22,8,6.443880594871007,5.820607544763545,6.252351332214037,95.45454545454545,4.17131612799954,9.404808828234392,1.0306331574283345,Average-rank quintile labels preserve V1 score ties; groups can be uneven or absent.
quantile,B_buy_high,V1_chip_bonus,Q2,5,mae_5d,22,8,-3.4167326917854552,-2.2045094127276563,2.9584428172861728,0.0,-4.359253659777755,-2.3605596448449684,-1.1549091541744516,Average-rank quintile labels preserve V1 score ties; groups can be uneven or absent.
quantile,B_buy_high,V1_chip_bonus,Q3,5,fwd_5d,11,5,0.5850901363308054,1.1811023622047223,3.6674937949632986,54.54545454545454,-2.3715197771464807,2.4990564279645366,0.1595340494193421,Average-rank quintile labels preserve V1 score ties; groups can be uneven or absent.
quantile,B_buy_high,V1_chip_bonus,Q3,5,excess_vs_taiex_5d,11,5,-3.55391986563005,-1.8271568203259037,5.197427198031687,27.27272727272727,-8.755236600747562,-1.6177507659839094,-0.6837844437678611,Average-rank quintile labels preserve V1 score ties; groups can be uneven or absent.
quantile,B_buy_high,V1_chip_bonus,Q3,5,mfe_5d,11,5,3.7682703344282165,3.205918618988912,2.8764959482894943,90.9090909090909,1.4361225145968224,5.388453482325633,1.3100210819587683,Average-rank quintile labels preserve V1 score ties; groups can be uneven or absent.
quantile,B_buy_high,V1_chip_bonus,Q3,5,mae_5d,11,5,-2.9857307485649582,-1.8561484918793614,2.4874832751447493,0.0,-4.756636279586996,-1.5209128902320037,-1.2003018385686293,Average-rank quintile labels preserve V1 score ties; groups can be uneven or absent.
quantile,B_buy_high,V1_chip_bonus,Q4,5,fwd_5d,29,7,2.147537288149373,0.6818181818181834,6.360843579037738,58.620689655172406,1.1977388886943563,4.058172955754352,0.33761831453089286,Average-rank quintile labels preserve V1 score ties; groups can be uneven or absent.
quantile,B_buy_high,V1_chip_bonus,Q4,5,excess_vs_taiex_5d,29,7,3.5134208666905486,1.3936218159629075,8.661609146075774,55.172413793103445,-1.9517910308822186,8.513562318192129,0.4056314256898025,Average-rank quintile labels preserve V1 score ties; groups can be uneven or absent.
quantile,B_buy_high,V1_chip_bonus,Q4,5,mfe_5d,29,7,4.503561050554994,2.674418604651163,4.996943635356574,100.0,3.486197086521659,6.0568941284444735,0.9012631278626834,Average-rank quintile labels preserve V1 score ties; groups can be uneven or absent.
quantile,B_buy_high,V1_chip_bonus,Q4,5,mae_5d,29,7,-3.22948583822567,-2.8169014084507005,2.648762610804181,0.0,-4.239586967566934,-2.07865321067905,-1.219243213813403,Average-rank quintile labels preserve V1 score ties; groups can be uneven or absent.
quantile,B_buy_high,V1_chip_bonus,Q5,5,fwd_5d,21,6,1.6977352470000444,1.5686274509803866,3.9244393741720764,66.66666666666666,0.4978589329946512,2.4871605985701173,0.43260580305389706,Average-rank quintile labels preserve V1 score ties; groups can be uneven or absent.
quantile,B_buy_high,V1_chip_bonus,Q5,5,excess_vs_taiex_5d,21,6,0.6589757225079639,-0.38054864727052884,7.824165459657541,47.61904761904761,-4.67516973724948,5.621534085044082,0.08422313228237978,Average-rank quintile labels preserve V1 score ties; groups can be uneven or absent.
quantile,B_buy_high,V1_chip_bonus,Q5,5,mfe_5d,21,6,4.9940193336474765,4.518430439952459,3.0505021274838726,100.0,4.385352684900195,5.754679051773666,1.637113866813351,Average-rank quintile labels preserve V1 score ties; groups can be uneven or absent.
quantile,B_buy_high,V1_chip_bonus,Q5,5,mae_5d,21,6,-2.708367175321932,-1.6058394160583966,2.55866942276371,0.0,-3.302367936403656,-1.917132296363666,-1.0585060935290844,Average-rank quintile labels preserve V1 score ties; groups can be uneven or absent.
quantile_spread,B_buy_high,V1_chip_bonus,Q5_minus_Q1,5,daily_Q5_minus_Q1_fwd_5d,6,6,4.584327275922495,3.53257121560778,4.988053355392695,83.33333333333334,1.092831497163728,8.198311054851676,0.9190613951565448,Average-rank quintile labels preserve V1 score ties; groups can be uneven or absent.
quantile_spread,B_buy_high,V1_chip_bonus,Q5_minus_Q1,5,daily_Q5_minus_Q1_excess_vs_taiex_5d,6,6,4.584327275922496,3.532571215607781,4.988053355392695,83.33333333333334,1.092831497163728,8.198311054851676,0.919061395156545,Average-rank quintile labels preserve V1 score ties; groups can be uneven or absent.
quantile_spread,B_buy_high,V1_chip_bonus,Q5_minus_Q1,5,daily_Q5_minus_Q1_mfe_5d,6,6,1.0973472991652078,2.7906397677377726,5.036655623496729,66.66666666666666,-2.7822970384625227,4.3858375134233265,0.21787221148214375,Average-rank quintile labels preserve V1 score ties; groups can be uneven or absent.
quantile_spread,B_buy_high,V1_chip_bonus,Q5_minus_Q1,5,daily_Q5_minus_Q1_mae_5d,6,6,5.625791123552862,5.670207395788146,3.4719978830652813,100.0,3.1563406636986344,8.14939158791398,1.62033253274512,Average-rank quintile labels preserve V1 score ties; groups can be uneven or absent.
quantile,B_buy_high,V1_chip_bonus,Q1,10,fwd_10d,11,3,-3.7725618290108414,-1.9230769230769162,5.534963756760833,36.36363636363637,-6.543488239352291,-1.182200273416203,-0.6815874493130587,Average-rank quintile labels preserve V1 score ties; groups can be uneven or absent.
quantile,B_buy_high,V1_chip_bonus,Q1,10,excess_vs_taiex_10d,11,3,-4.8716199758779055,-2.484556314235342,6.575732242281461,27.27272727272727,-9.267896138672649,-0.3497310326088821,-0.7408482882794037,Average-rank quintile labels preserve V1 score ties; groups can be uneven or absent.
quantile,B_buy_high,V1_chip_bonus,Q1,10,mfe_10d,11,3,2.618862706778513,1.6649323621227952,2.8537708149028944,90.9090909090909,1.508925825044908,3.5689159840061135,0.9176850127916195,Average-rank quintile labels preserve V1 score ties; groups can be uneven or absent.
quantile,B_buy_high,V1_chip_bonus,Q1,10,mae_10d,11,3,-8.395559097792738,-7.843137254901967,5.940710957319728,0.0,-13.938909192633723,-4.5320578343232665,-1.4132246389547565,Average-rank quintile labels preserve V1 score ties; groups can be uneven or absent.
quantile,B_buy_high,V1_chip_bonus,Q2,10,fwd_10d,13,3,1.7478652294332353,2.400960384153672,5.481490634789227,69.23076923076923,-1.1504444936943223,3.319077052793759,0.3188667729066445,Average-rank quintile labels preserve V1 score ties; groups can be uneven or absent.
quantile,B_buy_high,V1_chip_bonus,Q2,10,excess_vs_taiex_10d,13,3,0.4011753661976594,-0.7101250639177215,5.979554563431385,46.15384615384615,-2.618781639540232,4.15154629360108,0.06709117910740223,Average-rank quintile labels preserve V1 score ties; groups can be uneven or absent.
quantile,B_buy_high,V1_chip_bonus,Q2,10,mfe_10d,13,3,6.225477890708513,6.968215158924207,4.553256077883022,92.3076923076923,3.276784507030167,7.56682586105764,1.3672584594897128,Average-rank quintile labels preserve V1 score ties; groups can be uneven or absent.
quantile,B_buy_high,V1_chip_bonus,Q2,10,mae_10d,13,3,-4.22986020610918,-2.1608643457382892,3.932962233488059,0.0,-6.168842075296419,-1.3643745131951406,-1.0754896576664579,Average-rank quintile labels preserve V1 score ties; groups can be uneven or absent.
quantile,B_buy_high,V1_chip_bonus,Q3,10,fwd_10d,3,1,-1.4158814305363663,-3.7122969837587005,9.118509743134158,33.33333333333333,-1.4158814305363663,-1.4158814305363663,-0.15527552971059372,Average-rank quintile labels preserve V1 score ties; groups can be uneven or absent.
quantile,B_buy_high,V1_chip_bonus,Q3,10,excess_vs_taiex_10d,3,1,-5.364872891215231,-7.661288444437564,9.118509743134158,33.33333333333333,-5.364872891215231,-5.364872891215231,-0.5883497459938283,Average-rank quintile labels preserve V1 score ties; groups can be uneven or absent.
quantile,B_buy_high,V1_chip_bonus,Q3,10,mfe_10d,3,1,4.2364379285977956,2.088167053364276,4.46649268189745,100.0,4.2364379285977956,4.2364379285977956,0.9484931982017883,Average-rank quintile labels preserve V1 score ties; groups can be uneven or absent.
quantile,B_buy_high,V1_chip_bonus,Q3,10,mae_10d,3,1,-6.277575448945901,-4.640371229698381,3.2314877398801714,0.0,-6.277575448945901,-6.277575448945901,-1.9426270356757358,Average-rank quintile labels preserve V1 score ties; groups can be uneven or absent.
quantile,B_buy_high,V1_chip_bonus,Q4,10,fwd_10d,16,3,2.2354067326686304,-1.3230688171413485,7.8525242261293,43.75,-1.193915479088479,17.832647462277084,0.28467364993670535,Average-rank quintile labels preserve V1 score ties; groups can be uneven or absent.
quantile,B_buy_high,V1_chip_bonus,Q4,10,excess_vs_taiex_10d,16,3,1.906232284638103,-1.053032850700636,7.760984948854248,43.75,-2.6622526249343896,13.88365600159822,0.24561731496715755,Average-rank quintile labels preserve V1 score ties; groups can be uneven or absent.
quantile,B_buy_high,V1_chip_bonus,Q4,10,mfe_10d,16,3,7.166542827778887,4.352854330708656,7.35769859357011,100.0,2.919172823612959,22.35939643347049,0.9740196253814646,Average-rank quintile labels preserve V1 score ties; groups can be uneven or absent.
quantile,B_buy_high,V1_chip_bonus,Q4,10,mae_10d,16,3,-4.341998155639895,-4.822429603706945,3.2191583608907948,0.0,-5.349794238683136,-4.235272049646685,-1.3487991794347116,Average-rank quintile labels preserve V1 score ties; groups can be uneven or absent.
quantile,B_buy_high,V1_chip_bonus,Q5,10,fwd_10d,13,3,1.5052726795318188,0.9671179883945946,4.281036577769026,69.23076923076923,-0.5487989670071554,2.574768330044893,0.3516140664035766,Average-rank quintile labels preserve V1 score ties; groups can be uneven or absent.
quantile,B_buy_high,V1_chip_bonus,Q5,10,excess_vs_taiex_10d,13,3,-0.5770265223939396,-0.041610852864093495,4.634552548893817,46.15384615384615,-2.0171361128530663,3.4072375708522133,-0.1245053360181805,Average-rank quintile labels preserve V1 score ties; groups can be uneven or absent.
quantile,B_buy_high,V1_chip_bonus,Q5,10,mfe_10d,13,3,5.5982118745224785,4.518430439952459,3.9179314893634247,100.0,5.070762221829443,6.31661390097214,1.4288692616807501,Average-rank quintile labels preserve V1 score ties; groups can be uneven or absent.
quantile,B_buy_high,V1_chip_bonus,Q5,10,mae_10d,13,3,-3.2907715118082765,-1.7928286852589626,3.137092751937272,0.0,-3.702480942925884,-2.2946596598136284,-1.0489876366505588,Average-rank quintile labels preserve V1 score ties; groups can be uneven or absent.
quantile_spread,B_buy_high,V1_chip_bonus,Q5_minus_Q1,10,daily_Q5_minus_Q1_fwd_10d,3,3,5.803489501922649,5.994689272345136,1.9579353447187238,100.0,3.7569686034610954,7.658810629961717,2.9640863870080327,Average-rank quintile labels preserve V1 score ties; groups can be uneven or absent.
quantile_spread,B_buy_high,V1_chip_bonus,Q5_minus_Q1,10,daily_Q5_minus_Q1_excess_vs_taiex_10d,3,3,5.803489501922648,5.994689272345134,1.957935344718724,100.0,3.7569686034610954,7.658810629961717,2.964086387008032,Average-rank quintile labels preserve V1 score ties; groups can be uneven or absent.
quantile_spread,B_buy_high,V1_chip_bonus,Q5_minus_Q1,10,daily_Q5_minus_Q1_mfe_10d,3,3,3.2864662217533716,3.5618363967845346,1.0498982830026253,100.0,2.1263258273028898,4.17123644117269,3.1302710700262697,Average-rank quintile labels preserve V1 score ties; groups can be uneven or absent.
quantile_spread,B_buy_high,V1_chip_bonus,Q5_minus_Q1,10,daily_Q5_minus_Q1_mae_10d,3,3,6.114970981830165,5.588896832474985,4.165599080908447,100.0,2.237398174509638,10.518617938505873,1.4679691595516178,Average-rank quintile labels preserve V1 score ties; groups can be uneven or absent.
quantile,B_buy_high,V1_chip_bonus,Q1,20,fwd_20d,0,0,,,,,,,,Average-rank quintile labels preserve V1 score ties; groups can be uneven or absent.
quantile,B_buy_high,V1_chip_bonus,Q1,20,excess_vs_taiex_20d,0,0,,,,,,,,Average-rank quintile labels preserve V1 score ties; groups can be uneven or absent.
quantile,B_buy_high,V1_chip_bonus,Q1,20,mfe_20d,0,0,,,,,,,,Average-rank quintile labels preserve V1 score ties; groups can be uneven or absent.
quantile,B_buy_high,V1_chip_bonus,Q1,20,mae_20d,0,0,,,,,,,,Average-rank quintile labels preserve V1 score ties; groups can be uneven or absent.
quantile,B_buy_high,V1_chip_bonus,Q2,20,fwd_20d,0,0,,,,,,,,Average-rank quintile labels preserve V1 score ties; groups can be uneven or absent.
quantile,B_buy_high,V1_chip_bonus,Q2,20,excess_vs_taiex_20d,0,0,,,,,,,,Average-rank quintile labels preserve V1 score ties; groups can be uneven or absent.
quantile,B_buy_high,V1_chip_bonus,Q2,20,mfe_20d,0,0,,,,,,,,Average-rank quintile labels preserve V1 score ties; groups can be uneven or absent.
quantile,B_buy_high,V1_chip_bonus,Q2,20,mae_20d,0,0,,,,,,,,Average-rank quintile labels preserve V1 score ties; groups can be uneven or absent.
quantile,B_buy_high,V1_chip_bonus,Q3,20,fwd_20d,0,0,,,,,,,,Average-rank quintile labels preserve V1 score ties; groups can be uneven or absent.
quantile,B_buy_high,V1_chip_bonus,Q3,20,excess_vs_taiex_20d,0,0,,,,,,,,Average-rank quintile labels preserve V1 score ties; groups can be uneven or absent.
quantile,B_buy_high,V1_chip_bonus,Q3,20,mfe_20d,0,0,,,,,,,,Average-rank quintile labels preserve V1 score ties; groups can be uneven or absent.
quantile,B_buy_high,V1_chip_bonus,Q3,20,mae_20d,0,0,,,,,,,,Average-rank quintile labels preserve V1 score ties; groups can be uneven or absent.
quantile,B_buy_high,V1_chip_bonus,Q4,20,fwd_20d,0,0,,,,,,,,Average-rank quintile labels preserve V1 score ties; groups can be uneven or absent.
quantile,B_buy_high,V1_chip_bonus,Q4,20,excess_vs_taiex_20d,0,0,,,,,,,,Average-rank quintile labels preserve V1 score ties; groups can be uneven or absent.
quantile,B_buy_high,V1_chip_bonus,Q4,20,mfe_20d,0,0,,,,,,,,Average-rank quintile labels preserve V1 score ties; groups can be uneven or absent.
quantile,B_buy_high,V1_chip_bonus,Q4,20,mae_20d,0,0,,,,,,,,Average-rank quintile labels preserve V1 score ties; groups can be uneven or absent.
quantile,B_buy_high,V1_chip_bonus,Q5,20,fwd_20d,0,0,,,,,,,,Average-rank quintile labels preserve V1 score ties; groups can be uneven or absent.
quantile,B_buy_high,V1_chip_bonus,Q5,20,excess_vs_taiex_20d,0,0,,,,,,,,Average-rank quintile labels preserve V1 score ties; groups can be uneven or absent.
quantile,B_buy_high,V1_chip_bonus,Q5,20,mfe_20d,0,0,,,,,,,,Average-rank quintile labels preserve V1 score ties; groups can be uneven or absent.
quantile,B_buy_high,V1_chip_bonus,Q5,20,mae_20d,0,0,,,,,,,,Average-rank quintile labels preserve V1 score ties; groups can be uneven or absent.
quantile_spread,B_buy_high,V1_chip_bonus,Q5_minus_Q1,20,daily_Q5_minus_Q1_fwd_20d,0,0,,,,,,,,Average-rank quintile labels preserve V1 score ties; groups can be uneven or absent.
quantile_spread,B_buy_high,V1_chip_bonus,Q5_minus_Q1,20,daily_Q5_minus_Q1_excess_vs_taiex_20d,0,0,,,,,,,,Average-rank quintile labels preserve V1 score ties; groups can be uneven or absent.
quantile_spread,B_buy_high,V1_chip_bonus,Q5_minus_Q1,20,daily_Q5_minus_Q1_mfe_20d,0,0,,,,,,,,Average-rank quintile labels preserve V1 score ties; groups can be uneven or absent.
quantile_spread,B_buy_high,V1_chip_bonus,Q5_minus_Q1,20,daily_Q5_minus_Q1_mae_20d,0,0,,,,,,,,Average-rank quintile labels preserve V1 score ties; groups can be uneven or absent.
v1_v21_cross,A_technical_eligible,V1_x_V21,A_both_strong,3,fwd_3d,82,8,-0.3898794055409389,-0.1913877350680937,4.39653795757169,45.1219512195122,-2.291157777448926,1.2154892912595585,-0.08867873069752329,
v1_v21_cross,A_technical_eligible,V1_x_V21,A_both_strong,3,excess_vs_taiex_3d,82,8,1.9034582596484562,1.7701582473187427,5.665410987268525,59.756097560975604,-1.2369309042713483,4.875861484851303,0.33597884847647635,
v1_v21_cross,A_technical_eligible,V1_x_V21,A_both_strong,3,mfe_3d,82,8,2.9240089555217756,1.7096504801906054,2.8617335762835356,96.34146341463415,2.1971645356901863,3.9653309100276513,1.0217614175387757,
v1_v21_cross,A_technical_eligible,V1_x_V21,A_both_strong,3,mae_3d,82,8,-3.364502355901211,-2.1334661786046927,3.5545199831595657,0.0,-4.925087959403823,-2.101142326121059,-0.9465419724298608,
v1_v21_cross,A_technical_eligible,V1_x_V21,B_v1_strong_v21_weak,3,fwd_3d,27,8,-1.2274472643468817,0.0,5.247189033048788,48.148148148148145,-4.82649988419888,1.4907196262686573,-0.23392472743328913,
v1_v21_cross,A_technical_eligible,V1_x_V21,B_v1_strong_v21_weak,3,excess_vs_taiex_3d,27,8,0.5278846913685252,0.4411088193041035,4.6194144082344755,51.85185185185185,-2.184390525222033,3.337540881413102,0.11427524026152072,
v1_v21_cross,A_technical_eligible,V1_x_V21,B_v1_strong_v21_weak,3,mfe_3d,27,8,3.2342329461263293,2.1505376344086002,2.9406074923000247,100.0,2.268816395510264,4.477690422212727,1.0998519709261307,
v1_v21_cross,A_technical_eligible,V1_x_V21,B_v1_strong_v21_weak,3,mae_3d,27,8,-3.9525880371259414,-2.3121387283236983,4.315219924168741,0.0,-7.243073910757565,-1.7146776199288625,-0.9159644482980426,
v1_v21_cross,A_technical_eligible,V1_x_V21,C_v1_weak_v21_strong,3,fwd_3d,47,9,-0.6185795099754909,-0.9328358208955279,3.6732315016469097,40.42553191489361,-1.7646690576535307,0.39447777540512396,-0.16840199418363586,
v1_v21_cross,A_technical_eligible,V1_x_V21,C_v1_weak_v21_strong,3,excess_vs_taiex_3d,47,9,1.0806110336068728,0.1386990862399129,5.9323562992247165,51.06382978723404,-2.9418534015755142,4.023364098145179,0.1821554503980307,
v1_v21_cross,A_technical_eligible,V1_x_V21,C_v1_weak_v21_strong,3,mfe_3d,47,9,2.477225719884749,2.178423236514515,2.28134264815839,93.61702127659575,1.698522895219854,3.1511533011714925,1.0858630648423135,
v1_v21_cross,A_technical_eligible,V1_x_V21,C_v1_weak_v21_strong,3,mae_3d,47,9,-2.8455234004548795,-2.2012578616352196,2.6635870996741398,0.0,-3.7171931395166378,-2.235205532477288,-1.0683049939695974,
v1_v21_cross,A_technical_eligible,V1_x_V21,D_both_weak,3,fwd_3d,290,10,-1.305917474447988,-0.3007525597887084,6.595820673185088,43.44827586206896,-3.2485291400596203,1.397776441947664,-0.19799165852963785,
v1_v21_cross,A_technical_eligible,V1_x_V21,D_both_weak,3,excess_vs_taiex_3d,290,10,0.7362567568005921,0.28359458191852793,6.369002539253222,50.3448275862069,-1.497914012573841,2.141744755951866,0.11560000993293994,
v1_v21_cross,A_technical_eligible,V1_x_V21,D_both_weak,3,mfe_3d,290,10,3.775929390790529,2.3258958755916104,4.382353306884537,91.37931034482759,2.8959094864700785,4.852247201246856,0.8616213998215673,
v1_v21_cross,A_technical_eligible,V1_x_V21,D_both_weak,3,mae_3d,290,10,-4.7078521849147075,-2.8842405610143285,5.03030571940198,0.0,-6.198076783913983,-2.9656294230998386,-0.9358978256046022,
v1_v21_cross_spread,A_technical_eligible,V1_x_V21,C_minus_B,3,daily_C_minus_B_fwd_3d,7,7,-0.5629912977680627,-2.549194946744427,5.334337604693772,28.57142857142857,-3.9938809655371537,3.026848605269145,-0.10554099486929311,
v1_v21_cross_spread,A_technical_eligible,V1_x_V21,C_minus_B,3,daily_C_minus_B_excess_vs_taiex_3d,7,7,-0.5629912977680624,-2.549194946744426,5.334337604693772,28.57142857142857,-3.993880965537153,3.0268486052691452,-0.10554099486929307,
v1_v21_cross_spread,A_technical_eligible,V1_x_V21,C_minus_B,3,daily_C_minus_B_mfe_3d,7,7,-1.6861602261494542,-1.8910317553613578,2.0061056648976434,14.285714285714285,-2.7932344458955543,-0.1094544535706205,-0.8405141641606831,
v1_v21_cross_spread,A_technical_eligible,V1_x_V21,C_minus_B,3,daily_C_minus_B_mae_3d,7,7,0.21394138632171447,-0.0945422037721595,4.749669508068749,42.857142857142854,-2.835193821750453,3.325945285021211,0.04504342585484535,
v1_v21_cross,A_technical_eligible,V1_x_V21,A_both_strong,5,fwd_5d,54,6,-0.5746321648854544,0.09615384615384581,7.694185520420156,50.0,-4.856574909958972,2.2846309205617876,-0.0746839497644548,
v1_v21_cross,A_technical_eligible,V1_x_V21,A_both_strong,5,excess_vs_taiex_5d,54,6,-0.05562375685362647,-0.03340963665876551,7.144826955348037,46.2962962962963,-3.7087006997810823,1.4625698741166246,-0.0077851790115072055,
v1_v21_cross,A_technical_eligible,V1_x_V21,A_both_strong,5,mfe_5d,54,6,4.478001661902382,2.6641040804257887,4.132946357843307,96.29629629629629,3.5111970893015676,5.717891638136709,1.0834889384432114,
v1_v21_cross,A_technical_eligible,V1_x_V21,A_both_strong,5,mae_5d,54,6,-5.015921307492776,-2.8206656731246946,6.127116764772476,0.0,-8.687087107479233,-2.308489842878805,-0.8186430094382308,
v1_v21_cross,A_technical_eligible,V1_x_V21,B_v1_strong_v21_weak,5,fwd_5d,20,6,-2.38405394956784,0.010198135198141722,6.614787793701488,50.0,-6.63749008086023,1.6999862421407663,-0.3604127636321008,
v1_v21_cross,A_technical_eligible,V1_x_V21,B_v1_strong_v21_weak,5,excess_vs_taiex_5d,20,6,-3.099150162483595,-1.805792052136663,5.257913505142855,30.0,-6.397362849479109,-0.5130766260950684,-0.5894258548476051,
v1_v21_cross,A_technical_eligible,V1_x_V21,B_v1_strong_v21_weak,5,mfe_5d,20,6,4.0020565668777905,3.7237256962690535,2.8776247842222378,100.0,3.260518438447804,5.1834834551927775,1.3907499646308,
v1_v21_cross,A_technical_eligible,V1_x_V21,B_v1_strong_v21_weak,5,mae_5d,20,6,-6.428513646472849,-4.0898283676350395,6.128795971214743,0.0,-10.71656232958087,-2.594943368403339,-1.0489031902294998,
v1_v21_cross,A_technical_eligible,V1_x_V21,C_v1_weak_v21_strong,5,fwd_5d,41,7,-0.006826553181137606,-0.9523809523809601,5.578241845422034,43.90243902439025,-1.532022454271956,1.8559535776857734,-0.00122378221853899,
v1_v21_cross,A_technical_eligible,V1_x_V21,C_v1_weak_v21_strong,5,excess_vs_taiex_5d,41,7,0.7299777432590768,-0.8788546673839992,7.610772911954854,46.34146341463415,-3.9624207285622464,5.077387141593308,0.09591374643598181,
v1_v21_cross,A_technical_eligible,V1_x_V21,C_v1_weak_v21_strong,5,mfe_5d,41,7,3.728755932961005,2.8436018957346043,3.4611513989348985,100.0,2.738528426285714,5.0274159287336575,1.077316621893066,
v1_v21_cross,A_technical_eligible,V1_x_V21,C_v1_weak_v21_strong,5,mae_5d,41,7,-3.6395859642081727,-2.9585798816568087,3.6020708068410126,0.0,-4.905828381478436,-2.2927135438385218,-1.0104148861526852,
v1_v21_cross,A_technical_eligible,V1_x_V21,D_both_weak,5,fwd_5d,214,8,-1.3971349603125733,-0.26372458158425705,9.112311406703965,46.26168224299065,-3.873311300781737,2.09123697787209,-0.15332388215844944,
v1_v21_cross,A_technical_eligible,V1_x_V21,D_both_weak,5,excess_vs_taiex_5d,214,8,-0.7611529433694814,-1.485997920485982,9.123334368226562,42.523364485981304,-4.047952963562925,1.7326055513943137,-0.0834292499483868,
v1_v21_cross,A_technical_eligible,V1_x_V21,D_both_weak,5,mfe_5d,214,8,4.803879346208722,3.036589220799746,5.739334821746081,92.99065420560748,3.6193048056555384,6.490039861989115,0.8370097747228546,
v1_v21_cross,A_technical_eligible,V1_x_V21,D_both_weak,5,mae_5d,214,8,-6.87982531606559,-4.300761248369445,7.052873461898336,0.0,-8.473232281154207,-4.334180718914408,-0.9754641641073525,
v1_v21_cross_spread,A_technical_eligible,V1_x_V21,C_minus_B,5,daily_C_minus_B_fwd_5d,5,5,3.3731355547873667,2.230021785816427,5.288154386660279,60.0,-0.8100654782890017,7.556336587863735,0.637866315570575,
v1_v21_cross_spread,A_technical_eligible,V1_x_V21,C_minus_B,5,daily_C_minus_B_excess_vs_taiex_5d,5,5,3.3731355547873667,2.2300217858164273,5.288154386660279,60.0,-0.8100654782890014,7.556336587863735,0.637866315570575,
v1_v21_cross_spread,A_technical_eligible,V1_x_V21,C_minus_B,5,daily_C_minus_B_mfe_5d,5,5,-0.6742616027066264,-1.1263126540347121,2.5963916168662604,40.0,-2.535037651414882,1.382513018762689,-0.2596917962323545,
v1_v21_cross_spread,A_technical_eligible,V1_x_V21,C_minus_B,5,daily_C_minus_B_mae_5d,5,5,2.9356059077398546,0.07235609374704133,5.365452178196203,60.0,-0.9770233194259166,7.541719107898527,0.547131128979099,
v1_v21_cross,A_technical_eligible,V1_x_V21,A_both_strong,10,fwd_10d,38,3,0.8872276926963032,0.09107468123861207,6.929090047496504,50.0,-1.2000115866031715,2.7039552117706083,0.12804389705064673,
v1_v21_cross,A_technical_eligible,V1_x_V21,A_both_strong,10,excess_vs_taiex_10d,38,3,-0.8942922023419427,-1.5388133531371806,6.997802763491297,39.473684210526315,-2.9845036450890556,1.2356180659246976,-0.12779614295613106,
v1_v21_cross,A_technical_eligible,V1_x_V21,A_both_strong,10,mfe_10d,38,3,5.928422505210947,3.896755385605577,5.732632042799339,97.36842105263158,4.877396249603065,6.622841601393409,1.0341536768712616,
v1_v21_cross,A_technical_eligible,V1_x_V21,A_both_strong,10,mae_10d,38,3,-6.674670470010997,-4.143336539757042,6.787310438184498,0.0,-12.233527885523158,-3.718918399306101,-0.9834043294174665,
v1_v21_cross,A_technical_eligible,V1_x_V21,B_v1_strong_v21_weak,10,fwd_10d,12,3,-2.4723025949637516,-1.2629986764983947,5.484643012213506,33.33333333333333,-6.244646768412025,0.295921210618042,-0.4507681884597214,
v1_v21_cross,A_technical_eligible,V1_x_V21,B_v1_strong_v21_weak,10,excess_vs_taiex_10d,12,3,-4.399044108660084,-3.8737918087103083,5.326572139151856,8.333333333333332,-7.712983914257934,-1.2237474655283913,-0.825867742656826,
v1_v21_cross,A_technical_eligible,V1_x_V21,B_v1_strong_v21_weak,10,mfe_10d,12,3,3.76116616770033,2.604360983293952,2.612139008794501,100.0,3.298163803859783,4.8346504830693835,1.439879790102022,
v1_v21_cross,A_technical_eligible,V1_x_V21,B_v1_strong_v21_weak,10,mae_10d,12,3,-9.763953914301162,-7.201954251225606,6.326990312849518,0.0,-14.185547410968029,-4.674117233736876,-1.5432225167899334,
v1_v21_cross,A_technical_eligible,V1_x_V21,C_v1_weak_v21_strong,10,fwd_10d,22,3,5.0405045771377734,0.7607087109002819,13.433337120851148,59.09090909090909,-0.3037835004203181,10.262675193444716,0.3752235599979049,
v1_v21_cross,A_technical_eligible,V1_x_V21,C_v1_weak_v21_strong,10,excess_vs_taiex_10d,22,3,4.046028538754945,-0.1121726356468733,13.279207984010743,50.0,-1.7721206462662287,6.3136837327658535,0.30468899527943955,
v1_v21_cross,A_technical_eligible,V1_x_V21,C_v1_weak_v21_strong,10,mfe_10d,22,3,9.423312777718305,4.703223270440249,12.712942873244765,100.0,3.4287576437540763,16.024244465894874,0.7412377190453907,
v1_v21_cross,A_technical_eligible,V1_x_V21,C_v1_weak_v21_strong,10,mae_10d,22,3,-5.197662437615158,-4.286196062360197,4.35286580621111,0.0,-5.906839339446844,-4.38141969399189,-1.194078262233264,
v1_v21_cross,A_technical_eligible,V1_x_V21,D_both_weak,10,fwd_10d,134,3,-0.08012290269929688,0.40573782273198855,8.7361537001014,50.74626865671642,-1.5624544543106504,2.5481274828907177,-0.009171416329175492,
v1_v21_cross,A_technical_eligible,V1_x_V21,D_both_weak,10,excess_vs_taiex_10d,134,3,-1.5415181019008364,-1.0653705698941474,8.584567068190891,44.02985074626866,-3.0307916001565616,-0.5390720374101605,-0.1795685314886468,
v1_v21_cross,A_technical_eligible,V1_x_V21,D_both_weak,10,mfe_10d,134,3,6.426260546891626,4.56422437420062,7.218819515861454,92.53731343283582,4.649536931559954,8.16777467576201,0.8902093386282358,
v1_v21_cross,A_technical_eligible,V1_x_V21,D_both_weak,10,mae_10d,134,3,-9.545334517653272,-7.903869512406736,7.797794305667363,0.0,-10.814319298816702,-8.005039912621317,-1.224106990192831,
v1_v21_cross_spread,A_technical_eligible,V1_x_V21,C_minus_B,10,daily_C_minus_B_fwd_10d,3,3,7.528367895974525,6.677486437105193,2.1435830879007938,100.0,5.940863267991706,9.966753982826674,3.5120485594738664,
v1_v21_cross_spread,A_technical_eligible,V1_x_V21,C_minus_B,10,daily_C_minus_B_excess_vs_taiex_10d,3,3,7.528367895974525,6.677486437105195,2.1435830879007938,100.0,5.940863267991706,9.966753982826674,3.5120485594738664,
v1_v21_cross_spread,A_technical_eligible,V1_x_V21,C_minus_B,10,daily_C_minus_B_mfe_10d,3,3,5.460104241833818,3.712951889263622,6.384958034652156,100.0,0.1305938398942934,12.536766996343538,0.8551511556068163,
v1_v21_cross_spread,A_technical_eligible,V1_x_V21,C_minus_B,10,daily_C_minus_B_mae_10d,3,3,5.448418531225175,6.444717713572304,4.929949702774507,100.0,0.09641016312708395,9.80412771697614,1.1051671639081595,
v1_v21_cross,A_technical_eligible,V1_x_V21,A_both_strong,20,fwd_20d,0,0,,,,,,,,
v1_v21_cross,A_technical_eligible,V1_x_V21,A_both_strong,20,excess_vs_taiex_20d,0,0,,,,,,,,
v1_v21_cross,A_technical_eligible,V1_x_V21,A_both_strong,20,mfe_20d,0,0,,,,,,,,
v1_v21_cross,A_technical_eligible,V1_x_V21,A_both_strong,20,mae_20d,0,0,,,,,,,,
v1_v21_cross,A_technical_eligible,V1_x_V21,B_v1_strong_v21_weak,20,fwd_20d,0,0,,,,,,,,
v1_v21_cross,A_technical_eligible,V1_x_V21,B_v1_strong_v21_weak,20,excess_vs_taiex_20d,0,0,,,,,,,,
v1_v21_cross,A_technical_eligible,V1_x_V21,B_v1_strong_v21_weak,20,mfe_20d,0,0,,,,,,,,
v1_v21_cross,A_technical_eligible,V1_x_V21,B_v1_strong_v21_weak,20,mae_20d,0,0,,,,,,,,
v1_v21_cross,A_technical_eligible,V1_x_V21,C_v1_weak_v21_strong,20,fwd_20d,0,0,,,,,,,,
v1_v21_cross,A_technical_eligible,V1_x_V21,C_v1_weak_v21_strong,20,excess_vs_taiex_20d,0,0,,,,,,,,
v1_v21_cross,A_technical_eligible,V1_x_V21,C_v1_weak_v21_strong,20,mfe_20d,0,0,,,,,,,,
v1_v21_cross,A_technical_eligible,V1_x_V21,C_v1_weak_v21_strong,20,mae_20d,0,0,,,,,,,,
v1_v21_cross,A_technical_eligible,V1_x_V21,D_both_weak,20,fwd_20d,0,0,,,,,,,,
v1_v21_cross,A_technical_eligible,V1_x_V21,D_both_weak,20,excess_vs_taiex_20d,0,0,,,,,,,,
v1_v21_cross,A_technical_eligible,V1_x_V21,D_both_weak,20,mfe_20d,0,0,,,,,,,,
v1_v21_cross,A_technical_eligible,V1_x_V21,D_both_weak,20,mae_20d,0,0,,,,,,,,
v1_v21_cross_spread,A_technical_eligible,V1_x_V21,C_minus_B,20,daily_C_minus_B_fwd_20d,0,0,,,,,,,,
v1_v21_cross_spread,A_technical_eligible,V1_x_V21,C_minus_B,20,daily_C_minus_B_excess_vs_taiex_20d,0,0,,,,,,,,
v1_v21_cross_spread,A_technical_eligible,V1_x_V21,C_minus_B,20,daily_C_minus_B_mfe_20d,0,0,,,,,,,,
v1_v21_cross_spread,A_technical_eligible,V1_x_V21,C_minus_B,20,daily_C_minus_B_mae_20d,0,0,,,,,,,,
v1_v21_cross,B_buy_high,V1_x_V21,A_both_strong,3,fwd_3d,20,7,0.7455212493368675,0.30248121891862656,3.1567402188228466,55.00000000000001,-0.5917807676281095,2.1995119056229804,0.2361680713831034,
v1_v21_cross,B_buy_high,V1_x_V21,A_both_strong,3,excess_vs_taiex_3d,20,7,3.308057508097563,2.7039595323413157,5.329099135722933,70.0,-0.3621606138837914,7.185975554645399,0.620753606537815,
v1_v21_cross,B_buy_high,V1_x_V21,A_both_strong,3,mfe_3d,20,7,2.8758333350050003,1.9274475524475476,2.1205773650440003,100.0,2.007797191459914,3.987588477538585,1.3561558198303834,
v1_v21_cross,B_buy_high,V1_x_V21,A_both_strong,3,mae_3d,20,7,-2.0295507786077374,-1.6597731212554256,1.6751228961201585,0.0,-2.68805443555675,-1.3526764513363592,-1.2115832117801555,
v1_v21_cross,B_buy_high,V1_x_V21,B_v1_strong_v21_weak,3,fwd_3d,8,6,-0.701830526781806,-1.1628583680470483,3.703112883825609,37.5,-3.2164378251262815,1.7815856447574219,-0.1895244754345051,
v1_v21_cross,B_buy_high,V1_x_V21,B_v1_strong_v21_weak,3,excess_vs_taiex_3d,8,6,1.6182354436235045,1.858348354983152,5.018906735769558,62.5,-1.763991107597659,5.222839659299291,0.32242787698970415,
v1_v21_cross,B_buy_high,V1_x_V21,B_v1_strong_v21_weak,3,mfe_3d,8,6,3.0177928434702874,3.2360652284770475,2.284980068964166,100.0,1.3869766857140966,4.5557151864911045,1.3207086068100027,
v1_v21_cross,B_buy_high,V1_x_V21,B_v1_strong_v21_weak,3,mae_3d,8,6,-3.30174311998488,-1.867703389442521,3.2861270389167014,0.0,-5.772331837542518,-0.9599907957491881,-1.0047521233607957,
v1_v21_cross,B_buy_high,V1_x_V21,C_v1_weak_v21_strong,3,fwd_3d,20,10,-0.22885119613260904,0.06561679790025865,4.145509991852134,50.0,-1.3916091310399448,1.622252334273261,-0.05520459402640656,
v1_v21_cross,B_buy_high,V1_x_V21,C_v1_weak_v21_strong,3,excess_vs_taiex_3d,20,10,0.3249263898257137,-0.9046921786014295,6.249099084147318,45.0,-3.154835082650586,3.688539800632435,0.0519957173746829,
v1_v21_cross,B_buy_high,V1_x_V21,C_v1_weak_v21_strong,3,mfe_3d,20,10,2.1822433020548893,0.9839374418351698,2.8875699252736977,95.0,1.2549513890779227,3.8312003034228046,0.755736954784929,
v1_v21_cross,B_buy_high,V1_x_V21,C_v1_weak_v21_strong,3,mae_3d,20,10,-2.8772124730465407,-2.0696211788796273,2.393779359707206,0.0,-3.7792293918834514,-1.9213470186976238,-1.2019539150001133,
v1_v21_cross,B_buy_high,V1_x_V21,D_both_weak,3,fwd_3d,101,10,0.07017659657537614,0.24009603841537164,5.3897893784437585,53.46534653465347,-1.2912810766021445,1.19814101556488,0.01302028551543119,
v1_v21_cross,B_buy_high,V1_x_V21,D_both_weak,3,excess_vs_taiex_3d,101,10,0.9929995769975976,0.4411088193041035,6.448726929733163,50.495049504950494,-1.8558382277903582,3.3187105273419277,0.15398381538209838,
v1_v21_cross,B_buy_high,V1_x_V21,D_both_weak,3,mfe_3d,101,10,3.6502081687034953,2.3622047244094446,4.242728853838726,94.05940594059405,2.6398329468287267,4.824237364900533,0.8603444373780493,
v1_v21_cross,B_buy_high,V1_x_V21,D_both_weak,3,mae_3d,101,10,-3.273566307270923,-2.209944751381232,3.7255078294246804,0.0,-4.330887392770469,-2.439125454603435,-0.8786899550755878,
v1_v21_cross_spread,B_buy_high,V1_x_V21,C_minus_B,3,daily_C_minus_B_fwd_3d,6,6,-0.4919862553625749,-1.5158212494606556,4.6775018516071345,50.0,-3.5648133996617575,2.933087617618534,-0.10518141327801596,
v1_v21_cross_spread,B_buy_high,V1_x_V21,C_minus_B,3,daily_C_minus_B_excess_vs_taiex_3d,6,6,-0.49198625536257506,-1.5158212494606556,4.677501851607135,50.0,-3.5648133996617575,2.933087617618534,-0.10518141327801597,
v1_v21_cross_spread,B_buy_high,V1_x_V21,C_minus_B,3,daily_C_minus_B_mfe_3d,6,6,-1.7388734711788905,-2.248338661846833,1.5483020700322885,16.666666666666664,-2.750847287732561,-0.5727674695298798,-1.1230841221717334,
v1_v21_cross_spread,B_buy_high,V1_x_V21,C_minus_B,3,daily_C_minus_B_mae_3d,6,6,-0.3286622866141089,-0.5743638144799321,3.7177686144242728,50.0,-2.8734281081596458,2.2989230415609043,-0.08840310430804069,
v1_v21_cross,B_buy_high,V1_x_V21,A_both_strong,5,fwd_5d,12,5,2.158722719742569,0.2745129424677639,3.7803966509456615,58.333333333333336,-0.31871388868623335,4.5533353807136905,0.57103074599396,
v1_v21_cross,B_buy_high,V1_x_V21,A_both_strong,5,excess_vs_taiex_5d,12,5,3.014010550687305,2.471600746712699,6.2922659702451975,58.333333333333336,-1.9987473842892804,7.53183637396275,0.47900240786704296,
v1_v21_cross,B_buy_high,V1_x_V21,A_both_strong,5,mfe_5d,12,5,5.326682053600475,5.243380871620573,3.6219329749913376,100.0,3.718265248308738,6.993860379257527,1.4706738336628702,
v1_v21_cross,B_buy_high,V1_x_V21,A_both_strong,5,mae_5d,12,5,-2.0704652708416864,-1.4906776172451564,1.9060880769091368,0.0,-2.774787387510277,-1.571273862743188,-1.0862379844477592,
v1_v21_cross,B_buy_high,V1_x_V21,B_v1_strong_v21_weak,5,fwd_5d,7,5,0.8074573338750264,1.5686274509803866,4.8891769421387465,71.42857142857143,-2.691660613494547,4.44681457581327,0.16515199663070654,
v1_v21_cross,B_buy_high,V1_x_V21,B_v1_strong_v21_weak,5,excess_vs_taiex_5d,7,5,0.4988137823665297,-0.36513000332953904,8.731422045451403,42.857142857142854,-4.392733458057705,9.616953680200675,0.05712858452723455,
v1_v21_cross,B_buy_high,V1_x_V21,B_v1_strong_v21_weak,5,mfe_5d,7,5,4.339502030183873,4.19681620839365,2.3474770887375764,100.0,2.833682091003428,5.9965216666357835,1.8485812070342995,
v1_v21_cross,B_buy_high,V1_x_V21,B_v1_strong_v21_weak,5,mae_5d,7,5,-4.221932790973718,-3.9936102236421744,3.304243457712264,0.0,-6.617706841320923,-1.6177274084245592,-1.2777305440734166,
v1_v21_cross,B_buy_high,V1_x_V21,C_v1_weak_v21_strong,5,fwd_5d,15,8,2.227705908292762,1.2062726176115701,5.7850148193993745,60.0,0.17518905119356903,5.229469857762774,0.38508214375223543,
v1_v21_cross,B_buy_high,V1_x_V21,C_v1_weak_v21_strong,5,excess_vs_taiex_5d,15,8,2.237944113925541,0.11716594475003062,7.771113442962689,53.333333333333336,-2.95048234564777,6.266908805002066,0.2879824275313035,
v1_v21_cross,B_buy_high,V1_x_V21,C_v1_weak_v21_strong,5,mfe_5d,15,8,4.42079939273303,2.696629213483148,4.828290704151752,100.0,2.752279604052946,7.134624764309429,0.9156034016203025,
v1_v21_cross,B_buy_high,V1_x_V21,C_v1_weak_v21_strong,5,mae_5d,15,8,-3.159252316081862,-3.100775193798455,2.0765561106503183,0.0,-4.17865539509659,-2.006478518938167,-1.5213902961150778,
v1_v21_cross,B_buy_high,V1_x_V21,D_both_weak,5,fwd_5d,68,8,0.5067246001869343,0.3461300162043712,6.3086693020191875,54.41176470588235,-0.8566940544886403,2.1170965025445665,0.08032194682082151,
v1_v21_cross,B_buy_high,V1_x_V21,D_both_weak,5,excess_vs_taiex_5d,68,8,0.2754905161414475,-1.0374645639143254,8.810656560261867,45.588235294117645,-4.653531137279994,5.062773906620076,0.03126787592470401,
v1_v21_cross,B_buy_high,V1_x_V21,D_both_weak,5,mfe_5d,68,8,4.847781250399602,3.0669232734584218,5.157095521528241,95.58823529411765,3.585778081000651,6.65178754611321,0.9400216129723775,
v1_v21_cross,B_buy_high,V1_x_V21,D_both_weak,5,mae_5d,68,8,-4.284962901522685,-3.0632723557458386,3.997458937019129,0.0,-5.352536560230876,-3.180575606417675,-1.071921680505853,
v1_v21_cross_spread,B_buy_high,V1_x_V21,C_minus_B,5,daily_C_minus_B_fwd_5d,5,5,2.16282328182319,2.7636645448041453,7.587975272968377,60.0,-3.8520351862520017,7.853260078847308,0.28503299022706285,
v1_v21_cross_spread,B_buy_high,V1_x_V21,C_minus_B,5,daily_C_minus_B_excess_vs_taiex_5d,5,5,2.16282328182319,2.7636645448041457,7.587975272968377,60.0,-3.8520351862520017,7.853260078847308,0.28503299022706285,
v1_v21_cross_spread,B_buy_high,V1_x_V21,C_minus_B,5,daily_C_minus_B_mfe_5d,5,5,0.27761012430821763,-1.7465293327362241,5.392245897086135,40.0,-3.547409507054675,4.356396883433801,0.05148320933550763,
v1_v21_cross_spread,B_buy_high,V1_x_V21,C_minus_B,5,daily_C_minus_B_mae_5d,5,5,0.3504315629494202,1.0921735465346138,4.076942009811332,60.0,-2.564313807645411,3.423659522035809,0.08595451250130415,
v1_v21_cross,B_buy_high,V1_x_V21,A_both_strong,10,fwd_10d,9,3,1.7521803034173427,0.9671179883945946,2.5832195410747847,66.66666666666666,-0.27479472319229536,2.336935344625657,0.6782932211361035,
v1_v21_cross,B_buy_high,V1_x_V21,A_both_strong,10,excess_vs_taiex_10d,9,3,-0.30737956309805115,0.04506766600417267,2.626332541081253,55.55555555555556,-1.6120561160532068,0.855486453700105,-0.11703756408984825,
v1_v21_cross,B_buy_high,V1_x_V21,A_both_strong,10,mfe_10d,9,3,5.6650156878394196,4.518430439952459,3.9792811576219997,100.0,2.765401946635393,8.005485201296189,1.423627902489003,
v1_v21_cross,B_buy_high,V1_x_V21,A_both_strong,10,mae_10d,9,3,-2.2564895214200047,-1.375515818431916,2.1739734879924275,0.0,-3.441989489720442,-1.5048327832815769,-1.0379563200210769,
v1_v21_cross,B_buy_high,V1_x_V21,B_v1_strong_v21_weak,10,fwd_10d,4,3,0.9497305257893911,2.3458471666524816,7.410801258350246,75.0,-9.166666666666668,8.273894436519269,0.12815490426480755,
v1_v21_cross,B_buy_high,V1_x_V21,B_v1_strong_v21_weak,10,excess_vs_taiex_10d,4,3,-1.1837321808096883,-1.6031442940263818,8.173966696021935,25.0,-10.63500381251258,9.10636367732659,-0.14481734815310432,
v1_v21_cross,B_buy_high,V1_x_V21,B_v1_strong_v21_weak,10,mfe_10d,4,3,5.447903294559365,4.493345818790617,4.373948719056076,100.0,1.2499999999999956,11.55492154065623,1.2455343316725154,
v1_v21_cross,B_buy_high,V1_x_V21,B_v1_strong_v21_weak,10,mae_10d,4,3,-5.617905990181887,-6.65247864703044,4.0413303402312994,0.0,-9.166666666666668,0.0,-1.3901130363573186,
v1_v21_cross,B_buy_high,V1_x_V21,C_v1_weak_v21_strong,10,fwd_10d,7,3,2.4370443996471987,-2.2012578616352196,8.188827826799555,42.857142857142854,-0.8500161938364394,17.832647462277084,0.2976060128742101,
v1_v21_cross,B_buy_high,V1_x_V21,C_v1_weak_v21_strong,10,excess_vs_taiex_10d,7,3,1.9290745726269982,-1.3687886208278988,6.908066503606665,42.857142857142854,-0.15497309054637887,13.88365600159822,0.27924956594147415,
v1_v21_cross,B_buy_high,V1_x_V21,C_v1_weak_v21_strong,10,mfe_10d,7,3,7.180209223081442,5.031446540880502,7.593859900337013,100.0,4.190988223246284,22.35939643347049,0.9455282711711321,
v1_v21_cross,B_buy_high,V1_x_V21,C_v1_weak_v21_strong,10,mae_10d,7,3,-4.045749924858837,-5.3497942386831365,2.4780056244896387,0.0,-5.349794238683136,-2.442396313364059,-1.6326637376749642,
v1_v21_cross,B_buy_high,V1_x_V21,D_both_weak,10,fwd_10d,36,3,-0.11989943063690542,-0.054384364709264554,6.752669519760169,50.0,-3.092951243451282,2.6121201204790276,-0.01775585644848259,
v1_v21_cross,B_buy_high,V1_x_V21,D_both_weak,10,excess_vs_taiex_10d,36,3,-1.3186378917197896,-1.0737110971853314,7.490781805126082,38.88888888888889,-4.896563223893853,3.4445893612863476,-0.1760347485782353,
v1_v21_cross,B_buy_high,V1_x_V21,D_both_weak,10,mfe_10d,36,3,5.190312133957217,3.1075384875054457,5.238119678483744,94.44444444444444,2.6069391729731093,7.378100747639794,0.9908731477207552,
v1_v21_cross,B_buy_high,V1_x_V21,D_both_weak,10,mae_10d,36,3,-5.758993892172323,-4.781035726706017,4.772765878680783,0.0,-7.964730096099431,-4.503159422352598,-1.2066365789901554,
v1_v21_cross_spread,B_buy_high,V1_x_V21,C_minus_B,10,daily_C_minus_B_fwd_10d,3,3,5.614306795745031,10.4800307219662,13.006853003905,66.66666666666666,-9.12391063035571,15.486800295624603,0.43164221153721566,
v1_v21_cross_spread,B_buy_high,V1_x_V21,C_minus_B,10,daily_C_minus_B_excess_vs_taiex_10d,3,3,5.6143067957450326,10.4800307219662,13.006853003905,66.66666666666666,-9.123910630355708,15.486800295624603,0.43164221153721577,
v1_v21_cross_spread,B_buy_high,V1_x_V21,C_minus_B,10,daily_C_minus_B_mfe_10d,3,3,4.710713405890564,2.940988223246288,12.365819534283608,66.66666666666666,-6.674898620254467,17.86605061467987,0.3809463168074182,
v1_v21_cross_spread,B_buy_high,V1_x_V21,C_minus_B,10,daily_C_minus_B_mae_10d,3,3,1.1685130364999206,1.3026844083473037,5.624043465432728,66.66666666666666,-4.521415652150151,6.72427035330261,0.20777098251142556,
v1_v21_cross,B_buy_high,V1_x_V21,A_both_strong,20,fwd_20d,0,0,,,,,,,,
v1_v21_cross,B_buy_high,V1_x_V21,A_both_strong,20,excess_vs_taiex_20d,0,0,,,,,,,,
v1_v21_cross,B_buy_high,V1_x_V21,A_both_strong,20,mfe_20d,0,0,,,,,,,,
v1_v21_cross,B_buy_high,V1_x_V21,A_both_strong,20,mae_20d,0,0,,,,,,,,
v1_v21_cross,B_buy_high,V1_x_V21,B_v1_strong_v21_weak,20,fwd_20d,0,0,,,,,,,,
v1_v21_cross,B_buy_high,V1_x_V21,B_v1_strong_v21_weak,20,excess_vs_taiex_20d,0,0,,,,,,,,
v1_v21_cross,B_buy_high,V1_x_V21,B_v1_strong_v21_weak,20,mfe_20d,0,0,,,,,,,,
v1_v21_cross,B_buy_high,V1_x_V21,B_v1_strong_v21_weak,20,mae_20d,0,0,,,,,,,,
v1_v21_cross,B_buy_high,V1_x_V21,C_v1_weak_v21_strong,20,fwd_20d,0,0,,,,,,,,
v1_v21_cross,B_buy_high,V1_x_V21,C_v1_weak_v21_strong,20,excess_vs_taiex_20d,0,0,,,,,,,,
v1_v21_cross,B_buy_high,V1_x_V21,C_v1_weak_v21_strong,20,mfe_20d,0,0,,,,,,,,
v1_v21_cross,B_buy_high,V1_x_V21,C_v1_weak_v21_strong,20,mae_20d,0,0,,,,,,,,
v1_v21_cross,B_buy_high,V1_x_V21,D_both_weak,20,fwd_20d,0,0,,,,,,,,
v1_v21_cross,B_buy_high,V1_x_V21,D_both_weak,20,excess_vs_taiex_20d,0,0,,,,,,,,
v1_v21_cross,B_buy_high,V1_x_V21,D_both_weak,20,mfe_20d,0,0,,,,,,,,
v1_v21_cross,B_buy_high,V1_x_V21,D_both_weak,20,mae_20d,0,0,,,,,,,,
v1_v21_cross_spread,B_buy_high,V1_x_V21,C_minus_B,20,daily_C_minus_B_fwd_20d,0,0,,,,,,,,
v1_v21_cross_spread,B_buy_high,V1_x_V21,C_minus_B,20,daily_C_minus_B_excess_vs_taiex_20d,0,0,,,,,,,,
v1_v21_cross_spread,B_buy_high,V1_x_V21,C_minus_B,20,daily_C_minus_B_mfe_20d,0,0,,,,,,,,
v1_v21_cross_spread,B_buy_high,V1_x_V21,C_minus_B,20,daily_C_minus_B_mae_20d,0,0,,,,,,,,
flow_price_quadrant,A_technical_eligible,flow_price_quadrant,Q1,3,fwd_3d,199,10,0.23383888713861964,0.0,3.994208785963178,48.24120603015075,-0.7073569475952602,1.0043238289974614,0.058544482692141214,
flow_price_quadrant,A_technical_eligible,flow_price_quadrant,Q1,3,excess_vs_taiex_3d,199,10,0.557176943098356,-0.0007730777161540914,5.570115966362613,49.74874371859296,-2.12251008247052,2.9323213019583183,0.10002968456367752,
flow_price_quadrant,A_technical_eligible,flow_price_quadrant,Q1,3,mfe_3d,199,10,3.2952376990136534,2.108433734939763,3.2399773609153453,94.47236180904522,2.6718552554893416,4.002397419938915,1.0170557790819552,
flow_price_quadrant,A_technical_eligible,flow_price_quadrant,Q1,3,mae_3d,199,10,-3.0114337487459544,-2.209944751381232,2.773340202562051,0.0,-3.703998108528501,-2.531405869133203,-1.0858508256448125,
flow_price_quadrant,A_technical_eligible,flow_price_quadrant,Q2,3,fwd_3d,123,10,-1.226221077150627,-0.38461538461538325,7.224268538976126,42.27642276422765,-3.3048064820955427,1.785438083323519,-0.16973636438553757,
flow_price_quadrant,A_technical_eligible,flow_price_quadrant,Q2,3,excess_vs_taiex_3d,123,10,0.6578532849459457,-0.442131652188249,6.712087171760839,44.71544715447154,-1.243661600829012,1.8993960396055485,0.09801024154061538,
flow_price_quadrant,A_technical_eligible,flow_price_quadrant,Q2,3,mfe_3d,123,10,4.013847041811974,2.2831050228310446,5.127771609011173,92.6829268292683,3.1910332230235077,5.068979159791632,0.7827663452791717,
flow_price_quadrant,A_technical_eligible,flow_price_quadrant,Q2,3,mae_3d,123,10,-4.661570897775272,-2.564102564102566,5.30772473438878,0.0,-6.160647194135361,-2.41183128872753,-0.8782616151084336,
flow_price_quadrant,A_technical_eligible,flow_price_quadrant,Q3,3,fwd_3d,61,9,-1.3418208630810695,-0.40733197556008793,5.4065675403954,42.62295081967213,-3.146047778309044,1.3758435316352686,-0.2481835014647644,
flow_price_quadrant,A_technical_eligible,flow_price_quadrant,Q3,3,excess_vs_taiex_3d,61,9,3.1343044203467834,2.780198786615995,5.85926097770703,75.40983606557377,-0.17468455632789545,4.589756740627788,0.534931697405526,
flow_price_quadrant,A_technical_eligible,flow_price_quadrant,Q3,3,mfe_3d,61,9,3.4637821127854607,2.7027027027026973,3.469214809695699,91.80327868852459,2.115829118901426,6.14594650857881,0.9984340269460815,
flow_price_quadrant,A_technical_eligible,flow_price_quadrant,Q3,3,mae_3d,61,9,-4.695081428393467,-2.5862068965517238,4.450208785899936,0.0,-6.466508572087029,-2.752424039307128,-1.0550249784390762,
flow_price_quadrant,A_technical_eligible,flow_price_quadrant,Q4,3,fwd_3d,63,9,-4.551716910374608,-1.9417475728155331,7.127906005402927,33.33333333333333,-7.541883950479253,0.639513462521223,-0.6385770108253984,
flow_price_quadrant,A_technical_eligible,flow_price_quadrant,Q4,3,excess_vs_taiex_3d,63,9,0.8198874070434987,1.5143471190634417,6.422334734482636,52.38095238095239,-2.320722175604752,2.5457644681873353,0.12766189258890231,
flow_price_quadrant,A_technical_eligible,flow_price_quadrant,Q4,3,mfe_3d,63,9,2.822158078341753,1.7699115044247815,3.359748532917194,90.47619047619048,2.002848004648383,4.843509022479784,0.8399908655935439,
flow_price_quadrant,A_technical_eligible,flow_price_quadrant,Q4,3,mae_3d,63,9,-6.707576191653005,-4.402515723270451,6.350148903798401,0.0,-9.858760091612083,-4.176920033634297,-1.0562864419826132,
flow_price_spread,A_technical_eligible,flow_price_quadrant,Q1_minus_Q2,3,daily_Q1_minus_Q2_fwd_3d,10,10,0.27979786415537167,-0.2301788111583108,2.3789126690497717,40.0,-1.057802593364822,1.6924278753373314,0.1176158619841785,
flow_price_spread,A_technical_eligible,flow_price_quadrant,Q1_minus_Q2,3,daily_Q1_minus_Q2_excess_vs_taiex_3d,10,10,0.2797978641553717,-0.23017881115831065,2.3789126690497713,40.0,-1.0578025933648216,1.6924278753373314,0.11761586198417855,
flow_price_spread,A_technical_eligible,flow_price_quadrant,Q1_minus_Q2,3,daily_Q1_minus_Q2_mfe_3d,10,10,-0.8181467608687939,-0.5500309123734046,1.0461994225912945,30.0,-1.4193086424158334,-0.2233589388173852,-0.7820179816600883,
flow_price_spread,A_technical_eligible,flow_price_quadrant,Q1_minus_Q2,3,daily_Q1_minus_Q2_mae_3d,10,10,0.7430950564298995,-0.04647507952434826,2.1584467108698826,50.0,-0.4898891116627258,2.0457294238535404,0.34427306112663875,
flow_price_quadrant,A_technical_eligible,flow_price_quadrant,Q1,5,fwd_5d,126,8,0.8164713224438612,-0.07032348804500432,5.911040132021132,46.82539682539682,-0.21425997787282172,1.659732224687988,0.13812650636914037,
flow_price_quadrant,A_technical_eligible,flow_price_quadrant,Q1,5,excess_vs_taiex_5d,126,8,-1.3309247491849967,-1.619253013891142,7.471104302346226,36.507936507936506,-4.476063092325974,1.5228957960889287,-0.17814297529844858,
flow_price_quadrant,A_technical_eligible,flow_price_quadrant,Q1,5,mfe_5d,126,8,4.648211473486792,3.1279093300951133,4.968353864696003,96.03174603174604,3.885842162898925,5.393396836337809,0.9355636897194319,
flow_price_quadrant,A_technical_eligible,flow_price_quadrant,Q1,5,mae_5d,126,8,-3.8473755007165336,-2.9936920478439157,3.406405245099083,0.0,-4.625388278262008,-3.2589323204752954,-1.1294532575805214,
flow_price_quadrant,A_technical_eligible,flow_price_quadrant,Q2,5,fwd_5d,98,8,-1.4620200876917937,0.4358736059479673,9.952888855569634,54.08163265306123,-4.9164017084720015,2.9283626861199217,-0.14689404341872536,
flow_price_quadrant,A_technical_eligible,flow_price_quadrant,Q2,5,excess_vs_taiex_5d,98,8,-0.6101668771978651,-1.485997920485982,9.096968616194456,38.775510204081634,-3.2595197766423785,1.0063985992573883,-0.06707364870003442,
flow_price_quadrant,A_technical_eligible,flow_price_quadrant,Q2,5,mfe_5d,98,8,5.230539919747241,3.447009351549646,6.0938683507970595,94.89795918367348,3.974172527438871,6.68110838923456,0.8583283423021606,
flow_price_quadrant,A_technical_eligible,flow_price_quadrant,Q2,5,mae_5d,98,8,-6.818955623674356,-3.124308096444317,7.724993739623636,0.0,-9.564036403389666,-2.953770541386938,-0.8827134174488764,
flow_price_quadrant,A_technical_eligible,flow_price_quadrant,Q3,5,fwd_5d,49,7,-1.0193069279154674,0.9671179883945946,7.300501091352438,51.02040816326531,-2.5515667367619375,1.2301398209280032,-0.13962150202577917,
flow_price_quadrant,A_technical_eligible,flow_price_quadrant,Q3,5,excess_vs_taiex_5d,49,7,0.8430167151955421,1.7595291737411367,8.71563087724588,59.183673469387756,-3.948512635125637,5.2427772563313635,0.09672469234515511,
flow_price_quadrant,A_technical_eligible,flow_price_quadrant,Q3,5,mfe_5d,49,7,4.348039693210764,3.256302521008392,3.7407990358219054,95.91836734693877,3.584712875422542,5.9765638703857,1.1623291311759654,
flow_price_quadrant,A_technical_eligible,flow_price_quadrant,Q3,5,mae_5d,49,7,-6.205194743946385,-5.000000000000004,5.738761418961026,0.0,-7.547774466524629,-4.729253778139377,-1.0812776993035902,
flow_price_quadrant,A_technical_eligible,flow_price_quadrant,Q4,5,fwd_5d,56,7,-5.136238654442169,-2.8945978074230605,9.62271675743307,30.357142857142854,-6.997437677696724,2.740834574877039,-0.5337618038559309,
flow_price_quadrant,A_technical_eligible,flow_price_quadrant,Q4,5,excess_vs_taiex_5d,56,7,-0.20998705730528172,-0.5035876487791469,9.212086642762559,50.0,-4.727664638313407,2.9680821223395912,-0.022794733207406083,
flow_price_quadrant,A_technical_eligible,flow_price_quadrant,Q4,5,mfe_5d,56,7,3.418587351043924,1.9225320011334368,4.5248847078310686,91.07142857142857,2.3044693228495174,7.240808062329265,0.7555081668992556,
flow_price_quadrant,A_technical_eligible,flow_price_quadrant,Q4,5,mae_5d,56,7,-10.068824268587415,-7.5616527845827175,8.387409494429418,0.0,-11.287437578630785,-7.951061471134074,-1.200468902260552,
flow_price_spread,A_technical_eligible,flow_price_quadrant,Q1_minus_Q2,5,daily_Q1_minus_Q2_fwd_5d,8,8,0.4478723103992652,-0.4431755759148214,3.8786314371325705,50.0,-1.9236658357959304,2.9815239351971985,0.115471737301849,
flow_price_spread,A_technical_eligible,flow_price_quadrant,Q1_minus_Q2,5,daily_Q1_minus_Q2_excess_vs_taiex_5d,8,8,0.4478723103992652,-0.4431755759148208,3.87863143713257,50.0,-1.92366583579593,2.981523935197198,0.11547173730184901,
flow_price_spread,A_technical_eligible,flow_price_quadrant,Q1_minus_Q2,5,daily_Q1_minus_Q2_mfe_5d,8,8,-0.5728476143177004,-0.6415696311707348,1.65868129081343,37.5,-1.6285650930518012,0.5528285848254753,-0.3453632819580255,
flow_price_spread,A_technical_eligible,flow_price_quadrant,Q1_minus_Q2,5,daily_Q1_minus_Q2_mae_5d,8,8,1.1579426414415137,-0.9186150494852526,3.6771430237618192,37.5,-0.9985674645911385,3.6146555700029985,0.31490280197393744,
flow_price_quadrant,A_technical_eligible,flow_price_quadrant,Q1,10,fwd_10d,57,3,2.626450216396731,1.0288065843621297,9.17796011690489,57.89473684210527,1.291240222774734,3.8151818952071315,0.28616927758915306,
flow_price_quadrant,A_technical_eligible,flow_price_quadrant,Q1,10,excess_vs_taiex_10d,57,3,0.25931100651088146,-1.7778548067835853,9.145923017982053,42.10526315789473,-0.17709692307117683,2.447338478683648,0.028352633845817737,
flow_price_quadrant,A_technical_eligible,flow_price_quadrant,Q1,10,mfe_10d,57,3,7.020993982136802,4.518430439952459,8.558039946706073,100.0,5.342664068012199,8.49253388919596,0.8203974304699444,
flow_price_quadrant,A_technical_eligible,flow_price_quadrant,Q1,10,mae_10d,57,3,-5.0984208494287415,-4.386951631046121,4.057207944538822,0.0,-6.116960130876942,-4.512790758078826,-1.2566328665237474,
flow_price_quadrant,A_technical_eligible,flow_price_quadrant,Q2,10,fwd_10d,57,3,0.26852810282824496,-0.2564102564102555,10.57347148234474,45.614035087719294,-1.5920549255687597,1.3767114467910628,0.025396399212559942,
flow_price_quadrant,A_technical_eligible,flow_price_quadrant,Q2,10,excess_vs_taiex_10d,57,3,-0.8901626798453182,-1.0492511893002043,10.721469238897548,42.10526315789473,-3.0603920714146695,1.3782683263351876,-0.08302618419272269,
flow_price_quadrant,A_technical_eligible,flow_price_quadrant,Q2,10,mfe_10d,57,3,7.341286223637072,4.330708661417315,9.469450145869779,91.22807017543859,5.4276875155566255,8.080658682442268,0.7752600320557226,
flow_price_quadrant,A_technical_eligible,flow_price_quadrant,Q2,10,mae_10d,57,3,-10.501762283527347,-6.6037735849056585,8.537500050707473,0.0,-12.165682218491627,-7.6797817304677025,-1.2300746379096188,
flow_price_quadrant,A_technical_eligible,flow_price_quadrant,Q3,10,fwd_10d,42,3,2.0556509204054936,2.4986940173062133,7.266178363001989,59.523809523809526,0.5052434429959606,3.6466798396121685,0.2829067520379737,
flow_price_quadrant,A_technical_eligible,flow_price_quadrant,Q3,10,excess_vs_taiex_10d,42,3,0.29967586033366717,-0.6506346136537444,7.291228147197778,45.23809523809524,-0.9630937028499504,2.5755569925817037,0.041100875501864656,
flow_price_quadrant,A_technical_eligible,flow_price_quadrant,Q3,10,mfe_10d,42,3,6.976021907527535,5.710717187829173,5.911848748570727,95.23809523809523,5.2772295206199615,7.846174545954,1.1800068310634786,
flow_price_quadrant,A_technical_eligible,flow_price_quadrant,Q3,10,mae_10d,42,3,-7.094596484929831,-6.520051510142199,5.790799319270113,0.0,-8.725915292059232,-5.557551469401676,-1.2251497753204907,
flow_price_quadrant,A_technical_eligible,flow_price_quadrant,Q4,10,fwd_10d,50,3,-2.9429889986926927,-2.044067909012531,7.228304277550861,40.0,-5.228459564583988,0.23455916703290625,-0.4071479126622841,
flow_price_quadrant,A_technical_eligible,flow_price_quadrant,Q4,10,excess_vs_taiex_10d,50,3,-3.6190054309793847,-1.9985882246814968,7.229302984044915,38.0,-6.696796710429897,-2.2658710031196745,-0.500602262620136,
flow_price_quadrant,A_technical_eligible,flow_price_quadrant,Q4,10,mfe_10d,50,3,4.544059035168665,3.610542393812366,4.7259744117316265,92.0,2.9261241876253856,7.226161334037429,0.961507329343261,
flow_price_quadrant,A_technical_eligible,flow_price_quadrant,Q4,10,mae_10d,50,3,-11.540896657591075,-9.373887274439769,8.268828367502943,0.0,-13.5630697467601,-10.4530463354415,-1.3957112355781363,
flow_price_spread,A_technical_eligible,flow_price_quadrant,Q1_minus_Q2,10,daily_Q1_minus_Q2_fwd_10d,3,3,2.1302785830360076,2.4384704484160684,0.945563193783538,100.0,1.069070152348461,2.883295148343493,2.252920372790736,
flow_price_spread,A_technical_eligible,flow_price_quadrant,Q1_minus_Q2,10,daily_Q1_minus_Q2_excess_vs_taiex_10d,3,3,2.130278583036008,2.4384704484160684,0.9455631937835386,100.0,1.069070152348461,2.8832951483434943,2.252920372790735,
flow_price_spread,A_technical_eligible,flow_price_quadrant,Q1_minus_Q2,10,daily_Q1_minus_Q2_mfe_10d,3,3,-0.5796305359288999,-0.08502344754442692,1.3107728934325158,33.33333333333333,-2.0657433669959664,0.4118752067536935,-0.442205159134031,
flow_price_spread,A_technical_eligible,flow_price_quadrant,Q1_minus_Q2,10,daily_Q1_minus_Q2_mae_10d,3,3,5.147059904479431,4.721355802146312,2.3224282542929195,100.0,3.0669324508791873,7.652891460412797,2.2162406502613328,
flow_price_quadrant,A_technical_eligible,flow_price_quadrant,Q1,20,fwd_20d,0,0,,,,,,,,
flow_price_quadrant,A_technical_eligible,flow_price_quadrant,Q1,20,excess_vs_taiex_20d,0,0,,,,,,,,
flow_price_quadrant,A_technical_eligible,flow_price_quadrant,Q1,20,mfe_20d,0,0,,,,,,,,
flow_price_quadrant,A_technical_eligible,flow_price_quadrant,Q1,20,mae_20d,0,0,,,,,,,,
flow_price_quadrant,A_technical_eligible,flow_price_quadrant,Q2,20,fwd_20d,0,0,,,,,,,,
flow_price_quadrant,A_technical_eligible,flow_price_quadrant,Q2,20,excess_vs_taiex_20d,0,0,,,,,,,,
flow_price_quadrant,A_technical_eligible,flow_price_quadrant,Q2,20,mfe_20d,0,0,,,,,,,,
flow_price_quadrant,A_technical_eligible,flow_price_quadrant,Q2,20,mae_20d,0,0,,,,,,,,
flow_price_quadrant,A_technical_eligible,flow_price_quadrant,Q3,20,fwd_20d,0,0,,,,,,,,
flow_price_quadrant,A_technical_eligible,flow_price_quadrant,Q3,20,excess_vs_taiex_20d,0,0,,,,,,,,
flow_price_quadrant,A_technical_eligible,flow_price_quadrant,Q3,20,mfe_20d,0,0,,,,,,,,
flow_price_quadrant,A_technical_eligible,flow_price_quadrant,Q3,20,mae_20d,0,0,,,,,,,,
flow_price_quadrant,A_technical_eligible,flow_price_quadrant,Q4,20,fwd_20d,0,0,,,,,,,,
flow_price_quadrant,A_technical_eligible,flow_price_quadrant,Q4,20,excess_vs_taiex_20d,0,0,,,,,,,,
flow_price_quadrant,A_technical_eligible,flow_price_quadrant,Q4,20,mfe_20d,0,0,,,,,,,,
flow_price_quadrant,A_technical_eligible,flow_price_quadrant,Q4,20,mae_20d,0,0,,,,,,,,
flow_price_spread,A_technical_eligible,flow_price_quadrant,Q1_minus_Q2,20,daily_Q1_minus_Q2_fwd_20d,0,0,,,,,,,,
flow_price_spread,A_technical_eligible,flow_price_quadrant,Q1_minus_Q2,20,daily_Q1_minus_Q2_excess_vs_taiex_20d,0,0,,,,,,,,
flow_price_spread,A_technical_eligible,flow_price_quadrant,Q1_minus_Q2,20,daily_Q1_minus_Q2_mfe_20d,0,0,,,,,,,,
flow_price_spread,A_technical_eligible,flow_price_quadrant,Q1_minus_Q2,20,daily_Q1_minus_Q2_mae_20d,0,0,,,,,,,,
flow_price_quadrant,B_buy_high,flow_price_quadrant,Q1,3,fwd_3d,86,10,0.43970018102231345,0.23593177981892088,3.421507347115681,53.48837209302325,-0.0731968058346545,1.1371760755350038,0.12851066398936106,
flow_price_quadrant,B_buy_high,flow_price_quadrant,Q1,3,excess_vs_taiex_3d,86,10,0.9711494512418555,0.35403577427386423,5.369363687538019,50.0,-1.565319253286119,3.633798277105758,0.1808686294608497,
flow_price_quadrant,B_buy_high,flow_price_quadrant,Q1,3,mfe_3d,86,10,3.032267379323009,1.9542811839323493,3.0985365246759207,96.51162790697676,2.416838758179954,4.177704760433221,0.9786127596608393,
flow_price_quadrant,B_buy_high,flow_price_quadrant,Q1,3,mae_3d,86,10,-2.535631223018615,-1.8027587535056122,2.185475453141099,0.0,-3.0064260442845043,-2.1419487212676307,-1.1602194933712253,
flow_price_quadrant,B_buy_high,flow_price_quadrant,Q2,3,fwd_3d,29,10,0.6822172316648306,0.5076142131979822,7.174743899241883,58.620689655172406,-1.0774449275426554,2.471590820689575,0.09508593494701836,
flow_price_quadrant,B_buy_high,flow_price_quadrant,Q2,3,excess_vs_taiex_3d,29,10,1.0089677282020926,-0.4099696711243661,7.907619971671749,44.827586206896555,-1.9939429193834446,3.7105438315714867,0.12759436237662125,
flow_price_quadrant,B_buy_high,flow_price_quadrant,Q2,3,mfe_3d,29,10,4.373470315215699,2.594339622641506,5.336856258616469,96.55172413793103,2.44024497180934,6.873409735941208,0.8194843749360192,
flow_price_quadrant,B_buy_high,flow_price_quadrant,Q2,3,mae_3d,29,10,-3.293486158032579,-2.207792207792214,4.067961988589883,0.0,-4.714624860026502,-2.0737226785478295,-0.8096157651596523,
flow_price_quadrant,B_buy_high,flow_price_quadrant,Q3,3,fwd_3d,22,8,-0.8437097192643885,0.8515815085158085,4.806081352785025,50.0,-2.580278348257676,0.813662127675177,-0.1755504448079049,
flow_price_quadrant,B_buy_high,flow_price_quadrant,Q3,3,excess_vs_taiex_3d,22,8,2.8964890200484668,2.342684149897384,6.799388580452375,72.72727272727273,-2.231785117938977,5.600713979664089,0.4259925706225424,
flow_price_quadrant,B_buy_high,flow_price_quadrant,Q3,3,mfe_3d,22,8,2.9694711167426067,2.4977331973251693,2.6776494396450254,90.9090909090909,2.1245986695593344,4.411770428208216,1.108984272839042,
flow_price_quadrant,B_buy_high,flow_price_quadrant,Q3,3,mae_3d,22,8,-3.693237774230968,-2.245536830233863,3.974825957577443,0.0,-5.584268274773039,-2.0968083403926663,-0.9291571036438295,
flow_price_quadrant,B_buy_high,flow_price_quadrant,Q4,3,fwd_3d,12,6,-2.2691923632032327,-0.4709257268568412,6.771351407393715,33.33333333333333,-5.884869382562815,2.9120974005988516,-0.33511661508594515,
flow_price_quadrant,B_buy_high,flow_price_quadrant,Q4,3,excess_vs_taiex_3d,12,6,0.7830702848736942,2.700749800137725,6.627591925083318,58.333333333333336,-4.417319623105641,4.643500208993339,0.1181530627904267,
flow_price_quadrant,B_buy_high,flow_price_quadrant,Q4,3,mfe_3d,12,6,3.4200751830534784,1.323894321996788,5.358049197599434,91.66666666666666,1.248080953505456,7.8070734731031575,0.6383060432863839,
flow_price_quadrant,B_buy_high,flow_price_quadrant,Q4,3,mae_3d,12,6,-5.0293993526417315,-2.992405391955344,5.807391411005364,0.0,-8.60574979506819,-1.4418871527775283,-0.86603416175991,
flow_price_spread,B_buy_high,flow_price_quadrant,Q1_minus_Q2,3,daily_Q1_minus_Q2_fwd_3d,10,10,0.19875040901520685,0.028377015710628006,2.3215624445953322,60.0,-1.2612009321004916,1.5112758976890335,0.08561062377533882,
flow_price_spread,B_buy_high,flow_price_quadrant,Q1_minus_Q2,3,daily_Q1_minus_Q2_excess_vs_taiex_3d,10,10,0.1987504090152071,0.02837701571062823,2.3215624445953322,60.0,-1.2612009321004916,1.511275897689034,0.08561062377533893,
flow_price_spread,B_buy_high,flow_price_quadrant,Q1_minus_Q2,3,daily_Q1_minus_Q2_mfe_3d,10,10,0.02654822898466147,1.1685743027841275,3.3318902115413302,80.0,-2.143035233790211,1.4381879368254167,0.007967918298358419,
flow_price_spread,B_buy_high,flow_price_quadrant,Q1_minus_Q2,3,daily_Q1_minus_Q2_mae_3d,10,10,0.5700141894778163,0.36577543509446553,2.070244375954783,60.0,-0.6163543951429021,1.8546936275190797,0.2753366685104166,
flow_price_quadrant,B_buy_high,flow_price_quadrant,Q1,5,fwd_5d,49,8,2.0393826398126715,0.6818181818181834,5.58626322217614,59.183673469387756,1.068988517364565,3.080564684102063,0.36507098908565677,
flow_price_quadrant,B_buy_high,flow_price_quadrant,Q1,5,excess_vs_taiex_5d,49,8,0.7937946681237914,-0.7663062346184524,8.239930386425113,44.89795918367347,-3.8784477421061756,5.03381814999685,0.09633511824705822,
flow_price_quadrant,B_buy_high,flow_price_quadrant,Q1,5,mfe_5d,49,8,5.389751993848185,3.797468354430378,5.05469597418095,97.95918367346938,4.617514271525995,6.560943736281638,1.0662860875072762,
flow_price_quadrant,B_buy_high,flow_price_quadrant,Q1,5,mae_5d,49,8,-3.027321850123005,-2.16284987277352,2.5422584194648885,0.0,-3.632989023541831,-2.494911000852994,-1.1908002062041418,
flow_price_quadrant,B_buy_high,flow_price_quadrant,Q2,5,fwd_5d,24,8,1.2783171672024016,1.026597692730269,4.5257852873294695,70.83333333333334,0.7042834208147094,2.040196508879924,0.28245201352817567,
flow_price_quadrant,B_buy_high,flow_price_quadrant,Q2,5,excess_vs_taiex_5d,24,8,0.6204315081408787,-0.9050615143846863,7.6971745985479885,41.66666666666667,-3.7590186833754853,5.59360844737688,0.08060509738962114,
flow_price_quadrant,B_buy_high,flow_price_quadrant,Q2,5,mfe_5d,24,8,4.588661227518883,3.552470894732551,3.7107384607844374,100.0,3.6981037610788365,5.422654276128122,1.2365897720931955,
flow_price_quadrant,B_buy_high,flow_price_quadrant,Q2,5,mae_5d,24,8,-3.5183538206755745,-2.612762670806723,2.767109497790413,0.0,-4.678090947721287,-2.2542471111845876,-1.2714906379689868,
flow_price_quadrant,B_buy_high,flow_price_quadrant,Q3,5,fwd_5d,18,6,-0.9927316749739078,-1.4073473986595753,6.080433722504202,44.44444444444444,-2.359232887231076,0.1951734042173451,-0.16326658924012663,
flow_price_quadrant,B_buy_high,flow_price_quadrant,Q3,5,excess_vs_taiex_5d,18,6,1.390904289504629,1.0560523321036683,9.826742069210924,55.55555555555556,-5.956015594568904,7.166669290726557,0.14154276968992605,
flow_price_quadrant,B_buy_high,flow_price_quadrant,Q3,5,mfe_5d,18,6,4.065004329284335,1.8128583379241392,3.9536685524804493,94.44444444444444,3.134693962447331,5.928380790235798,1.0281601189695164,
flow_price_quadrant,B_buy_high,flow_price_quadrant,Q3,5,mae_5d,18,6,-4.7226014080064,-4.177811610295951,4.311586326918945,0.0,-5.942840460057161,-3.538382463199394,-1.0953280416818572,
flow_price_quadrant,B_buy_high,flow_price_quadrant,Q4,5,fwd_5d,11,5,-1.2100414366372028,-1.2526096033402934,8.448159763444174,36.36363636363637,-5.003229356970696,6.9189271150055465,-0.14323136286711144,
flow_price_quadrant,B_buy_high,flow_price_quadrant,Q4,5,excess_vs_taiex_5d,11,5,1.1945243406167914,1.622033084976282,8.812303521809879,63.63636363636363,-5.50779097440507,7.253845134076109,0.13555188352970607,
flow_price_quadrant,B_buy_high,flow_price_quadrant,Q4,5,mfe_5d,11,5,3.896547244229906,1.3574660633484115,6.686719458750689,90.9090909090909,1.2556088606217395,10.290016418913885,0.5827292842577122,
flow_price_quadrant,B_buy_high,flow_price_quadrant,Q4,5,mae_5d,11,5,-6.852662466848229,-5.012224938875298,5.868773108512708,0.0,-10.110228056363036,-3.1410698713534875,-1.1676482188259043,
flow_price_spread,B_buy_high,flow_price_quadrant,Q1_minus_Q2,5,daily_Q1_minus_Q2_fwd_5d,8,8,0.6910514050036263,0.9641230866615086,2.469131039663024,75.0,-0.9340476041214941,2.468178637745653,0.27987635889018586,
flow_price_spread,B_buy_high,flow_price_quadrant,Q1_minus_Q2,5,daily_Q1_minus_Q2_excess_vs_taiex_5d,8,8,0.6910514050036263,0.9641230866615085,2.469131039663024,75.0,-0.934047604121494,2.4681786377456536,0.27987635889018586,
flow_price_spread,B_buy_high,flow_price_quadrant,Q1_minus_Q2,5,daily_Q1_minus_Q2_mfe_5d,8,8,1.6113205923753273,1.6691186613428766,1.599040143754696,75.0,0.5855720951746232,2.691348835107642,1.0076798876304605,
flow_price_spread,B_buy_high,flow_price_quadrant,Q1_minus_Q2,5,daily_Q1_minus_Q2_mae_5d,8,8,0.03079247073962721,-1.0451187640848545,1.99755156437699,37.5,-1.2350280789038757,1.4407571721507098,0.015415106818146632,
flow_price_quadrant,B_buy_high,flow_price_quadrant,Q1,10,fwd_10d,25,3,1.6013192643268988,0.9671179883945946,5.663080318195514,60.0,-0.8333280758977716,4.182344397907211,0.28276471007869153,
flow_price_quadrant,B_buy_high,flow_price_quadrant,Q1,10,excess_vs_taiex_10d,25,3,-0.11582764659597014,-1.0568145121010675,5.550049129013604,48.0,-2.301665221743683,2.2455884851055368,-0.020869661493709318,
flow_price_quadrant,B_buy_high,flow_price_quadrant,Q1,10,mfe_10d,25,3,5.948228501214556,4.374999999999996,5.109306226094622,100.0,4.588278188664741,7.370209751408687,1.164194948980613,
flow_price_quadrant,B_buy_high,flow_price_quadrant,Q1,10,mae_10d,25,3,-3.3103361292432743,-2.9288702928870314,2.6559533233215737,0.0,-4.120406926441673,-2.6236954290194046,-1.2463833984489305,
flow_price_quadrant,B_buy_high,flow_price_quadrant,Q2,10,fwd_10d,10,3,1.8997075406311459,-0.0015439246564774578,8.036194814527093,50.0,-1.8587360594795488,4.5859646829998075,0.23639391334777368,
flow_price_quadrant,B_buy_high,flow_price_quadrant,Q2,10,excess_vs_taiex_10d,10,3,0.58951186217867,-1.2090199050640515,9.07898930397478,30.0,-4.467494447980871,5.418433923807129,0.06493144142383578,
flow_price_quadrant,B_buy_high,flow_price_quadrant,Q2,10,mfe_10d,10,3,6.960316985195609,4.681077601148909,7.036918832003329,100.0,1.486988847583648,10.15933124670758,0.9891142915476954,
flow_price_quadrant,B_buy_high,flow_price_quadrant,Q2,10,mae_10d,10,3,-5.470361154619576,-5.304153157325924,3.7635227264330746,0.0,-6.366455409949793,-2.6022304832713727,-1.4535214883116114,
flow_price_quadrant,B_buy_high,flow_price_quadrant,Q3,10,fwd_10d,14,3,-0.8048290443660859,-0.7075729746465698,6.492142191023045,42.857142857142854,-3.292680522505526,0.907869267577416,-0.12396971919052491,
flow_price_quadrant,B_buy_high,flow_price_quadrant,Q3,10,excess_vs_taiex_10d,14,3,-1.9958646858843125,-2.650311249506454,7.337376251491601,35.714285714285715,-7.241671983184389,1.7403385083847367,-0.27201340335771623,
flow_price_quadrant,B_buy_high,flow_price_quadrant,Q3,10,mfe_10d,14,3,4.960666508999345,1.8128583379241392,5.095673770964412,92.85714285714286,3.1542486599205106,6.699397425035943,0.9735055131012604,
flow_price_quadrant,B_buy_high,flow_price_quadrant,Q3,10,mae_10d,14,3,-5.358637357925774,-4.177811610295951,4.940238503431193,0.0,-6.738585773072292,-4.037194254468248,-1.0846920354561802,
flow_price_quadrant,B_buy_high,flow_price_quadrant,Q4,10,fwd_10d,7,2,-2.2072820378347537,0.424628450106157,6.423392502354557,57.14285714285714,-6.896047518755522,1.3092920728558222,-0.34363181714734903,
flow_price_quadrant,B_buy_high,flow_price_quadrant,Q4,10,excess_vs_taiex_10d,7,2,-2.360872677021675,-0.17801456520074588,7.318497207965714,42.857142857142854,-8.364384664601431,2.1417613136631433,-0.3225898172717777,
flow_price_quadrant,B_buy_high,flow_price_quadrant,Q4,10,mfe_10d,7,2,3.16160603493019,2.972399150743099,2.4300510838922933,85.71428571428571,2.3087585892789924,3.8012416191685885,1.3010450915567344,
flow_price_quadrant,B_buy_high,flow_price_quadrant,Q4,10,mae_10d,7,2,-9.420160208212085,-7.964601769911505,5.643609074801751,0.0,-14.216227162408222,-5.823109992564984,-1.6691730563465714,
flow_price_spread,B_buy_high,flow_price_quadrant,Q1_minus_Q2,10,daily_Q1_minus_Q2_fwd_10d,3,3,0.8511366433631348,1.0254079835817769,3.93973825860835,66.66666666666666,-3.1728454387015916,4.70084738520922,0.21603888062954346,
flow_price_spread,B_buy_high,flow_price_quadrant,Q1_minus_Q2,10,daily_Q1_minus_Q2_excess_vs_taiex_10d,3,3,0.851136643363135,1.0254079835817769,3.9397382586083505,66.66666666666666,-3.1728454387015925,4.7008473852092205,0.2160388806295435,
flow_price_spread,B_buy_high,flow_price_quadrant,Q1_minus_Q2,10,daily_Q1_minus_Q2_mfe_10d,3,3,0.6169203638675237,3.040328558700052,4.250368999521068,66.66666666666666,-4.290856808178574,3.101289341081093,0.14514513067854543,
flow_price_spread,B_buy_high,flow_price_quadrant,Q1_minus_Q2,10,daily_Q1_minus_Q2_mae_10d,3,3,1.5057920707961188,2.7034164556056397,2.6376336571495784,66.66666666666666,-1.5181764431703,3.332136199953016,0.5708874948249594,
flow_price_quadrant,B_buy_high,flow_price_quadrant,Q1,20,fwd_20d,0,0,,,,,,,,
flow_price_quadrant,B_buy_high,flow_price_quadrant,Q1,20,excess_vs_taiex_20d,0,0,,,,,,,,
flow_price_quadrant,B_buy_high,flow_price_quadrant,Q1,20,mfe_20d,0,0,,,,,,,,
flow_price_quadrant,B_buy_high,flow_price_quadrant,Q1,20,mae_20d,0,0,,,,,,,,
flow_price_quadrant,B_buy_high,flow_price_quadrant,Q2,20,fwd_20d,0,0,,,,,,,,
flow_price_quadrant,B_buy_high,flow_price_quadrant,Q2,20,excess_vs_taiex_20d,0,0,,,,,,,,
flow_price_quadrant,B_buy_high,flow_price_quadrant,Q2,20,mfe_20d,0,0,,,,,,,,
flow_price_quadrant,B_buy_high,flow_price_quadrant,Q2,20,mae_20d,0,0,,,,,,,,
flow_price_quadrant,B_buy_high,flow_price_quadrant,Q3,20,fwd_20d,0,0,,,,,,,,
flow_price_quadrant,B_buy_high,flow_price_quadrant,Q3,20,excess_vs_taiex_20d,0,0,,,,,,,,
flow_price_quadrant,B_buy_high,flow_price_quadrant,Q3,20,mfe_20d,0,0,,,,,,,,
flow_price_quadrant,B_buy_high,flow_price_quadrant,Q3,20,mae_20d,0,0,,,,,,,,
flow_price_quadrant,B_buy_high,flow_price_quadrant,Q4,20,fwd_20d,0,0,,,,,,,,
flow_price_quadrant,B_buy_high,flow_price_quadrant,Q4,20,excess_vs_taiex_20d,0,0,,,,,,,,
flow_price_quadrant,B_buy_high,flow_price_quadrant,Q4,20,mfe_20d,0,0,,,,,,,,
flow_price_quadrant,B_buy_high,flow_price_quadrant,Q4,20,mae_20d,0,0,,,,,,,,
flow_price_spread,B_buy_high,flow_price_quadrant,Q1_minus_Q2,20,daily_Q1_minus_Q2_fwd_20d,0,0,,,,,,,,
flow_price_spread,B_buy_high,flow_price_quadrant,Q1_minus_Q2,20,daily_Q1_minus_Q2_excess_vs_taiex_20d,0,0,,,,,,,,
flow_price_spread,B_buy_high,flow_price_quadrant,Q1_minus_Q2,20,daily_Q1_minus_Q2_mfe_20d,0,0,,,,,,,,
flow_price_spread,B_buy_high,flow_price_quadrant,Q1_minus_Q2,20,daily_Q1_minus_Q2_mae_20d,0,0,,,,,,,,
trust_activity,A_technical_eligible,trust_activity,active,3,fwd_3d,335,10,-0.41323288845461004,0.0,5.189344085280517,47.462686567164184,-1.8543962753757521,1.3909757125818398,-0.07963104424444273,
trust_activity,A_technical_eligible,trust_activity,active,3,excess_vs_taiex_3d,335,10,1.282772041368058,0.9396298428847816,5.7790282397058945,54.62686567164179,-1.3104401326259383,3.007514760586696,0.22197019778421095,
trust_activity,A_technical_eligible,trust_activity,active,3,mfe_3d,335,10,3.276838526810812,2.211302211302213,3.4482725961675786,94.92537313432837,2.569323932207786,4.172010567307378,0.9502840728000161,
trust_activity,A_technical_eligible,trust_activity,active,3,mae_3d,335,10,-3.6086392118613397,-2.3622047244094446,3.831399907913483,0.0,-4.561904006904126,-2.492106849669092,-0.9418591894852723,
trust_activity,A_technical_eligible,trust_activity,inactive,3,fwd_3d,111,10,-3.01322048935309,-1.5000000000000013,7.37403327605935,32.432432432432435,-5.196480413619338,0.35201542671615954,-0.4086258329123436,
trust_activity,A_technical_eligible,trust_activity,inactive,3,excess_vs_taiex_3d,111,10,0.04424331668035084,-0.6713926598275854,6.946009892597718,45.04504504504504,-2.580241534259932,1.813704009383019,0.006369601737466633,
trust_activity,A_technical_eligible,trust_activity,inactive,3,mfe_3d,111,10,3.971182428652351,2.100350058343059,5.013990898794449,87.38738738738738,2.8323584972695004,5.504161714227392,0.7920202706405334,
trust_activity,A_technical_eligible,trust_activity,inactive,3,mae_3d,111,10,-6.060645654589148,-3.809523809523807,6.001699419086997,0.0,-7.966025160414376,-3.6458056411195923,-1.009821590750561,
trust_active_quantile,A_technical_eligible,trust_signed_flow_strength,Q1,3,fwd_3d,70,10,-0.23338626042022245,-0.3859992067539286,4.336624542926409,45.714285714285715,-1.405024457096803,1.0633500572661772,-0.053817492870325924,
trust_active_quantile,A_technical_eligible,trust_signed_flow_strength,Q1,3,excess_vs_taiex_3d,70,10,1.3393898825828563,1.8836784682785934,5.486730817173761,55.714285714285715,-1.5967545595852544,3.4593320730772947,0.24411437834538816,
trust_active_quantile,A_technical_eligible,trust_signed_flow_strength,Q1,3,mfe_3d,70,10,3.151787536168198,2.2762429735500467,2.9027924473237263,94.28571428571428,2.609947293516084,3.777640723339801,1.0857777789362917,
trust_active_quantile,A_technical_eligible,trust_signed_flow_strength,Q1,3,mae_3d,70,10,-3.4243321705987326,-2.9067428387512084,3.117891643866124,0.0,-4.336149893545515,-2.4345645134571496,-1.098284533824475,
trust_active_quantile,A_technical_eligible,trust_signed_flow_strength,Q2,3,fwd_3d,68,10,-0.833896912186501,0.0,6.992022041098916,47.05882352941176,-3.3481338853326394,2.0585026718374735,-0.11926405656116036,
trust_active_quantile,A_technical_eligible,trust_signed_flow_strength,Q2,3,excess_vs_taiex_3d,68,10,0.8436121292007412,0.8242372345743321,6.356102684288859,54.41176470588235,-1.2356694423420507,2.3620616639732543,0.13272474834083448,
trust_active_quantile,A_technical_eligible,trust_signed_flow_strength,Q2,3,mfe_3d,68,10,3.5703613767737465,2.1973541624196624,4.255339698867932,95.58823529411765,2.429640043763474,4.902477557934331,0.8390308716654482,
trust_active_quantile,A_technical_eligible,trust_signed_flow_strength,Q2,3,mae_3d,68,10,-4.452098773491093,-2.24425558703179,5.222198387689103,0.0,-6.117861051880179,-2.6405387796697535,-0.8525334433840247,
trust_active_quantile,A_technical_eligible,trust_signed_flow_strength,Q3,3,fwd_3d,65,10,-0.4424355360962584,-0.1179245283018826,5.324898053942628,46.15384615384615,-2.836663312515496,1.733753002514308,-0.08308807635644273,
trust_active_quantile,A_technical_eligible,trust_signed_flow_strength,Q3,3,excess_vs_taiex_3d,65,10,1.302945640157455,1.4859080981413753,5.8099935843860235,56.92307692307692,-1.5167366785184864,3.6089379706506404,0.2242593939619892,
trust_active_quantile,A_technical_eligible,trust_signed_flow_strength,Q3,3,mfe_3d,65,10,3.4809289465839504,2.694136291600624,3.5884370219145474,93.84615384615384,2.3727672525127925,4.961286629147724,0.970040417409015,
trust_active_quantile,A_technical_eligible,trust_signed_flow_strength,Q3,3,mae_3d,65,10,-3.533685546193669,-2.0123839009287936,3.8100019392960798,0.0,-5.151344618696674,-2.0331963062130187,-0.9274760492238853,
trust_active_quantile,A_technical_eligible,trust_signed_flow_strength,Q4,3,fwd_3d,68,10,-0.7723878617069284,-0.3528213359674015,4.741091698149827,47.05882352941176,-2.6011619984875254,1.0820332705904503,-0.1629135040793129,
trust_active_quantile,A_technical_eligible,trust_signed_flow_strength,Q4,3,excess_vs_taiex_3d,68,10,0.9051211796803135,-0.5433165339059798,5.245293574564734,48.529411764705884,-1.5394892058803888,2.9069189734265195,0.1725587265638268,
trust_active_quantile,A_technical_eligible,trust_signed_flow_strength,Q4,3,mfe_3d,68,10,3.0586148154356336,1.9213231036479428,3.3752861598226445,94.11764705882352,2.248991655760464,4.246472973208215,0.9061794083842508,
trust_active_quantile,A_technical_eligible,trust_signed_flow_strength,Q4,3,mae_3d,68,10,-3.9424613285657313,-2.692639215889331,3.627303743285427,0.0,-5.1407805990255495,-2.546724294632318,-1.0868848068937427,
trust_active_quantile,A_technical_eligible,trust_signed_flow_strength,Q5,3,fwd_3d,64,10,0.2482764854395494,0.16990015883822096,4.081284394167578,51.5625,-0.7864590137535458,1.536361330877627,0.06083292940681927,
trust_active_quantile,A_technical_eligible,trust_signed_flow_strength,Q5,3,excess_vs_taiex_3d,64,10,2.0682189134898943,1.5581586043074913,6.047890556576232,57.8125,-1.6190474686579717,4.705959713039569,0.3419736012320852,
trust_active_quantile,A_technical_eligible,trust_signed_flow_strength,Q5,3,mfe_3d,64,10,3.12632838049459,2.5365709559257987,3.0212112544602667,96.875,2.2035068537055578,4.388744278100635,1.0347930406651098,
trust_active_quantile,A_technical_eligible,trust_signed_flow_strength,Q5,3,mae_3d,64,10,-2.6354880717060167,-1.8627011567849183,2.746334283523396,0.0,-3.543853172102996,-1.7539376528949717,-0.9596384852046599,
actor_spread,A_technical_eligible,trust_signed_flow_strength,Q5_minus_Q1,3,daily_Q5_minus_Q1_excess_vs_taiex_3d,10,10,0.13466763866907047,0.27765154772881195,3.503070590285938,50.0,-2.056101920835335,2.140852108571839,0.0384427419311805,
trust_activity,A_technical_eligible,trust_activity,active,5,fwd_5d,241,8,-0.09773201297764232,0.3370786516853963,7.25760329637441,51.45228215767634,-2.3441422745129725,2.3619405563367515,-0.013466155283861421,
trust_activity,A_technical_eligible,trust_activity,active,5,excess_vs_taiex_5d,241,8,-0.05266978532967431,-0.7010614677833371,7.5192050967868544,44.81327800829876,-3.112552600949567,2.2930931722130836,-0.007004701248564351,
trust_activity,A_technical_eligible,trust_activity,active,5,mfe_5d,241,8,4.494439811099827,3.0701754385964897,4.478780519012387,96.6804979253112,3.7084784452325876,5.70263979874748,1.003496329418458,
trust_activity,A_technical_eligible,trust_activity,active,5,mae_5d,241,8,-5.075795924454351,-3.100775193798455,5.541567167805031,0.0,-6.601904234872744,-3.0582596767615136,-0.9159495447322769,
trust_activity,A_technical_eligible,trust_activity,inactive,5,fwd_5d,88,8,-4.027551942669055,-1.8455223880597005,10.382308333886016,34.090909090909086,-6.345266980715694,0.2632335943477566,-0.38792451670153527,
trust_activity,A_technical_eligible,trust_activity,inactive,5,excess_vs_taiex_5d,88,8,-2.105123980258671,-3.3270295800154677,10.53462746317583,37.5,-5.937021376569602,0.7604969406440872,-0.19982899135419904,
trust_activity,A_technical_eligible,trust_activity,inactive,5,mfe_5d,88,8,4.768209090287431,2.6208897485493265,6.597245182733129,89.77272727272727,3.4905855340606675,6.514617335705202,0.722757599303296,
trust_activity,A_technical_eligible,trust_activity,inactive,5,mae_5d,88,8,-9.064418726262948,-5.487080453539322,8.21081362286559,0.0,-10.576952628345262,-5.79982072790359,-1.1039610862704552,
trust_active_quantile,A_technical_eligible,trust_signed_flow_strength,Q1,5,fwd_5d,50,8,0.9479315455314414,0.48955405060056023,4.684355946861626,54.0,-0.35492565546945143,2.69769135958004,0.2023611263286955,
trust_active_quantile,A_technical_eligible,trust_signed_flow_strength,Q1,5,excess_vs_taiex_5d,50,8,0.946054603960204,0.05713389058360985,6.932983328759374,50.0,-3.4554999468511243,4.794362492710098,0.1364570718114645,
trust_active_quantile,A_technical_eligible,trust_signed_flow_strength,Q1,5,mfe_5d,50,8,4.247312026108458,3.1197871728501525,3.582342386705697,100.0,3.2174391160800537,5.626602971469923,1.1856242557580499,
trust_active_quantile,A_technical_eligible,trust_signed_flow_strength,Q1,5,mae_5d,50,8,-4.323138593395345,-3.3446105538111004,3.7487139961057614,0.0,-5.221293249052275,-3.0403936756199195,-1.1532324412815453,
trust_active_quantile,A_technical_eligible,trust_signed_flow_strength,Q2,5,fwd_5d,49,8,-1.2247043036704488,-0.3278688524590234,6.5463860891432795,44.89795918367347,-3.213046968492104,1.4845159214267853,-0.18708097673944632,
trust_active_quantile,A_technical_eligible,trust_signed_flow_strength,Q2,5,excess_vs_taiex_5d,49,8,-1.1396555930404173,-2.4381618159948104,7.119313772765509,38.775510204081634,-4.408393292784982,1.6854303970839477,-0.16007941627746464,
trust_active_quantile,A_technical_eligible,trust_signed_flow_strength,Q2,5,mfe_5d,49,8,3.704676815569938,2.088167053364276,3.8023605947965025,95.91836734693877,2.696815178144503,5.519489186306728,0.9743097013575609,
trust_active_quantile,A_technical_eligible,trust_signed_flow_strength,Q2,5,mae_5d,49,8,-6.036479229487767,-2.941176470588236,6.573118199344844,0.0,-7.937433594111568,-3.4770602794488306,-0.918358539496435,
trust_active_quantile,A_technical_eligible,trust_signed_flow_strength,Q3,5,fwd_5d,47,8,-1.026431137685399,0.3567181926278362,8.567821596531356,51.06382978723404,-5.2041194089489755,2.9838540502831705,-0.1198007131825603,
trust_active_quantile,A_technical_eligible,trust_signed_flow_strength,Q3,5,excess_vs_taiex_5d,47,8,-1.043900963211509,-0.8683535253193209,7.694085397233489,40.42553191489361,-4.362999451942184,0.8200409288413061,-0.13567577032441797,
trust_active_quantile,A_technical_eligible,trust_signed_flow_strength,Q3,5,mfe_5d,47,8,4.598519406047442,3.171641791044766,4.263742031461935,97.87234042553192,3.4121966459512842,6.597199937779561,1.0785172677228598,
trust_active_quantile,A_technical_eligible,trust_signed_flow_strength,Q3,5,mae_5d,47,8,-5.228675696437467,-3.1680440771349794,6.676882765853799,0.0,-8.536385618000022,-2.3491784392160664,-0.7831013183543377,
trust_active_quantile,A_technical_eligible,trust_signed_flow_strength,Q4,5,fwd_5d,49,8,-0.6079444567186448,0.3370786516853963,8.264772064922129,51.02040816326531,-4.9207131407313875,3.5749118691621775,-0.0735585267135099,
trust_active_quantile,A_technical_eligible,trust_signed_flow_strength,Q4,5,excess_vs_taiex_5d,49,8,-0.522895746088613,-0.8788546673839992,6.508394076346723,44.89795918367347,-2.590275058848235,0.6846918560746025,-0.08034174635936053,
trust_active_quantile,A_technical_eligible,trust_signed_flow_strength,Q4,5,mfe_5d,49,8,4.8581641277122225,3.3007334963325308,4.995936986596801,91.83673469387756,3.2865751900612303,7.0133866319469345,0.9724230190944765,
trust_active_quantile,A_technical_eligible,trust_signed_flow_strength,Q4,5,mae_5d,49,8,-5.746612980744328,-3.2549728752260365,5.75494455735915,0.0,-8.438331956023346,-2.9157612787661633,-0.9985522750859228,
trust_active_quantile,A_technical_eligible,trust_signed_flow_strength,Q5,5,fwd_5d,46,8,1.4585230505672926,1.1936874899081462,7.560343839556539,56.52173913043478,-0.5848679076650855,3.838631236109588,0.19291755527521667,
trust_active_quantile,A_technical_eligible,trust_signed_flow_strength,Q5,5,excess_vs_taiex_5d,46,8,1.533308965778298,0.24891741069850148,9.121693571049741,50.0,-3.0874051464736048,5.332583156455213,0.16809476812997587,
trust_active_quantile,A_technical_eligible,trust_signed_flow_strength,Q5,5,mfe_5d,46,8,5.110538584012607,3.4335396404362006,5.57592283271586,97.82608695652173,3.552338966501068,6.772263518621306,0.9165368204214228,
trust_active_quantile,A_technical_eligible,trust_signed_flow_strength,Q5,5,mae_5d,46,8,-3.999795914995606,-2.732091591435787,4.261665371017037,0.0,-4.905558681383529,-2.6175436975255972,-0.93855231858363,
actor_spread,A_technical_eligible,trust_signed_flow_strength,Q5_minus_Q1,5,daily_Q5_minus_Q1_excess_vs_taiex_5d,8,8,0.18962333299486026,0.6642161475203407,4.255323459572981,62.5,-2.95746455013821,2.7692885284056876,0.04456143811307092,
trust_activity,A_technical_eligible,trust_activity,active,10,fwd_10d,143,3,1.3211964313976012,0.8771929824561431,8.180926903450711,55.94405594405595,0.009394117464508887,3.2021723269178444,0.16149715637238138,
trust_activity,A_technical_eligible,trust_activity,active,10,excess_vs_taiex_10d,143,3,-0.32893988057738166,-0.7718088340589846,8.087777005957618,44.05594405594406,-1.1593197940689335,0.8418633582718298,-0.04067123516574184,
trust_activity,A_technical_eligible,trust_activity,active,10,mfe_10d,143,3,6.491181443301961,4.705882352941182,6.889795014317944,97.2027972027972,5.34383103206097,7.6639035252982275,0.9421443496958024,
trust_activity,A_technical_eligible,trust_activity,active,10,mae_10d,143,3,-7.469961722794718,-5.405405405405405,6.294446678077233,0.0,-9.109781005057942,-5.693586947910464,-1.1867543097650912,
trust_activity,A_technical_eligible,trust_activity,inactive,10,fwd_10d,63,3,-1.3449116947878923,-1.8817204301075252,10.50598112595896,38.095238095238095,-3.462316072072957,1.0951388635351293,-0.12801390737936738,
trust_activity,A_technical_eligible,trust_activity,inactive,10,excess_vs_taiex_10d,63,3,-2.49657187099131,-1.9514289332855261,10.528733120240098,36.507936507936506,-4.930653217918868,-0.558745280761132,-0.23711987401333032,
trust_activity,A_technical_eligible,trust_activity,inactive,10,mfe_10d,63,3,6.517569797008257,3.891050583657596,9.12837992439823,88.88888888888889,3.8284055140931494,9.408258386613959,0.7139897606132902,
trust_activity,A_technical_eligible,trust_activity,inactive,10,mae_10d,63,3,-11.047996785166017,-8.560311284046696,8.957986610921417,0.0,-12.373187400902625,-9.512068142790573,-1.2333124914136953,
trust_active_quantile,A_technical_eligible,trust_signed_flow_strength,Q1,10,fwd_10d,29,3,2.434196122247552,1.4644351464435212,6.029979922091335,65.51724137931035,-0.050538365096416925,4.019109981847484,0.40368229309183457,
trust_active_quantile,A_technical_eligible,trust_signed_flow_strength,Q1,10,excess_vs_taiex_10d,29,3,0.8183026454833601,0.06383854363314345,6.522045036226448,55.172413793103445,-1.5188755109423273,4.851579222654806,0.12546718719943353,
trust_active_quantile,A_technical_eligible,trust_signed_flow_strength,Q1,10,mfe_10d,29,3,6.596417692588723,5.3811659192825045,5.562795023496257,100.0,4.3335303086614685,8.298099096991724,1.1858099507040305,
trust_active_quantile,A_technical_eligible,trust_signed_flow_strength,Q1,10,mae_10d,29,3,-5.732401767954036,-4.639175257731953,4.2346712073895265,0.0,-7.200742385348306,-4.735349004194417,-1.3536828450697567,
trust_active_quantile,A_technical_eligible,trust_signed_flow_strength,Q2,10,fwd_10d,29,3,-0.3399900389905507,0.47505938242278223,5.839640438494396,51.724137931034484,-1.0267698751060303,0.7520279784176092,-0.05822105702764956,
trust_active_quantile,A_technical_eligible,trust_signed_flow_strength,Q2,10,excess_vs_taiex_10d,29,3,-1.9558835157547425,-1.7914389229056749,5.9270440493904175,31.03448275862069,-3.1969634822612543,-0.1943006342987097,-0.32999307908904446,
trust_active_quantile,A_technical_eligible,trust_signed_flow_strength,Q2,10,mfe_10d,29,3,5.427129162256361,3.3707865168539186,4.795755377157083,100.0,4.298920776777631,6.312037666349385,1.1316526251748802,
trust_active_quantile,A_technical_eligible,trust_signed_flow_strength,Q2,10,mae_10d,29,3,-10.099110915030352,-9.392265193370186,6.505206319737012,0.0,-13.021076503145977,-8.864061318710394,-1.552465889419881,
trust_active_quantile,A_technical_eligible,trust_signed_flow_strength,Q3,10,fwd_10d,28,3,2.328599458440892,2.207868515329814,5.857031097738235,64.28571428571429,0.8357988080512185,3.7669422717722614,0.397573347244154,
trust_active_quantile,A_technical_eligible,trust_signed_flow_strength,Q3,10,excess_vs_taiex_10d,28,3,0.6252644560491465,1.3732991557151408,5.989576948019051,53.57142857142857,-1.445077152523779,2.298605125926351,0.104392090038336,
trust_active_quantile,A_technical_eligible,trust_signed_flow_strength,Q3,10,mfe_10d,28,3,6.339561047594967,6.3342396552093945,4.484760765568708,96.42857142857143,5.707445809878728,7.25385594463278,1.4135784223466943,
trust_active_quantile,A_technical_eligible,trust_signed_flow_strength,Q3,10,mae_10d,28,3,-7.377138729250355,-4.750523658628275,7.889925989575844,0.0,-13.647615195545411,-3.5273179844415172,-0.9350073421470642,
trust_active_quantile,A_technical_eligible,trust_signed_flow_strength,Q4,10,fwd_10d,29,3,1.5241436261450496,0.18214936247722413,13.242624662309966,51.724137931034484,-3.559840457567989,6.608553754256127,0.11509377219479291,
trust_active_quantile,A_technical_eligible,trust_signed_flow_strength,Q4,10,excess_vs_taiex_10d,29,3,-0.09174985061914318,-2.93743076703723,12.703839333031405,37.93103448275862,-2.7273712167606687,2.659562293577262,-0.007222214341186076,
trust_active_quantile,A_technical_eligible,trust_signed_flow_strength,Q4,10,mfe_10d,29,3,7.480366158970136,4.615384615384621,11.724476922111943,89.65517241379311,3.2251956369945156,11.533291853542293,0.6380127837398386,
trust_active_quantile,A_technical_eligible,trust_signed_flow_strength,Q4,10,mae_10d,29,3,-8.403117662900028,-8.047337278106504,6.4839434947558905,0.0,-12.6525831511048,-5.506829411541531,-1.295988725024568,
trust_active_quantile,A_technical_eligible,trust_signed_flow_strength,Q5,10,fwd_10d,28,3,0.6713629743161594,-0.38461538461538325,7.544637975500616,46.42857142857143,-2.0763369346421574,3.3459206258080822,0.0889854458883578,
trust_active_quantile,A_technical_eligible,trust_signed_flow_strength,Q5,10,excess_vs_taiex_10d,28,3,-1.031972028075587,-1.9398771503921886,7.379846878816498,42.857142857142854,-3.5446740804880683,0.6773283379296342,-0.13983650948609977,
trust_active_quantile,A_technical_eligible,trust_signed_flow_strength,Q5,10,mfe_10d,28,3,6.611348559245708,6.0853239424667915,5.359656532253268,100.0,3.6062916488300263,8.071571419823997,1.2335395970730632,
trust_active_quantile,A_technical_eligible,trust_signed_flow_strength,Q5,10,mae_10d,28,3,-5.672870068213812,-5.135747231198396,5.00803340807038,0.0,-6.811612232186657,-4.998796738864658,-1.1327540385557444,
actor_spread,A_technical_eligible,trust_signed_flow_strength,Q5_minus_Q1,10,daily_Q5_minus_Q1_excess_vs_taiex_10d,3,3,-1.8848579321383825,-2.0257985695457412,2.3630177436152136,33.33333333333333,-4.174250884725169,0.545475657855763,-0.79764865804804,
trust_activity,A_technical_eligible,trust_activity,active,20,fwd_20d,0,0,,,,,,,,
trust_activity,A_technical_eligible,trust_activity,active,20,excess_vs_taiex_20d,0,0,,,,,,,,
trust_activity,A_technical_eligible,trust_activity,active,20,mfe_20d,0,0,,,,,,,,
trust_activity,A_technical_eligible,trust_activity,active,20,mae_20d,0,0,,,,,,,,
trust_activity,A_technical_eligible,trust_activity,inactive,20,fwd_20d,0,0,,,,,,,,
trust_activity,A_technical_eligible,trust_activity,inactive,20,excess_vs_taiex_20d,0,0,,,,,,,,
trust_activity,A_technical_eligible,trust_activity,inactive,20,mfe_20d,0,0,,,,,,,,
trust_activity,A_technical_eligible,trust_activity,inactive,20,mae_20d,0,0,,,,,,,,
trust_active_quantile,A_technical_eligible,trust_signed_flow_strength,Q1,20,fwd_20d,0,0,,,,,,,,
trust_active_quantile,A_technical_eligible,trust_signed_flow_strength,Q1,20,excess_vs_taiex_20d,0,0,,,,,,,,
trust_active_quantile,A_technical_eligible,trust_signed_flow_strength,Q1,20,mfe_20d,0,0,,,,,,,,
trust_active_quantile,A_technical_eligible,trust_signed_flow_strength,Q1,20,mae_20d,0,0,,,,,,,,
trust_active_quantile,A_technical_eligible,trust_signed_flow_strength,Q2,20,fwd_20d,0,0,,,,,,,,
trust_active_quantile,A_technical_eligible,trust_signed_flow_strength,Q2,20,excess_vs_taiex_20d,0,0,,,,,,,,
trust_active_quantile,A_technical_eligible,trust_signed_flow_strength,Q2,20,mfe_20d,0,0,,,,,,,,
trust_active_quantile,A_technical_eligible,trust_signed_flow_strength,Q2,20,mae_20d,0,0,,,,,,,,
trust_active_quantile,A_technical_eligible,trust_signed_flow_strength,Q3,20,fwd_20d,0,0,,,,,,,,
trust_active_quantile,A_technical_eligible,trust_signed_flow_strength,Q3,20,excess_vs_taiex_20d,0,0,,,,,,,,
trust_active_quantile,A_technical_eligible,trust_signed_flow_strength,Q3,20,mfe_20d,0,0,,,,,,,,
trust_active_quantile,A_technical_eligible,trust_signed_flow_strength,Q3,20,mae_20d,0,0,,,,,,,,
trust_active_quantile,A_technical_eligible,trust_signed_flow_strength,Q4,20,fwd_20d,0,0,,,,,,,,
trust_active_quantile,A_technical_eligible,trust_signed_flow_strength,Q4,20,excess_vs_taiex_20d,0,0,,,,,,,,
trust_active_quantile,A_technical_eligible,trust_signed_flow_strength,Q4,20,mfe_20d,0,0,,,,,,,,
trust_active_quantile,A_technical_eligible,trust_signed_flow_strength,Q4,20,mae_20d,0,0,,,,,,,,
trust_active_quantile,A_technical_eligible,trust_signed_flow_strength,Q5,20,fwd_20d,0,0,,,,,,,,
trust_active_quantile,A_technical_eligible,trust_signed_flow_strength,Q5,20,excess_vs_taiex_20d,0,0,,,,,,,,
trust_active_quantile,A_technical_eligible,trust_signed_flow_strength,Q5,20,mfe_20d,0,0,,,,,,,,
trust_active_quantile,A_technical_eligible,trust_signed_flow_strength,Q5,20,mae_20d,0,0,,,,,,,,
actor_spread,A_technical_eligible,trust_signed_flow_strength,Q5_minus_Q1,20,daily_Q5_minus_Q1_excess_vs_taiex_20d,0,0,,,,,,,,
trust_activity,B_buy_high,trust_activity,active,3,fwd_3d,115,10,0.6965192882497652,0.2652519893899141,4.202166443673056,54.78260869565217,-0.048632511783942775,1.4372114986179692,0.16575242736957066,
trust_activity,B_buy_high,trust_activity,active,3,excess_vs_taiex_3d,115,10,1.3579373480914183,0.7088446262638826,5.928925088772315,51.30434782608696,-1.4424077805953415,3.812257629230832,0.22903601036602106,
trust_activity,B_buy_high,trust_activity,active,3,mfe_3d,115,10,3.2806669091174183,2.3622047244094446,3.6440614325643104,97.3913043478261,2.618058969832396,4.0471132167626,0.9002776077813889,
trust_activity,B_buy_high,trust_activity,active,3,mae_3d,115,10,-2.4647441153244114,-1.8561484918793614,2.1480186563008257,0.0,-2.9219541712050185,-2.0176115640676637,-1.1474500503496694,
trust_activity,B_buy_high,trust_activity,inactive,3,fwd_3d,34,9,-2.0086213248464495,-0.38216560509553577,6.342328993983397,44.11764705882353,-4.35113056538237,0.42071421747723126,-0.3167009038402002,
trust_activity,B_buy_high,trust_activity,inactive,3,excess_vs_taiex_3d,34,9,0.8745801104028761,1.9286537980172436,7.203954908896628,58.82352941176471,-3.6621631710391522,3.9483403220085385,0.12140277409604561,
trust_activity,B_buy_high,trust_activity,inactive,3,mfe_3d,34,9,3.4323001758679412,1.5552995391705071,4.291045171305868,88.23529411764706,1.9506221832799369,6.540109154699813,0.7998750977546597,
trust_activity,B_buy_high,trust_activity,inactive,3,mae_3d,34,9,-5.050995110735895,-3.211740435108773,5.368759585605112,0.0,-7.192026816836243,-3.123557761830982,-0.9408123105901003,
trust_active_quantile,B_buy_high,trust_signed_flow_strength,Q1,3,fwd_3d,26,10,0.5382406285648101,0.0,3.5371456748504966,42.30769230769231,-0.9954184925332119,1.9307744274904581,0.15216806941024835,
trust_active_quantile,B_buy_high,trust_signed_flow_strength,Q1,3,excess_vs_taiex_3d,26,10,1.0134116372714659,-0.49520041084077926,4.940427280018878,46.15384615384615,-1.7231842881596082,3.2006417850552897,0.2051263139465932,
trust_active_quantile,B_buy_high,trust_signed_flow_strength,Q1,3,mfe_3d,26,10,3.03476507555153,1.910928828619718,3.390205144676673,100.0,1.9592370878382717,3.9125090395517845,0.8951567666389576,
trust_active_quantile,B_buy_high,trust_signed_flow_strength,Q1,3,mae_3d,26,10,-2.3371288094324263,-2.247772420930411,1.496151684264134,0.0,-2.977735203511857,-1.853123577960937,-1.562093492266406,
trust_active_quantile,B_buy_high,trust_signed_flow_strength,Q2,3,fwd_3d,24,10,1.225664123339201,0.5551645820671025,6.12611518886561,54.166666666666664,-0.025499046195084266,2.4581108291525857,0.20007200086065646,
trust_active_quantile,B_buy_high,trust_signed_flow_strength,Q2,3,excess_vs_taiex_3d,24,10,1.9583560945049452,1.0733474097668783,7.418909746914287,54.166666666666664,-1.1026658466062398,4.5775944432114715,0.2639681787906202,
trust_active_quantile,B_buy_high,trust_signed_flow_strength,Q2,3,mfe_3d,24,10,3.63774908251735,2.4782721735254754,4.999236158038247,100.0,2.1165667819439435,5.145718702186827,0.7276609801015764,
trust_active_quantile,B_buy_high,trust_signed_flow_strength,Q2,3,mae_3d,24,10,-2.77660436350472,-1.713800904977375,2.81281053520447,0.0,-3.8021685146610285,-1.6392180135259966,-0.9871281157238989,
trust_active_quantile,B_buy_high,trust_signed_flow_strength,Q3,3,fwd_3d,23,10,1.5454750416508205,2.0454545454545503,3.0097197618526463,73.91304347826086,0.6242506530942855,2.6168759505188093,0.5134946652639502,
trust_active_quantile,B_buy_high,trust_signed_flow_strength,Q3,3,excess_vs_taiex_3d,23,10,2.131881226586165,0.813418563942303,5.266467497397003,56.52173913043478,-0.6676696611461953,4.859746185120608,0.40480288307862256,
trust_active_quantile,B_buy_high,trust_signed_flow_strength,Q3,3,mfe_3d,23,10,4.214590386114081,3.784860557768921,3.934309218472057,100.0,2.6732348588486214,6.608322789684813,1.071240248815744,
trust_active_quantile,B_buy_high,trust_signed_flow_strength,Q3,3,mae_3d,23,10,-1.884099813979869,-1.3005780346820872,1.9229581312449766,0.0,-2.494776016744175,-1.172958344186025,-0.9797924267649293,
trust_active_quantile,B_buy_high,trust_signed_flow_strength,Q4,3,fwd_3d,24,10,0.24702757693145228,0.29339250493096714,3.1611473914408763,58.333333333333336,-0.9339796357242677,1.2820787048497702,0.07814490953515936,
trust_active_quantile,B_buy_high,trust_signed_flow_strength,Q4,3,excess_vs_taiex_3d,24,10,0.9797195480971966,0.07920240954816249,6.088353075570496,50.0,-2.512742906970873,4.144155326358431,0.16091700595162906,
trust_active_quantile,B_buy_high,trust_signed_flow_strength,Q4,3,mfe_3d,24,10,2.687168819004185,2.1074616023246118,2.3202789398934183,91.66666666666666,1.837001826075942,3.957849969111471,1.1581231776932905,
trust_active_quantile,B_buy_high,trust_signed_flow_strength,Q4,3,mae_3d,24,10,-2.528356651070618,-1.9501986627459222,2.0669265495366957,0.0,-3.2865049871036915,-1.9221624149354644,-1.223244556821505,
trust_active_quantile,B_buy_high,trust_signed_flow_strength,Q5,3,fwd_3d,18,10,-0.2658369421348115,-0.14619883040936088,4.617667810479797,44.44444444444444,-2.4036709186591376,1.8640721179584925,-0.05756952493020277,
trust_active_quantile,B_buy_high,trust_signed_flow_strength,Q5,3,excess_vs_taiex_3d,18,10,0.570389379306768,0.3601693609385892,6.079679319003438,50.0,-2.6337116208911393,3.6557682658327013,0.09381899099906217,
trust_active_quantile,B_buy_high,trust_signed_flow_strength,Q5,3,mfe_3d,18,10,2.7577330037234815,1.817530405143697,2.9628854224962926,94.44444444444444,1.7712319907409055,4.47429913931243,0.9307592466400655,
trust_active_quantile,B_buy_high,trust_signed_flow_strength,Q5,3,mae_3d,18,10,-2.8903813414288466,-2.3308599523421734,2.3586811061420394,0.0,-4.222737134566004,-1.9129116400678592,-1.225422688087106,
actor_spread,B_buy_high,trust_signed_flow_strength,Q5_minus_Q1,3,daily_Q5_minus_Q1_excess_vs_taiex_3d,10,10,-0.20064328684846452,-1.1205638008359122,6.180788463067216,40.0,-3.7463421291616257,3.404526461169907,-0.03246240961770358,
trust_activity,B_buy_high,trust_activity,active,5,fwd_5d,74,8,1.7463635531619022,0.9027068437180819,5.546944304400248,59.45945945945946,1.0307933066398844,2.505218857592593,0.3148334393364211,
trust_activity,B_buy_high,trust_activity,active,5,excess_vs_taiex_5d,74,8,0.8531733100739279,-0.6024330641628162,8.343336223475733,45.94594594594595,-3.759637646414443,5.425637977920666,0.10225805208153367,
trust_activity,B_buy_high,trust_activity,active,5,mfe_5d,74,8,4.823383345350431,3.3043107685225004,4.43629199842735,97.2972972972973,4.329985703545062,5.42046298478205,1.0872556060467398,
trust_activity,B_buy_high,trust_activity,active,5,mae_5d,74,8,-3.029967034971221,-2.1809619734238006,2.5770834760416297,0.0,-3.4732849977034292,-2.4234825203477435,-1.1757349201684437,
trust_activity,B_buy_high,trust_activity,inactive,5,fwd_5d,28,7,-1.0643274115300645,-0.02820044633799479,6.337977197951197,50.0,-2.6315957732038204,1.1259829144117512,-0.1679285643176686,
trust_activity,B_buy_high,trust_activity,inactive,5,excess_vs_taiex_5d,28,7,1.0295541052087225,0.755393880356469,8.531716459309754,53.57142857142857,-4.683020871484382,5.875111562293835,0.12067373665298964,
trust_activity,B_buy_high,trust_activity,inactive,5,mfe_5d,28,7,4.761694543454621,1.7868437697659667,5.6306069956360005,96.42857142857143,3.0090587995464255,8.76613711665493,0.8456805007249077,
trust_activity,B_buy_high,trust_activity,inactive,5,mae_5d,28,7,-6.033850508707727,-4.8378294090129454,4.820302355078672,0.0,-7.61168570204396,-4.754342068780472,-1.2517576832811037,
trust_active_quantile,B_buy_high,trust_signed_flow_strength,Q1,5,fwd_5d,17,8,-0.709975145451966,-0.9280742459396696,3.378471865939309,41.17647058823529,-2.186442479574184,0.9037754276094873,-0.21014682780392882,
trust_active_quantile,B_buy_high,trust_signed_flow_strength,Q1,5,excess_vs_taiex_5d,17,8,-1.63179762050981,-1.6053502222105775,5.883523984491148,29.411764705882355,-5.539079682114402,1.9785051887868916,-0.2773503813039933,
trust_active_quantile,B_buy_high,trust_signed_flow_strength,Q1,5,mfe_5d,17,8,2.45388019752,1.7699115044247815,1.6640612834373607,100.0,1.7557284974689014,3.238305735057854,1.4746333094482875,
trust_active_quantile,B_buy_high,trust_signed_flow_strength,Q1,5,mae_5d,17,8,-3.579904556258976,-2.9288702928870314,2.5328258745741103,0.0,-5.022397747769622,-2.118460278905979,-1.4134033421705035,
trust_active_quantile,B_buy_high,trust_signed_flow_strength,Q2,5,fwd_5d,16,8,2.4924787534242165,1.5508231594524524,4.044574581997937,68.75,0.9313744760347472,4.0427158498952,0.6162523901816599,
trust_active_quantile,B_buy_high,trust_signed_flow_strength,Q2,5,excess_vs_taiex_5d,16,8,1.7242207903867572,-0.5367737515295457,9.107506182162941,43.75,-4.187760849920322,8.01327449144256,0.18931865165940212,
trust_active_quantile,B_buy_high,trust_signed_flow_strength,Q2,5,mfe_5d,16,8,4.579297299527698,2.7208636263494124,3.4620572833090715,100.0,2.887706582874969,6.183292409697411,1.3227098585586534,
trust_active_quantile,B_buy_high,trust_signed_flow_strength,Q2,5,mae_5d,16,8,-2.372199237851158,-1.651335997621961,2.1482387671438943,0.0,-3.176809636154624,-1.6684230261239814,-1.1042530626169742,
trust_active_quantile,B_buy_high,trust_signed_flow_strength,Q3,5,fwd_5d,14,8,4.037109439739326,2.043237908301032,7.392059897103418,71.42857142857143,1.278707971158062,7.469637343954708,0.5461413321774177,
trust_active_quantile,B_buy_high,trust_signed_flow_strength,Q3,5,excess_vs_taiex_5d,14,8,2.7092966461684957,2.655701906923358,9.807378879208251,57.14285714285714,-3.067074716390948,7.93563532611906,0.2762508392443402,
trust_active_quantile,B_buy_high,trust_signed_flow_strength,Q3,5,mfe_5d,14,8,7.882291530654056,6.244109042390411,6.19935330767784,100.0,5.728534936492504,10.959609096313251,1.2714699645996805,
trust_active_quantile,B_buy_high,trust_signed_flow_strength,Q3,5,mae_5d,14,8,-2.2340023756881147,-1.2250016610192038,2.4220136376796413,0.0,-3.281114068865974,-1.1714929747209681,-0.9223739870549834,
trust_active_quantile,B_buy_high,trust_signed_flow_strength,Q4,5,fwd_5d,16,8,1.2732729285833944,1.648243488794665,5.749480779875736,62.5,-1.156641872103024,3.6457496733619092,0.22145876772735534,
trust_active_quantile,B_buy_high,trust_signed_flow_strength,Q4,5,excess_vs_taiex_5d,16,8,0.5050149655459346,0.016255937253228936,8.05294354037362,50.0,-4.427267209045564,4.599707973725105,0.06271184729087324,
trust_active_quantile,B_buy_high,trust_signed_flow_strength,Q4,5,mfe_5d,16,8,4.984097108184977,3.8894922617431438,3.799730410355478,87.5,3.1549109741885424,6.675098087192041,1.3116975600694516,
trust_active_quantile,B_buy_high,trust_signed_flow_strength,Q4,5,mae_5d,16,8,-3.3366826176823583,-2.427810281818832,2.952484754704556,0.0,-4.379095120866033,-2.357616528209274,-1.1301269591199794,
trust_active_quantile,B_buy_high,trust_signed_flow_strength,Q5,5,fwd_5d,11,8,2.229901939835623,1.2062726176115701,6.486954490602831,54.54545454545454,-0.9255445357810509,6.2743451979018126,0.343751747151289,
trust_active_quantile,B_buy_high,trust_signed_flow_strength,Q5,5,excess_vs_taiex_5d,11,8,1.570678122986858,0.5006708624713418,9.420551212285853,54.54545454545454,-5.179008133507829,7.150884973482054,0.16672889808596883,
trust_active_quantile,B_buy_high,trust_signed_flow_strength,Q5,5,mfe_5d,11,8,4.713455658684747,2.7131782945736482,5.181392862766591,100.0,2.6289456500852437,7.948215500474589,0.9096889163829993,
trust_active_quantile,B_buy_high,trust_signed_flow_strength,Q5,5,mae_5d,11,8,-3.703730925754353,-4.192355117139323,2.8018224872347077,0.0,-5.293018836961888,-2.152519223577363,-1.3219006352575158,
actor_spread,B_buy_high,trust_signed_flow_strength,Q5_minus_Q1,5,daily_Q5_minus_Q1_excess_vs_taiex_5d,8,8,3.0483503031625316,1.8277420557845145,7.965445301169959,50.0,-1.7888603376372998,8.43003926752504,0.38269678441138655,
trust_activity,B_buy_high,trust_activity,active,10,fwd_10d,37,3,1.5241626408714952,1.0115606936416333,5.604699880438753,64.86486486486487,-1.2540958768456296,2.5534396136327744,0.2719436675264366,
trust_activity,B_buy_high,trust_activity,active,10,excess_vs_taiex_10d,37,3,-0.07440902878980284,-0.041610852864093495,5.951930484063926,48.64864864864865,-2.7224330226915407,3.385908854440095,-0.012501662946002186,
trust_activity,B_buy_high,trust_activity,active,10,mfe_10d,37,3,6.0560845724222965,4.330708661417315,5.231751760073356,97.2972972972973,4.1644665279610775,7.019985931309721,1.157563441491991,
trust_activity,B_buy_high,trust_activity,active,10,mae_10d,37,3,-4.07852122616103,-4.192355117139323,3.3176735499407,0.0,-4.968673801243262,-3.670948185757726,-1.2293316882349468,
trust_activity,B_buy_high,trust_activity,inactive,10,fwd_10d,19,3,-1.2675021886173614,-2.187499999999998,7.610050021050762,31.57894736842105,-4.447965320513592,1.1457030049720291,-0.16655635444067032,
trust_activity,B_buy_high,trust_activity,inactive,10,excess_vs_taiex_10d,19,3,-2.0376659378643125,-3.2439638802117865,8.32183825831848,26.31578947368421,-8.396956781192456,1.9781722457793502,-0.2448576714198295,
trust_activity,B_buy_high,trust_activity,inactive,10,mfe_10d,19,3,4.516543503852482,1.9607843137254832,5.263535224493117,94.73684210526315,2.954299667639223,6.224167913678288,0.8580817475744031,
trust_activity,B_buy_high,trust_activity,inactive,10,mae_10d,19,3,-6.7115144146192085,-5.785123966942152,5.446619399001904,0.0,-8.744272227128087,-4.977189612053337,-1.2322348824023022,
trust_active_quantile,B_buy_high,trust_signed_flow_strength,Q1,10,fwd_10d,8,3,-0.4342699889172685,0.4180755419255,3.0139416517247457,62.5,-2.8719924628251956,0.7055754891579169,-0.14408705910705172,
trust_active_quantile,B_buy_high,trust_signed_flow_strength,Q1,10,excess_vs_taiex_10d,8,3,-1.9700501078305743,-1.3024227943131295,3.8988049480543236,37.5,-4.340329608671106,1.5380447299652378,-0.5052958878626941,
trust_active_quantile,B_buy_high,trust_signed_flow_strength,Q1,10,mfe_10d,8,3,3.03804775703857,2.5302831020536876,1.8530643639633047,100.0,1.6355358238007713,4.137892670295125,1.6394723335679726,
trust_active_quantile,B_buy_high,trust_signed_flow_strength,Q1,10,mae_10d,8,3,-4.9862291508383425,-4.583560100445899,2.1747156097594837,0.0,-6.276507547882499,-3.243368622774567,-2.292818945365368,
trust_active_quantile,B_buy_high,trust_signed_flow_strength,Q2,10,fwd_10d,8,3,1.7809628365760042,2.5848076610939796,5.031658361022134,75.0,-1.9439610295850012,3.054979038532742,0.3539514626772511,
trust_active_quantile,B_buy_high,trust_signed_flow_strength,Q2,10,excess_vs_taiex_10d,8,3,0.24518271766269806,1.3367104534543761,5.467568593090317,62.5,-3.4122981754309105,3.8226984528672574,0.04484309862569436,
trust_active_quantile,B_buy_high,trust_signed_flow_strength,Q2,10,mfe_10d,8,3,7.112035339998519,5.948022831396416,5.1368120634037515,100.0,4.611397782455707,10.659996351124676,1.3845231735587278,
trust_active_quantile,B_buy_high,trust_signed_flow_strength,Q2,10,mae_10d,8,3,-3.568383791747717,-3.246813027326195,3.6700111075153092,0.0,-5.38389050590105,-1.7060367454068246,-0.972308717115465,
trust_active_quantile,B_buy_high,trust_signed_flow_strength,Q3,10,fwd_10d,7,3,2.0414670018411636,1.0115606936416333,3.481700129922379,85.71428571428571,-0.05374842095033916,4.255853282468913,0.5863419954798565,
trust_active_quantile,B_buy_high,trust_signed_flow_strength,Q3,10,excess_vs_taiex_10d,7,3,0.16736554582491095,-0.041610852864093495,4.512782637240897,42.857142857142854,-1.9869716973951976,5.088322523276234,0.037086994716687215,
trust_active_quantile,B_buy_high,trust_signed_flow_strength,Q3,10,mfe_10d,7,3,7.180642980777638,6.647398843930619,4.3445362997999375,100.0,6.225257123500615,8.036675990304342,1.6527984772755384,
trust_active_quantile,B_buy_high,trust_signed_flow_strength,Q3,10,mae_10d,7,3,-3.2450678629335212,-1.7928286852589626,3.4633801174658747,0.0,-5.164707025556308,-1.2485136741973824,-0.9369655518227983,
trust_active_quantile,B_buy_high,trust_signed_flow_strength,Q4,10,fwd_10d,8,3,1.9585297802175923,1.619433198380571,8.409830534870194,50.0,-4.967948717948717,7.023837953012742,0.2328857605509196,
trust_active_quantile,B_buy_high,trust_signed_flow_strength,Q4,10,excess_vs_taiex_10d,8,3,0.42274966130428604,-1.4738464894971992,7.998311773323309,37.5,-6.436285863794628,3.0748464923338785,0.05285486153644058,
trust_active_quantile,B_buy_high,trust_signed_flow_strength,Q4,10,mfe_10d,8,3,7.2881498621985585,4.835458930813463,7.652063303762994,87.5,1.7788461538461586,11.25551752582292,0.9524424423690435,
trust_active_quantile,B_buy_high,trust_signed_flow_strength,Q4,10,mae_10d,8,3,-4.2566271823353095,-3.1791893925145756,4.283141028143634,0.0,-5.505549905878785,-2.3411824094085336,-0.993809719167754,
trust_active_quantile,B_buy_high,trust_signed_flow_strength,Q5,10,fwd_10d,6,3,2.6103279460577578,3.620897752744412,7.490837345418115,50.0,-0.2676736539251987,4.531486245017369,0.34846944683085457,
trust_active_quantile,B_buy_high,trust_signed_flow_strength,Q5,10,excess_vs_taiex_10d,6,3,1.0820414908186062,2.3636977820707896,8.36270925431404,66.66666666666666,-4.216665114604062,5.36395548582469,0.12938886883582823,
trust_active_quantile,B_buy_high,trust_signed_flow_strength,Q5,10,mfe_10d,6,3,5.717460773382718,5.310573366214555,5.477553230063756,100.0,5.03886412253628,6.802944831397316,1.043798304323584,
trust_active_quantile,B_buy_high,trust_signed_flow_strength,Q5,10,mae_10d,6,3,-4.283314888008751,-4.2896533740927225,3.2994994781719087,0.0,-7.096177558569661,-2.3805082344756756,-1.2981711063588124,
actor_spread,B_buy_high,trust_signed_flow_strength,Q5_minus_Q1,10,daily_Q5_minus_Q1_excess_vs_taiex_10d,3,3,3.3154559876314624,3.825910755859452,3.407730257222821,66.66666666666666,-0.3187065028713634,6.439163709906299,0.9729220734546756,
trust_activity,B_buy_high,trust_activity,active,20,fwd_20d,0,0,,,,,,,,
trust_activity,B_buy_high,trust_activity,active,20,excess_vs_taiex_20d,0,0,,,,,,,,
trust_activity,B_buy_high,trust_activity,active,20,mfe_20d,0,0,,,,,,,,
trust_activity,B_buy_high,trust_activity,active,20,mae_20d,0,0,,,,,,,,
trust_activity,B_buy_high,trust_activity,inactive,20,fwd_20d,0,0,,,,,,,,
trust_activity,B_buy_high,trust_activity,inactive,20,excess_vs_taiex_20d,0,0,,,,,,,,
trust_activity,B_buy_high,trust_activity,inactive,20,mfe_20d,0,0,,,,,,,,
trust_activity,B_buy_high,trust_activity,inactive,20,mae_20d,0,0,,,,,,,,
trust_active_quantile,B_buy_high,trust_signed_flow_strength,Q1,20,fwd_20d,0,0,,,,,,,,
trust_active_quantile,B_buy_high,trust_signed_flow_strength,Q1,20,excess_vs_taiex_20d,0,0,,,,,,,,
trust_active_quantile,B_buy_high,trust_signed_flow_strength,Q1,20,mfe_20d,0,0,,,,,,,,
trust_active_quantile,B_buy_high,trust_signed_flow_strength,Q1,20,mae_20d,0,0,,,,,,,,
trust_active_quantile,B_buy_high,trust_signed_flow_strength,Q2,20,fwd_20d,0,0,,,,,,,,
trust_active_quantile,B_buy_high,trust_signed_flow_strength,Q2,20,excess_vs_taiex_20d,0,0,,,,,,,,
trust_active_quantile,B_buy_high,trust_signed_flow_strength,Q2,20,mfe_20d,0,0,,,,,,,,
trust_active_quantile,B_buy_high,trust_signed_flow_strength,Q2,20,mae_20d,0,0,,,,,,,,
trust_active_quantile,B_buy_high,trust_signed_flow_strength,Q3,20,fwd_20d,0,0,,,,,,,,
trust_active_quantile,B_buy_high,trust_signed_flow_strength,Q3,20,excess_vs_taiex_20d,0,0,,,,,,,,
trust_active_quantile,B_buy_high,trust_signed_flow_strength,Q3,20,mfe_20d,0,0,,,,,,,,
trust_active_quantile,B_buy_high,trust_signed_flow_strength,Q3,20,mae_20d,0,0,,,,,,,,
trust_active_quantile,B_buy_high,trust_signed_flow_strength,Q4,20,fwd_20d,0,0,,,,,,,,
trust_active_quantile,B_buy_high,trust_signed_flow_strength,Q4,20,excess_vs_taiex_20d,0,0,,,,,,,,
trust_active_quantile,B_buy_high,trust_signed_flow_strength,Q4,20,mfe_20d,0,0,,,,,,,,
trust_active_quantile,B_buy_high,trust_signed_flow_strength,Q4,20,mae_20d,0,0,,,,,,,,
trust_active_quantile,B_buy_high,trust_signed_flow_strength,Q5,20,fwd_20d,0,0,,,,,,,,
trust_active_quantile,B_buy_high,trust_signed_flow_strength,Q5,20,excess_vs_taiex_20d,0,0,,,,,,,,
trust_active_quantile,B_buy_high,trust_signed_flow_strength,Q5,20,mfe_20d,0,0,,,,,,,,
trust_active_quantile,B_buy_high,trust_signed_flow_strength,Q5,20,mae_20d,0,0,,,,,,,,
actor_spread,B_buy_high,trust_signed_flow_strength,Q5_minus_Q1,20,daily_Q5_minus_Q1_excess_vs_taiex_20d,0,0,,,,,,,,
actor_spread,A_technical_eligible,foreign_signed_flow_strength,Q5_minus_Q1,3,daily_Q5_minus_Q1_excess_vs_taiex_3d,10,10,-1.2920501295219704,-2.0748532879347006,2.72041340124757,30.0,-2.7149016270317587,0.37944453201397477,-0.4749462449087487,
actor_spread,A_technical_eligible,foreign_signed_flow_strength,Q5_minus_Q1,5,daily_Q5_minus_Q1_excess_vs_taiex_5d,8,8,-3.7699635389552952,-4.8926154646596345,4.263440571757481,25.0,-6.254392223814918,-1.0787001658347128,-0.8842538028860659,
actor_spread,A_technical_eligible,foreign_signed_flow_strength,Q5_minus_Q1,10,daily_Q5_minus_Q1_excess_vs_taiex_10d,3,3,2.768206084350865,4.037558181362323,2.913088244236175,66.66666666666666,-0.5641804858874053,4.831240557577678,0.9502650974710523,
actor_spread,A_technical_eligible,foreign_signed_flow_strength,Q5_minus_Q1,20,daily_Q5_minus_Q1_excess_vs_taiex_20d,0,0,,,,,,,,
actor_spread,B_buy_high,foreign_signed_flow_strength,Q5_minus_Q1,3,daily_Q5_minus_Q1_excess_vs_taiex_3d,10,10,0.2445294579048229,0.2677096420419136,4.596592687567145,50.0,-2.53572001292392,2.99784142965804,0.053197982620088506,
actor_spread,B_buy_high,foreign_signed_flow_strength,Q5_minus_Q1,5,daily_Q5_minus_Q1_excess_vs_taiex_5d,8,8,-0.4614307968562399,1.4698733843025709,6.512772932781849,62.5,-5.188455348252669,3.1641159237425485,-0.07085012814336604,
actor_spread,B_buy_high,foreign_signed_flow_strength,Q5_minus_Q1,10,daily_Q5_minus_Q1_excess_vs_taiex_10d,3,3,2.534141879459647,2.5182937898691513,1.5420291554619292,100.0,1.0000978490870331,4.084033999422756,1.6433813008551845,
actor_spread,B_buy_high,foreign_signed_flow_strength,Q5_minus_Q1,20,daily_Q5_minus_Q1_excess_vs_taiex_20d,0,0,,,,,,,,
ablation_rank_ic,A_technical_eligible,full_v21,all,3,daily_rank_ic,10,10,-0.02658308681546495,-0.08755210306934445,0.26878811853507734,30.0,-0.17322384796832507,0.12519085555674822,-0.0988997838161355,No reweighting; one existing component is removed.
ablation_spread,A_technical_eligible,full_v21,Q5_minus_Q1,3,daily_Q5_minus_Q1_excess_vs_taiex_3d,10,10,1.2214379681426635,-0.5417962087028527,4.620434077194804,30.0,-1.2108138101167325,3.9124635737357414,0.26435567475604654,No reweighting; one existing component is removed.
ablation_rank_ic,A_technical_eligible,full_v21,all,5,daily_rank_ic,8,8,-0.0388136662303776,-0.09664224664224665,0.2620758110301867,37.5,-0.2023104573415261,0.12668273588257498,-0.14810091048771734,No reweighting; one existing component is removed.
ablation_spread,A_technical_eligible,full_v21,Q5_minus_Q1,5,daily_Q5_minus_Q1_excess_vs_taiex_5d,8,8,-0.006833943597848835,-0.6462623656891175,5.335921935825698,50.0,-3.241087268973262,3.4877003436360403,-0.0012807427994711337,No reweighting; one existing component is removed.
ablation_rank_ic,A_technical_eligible,full_v21,all,10,daily_rank_ic,3,3,0.10812235382052553,0.13008009874990434,0.153457834779333,66.66666666666666,-0.055131599118197226,0.24941856182986943,0.7045736959341417,No reweighting; one existing component is removed.
ablation_spread,A_technical_eligible,full_v21,Q5_minus_Q1,10,daily_Q5_minus_Q1_excess_vs_taiex_10d,3,3,4.346693636274061,3.445187588151974,2.2825567097783495,100.0,2.6525619857538265,6.942331334916385,1.904309153701663,No reweighting; one existing component is removed.
ablation_rank_ic,A_technical_eligible,full_v21,all,20,daily_rank_ic,0,0,,,,,,,,No reweighting; one existing component is removed.
ablation_spread,A_technical_eligible,full_v21,Q5_minus_Q1,20,daily_Q5_minus_Q1_excess_vs_taiex_20d,0,0,,,,,,,,No reweighting; one existing component is removed.
ablation_rank_ic,A_technical_eligible,without_intensity,all,3,daily_rank_ic,10,10,-0.03546449694517882,-0.12023493747631676,0.2660987708439804,20.0,-0.17860686811808774,0.1160256988829926,-0.13327568869520423,No reweighting; one existing component is removed.
ablation_spread,A_technical_eligible,without_intensity,Q5_minus_Q1,3,daily_Q5_minus_Q1_excess_vs_taiex_3d,10,10,1.5439485583055625,-0.18775291138617245,4.634665250118497,50.0,-0.8767330843930691,4.1998212639316845,0.3331305444910153,No reweighting; one existing component is removed.
ablation_rank_ic,A_technical_eligible,without_intensity,all,5,daily_rank_ic,8,8,-0.04100188541497242,-0.035225885225885226,0.24872935148907863,50.0,-0.20029610517574914,0.1179380730628088,-0.164845383825852,No reweighting; one existing component is removed.
ablation_spread,A_technical_eligible,without_intensity,Q5_minus_Q1,5,daily_Q5_minus_Q1_excess_vs_taiex_5d,8,8,0.6644475745768164,0.30021196446377285,5.329135054371527,50.0,-2.6826975203600036,4.082535510054132,0.12468206712677798,No reweighting; one existing component is removed.
ablation_rank_ic,A_technical_eligible,without_intensity,all,10,daily_rank_ic,3,3,0.09207510675050028,0.12091159508199313,0.14771661077523898,66.66666666666666,-0.06793345235567826,0.22324717752518594,0.6233226328933237,No reweighting; one existing component is removed.
ablation_spread,A_technical_eligible,without_intensity,Q5_minus_Q1,10,daily_Q5_minus_Q1_excess_vs_taiex_10d,3,3,4.745740534473398,3.701096805939508,1.8661428072717792,100.0,3.635877180250018,6.900247617230666,2.54307468644989,No reweighting; one existing component is removed.
ablation_rank_ic,A_technical_eligible,without_intensity,all,20,daily_rank_ic,0,0,,,,,,,,No reweighting; one existing component is removed.
ablation_spread,A_technical_eligible,without_intensity,Q5_minus_Q1,20,daily_Q5_minus_Q1_excess_vs_taiex_20d,0,0,,,,,,,,No reweighting; one existing component is removed.
ablation_rank_ic,A_technical_eligible,without_persistence,all,3,daily_rank_ic,10,10,-0.019720512132822606,-0.08044713906782872,0.26890194140010837,30.0,-0.16690972677497787,0.134744874012844,-0.07333718763852204,No reweighting; one existing component is removed.
ablation_spread,A_technical_eligible,without_persistence,Q5_minus_Q1,3,daily_Q5_minus_Q1_excess_vs_taiex_3d,10,10,1.3140733481547975,-0.5417962087028527,4.552205860071419,30.0,-1.0690283347726965,3.9814792008552695,0.28866738204457676,No reweighting; one existing component is removed.
ablation_rank_ic,A_technical_eligible,without_persistence,all,5,daily_rank_ic,8,8,-0.0313254829239062,-0.0793040293040293,0.25867713194748265,37.5,-0.19469044140314115,0.13372674973710824,-0.12109877161567567,No reweighting; one existing component is removed.
ablation_spread,A_technical_eligible,without_persistence,Q5_minus_Q1,5,daily_Q5_minus_Q1_excess_vs_taiex_5d,8,8,-0.09234702206867396,-0.6462623656891175,5.152557199420575,50.0,-3.241087268973262,3.278668185955247,-0.01792256126318379,No reweighting; one existing component is removed.
ablation_rank_ic,A_technical_eligible,without_persistence,all,10,daily_rank_ic,3,3,0.10272263450435874,0.13161186300359587,0.15335538407261642,66.66666666666666,-0.06302278338357117,0.2395788238930515,0.6698338967722046,No reweighting; one existing component is removed.
ablation_spread,A_technical_eligible,without_persistence,Q5_minus_Q1,10,daily_Q5_minus_Q1_excess_vs_taiex_10d,3,3,4.079907735685344,3.445187588151974,1.8292486601088467,100.0,2.6525619857538265,6.141973633150232,2.2303734995998714,No reweighting; one existing component is removed.
ablation_rank_ic,A_technical_eligible,without_persistence,all,20,daily_rank_ic,0,0,,,,,,,,No reweighting; one existing component is removed.
ablation_spread,A_technical_eligible,without_persistence,Q5_minus_Q1,20,daily_Q5_minus_Q1_excess_vs_taiex_20d,0,0,,,,,,,,No reweighting; one existing component is removed.
ablation_rank_ic,A_technical_eligible,without_momentum,all,3,daily_rank_ic,10,10,-0.012091788619805565,-0.059157648956138446,0.2713522121635127,40.0,-0.16167766265539038,0.1443863430164233,-0.04456123104137157,No reweighting; one existing component is removed.
ablation_spread,A_technical_eligible,without_momentum,Q5_minus_Q1,3,daily_Q5_minus_Q1_excess_vs_taiex_3d,10,10,1.0670763021804475,0.028304960644853994,4.178969053499899,50.0,-1.180401320479197,3.5636095643586074,0.2553443896136938,No reweighting; one existing component is removed.
ablation_rank_ic,A_technical_eligible,without_momentum,all,5,daily_rank_ic,8,8,-0.0237432765044122,-0.08535916923832759,0.25441199818583776,37.5,-0.18978113660762277,0.14233640743641232,-0.09332608789570014,No reweighting; one existing component is removed.
ablation_spread,A_technical_eligible,without_momentum,Q5_minus_Q1,5,daily_Q5_minus_Q1_excess_vs_taiex_5d,8,8,0.23805808122787697,-0.3168865176565532,4.465919450793278,50.0,-2.6273448990199304,2.992110807006848,0.05330550267439125,No reweighting; one existing component is removed.
ablation_rank_ic,A_technical_eligible,without_momentum,all,10,daily_rank_ic,3,3,0.1261443148505763,0.1463945624615531,0.14249284394276768,66.66666666666666,-0.025390342504346245,0.25742872459452204,0.8852677184353359,No reweighting; one existing component is removed.
ablation_spread,A_technical_eligible,without_momentum,Q5_minus_Q1,10,daily_Q5_minus_Q1_excess_vs_taiex_10d,3,3,5.1658722142380356,3.9347356534882474,2.5680441130086487,100.0,3.445187588151974,8.117693401073886,2.011597927025422,No reweighting; one existing component is removed.
ablation_rank_ic,A_technical_eligible,without_momentum,all,20,daily_rank_ic,0,0,,,,,,,,No reweighting; one existing component is removed.
ablation_spread,A_technical_eligible,without_momentum,Q5_minus_Q1,20,daily_Q5_minus_Q1_excess_vs_taiex_20d,0,0,,,,,,,,No reweighting; one existing component is removed.
ablation_rank_ic,A_technical_eligible,without_price_confirmation,all,3,daily_rank_ic,10,10,-0.0073852238029787215,-0.08002442002442002,0.2831193257016545,40.0,-0.1657033308021419,0.1538903728402692,-0.026085198474798302,No reweighting; one existing component is removed.
ablation_spread,A_technical_eligible,without_price_confirmation,Q5_minus_Q1,3,daily_Q5_minus_Q1_excess_vs_taiex_3d,10,10,0.9082809882075418,0.3567929064990729,4.569131825763543,60.0,-1.6331642491612872,3.568600557734886,0.19878633903405923,No reweighting; one existing component is removed.
ablation_rank_ic,A_technical_eligible,without_price_confirmation,all,5,daily_rank_ic,8,8,0.0259343900245472,-0.022795008462720805,0.23706852126104636,37.5,-0.11657578895706835,0.1777911745256876,0.10939617747052012,No reweighting; one existing component is removed.
ablation_spread,A_technical_eligible,without_price_confirmation,Q5_minus_Q1,5,daily_Q5_minus_Q1_excess_vs_taiex_5d,8,8,0.41481308497188185,-0.11011368212220374,4.675538440341302,50.0,-2.3774184492043604,3.5427844936250947,0.08871985339545227,No reweighting; one existing component is removed.
ablation_rank_ic,A_technical_eligible,without_price_confirmation,all,10,daily_rank_ic,3,3,0.046198324853274686,0.046353837634037054,0.16764173193579668,66.66666666666666,-0.12152110937488281,0.21376224630066978,0.2755777115865618,No reweighting; one existing component is removed.
ablation_spread,A_technical_eligible,without_price_confirmation,Q5_minus_Q1,10,daily_Q5_minus_Q1_excess_vs_taiex_10d,3,3,4.663260611587491,3.704457241906802,1.9177396276962122,100.0,3.414007515000056,6.871317077855615,2.4316442880149918,No reweighting; one existing component is removed.
ablation_rank_ic,A_technical_eligible,without_price_confirmation,all,20,daily_rank_ic,0,0,,,,,,,,No reweighting; one existing component is removed.
ablation_spread,A_technical_eligible,without_price_confirmation,Q5_minus_Q1,20,daily_Q5_minus_Q1_excess_vs_taiex_20d,0,0,,,,,,,,No reweighting; one existing component is removed.
ablation_rank_ic,A_technical_eligible,without_relative_flow,all,3,daily_rank_ic,10,10,-0.023441367920464216,-0.0885857078562331,0.2558629348679762,20.0,-0.1584983338273682,0.12495062185565696,-0.0916168961032196,No reweighting; one existing component is removed.
ablation_spread,A_technical_eligible,without_relative_flow,Q5_minus_Q1,3,daily_Q5_minus_Q1_excess_vs_taiex_3d,10,10,1.1435905596076068,-0.5430926110197047,4.726993799224396,30.0,-1.3433776213274813,3.845580977980356,0.2419276623115619,No reweighting; one existing component is removed.
ablation_rank_ic,A_technical_eligible,without_relative_flow,all,5,daily_rank_ic,8,8,-0.03559490824057837,-0.05940553360153658,0.2584345281494385,37.5,-0.19743300641899467,0.13283637306837304,-0.1377327886310756,No reweighting; one existing component is removed.
ablation_spread,A_technical_eligible,without_relative_flow,Q5_minus_Q1,5,daily_Q5_minus_Q1_excess_vs_taiex_5d,8,8,0.09230350377085972,-0.3261162372029738,5.412667856351432,50.0,-3.231817580470637,3.662673241282588,0.017053236263619473,No reweighting; one existing component is removed.
ablation_rank_ic,A_technical_eligible,without_relative_flow,all,10,daily_rank_ic,3,3,0.09517134801571914,0.09442437819234237,0.1461635023813823,66.66666666666666,-0.050617237923598755,0.24170690377841375,0.6511293617430562,No reweighting; one existing component is removed.
ablation_spread,A_technical_eligible,without_relative_flow,Q5_minus_Q1,10,daily_Q5_minus_Q1_excess_vs_taiex_10d,3,3,4.435050421522178,3.7160039701679386,2.014523485533794,100.0,2.8787098669781197,6.7104374274204766,2.2015382066131686,No reweighting; one existing component is removed.
ablation_rank_ic,A_technical_eligible,without_relative_flow,all,20,daily_rank_ic,0,0,,,,,,,,No reweighting; one existing component is removed.
ablation_spread,A_technical_eligible,without_relative_flow,Q5_minus_Q1,20,daily_Q5_minus_Q1_excess_vs_taiex_20d,0,0,,,,,,,,No reweighting; one existing component is removed.
control_rs,A_technical_eligible,V21_within_RS_quintile,high,3,fwd_3d,229,9,-0.8016929563180538,-0.3012048192771122,5.183639203505661,44.10480349344978,-2.1400348441746266,0.8401487400781232,-0.15465832494203574,
control_rs,A_technical_eligible,V21_within_RS_quintile,high,3,excess_vs_taiex_3d,229,9,1.453794727234045,1.0718658570081807,5.7763625918687715,56.33187772925764,-1.2624228617914894,3.4850552931777097,0.2516799636644196,
control_rs,A_technical_eligible,V21_within_RS_quintile,high,3,mfe_3d,229,9,2.878658529096732,2.043010752688157,2.927191884048395,92.57641921397381,2.2832700346947608,3.543755478689642,0.9834198245710698,
control_rs,A_technical_eligible,V21_within_RS_quintile,high,3,mae_3d,229,9,-3.7074829009012014,-2.292993630573248,4.144138208999323,0.0,-4.779573282383228,-2.349814760956115,-0.8946330247505042,
control_rs,A_technical_eligible,V21_within_RS_quintile,low,3,fwd_3d,203,9,-1.4845566467386875,-0.40733197556008793,6.738946379817355,42.364532019704434,-3.6002346668545893,1.5012040199749483,-0.2202950673691105,
control_rs,A_technical_eligible,V21_within_RS_quintile,low,3,excess_vs_taiex_3d,203,9,1.0164389812028098,0.4197862195928881,6.211736999185402,51.231527093596064,-0.7536321211899771,2.1933893391980144,0.16363200524041893,
control_rs,A_technical_eligible,V21_within_RS_quintile,low,3,mfe_3d,203,9,4.002957223039695,2.2831050228310446,4.738325631682395,93.59605911330048,2.9899516589898028,5.341704673671096,0.844804163790322,
control_rs,A_technical_eligible,V21_within_RS_quintile,low,3,mae_3d,203,9,-4.844794930089848,-2.8930817610062887,5.059537887621301,0.0,-6.372850434974342,-3.0872200105284087,-0.9575568041388041,
control_rs_spread,A_technical_eligible,V21_within_RS_quintile,high_minus_low,3,daily_high_minus_low_excess_vs_taiex_3d,9,9,0.26292806499209814,0.2001699556643965,1.6317975625486467,66.66666666666666,-0.7127952882596407,1.2108547003100814,0.1611278696736378,
control_rs,A_technical_eligible,V21_within_RS_quintile,high,5,fwd_5d,167,7,-0.8348564678766144,0.0,8.0008823923526,47.90419161676647,-3.132221127165897,1.8399251777787815,-0.10434554927023883,
control_rs,A_technical_eligible,V21_within_RS_quintile,high,5,excess_vs_taiex_5d,167,7,0.168000624798762,-0.38054864727052884,8.20840623415362,44.91017964071856,-3.2236798076615694,2.8150276835694004,0.02046689942071133,
control_rs,A_technical_eligible,V21_within_RS_quintile,high,5,mfe_5d,167,7,4.250567948714907,2.9279279279279313,4.836171476636814,94.61077844311377,3.5208213780969895,5.16607461272874,0.8789117526640827,
control_rs,A_technical_eligible,V21_within_RS_quintile,high,5,mae_5d,167,7,-5.474642687618232,-3.2028469750889688,6.265867744996557,0.0,-7.180151953030451,-3.1265928632873488,-0.8737245837960533,
control_rs,A_technical_eligible,V21_within_RS_quintile,low,5,fwd_5d,148,7,-1.6851173888118898,-0.7034471383803365,9.01674270564614,44.5945945945946,-4.373211892686895,2.1317442739825574,-0.18688759830716875,
control_rs,A_technical_eligible,V21_within_RS_quintile,low,5,excess_vs_taiex_5d,148,7,-0.5225871375076523,-1.3152970673114883,8.443564743283359,43.91891891891892,-2.6773383283698684,1.537898603184024,-0.061891766498664805,
control_rs,A_technical_eligible,V21_within_RS_quintile,low,5,mfe_5d,148,7,4.826143938971855,2.5944626872385412,5.482817486751139,95.27027027027027,3.728563191420309,6.637006967864309,0.8802306388337581,
control_rs,A_technical_eligible,V21_within_RS_quintile,low,5,mae_5d,148,7,-7.114720589043649,-4.543600203977566,7.059467235598152,0.0,-8.726983756261959,-4.336997567153293,-1.007826844661432,
control_rs_spread,A_technical_eligible,V21_within_RS_quintile,high_minus_low,5,daily_high_minus_low_excess_vs_taiex_5d,7,7,0.12020776293720423,1.6069236325788006,2.0515260453529276,57.14285714285714,-1.444543929508705,1.3107996075094324,0.058594314807504516,
control_rs,A_technical_eligible,V21_within_RS_quintile,high,10,fwd_10d,107,3,1.4412646769017583,0.49261083743843415,10.041276430579382,53.271028037383175,-0.2832236333636767,3.907555617495792,0.14353401052804174,
control_rs,A_technical_eligible,V21_within_RS_quintile,high,10,excess_vs_taiex_10d,107,3,-0.024754283735647815,-1.0492511893002043,9.949181798620836,43.925233644859816,-1.7515607792095873,1.2857810303586739,-0.002488072309531953,
control_rs,A_technical_eligible,V21_within_RS_quintile,high,10,mfe_10d,107,3,6.921758666167833,4.374999999999996,8.426460079640393,93.45794392523365,5.049627149081753,8.616623199644106,0.821431372219024,
control_rs,A_technical_eligible,V21_within_RS_quintile,high,10,mae_10d,107,3,-7.6025359459615105,-5.3497942386831365,7.086699799234168,0.0,-9.234446838690964,-5.60491670400984,-1.072789332318421,
control_rs,A_technical_eligible,V21_within_RS_quintile,low,10,fwd_10d,99,3,-0.5051885607097818,-0.48309178743961567,7.67673035035936,47.474747474747474,-1.5784098864601692,1.4330651660924096,-0.06580777722460097,
control_rs,A_technical_eligible,V21_within_RS_quintile,low,10,excess_vs_taiex_10d,99,3,-2.0371083074273115,-1.2584085010376,7.603834220760529,39.39393939393939,-3.017530328514766,-0.7459406456528487,-0.26790540775671484,
control_rs,A_technical_eligible,V21_within_RS_quintile,low,10,mfe_10d,99,3,6.0426026901388115,4.330708661417315,6.655258752286909,95.95959595959596,4.655314881991587,7.504000802200223,0.9079440657453666,
control_rs,A_technical_eligible,V21_within_RS_quintile,low,10,mae_10d,99,3,-9.603605834416387,-8.403361344537819,7.580713158628038,0.0,-10.902302137139968,-7.642014928975748,-1.2668472785421223,
control_rs_spread,A_technical_eligible,V21_within_RS_quintile,high_minus_low,10,daily_high_minus_low_excess_vs_taiex_10d,3,3,1.9240605589066944,2.0317216760115233,0.61141138344347,100.0,1.2659695493051788,2.474490451403381,3.1469164804724143,
control_rs,A_technical_eligible,V21_within_RS_quintile,high,20,fwd_20d,0,0,,,,,,,,
control_rs,A_technical_eligible,V21_within_RS_quintile,high,20,excess_vs_taiex_20d,0,0,,,,,,,,
control_rs,A_technical_eligible,V21_within_RS_quintile,high,20,mfe_20d,0,0,,,,,,,,
control_rs,A_technical_eligible,V21_within_RS_quintile,high,20,mae_20d,0,0,,,,,,,,
control_rs,A_technical_eligible,V21_within_RS_quintile,low,20,fwd_20d,0,0,,,,,,,,
control_rs,A_technical_eligible,V21_within_RS_quintile,low,20,excess_vs_taiex_20d,0,0,,,,,,,,
control_rs,A_technical_eligible,V21_within_RS_quintile,low,20,mfe_20d,0,0,,,,,,,,
control_rs,A_technical_eligible,V21_within_RS_quintile,low,20,mae_20d,0,0,,,,,,,,
control_rs_spread,A_technical_eligible,V21_within_RS_quintile,high_minus_low,20,daily_high_minus_low_excess_vs_taiex_20d,0,0,,,,,,,,
control_technical,A_technical_eligible,V21_within_grade_base_dist20,high,3,fwd_3d,137,10,-1.7445059166537973,-1.0288065843621408,5.991677492535653,37.95620437956204,-2.9661474134895074,0.15793114524709817,-0.29115484250063156,
control_technical,A_technical_eligible,V21_within_grade_base_dist20,high,3,excess_vs_taiex_3d,137,10,1.6205329507758386,0.7211117995933325,6.3372998283104325,52.55474452554745,-1.573450460565136,3.4041915108073546,0.2557134733528749,
control_technical,A_technical_eligible,V21_within_grade_base_dist20,high,3,mfe_3d,137,10,2.6521252456570097,1.6483516483516425,2.9375247975901706,91.97080291970804,2.1876096052219425,3.297153046551603,0.902843525893878,
control_technical,A_technical_eligible,V21_within_grade_base_dist20,high,3,mae_3d,137,10,-4.5168783979713405,-2.5656324582338907,4.9715515967137645,0.0,-5.692736768487735,-2.5790626331490767,-0.9085450105671302,
control_technical,A_technical_eligible,V21_within_grade_base_dist20,low,3,fwd_3d,125,10,-2.151689954977789,-0.6353240152477735,6.852528512070994,44.0,-4.19988845675863,1.465747807824229,-0.31399941659308733,
control_technical,A_technical_eligible,V21_within_grade_base_dist20,low,3,excess_vs_taiex_3d,125,10,1.3584824668553752,1.7809829230438279,6.3481730091771,60.8,-0.6976676019539614,2.4943715162060407,0.21399581657455052,
control_technical,A_technical_eligible,V21_within_grade_base_dist20,low,3,mfe_3d,125,10,3.5019132406320943,2.211302211302213,4.258395078772218,92.0,2.6201461535574606,4.6419447684779955,0.8223551774444017,
control_technical,A_technical_eligible,V21_within_grade_base_dist20,low,3,mae_3d,125,10,-5.0303218203266935,-2.6683608640406753,5.513940995051391,0.0,-6.783952703075549,-2.678940935540843,-0.9122915578605697,
control_technical_spread,A_technical_eligible,V21_within_grade_base_dist20,high_minus_low,3,daily_high_minus_low_excess_vs_taiex_3d,10,10,0.4340641741695507,1.0828568340821212,3.3040414062120522,60.0,-1.6496604930301122,2.2520288403183573,0.13137370898362544,
control_technical,A_technical_eligible,V21_within_grade_base_dist20,high,5,fwd_5d,98,8,-1.4453694334054537,-0.07032348804500432,9.239375932738556,48.97959183673469,-4.05315826720094,2.461219212194059,-0.15643582899186628,
control_technical,A_technical_eligible,V21_within_grade_base_dist20,high,5,excess_vs_taiex_5d,98,8,1.121476467359901,-0.16322437884298546,9.0235400904349,47.95918367346938,-2.1722224825906578,3.2120298097468103,0.12428342492196431,
control_technical,A_technical_eligible,V21_within_grade_base_dist20,high,5,mfe_5d,98,8,4.56685889945341,3.0447113780447066,5.602595762057919,95.91836734693877,3.854310522367206,5.453393646320806,0.8151326801732226,
control_technical,A_technical_eligible,V21_within_grade_base_dist20,high,5,mae_5d,98,8,-6.912790797956212,-4.3302279522751945,7.315199405420775,0.0,-8.391829883396772,-4.041292372187268,-0.9449900699676941,
control_technical,A_technical_eligible,V21_within_grade_base_dist20,low,5,fwd_5d,90,8,-3.1043649782727276,-1.7142377679522591,9.972584695987432,41.11111111111111,-5.623179691978188,1.8001417981886525,-0.3112899085752362,
control_technical,A_technical_eligible,V21_within_grade_base_dist20,low,5,excess_vs_taiex_5d,90,8,-0.14232600630162343,0.11747808395569659,9.84264715246254,51.11111111111111,-4.3571704820701385,2.4686817781295263,-0.01446013497151676,
control_technical,A_technical_eligible,V21_within_grade_base_dist20,low,5,mfe_5d,90,8,4.13742004887136,2.343893059879143,5.223625895264936,91.11111111111111,3.0425796348631478,5.983598456507545,0.7920590279295863,
control_technical,A_technical_eligible,V21_within_grade_base_dist20,low,5,mae_5d,90,8,-8.034213061092666,-5.239103118691551,7.900225928222393,0.0,-9.529534272788094,-4.71748573308804,-1.016959911537672,
control_technical_spread,A_technical_eligible,V21_within_grade_base_dist20,high_minus_low,5,daily_high_minus_low_excess_vs_taiex_5d,8,8,1.2193035222629378,2.2656959981968736,3.3738073404830975,75.0,-1.262827754073695,3.2239136318252246,0.3614028304557382,
control_technical,A_technical_eligible,V21_within_grade_base_dist20,high,10,fwd_10d,78,3,1.781125367098,0.7432804582507169,10.560518184103758,55.12820512820513,0.7151277130219924,3.554879838334184,0.16865889874410167,
control_technical,A_technical_eligible,V21_within_grade_base_dist20,high,10,excess_vs_taiex_10d,78,3,0.36621749763132955,-0.5376810229451079,10.522390577730226,46.15384615384615,-0.5512784600912967,1.5475969538293135,0.03480364038248102,
control_technical,A_technical_eligible,V21_within_grade_base_dist20,high,10,mfe_10d,78,3,7.62691301807133,5.160766633270253,9.316336315951258,94.87179487179486,5.853611453985881,9.21057943745659,0.8186601212552483,
control_technical,A_technical_eligible,V21_within_grade_base_dist20,high,10,mae_10d,78,3,-8.577340643430347,-6.325485612511821,7.585187530937487,0.0,-9.732344784715496,-7.106338204613705,-1.130801395278125,
control_technical,A_technical_eligible,V21_within_grade_base_dist20,low,10,fwd_10d,73,3,-1.3512342341713763,-1.6042780748663055,8.868521078860656,42.465753424657535,-4.75968512993442,1.1786612419808686,-0.15236297260342874,
control_technical,A_technical_eligible,V21_within_grade_base_dist20,low,10,excess_vs_taiex_10d,73,3,-2.6265563003335535,-1.7778548067835853,8.868806361286367,36.986301369863014,-6.228022275780331,-0.6054470621041218,-0.29615668595481515,
control_technical,A_technical_eligible,V21_within_grade_base_dist20,low,10,mfe_10d,73,3,5.939472378247218,3.960396039603964,6.947056776095901,93.15068493150685,3.41836292362234,7.9702696046949155,0.8549624063364969,
control_technical,A_technical_eligible,V21_within_grade_base_dist20,low,10,mae_10d,73,3,-9.955821530826267,-8.560311284046696,8.049574722879564,0.0,-12.511322221482581,-7.7129624434882595,-1.2368133564284478,
control_technical_spread,A_technical_eligible,V21_within_grade_base_dist20,high_minus_low,10,daily_high_minus_low_excess_vs_taiex_10d,3,3,3.4020021426585956,2.376218596353316,1.9731419063519953,100.0,2.153044015933436,5.676743815689034,1.724154827236081,
control_technical,A_technical_eligible,V21_within_grade_base_dist20,high,20,fwd_20d,0,0,,,,,,,,
control_technical,A_technical_eligible,V21_within_grade_base_dist20,high,20,excess_vs_taiex_20d,0,0,,,,,,,,
control_technical,A_technical_eligible,V21_within_grade_base_dist20,high,20,mfe_20d,0,0,,,,,,,,
control_technical,A_technical_eligible,V21_within_grade_base_dist20,high,20,mae_20d,0,0,,,,,,,,
control_technical,A_technical_eligible,V21_within_grade_base_dist20,low,20,fwd_20d,0,0,,,,,,,,
control_technical,A_technical_eligible,V21_within_grade_base_dist20,low,20,excess_vs_taiex_20d,0,0,,,,,,,,
control_technical,A_technical_eligible,V21_within_grade_base_dist20,low,20,mfe_20d,0,0,,,,,,,,
control_technical,A_technical_eligible,V21_within_grade_base_dist20,low,20,mae_20d,0,0,,,,,,,,
control_technical_spread,A_technical_eligible,V21_within_grade_base_dist20,high_minus_low,20,daily_high_minus_low_excess_vs_taiex_20d,0,0,,,,,,,,
stability,A_technical_eligible,month,2026-07,3,daily_Q5_minus_Q1_excess_vs_taiex_3d,7,7,2.6484580576362506,-0.36303852363941,4.895572845567321,42.857142857142854,-0.36771109545990743,5.87660206046609,0.5409904297582433,
stability,A_technical_eligible,month,2026-07,5,daily_Q5_minus_Q1_excess_vs_taiex_5d,7,7,0.5606444757410048,0.3143669317457425,5.496524083111114,57.14285714285714,-3.191339642059676,4.201006041060863,0.10199982157153976,
stability,A_technical_eligible,month,2026-07,10,daily_Q5_minus_Q1_excess_vs_taiex_10d,3,3,4.346693636274061,3.445187588151974,2.2825567097783495,100.0,2.6525619857538265,6.942331334916385,1.904309153701663,
stability,A_technical_eligible,month,2026-07,20,daily_Q5_minus_Q1_excess_vs_taiex_20d,0,0,,,,,,,,
stability,A_technical_eligible,month,2026-08,3,daily_Q5_minus_Q1_excess_vs_taiex_3d,3,3,-2.1082755740090384,-2.1147912476290327,0.640397325375795,0.0,-2.745390202133653,-1.4646452722644299,-3.29213675708572,
stability,A_technical_eligible,month,2026-08,5,daily_Q5_minus_Q1_excess_vs_taiex_5d,1,1,-3.9791828789698274,-3.9791828789698274,,0.0,-3.9791828789698274,-3.9791828789698274,,
stability,A_technical_eligible,month,2026-08,10,daily_Q5_minus_Q1_excess_vs_taiex_10d,0,0,,,,,,,,
stability,A_technical_eligible,month,2026-08,20,daily_Q5_minus_Q1_excess_vs_taiex_20d,0,0,,,,,,,,
stability,A_technical_eligible,quarter,2026Q3,3,daily_Q5_minus_Q1_excess_vs_taiex_3d,10,10,1.2214379681426635,-0.5417962087028527,4.620434077194804,30.0,-1.2108138101167325,3.9124635737357414,0.26435567475604654,
stability,A_technical_eligible,quarter,2026Q3,5,daily_Q5_minus_Q1_excess_vs_taiex_5d,8,8,-0.006833943597848835,-0.6462623656891175,5.335921935825698,50.0,-3.241087268973262,3.4877003436360403,-0.0012807427994711337,
stability,A_technical_eligible,quarter,2026Q3,10,daily_Q5_minus_Q1_excess_vs_taiex_10d,3,3,4.346693636274061,3.445187588151974,2.2825567097783495,100.0,2.6525619857538265,6.942331334916385,1.904309153701663,
stability,A_technical_eligible,quarter,2026Q3,20,daily_Q5_minus_Q1_excess_vs_taiex_20d,0,0,,,,,,,,
stability,A_technical_eligible,market_regime,bear_break60,3,daily_Q5_minus_Q1_excess_vs_taiex_3d,6,6,-0.697209290640647,-0.6726618794798467,1.1051607812131905,16.666666666666664,-1.4177982672300538,0.1953492121676843,-0.6308668408186593,
stability,A_technical_eligible,market_regime,bear_break60,5,daily_Q5_minus_Q1_excess_vs_taiex_5d,5,5,-3.124077004864372,-3.9791828789698274,2.452289352169519,20.0,-4.822116913790907,-1.2181185799703842,-1.2739430614501215,
stability,A_technical_eligible,market_regime,bear_break60,10,daily_Q5_minus_Q1_excess_vs_taiex_10d,0,0,,,,,,,,
stability,A_technical_eligible,market_regime,bear_break60,20,daily_Q5_minus_Q1_excess_vs_taiex_20d,0,0,,,,,,,,
stability,A_technical_eligible,market_regime,healthy_pullback,3,daily_Q5_minus_Q1_excess_vs_taiex_3d,1,1,-2.745390202133653,-2.745390202133653,,0.0,-2.745390202133653,-2.745390202133653,,
stability,A_technical_eligible,market_regime,healthy_pullback,5,daily_Q5_minus_Q1_excess_vs_taiex_5d,0,0,,,,,,,,
stability,A_technical_eligible,market_regime,healthy_pullback,10,daily_Q5_minus_Q1_excess_vs_taiex_10d,0,0,,,,,,,,
stability,A_technical_eligible,market_regime,healthy_pullback,20,daily_Q5_minus_Q1_excess_vs_taiex_20d,0,0,,,,,,,,
stability,A_technical_eligible,market_regime,strong_bull,3,daily_Q5_minus_Q1_excess_vs_taiex_3d,1,1,-0.36303852363941,-0.36303852363941,,0.0,-0.36303852363941,-0.36303852363941,,
stability,A_technical_eligible,market_regime,strong_bull,5,daily_Q5_minus_Q1_excess_vs_taiex_5d,1,1,0.5919099728934278,0.5919099728934278,,100.0,0.5919099728934278,0.5919099728934278,,
stability,A_technical_eligible,market_regime,strong_bull,10,daily_Q5_minus_Q1_excess_vs_taiex_10d,1,1,2.6525619857538265,2.6525619857538265,,100.0,2.6525619857538265,2.6525619857538265,,
stability,A_technical_eligible,market_regime,strong_bull,20,daily_Q5_minus_Q1_excess_vs_taiex_20d,0,0,,,,,,,,
stability,A_technical_eligible,market_regime,weak_bounce,3,daily_Q5_minus_Q1_excess_vs_taiex_3d,2,2,9.75303207552179,9.75303207552179,0.3450600820258267,100.0,9.509037751604541,9.997026399439038,28.26473586357,
stability,A_technical_eligible,market_regime,weak_bounce,5,daily_Q5_minus_Q1_excess_vs_taiex_5d,2,2,7.48690175132282,7.48690175132282,3.7407062095628367,100.0,4.841823024114312,10.131980478531329,2.0014674587870904,
stability,A_technical_eligible,market_regime,weak_bounce,10,daily_Q5_minus_Q1_excess_vs_taiex_10d,2,2,5.193759461534179,5.193759461534179,2.4728540581212446,100.0,3.445187588151974,6.942331334916384,2.1003097390551817,
stability,A_technical_eligible,market_regime,weak_bounce,20,daily_Q5_minus_Q1_excess_vs_taiex_20d,0,0,,,,,,,,
top_n_portfolio,A_technical_eligible,V1_chip_bonus,Top5,5,daily_equal_weight_fwd_5d,8,8,-0.6672979134590449,1.2381146691318965,7.26025574472114,75.0,-5.590382615987324,3.0698688769309492,-0.09191107543893762,"Overlapping holding periods; ranking research only, not tradable backtest."
top_n_portfolio,A_technical_eligible,V1_chip_bonus,Top5,5,daily_equal_weight_excess_vs_taiex_5d,8,8,-3.0101334386712226,-2.8811932609883506,4.418422829564585,25.0,-6.025082353297818,-0.295003989619958,-0.6812687591893186,"Overlapping holding periods; ranking research only, not tradable backtest."
top_n_portfolio,A_technical_eligible,V1_chip_bonus,Top5,10,daily_equal_weight_fwd_10d,3,3,-0.3918656942377674,-0.3674533573280204,1.773860937938311,33.33333333333333,-2.1778068078009394,1.3696630824156575,-0.22091116944782466,"Overlapping holding periods; ranking research only, not tradable backtest."
top_n_portfolio,A_technical_eligible,V1_chip_bonus,Top5,10,daily_equal_weight_excess_vs_taiex_10d,3,3,-1.9201521494769185,-1.3453375669936185,2.166842492595405,0.0,-4.316444818006883,-0.09867406343025298,-0.8861521573619294,"Overlapping holding periods; ranking research only, not tradable backtest."
top_n_portfolio,A_technical_eligible,V1_chip_bonus,Top5,20,daily_equal_weight_fwd_20d,0,0,,,,,,,,"Overlapping holding periods; ranking research only, not tradable backtest."
top_n_portfolio,A_technical_eligible,V1_chip_bonus,Top5,20,daily_equal_weight_excess_vs_taiex_20d,0,0,,,,,,,,"Overlapping holding periods; ranking research only, not tradable backtest."
top_n_portfolio,A_technical_eligible,V1_chip_bonus,Top10,5,daily_equal_weight_fwd_5d,8,8,-0.1289752231682023,0.9415810792013979,4.5854741573739926,75.0,-3.3597036193311727,2.143568700329603,-0.02812691092387789,"Overlapping holding periods; ranking research only, not tradable backtest."
top_n_portfolio,A_technical_eligible,V1_chip_bonus,Top10,5,daily_equal_weight_excess_vs_taiex_5d,8,8,-2.471810748380381,-0.5186784841096702,4.128883657418556,25.0,-5.494559935628072,-0.10944864810539978,-0.5986632110447492,"Overlapping holding periods; ranking research only, not tradable backtest."
top_n_portfolio,A_technical_eligible,V1_chip_bonus,Top10,10,daily_equal_weight_fwd_10d,3,3,0.7308559150126875,-0.5371119080868538,2.3950096084871584,33.33333333333333,-0.7636019096459746,3.4932815627708913,0.3051578216733514,"Overlapping holding periods; ranking research only, not tradable backtest."
top_n_portfolio,A_technical_eligible,V1_chip_bonus,Top10,10,daily_equal_weight_excess_vs_taiex_10d,3,3,-0.797430540226463,0.06886733116134644,3.340851660634639,66.66666666666666,-4.486103368765717,2.0249444169249813,-0.23869079541082663,"Overlapping holding periods; ranking research only, not tradable backtest."
top_n_portfolio,A_technical_eligible,V1_chip_bonus,Top10,20,daily_equal_weight_fwd_20d,0,0,,,,,,,,"Overlapping holding periods; ranking research only, not tradable backtest."
top_n_portfolio,A_technical_eligible,V1_chip_bonus,Top10,20,daily_equal_weight_excess_vs_taiex_20d,0,0,,,,,,,,"Overlapping holding periods; ranking research only, not tradable backtest."
top_n_portfolio,A_technical_eligible,V1_chip_bonus,Top20,5,daily_equal_weight_fwd_5d,8,8,-0.16487260803472537,0.9762464983185564,3.751674153644295,75.0,-2.624806799558371,1.906129935988701,-0.043946409331570464,"Overlapping holding periods; ranking research only, not tradable backtest."
top_n_portfolio,A_technical_eligible,V1_chip_bonus,Top20,5,daily_equal_weight_excess_vs_taiex_5d,8,8,-2.5077081332469042,-1.6214366769091797,4.25635978419773,25.0,-5.532083683002526,0.013866337044684792,-0.5891673308626507,"Overlapping holding periods; ranking research only, not tradable backtest."
top_n_portfolio,A_technical_eligible,V1_chip_bonus,Top20,10,daily_equal_weight_fwd_10d,3,3,0.5491910729700051,0.7973461643468667,0.8879360938294599,66.66666666666666,-0.43642277183351547,1.2866498263966641,0.6185029269409164,"Overlapping holding periods; ranking research only, not tradable backtest."
top_n_portfolio,A_technical_eligible,V1_chip_bonus,Top20,10,daily_equal_weight_excess_vs_taiex_10d,3,3,-0.979095382269146,-1.904759917679426,2.7546107471051986,33.33333333333333,-3.151645296331997,2.1191190672039846,-0.3554387433135773,"Overlapping holding periods; ranking research only, not tradable backtest."
top_n_portfolio,A_technical_eligible,V1_chip_bonus,Top20,20,daily_equal_weight_fwd_20d,0,0,,,,,,,,"Overlapping holding periods; ranking research only, not tradable backtest."
top_n_portfolio,A_technical_eligible,V1_chip_bonus,Top20,20,daily_equal_weight_excess_vs_taiex_20d,0,0,,,,,,,,"Overlapping holding periods; ranking research only, not tradable backtest."
top_n_portfolio,A_technical_eligible,V21_capital_flow,Top5,5,daily_equal_weight_fwd_5d,8,8,1.3176953690735584,1.579081218122084,2.9667738475699106,87.5,-0.5295804827659666,3.2057496125554117,0.44415093187938304,"Overlapping holding periods; ranking research only, not tradable backtest."
top_n_portfolio,A_technical_eligible,V21_capital_flow,Top5,5,daily_equal_weight_excess_vs_taiex_5d,8,8,-1.02514015613862,-1.4835331509001937,5.755119917707787,37.5,-4.733946108833425,2.554819606521531,-0.17812663694189784,"Overlapping holding periods; ranking research only, not tradable backtest."
top_n_portfolio,A_technical_eligible,V21_capital_flow,Top5,10,daily_equal_weight_fwd_10d,3,3,6.563336622635809,5.3581775378243135,7.238363556778208,100.0,0.003193172679147871,14.328639157403964,0.9067431569515068,"Overlapping holding periods; ranking research only, not tradable backtest."
top_n_portfolio,A_technical_eligible,V21_capital_flow,Top5,10,daily_equal_weight_excess_vs_taiex_10d,3,3,5.035050167396659,3.889840391978403,4.87396582301867,100.0,0.8356624134864689,10.379647696725105,1.033049953616257,"Overlapping holding periods; ranking research only, not tradable backtest."
top_n_portfolio,A_technical_eligible,V21_capital_flow,Top5,20,daily_equal_weight_fwd_20d,0,0,,,,,,,,"Overlapping holding periods; ranking research only, not tradable backtest."
top_n_portfolio,A_technical_eligible,V21_capital_flow,Top5,20,daily_equal_weight_excess_vs_taiex_20d,0,0,,,,,,,,"Overlapping holding periods; ranking research only, not tradable backtest."
top_n_portfolio,A_technical_eligible,V21_capital_flow,Top10,5,daily_equal_weight_fwd_5d,8,8,0.3060015793982512,1.0140377686971918,3.2561405536563006,75.0,-1.92539865076919,1.9331242910332644,0.09397677230322378,"Overlapping holding periods; ranking research only, not tradable backtest."
top_n_portfolio,A_technical_eligible,V21_capital_flow,Top10,5,daily_equal_weight_excess_vs_taiex_5d,8,8,-2.036833945813927,-2.0926036231617817,5.188367506301095,37.5,-5.676875576999624,1.1833790992260405,-0.39257703764050284,"Overlapping holding periods; ranking research only, not tradable backtest."
top_n_portfolio,A_technical_eligible,V21_capital_flow,Top10,10,daily_equal_weight_fwd_10d,3,3,3.3223255681963164,3.620013240866534,4.375397128712453,66.66666666666666,-1.1943136583900713,7.541277122112487,0.7593197761168656,"Overlapping holding periods; ranking research only, not tradable backtest."
top_n_portfolio,A_technical_eligible,V21_capital_flow,Top10,10,daily_equal_weight_excess_vs_taiex_10d,3,3,1.7940391129571658,2.1516760950206235,2.001178235103037,66.66666666666666,-0.3618444175827508,3.5922856614336247,0.8964914176496598,"Overlapping holding periods; ranking research only, not tradable backtest."
top_n_portfolio,A_technical_eligible,V21_capital_flow,Top10,20,daily_equal_weight_fwd_20d,0,0,,,,,,,,"Overlapping holding periods; ranking research only, not tradable backtest."
top_n_portfolio,A_technical_eligible,V21_capital_flow,Top10,20,daily_equal_weight_excess_vs_taiex_20d,0,0,,,,,,,,"Overlapping holding periods; ranking research only, not tradable backtest."
top_n_portfolio,A_technical_eligible,V21_capital_flow,Top20,5,daily_equal_weight_fwd_5d,8,8,0.5444603167179397,1.229233768636084,2.5014395729397068,75.0,-1.1610504175879435,1.8606828065349916,0.2176587924041222,"Overlapping holding periods; ranking research only, not tradable backtest."
top_n_portfolio,A_technical_eligible,V21_capital_flow,Top20,5,daily_equal_weight_excess_vs_taiex_5d,8,8,-1.798375208494238,-1.614148072549808,5.124772874961359,37.5,-5.426880938857505,1.5467708296337632,-0.3509180313689117,"Overlapping holding periods; ranking research only, not tradable backtest."
top_n_portfolio,A_technical_eligible,V21_capital_flow,Top20,10,daily_equal_weight_fwd_10d,3,3,1.7966574549220968,1.396537390564408,1.398168585095725,100.0,0.6421683580833253,3.3512666161185565,1.2850077408934841,"Overlapping holding periods; ranking research only, not tradable backtest."
top_n_portfolio,A_technical_eligible,V21_capital_flow,Top20,10,daily_equal_weight_excess_vs_taiex_10d,3,3,0.2683709996829455,-0.07179975528150248,1.0772458545551766,33.33333333333333,-0.5977248445603071,1.474637598890646,0.24912697370626039,"Overlapping holding periods; ranking research only, not tradable backtest."
top_n_portfolio,A_technical_eligible,V21_capital_flow,Top20,20,daily_equal_weight_fwd_20d,0,0,,,,,,,,"Overlapping holding periods; ranking research only, not tradable backtest."
top_n_portfolio,A_technical_eligible,V21_capital_flow,Top20,20,daily_equal_weight_excess_vs_taiex_20d,0,0,,,,,,,,"Overlapping holding periods; ranking research only, not tradable backtest."
