code,name,industry,as_of_date,formal_category,formal_final_score,chip_bonus_v1,v1_rank,v2_rank,rank_change,v1_percentile,v2_percentile,foreign_5d_v1,trust_5d_v1,dealer_5d_v1,institution_5d_total_v1,foreign_consecutive_v1,trust_consecutive_v1,chip_tier_v1,shadow_mode,capital_flow_v2_available,foreign_flow_1d,foreign_flow_3d,foreign_flow_5d,foreign_flow_10d,foreign_flow_1d_shares,foreign_flow_3d_shares,foreign_flow_5d_shares,foreign_flow_10d_shares,trust_flow_1d,trust_flow_3d,trust_flow_5d,trust_flow_10d,trust_flow_1d_shares,trust_flow_3d_shares,trust_flow_5d_shares,trust_flow_10d_shares,foreign_flow_ratio_1d,foreign_flow_ratio_3d,foreign_flow_ratio_5d,foreign_flow_ratio_10d,trust_flow_ratio_1d,trust_flow_ratio_3d,trust_flow_ratio_5d,trust_flow_ratio_10d,foreign_amount_ratio_5d,trust_amount_ratio_5d,foreign_positive_days_5,foreign_positive_days_10,trust_positive_days_5,trust_positive_days_10,foreign_consecutive_buy,trust_consecutive_buy,foreign_flow_momentum,trust_flow_momentum,return_1d,return_3d,return_5d,stock_return20,stock_return60,taiex_return20,taiex_return60,rs5,rs20,rs60,rs20_percentile,rs60_percentile,foreign_flow_intensity_percentile,trust_flow_intensity_percentile,foreign_flow_percentile,trust_flow_percentile,multi_flow_confirmation,dealer_prop_flow_5d_shares,dealer_hedge_flow_5d_shares,dealer_unknown_flow_5d_shares,dealer_flow_detail_level,flow_price_quadrant,flow_price_state,flow_identity_score,flow_intensity_score,flow_persistence_score,flow_momentum_score,flow_price_confirmation_score,flow_relative_score,capital_flow_score_v2_shadow,current_research_rank,shadow_rank_v2,shadow_rank_change,case,movement_reason
1101,台泥,水泥工業,2026-08-10,high_priority_watch,58,14,14,22,-8,97.78357235984355,97.26205997392438,10867,2,-467,10402,4,0,外資鎖碼,True,True,3692.861,21506.166,10870.038,10416.707,3692861,21506166,10870038,10416707,0.0,-2.0,2.0,178.0,0,-2000,2000,178000,0.2530050013702384,0.35099500587544064,0.10154263935207242,0.03521465757962989,0.0,-3.264133698916308e-05,1.86830330035778e-05,0.0006017457387612152,0.10636090255893692,1.83885209948035e-05,4,8,1,6,4,0,decelerating,reversing_negative,0.8213552361396204,2.079002079002068,3.1512605042016695,7.4398249452954035,0.0,-0.995492197789638,7.609285838318169,-0.40365412965590597,8.435317143085042,-7.609285838318169,91.4,54.69,74.32,88.79,74.32,88.79,True,-468000,-995,0,split,Q1,confirmed_accumulation,9.0,12.5,7.0,1.75,25.0,16.31,71.56,27.0,8.0,19.0,B_V1_strong_V2_weak,V1連買訊號高（外資4日／投信0日）；近期flow已轉負
1102,亞泥,水泥工業,2026-08-10,excluded,0,2,437,462,-25,41.19947848761408,39.70013037809648,-154,-1699,-630,-2483,4,0,外資鎖碼,True,True,478.689,2849.645,-151.66,9627.457,478689,2849645,-151660,9627457,-134.391,116.609,-1698.655,-3601.06,-134391,116609,-1698655,-3601060,0.10285539321014181,0.183304065354432,-0.0044936296296296295,0.08733417092264847,-0.02887645036527718,0.0075009005531969635,-0.05033051851851852,-0.03266652757241217,-0.0030119983937541167,-0.04982302728397149,4,8,3,7,4,0,reversing_positive,neutral,0.3044140030441511,1.0736196319018454,0.7645259938837912,-5.587392550143255,-6.392045454545459,-0.995492197789638,7.609285838318169,-2.7903886399737843,-4.591900352353617,-14.001331292863629,37.68,34.55,45.5,2.09,45.5,2.09,False,-113156,-518744,0,split,Q4,confirmed_distribution,0.0,0.0,7.5,4.0,0.0,0.0,11.5,,,,,V1連買訊號高（外資4日／投信0日）；實際介入強度低（強度分 0.0/25）；全市場flow percentile偏低（外資P46、投信P2）；價格未確認（Q4、RS20 -4.59）
1103,嘉泥,水泥工業,2026-08-10,excluded,0,0,468,699,-231,19.621903520208605,7.496740547588006,-505,0,-67,-572,0,0,主力佈局,True,True,-33.836,-22.837,-505.289,-364.191,-33836,-22837,-505289,-364191,0.0,0.0,0.0,0.0,0,0,0,0,-0.1726326530612245,-0.03683387096774193,-0.34703914835164834,-0.07737221159974506,0.0,0.0,0.0,0.0,-0.34484368402602983,0.0,1,3,0,0,0,0,reversing_positive,neutral,0.3802281368821214,1.538461538461533,0.3802281368821214,-2.583025830258312,1.1494252873563093,-0.995492197789638,7.609285838318169,-3.174686496975454,-1.587533632468674,-6.45986055096186,50.52,59.06,2.48,51.76,2.48,51.76,False,-67000,0,0,split,Q4,confirmed_distribution,0.0,0.0,1.5,4.0,0.0,0.0,5.5,,,,D_V1_weak_V2_weak,實際介入強度低（強度分 0.0/25）；全市場flow percentile偏低（外資P2、投信P52）；價格未確認（Q4、RS20 -1.59）
1104,環泥,水泥工業,2026-08-10,excluded,0,0,469,520,-51,19.621903520208605,29.85658409387223,-878,0,-35,-913,2,0,外資鎖碼,True,True,168.85,297.051,-878.693,-155.741,168850,297051,-878693,-155741,0.0,0.0,0.0,5.0,0,0,0,5000,0.30098039215686273,0.22503863636363636,-0.303102104173853,-0.020762698306892414,0.0,0.0,0.0,0.0006665777896280496,-0.30158653257132734,0.0,2,5,0,2,2,0,reversing_positive,neutral,0.1879699248120259,0.9469696969697017,-0.9293680297397744,-1.6605166051660625,-4.480286738351258,-0.995492197789638,7.609285838318169,-4.48428266359735,-0.6650244073764244,-12.089572576669427,56.98,38.92,3.91,51.76,3.91,51.76,False,-32815,0,0,split,Q4,confirmed_distribution,0.0,0.0,3.5,4.0,0.0,0.0,7.5,,,,,實際介入強度低（強度分 0.0/25）；全市場flow percentile偏低（外資P4、投信P52）；價格未確認（Q4、RS20 -0.67）
1108,幸福,水泥工業,2026-08-10,excluded,0,5,151,282,-131,64.27640156453715,63.363754889178615,79,0,-27,52,2,0,外資鎖碼,True,True,99.0,110.351,79.351,388.451,99000,110351,79351,388451,0.0,0.0,0.0,0.0,0,0,0,0,0.2804532577903683,0.11146565656565656,0.05908488458674609,0.13061566913248152,0.0,0.0,0.0,0.0,0.05957855721009181,0.0,3,7,0,0,2,0,accelerating,neutral,0.0,1.2552301255230214,0.0,-11.35531135531136,-13.261648745519716,-0.995492197789638,7.609285838318169,-3.5549146338575754,-10.359819157521722,-20.870934583837887,20.47,20.6,63.23,51.76,63.23,51.76,False,-27000,0,0,split,Q2,unconfirmed_accumulation,3.5,12.5,3.5,6.0,5.0,6.32,36.82,,,,,全市場flow percentile偏低（外資P63、投信P52）；價格未確認（Q2、RS20 -10.36）
1109,信大,水泥工業,2026-08-10,excluded,0,0,470,559,-89,19.621903520208605,23.598435462842243,-130,0,-37,-167,0,0,主力佈局,True,True,-52.0,-52.0,-130.88,6.12,-52000,-52000,-130880,6120,0.0,0.0,0.0,0.0,0,0,0,0,-0.5591397849462365,-0.17105263157894737,-0.21455737704918032,0.004523281596452328,0.0,0.0,0.0,0.0,-0.2149767491067812,0.0,1,5,0,0,0,0,stable,neutral,0.37037037037037646,0.0,-1.0948905109488982,-7.508532423208192,-10.855263157894724,-0.995492197789638,7.609285838318169,-4.649805144806473,-6.513040225418553,-18.464548996212894,31.55,25.29,7.56,51.76,7.56,51.76,False,-38448,0,0,split,Q4,confirmed_distribution,0.0,0.0,2.5,4.5,0.0,0.0,7.0,,,,D_V1_weak_V2_weak,實際介入強度低（強度分 0.0/25）；全市場flow percentile偏低（外資P8、投信P52）；價格未確認（Q4、RS20 -6.51）
1110,東泥,水泥工業,2026-08-10,excluded,0,0,471,521,-50,19.621903520208605,29.85658409387223,-63,0,-25,-88,2,0,外資鎖碼,True,True,168.449,73.449,-62.551,539.449,168449,73449,-62551,539449,0.0,0.0,0.0,0.0,0,0,0,0,0.35166805845511484,0.0717275390625,-0.04080300065231572,0.15745738470519557,0.0,0.0,0.0,0.0,-0.03714589193552331,0.0,2,7,0,0,2,0,reversing_positive,neutral,2.515723270440251,2.515723270440251,1.8750000000000044,3.821656050955413,13.194444444444443,-0.995492197789638,7.609285838318169,-1.679914633857571,4.817148248745051,5.5851586061262735,85.01,82.79,34.16,51.76,34.16,51.76,False,-25000,0,0,split,Q3,absorption_divergence,0.0,0.0,3.5,4.0,0.0,0.0,7.5,,,,,實際介入強度低（強度分 0.0/25）；全市場flow percentile偏低（外資P34、投信P52）
1201,味全,食品工業,2026-08-10,excluded,0,0,472,667,-195,19.621903520208605,11.147327249022164,-760,0,-86,-846,0,0,主力佈局,True,True,-100.63,-477.63,-760.63,-195.096,-100630,-477630,-760630,-195096,0.0,0.0,0.0,0.0,0,0,0,0,-0.40413654618473893,-0.44596638655462184,-0.43589111747851,-0.04414935505770536,0.0,0.0,0.0,0.0,-0.4351912696773029,0.0,0,3,0,0,0,0,stable,neutral,0.4132231404958775,0.8298755186721962,-0.4098360655737654,-3.1872509960159334,0.0,-0.995492197789638,7.609285838318169,-3.964750699431341,-2.1917587982262954,-7.609285838318169,46.68,54.69,1.17,51.76,1.17,51.76,False,-86000,0,0,split,Q4,confirmed_distribution,0.0,0.0,1.5,4.5,0.0,0.0,6.0,,,,D_V1_weak_V2_weak,實際介入強度低（強度分 0.0/25）；全市場flow percentile偏低（外資P1、投信P52）；價格未確認（Q4、RS20 -2.19）
1203,味王,食品工業,2026-08-10,excluded,0,5,152,209,-57,64.27640156453715,72.81616688396349,29,0,-16,13,1,0,外資鎖碼,True,True,5.0,3.0,29.0,131.2,5000,3000,29000,131200,0.0,0.0,0.0,0.0,0,0,0,0,0.23809523809523808,0.05263157894736842,0.1746987951807229,0.2705154639175258,0.0,0.0,0.0,0.0,0.175028767976055,0.0,4,8,0,0,1,0,accelerating,neutral,-3.147953830010497,-3.451882845188281,-4.550155118924515,7.701283547257876,8.2063305978898,-0.995492197789638,7.609285838318169,-8.10506975278209,8.696775745047514,0.59704475957163,91.79,74.97,84.49,51.76,84.49,51.76,False,-16000,0,0,split,Q2,unconfirmed_accumulation,3.5,12.5,4.0,6.0,5.0,8.45,39.45,,,,,價格未確認（Q2、RS20 +8.70）
1216,統一,食品工業,2026-08-10,other_watch,59,7,45,171,-126,88.33116036505866,77.83572359843546,54968,-2847,-1228,50893,10,0,外資鎖碼,True,True,4997.136,35017.364,54970.538,99599.291,4997136,35017364,54970538,99599291,-85.0,-1140.0,-2847.0,-819.841,-85000,-1140000,-2847000,-819841,0.46868655036578505,0.5768448068528128,0.5277813430113102,0.4316534742717963,-0.007972237854061152,-0.018779342723004695,-0.02733452387810358,-0.0035531097907159173,0.5298088846609639,-0.027134772114018168,5,10,0,3,10,0,decelerating,stable,-0.26420079260238705,3.1420765027322384,3.424657534246567,-3.821656050955413,0.9358288770053624,-0.995492197789638,7.609285838318169,-0.13025709961100862,-2.826163853165775,-6.673456961312807,44.33,58.15,99.61,3.65,99.61,3.65,False,-350074,-880930,0,split,Q2,unconfirmed_accumulation,3.5,12.5,6.5,5.25,5.0,9.96,42.71,,,,,V1連買訊號高（外資10日／投信0日）；價格未確認（Q2、RS20 -2.83）；近期flow正在減速
1217,愛之味,食品工業,2026-08-10,excluded,0,0,473,616,-143,19.621903520208605,16.558018252933508,-346,0,-120,-466,0,0,主力佈局,True,True,-29.0,-221.875,-346.875,46.953,-29000,-221875,-346875,46953,0.0,0.0,0.0,0.0,0,0,0,0,-0.10469314079422383,-0.2166748046875,-0.14912940670679278,0.008002897562638486,0.0,0.0,0.0,0.0,-0.1491807878863937,0.0,1,4,0,0,0,0,stable,neutral,0.8196721311475308,0.10172939979653517,-0.10152284263958977,-1.6000000000000014,2.393340270551514,-0.995492197789638,7.609285838318169,-3.656437476497165,-0.6045078022103634,-5.2159455677666555,57.37,62.06,13.04,51.76,13.04,51.76,False,-120000,0,0,split,Q4,confirmed_distribution,0.0,0.0,2.0,4.5,0.0,0.0,6.5,,,,D_V1_weak_V2_weak,實際介入強度低（強度分 0.0/25）；全市場flow percentile偏低（外資P13、投信P52）；價格未確認（Q4、RS20 -0.60）
1220,台榮,食品工業,2026-08-10,excluded,0,0,474,617,-143,19.621903520208605,16.558018252933508,-21,0,-27,-48,1,0,外資鎖碼,True,True,9.0,-27.0,-21.277,13.1,9000,-27000,-21277,13100,0.0,0.0,0.0,0.0,0,0,0,0,0.125,-0.15,-0.059935211267605634,0.017654986522911052,0.0,0.0,0.0,0.0,-0.05948054781391478,0.0,2,5,0,0,1,0,reversing_positive,neutral,0.0,0.0,-0.8888888888888835,-2.6200873362445365,-7.851239669421483,-0.995492197789638,7.609285838318169,-4.4438035227464585,-1.6245951384548984,-15.460525507739654,50.2,30.51,30.25,51.76,30.25,51.76,False,-24930,-2182,0,split,Q4,confirmed_distribution,0.0,0.0,2.5,4.0,0.0,0.0,6.5,,,,D_V1_weak_V2_weak,實際介入強度低（強度分 0.0/25）；全市場flow percentile偏低（外資P30、投信P52）；價格未確認（Q4、RS20 -1.62）
1225,福懋油,食品工業,2026-08-10,excluded,0,0,475,560,-85,19.621903520208605,23.598435462842243,-83,0,-11,-94,2,0,外資鎖碼,True,True,28.0,-3.905,-82.905,80.295,28000,-3905,-82905,80295,0.0,0.0,0.0,0.0,0,0,0,0,0.19858156028368795,-0.006838879159369527,-0.08241053677932406,0.031206762534006997,0.0,0.0,0.0,0.0,-0.07911086107126959,0.0,3,6,0,0,2,0,reversing_positive,neutral,3.3057851239669533,3.092783505154628,1.2145748987854255,-5.303030303030298,-17.355371900826444,-0.995492197789638,7.609285838318169,-2.34033973507215,-4.30753810524066,-24.964657739144613,38.46,13.82,24.25,51.76,24.25,51.76,False,-11000,0,0,split,Q4,confirmed_distribution,0.0,0.0,3.0,4.0,0.0,0.0,7.0,,,,D_V1_weak_V2_weak,實際介入強度低（強度分 0.0/25）；全市場flow percentile偏低（外資P24、投信P52）；價格未確認（Q4、RS20 -4.31）
1227,佳格,食品工業,2026-08-10,excluded,0,0,476,480,-4,19.621903520208605,37.222946544980445,-666,0,-125,-791,0,0,主力佈局,True,True,-206.579,119.441,-666.559,3296.151,-206579,119441,-666559,3296151,0.0,0.0,0.0,17.0,0,0,0,17000,-0.2689830729166667,0.04945797101449275,-0.15942573546998326,0.2167237162206588,0.0,0.0,0.0,0.0011177592215135775,-0.15805458375922818,0.0,2,5,0,5,0,0,reversing_positive,neutral,0.17152658662091813,1.7421602787456525,0.8635578583765069,-2.9900332225913706,2.27670753064797,-0.995492197789638,7.609285838318169,-2.6913567754810686,-1.9945410248017326,-5.332578307670199,47.59,61.67,11.86,51.76,11.86,51.76,False,-125356,0,0,split,Q4,confirmed_distribution,0.0,0.0,5.0,4.0,0.0,0.0,9.0,,,,,實際介入強度低（強度分 0.0/25）；全市場flow percentile偏低（外資P12、投信P52）；價格未確認（Q4、RS20 -1.99）
1229,聯華,食品工業,2026-08-10,excluded,0,4,400,421,-21,47.84876140808344,45.241199478487616,200,-322,-219,-341,3,1,強勢雙雄,True,True,46.0,937.695,199.695,2004.803,46000,937695,199695,2004803,6.0,-5.626,-322.626,-600.626,6000,-5626,-322626,-600626,0.044921875,0.21369530537830447,0.02320415988844992,0.0983662725087091,0.005859375,-0.0012821330902461259,-0.037488496397861955,-0.02946989843481674,0.024466021019901824,-0.037240685041933036,3,7,1,5,3,1,decelerating,neutral,0.12300123001232066,1.4962593516209433,1.243781094527363,0.992555831265518,1.8773466833541974,-0.995492197789638,7.609285838318169,-2.3111335393302124,1.988048029055156,-5.731939154963972,73.27,61.02,54.11,2.74,54.11,2.74,False,-114802,-105236,0,split,Q3,absorption_divergence,3.5,5.8,6.0,2.75,0.0,5.41,23.46,,,,,V1連買訊號高（外資3日／投信1日）；實際介入強度低（強度分 5.8/25）；全市場flow percentile偏低（外資P54、投信P3）；近期flow正在減速
1232,大統益,食品工業,2026-08-10,excluded,0,0,477,668,-191,19.621903520208605,11.147327249022164,-151,0,-21,-172,0,0,主力佈局,True,True,-26.34,6.305,-152.315,44.792,-26340,6305,-152315,44792,0.0,0.0,0.0,0.0,0,0,0,0,-0.08636065573770492,0.007832298136645963,-0.1189032006245121,0.015472193436960276,0.0,0.0,0.0,0.0,-0.11638054933557085,0.0,1,4,0,0,0,0,reversing_positive,neutral,-0.31948881789137795,2.2950819672131084,1.6286644951140072,3.31125827814569,5.762711864406778,-0.995492197789638,7.609285838318169,-1.9262501387435682,4.306750475935328,-1.8465739739113918,82.53,69.62,17.47,51.76,17.47,51.76,False,-21000,0,0,split,Q3,absorption_divergence,0.0,0.0,2.0,4.0,0.0,0.0,6.0,,,,D_V1_weak_V2_weak,實際介入強度低（強度分 0.0/25）；全市場flow percentile偏低（外資P17、投信P52）
1233,天仁,食品工業,2026-08-10,excluded,0,0,478,750,-272,19.621903520208605,1.7601043024771839,-6,0,-7,-13,1,0,外資鎖碼,True,True,2.0,-9.0,-6.0,-2.9,2000,-9000,-6000,-2900,0.0,0.0,0.0,0.0,0,0,0,0,0.03225806451612903,-0.08571428571428572,-0.04580152671755725,-0.012184873949579832,0.0,0.0,0.0,0.0,-0.0461380268148069,0.0,2,4,0,0,1,0,neutral,neutral,-1.736111111111116,-1.3937282229965153,-2.2452504317789224,0.7117437722419906,-1.736111111111116,-0.995492197789638,7.609285838318169,-5.800165065636498,1.7072359700316286,-9.345396949429286,71.84,47.85,33.38,51.76,33.38,51.76,False,-7000,0,0,split,Q4,confirmed_distribution,0.0,0.0,2.0,2.0,0.0,0.0,4.0,,,,D_V1_weak_V2_weak,實際介入強度低（強度分 0.0/25）；全市場flow percentile偏低（外資P33、投信P52）；價格未確認（Q4、RS20 +1.71）
1234,黑松,食品工業,2026-08-10,excluded,0,0,479,561,-82,19.621903520208605,23.598435462842243,-201,0,-41,-242,0,0,主力佈局,True,True,-61.0,-165.0,-201.0,362.839,-61000,-165000,-201000,362839,0.0,0.0,0.0,0.0,0,0,0,0,-0.324468085106383,-0.34518828451882844,-0.30271084337349397,0.20545809739524348,0.0,0.0,0.0,0.0,-0.3023279379576837,0.0,0,5,0,0,0,0,stable,neutral,0.0,-0.29806259314454353,-1.1816838995568624,0.45045045045046805,-1.6176470588235237,-0.995492197789638,7.609285838318169,-4.736598533414438,1.445942648240106,-9.226932897141694,70.27,48.11,4.04,51.76,4.04,51.76,False,-39000,-2020,0,split,Q4,confirmed_distribution,0.0,0.0,2.5,4.5,0.0,0.0,7.0,,,,D_V1_weak_V2_weak,實際介入強度低（強度分 0.0/25）；全市場flow percentile偏低（外資P4、投信P52）；價格未確認（Q4、RS20 +1.45）
1235,興泰,食品工業,2026-08-10,excluded,0,0,480,474,6,19.621903520208605,38.200782268578884,-1,0,-9,-10,1,0,外資鎖碼,True,True,1.0,1.0,-1.0,61.3,1000,1000,-1000,61300,0.0,0.0,0.0,0.0,0,0,0,0,0.5,0.07692307692307693,-0.015625,0.36927710843373496,0.0,0.0,0.0,0.0,-0.01509450283292245,0.0,3,8,0,0,1,0,accelerating,neutral,-0.4087193460490579,1.386962552011095,-1.74731182795701,1.810584958217265,-8.625000000000005,-0.995492197789638,7.609285838318169,-5.302226461814586,2.806077156006903,-16.234285838318176,77.84,28.42,41.59,51.76,41.59,51.76,False,-9000,0,0,split,Q4,confirmed_distribution,0.0,0.0,4.0,6.0,0.0,0.0,10.0,,,,,連買天數不長，但V2不只依賴連買
1236,宏亞,食品工業,2026-08-10,excluded,0,5,153,139,14,64.27640156453715,82.0078226857888,47,0,-6,41,0,0,主力佈局,True,True,-35.0,54.0,47.0,99.73,-35000,54000,47000,99730,0.0,0.0,0.0,0.0,0,0,0,0,-0.10606060606060606,0.06286379511059371,0.049473684210526316,0.07381939304219097,0.0,0.0,0.0,0.0,0.05008296345459825,0.0,1,5,0,0,0,0,decelerating,neutral,0.19607843137254832,2.8169014084507005,3.4412955465587203,9.656652360515029,4.285714285714293,-0.995492197789638,7.609285838318169,-0.11361908729885517,10.652144558304666,-3.3235715526038767,93.87,67.08,60.5,51.76,60.5,51.76,False,-6000,0,0,split,Q1,confirmed_accumulation,3.5,12.37,2.5,2.75,25.0,6.05,52.17,,,,C_V1_weak_V2_strong,價格與RS同步確認（RS20 +10.65）；連買天數不長，但V2不只依賴連買
1240,茂生農經,農業科技,2026-08-10,excluded,0,5,154,339,-185,64.27640156453715,55.932203389830505,8,0,0,8,0,0,主力佈局,True,True,-1.0,-1.0,8.0,14.0,-1000,-1000,8000,14000,0.0,0.0,0.0,0.0,0,0,0,0,-0.5,-0.16666666666666666,0.18181818181818182,0.14,0.0,0.0,0.0,0.0,0.18206555349412493,0.0,2,5,0,0,0,0,reversing_negative,neutral,0.18248175182482562,-0.3629764065335772,-0.9025270758122761,-5.831903945111494,-5.831903945111494,-0.995492197789638,7.609285838318169,-4.457441709669851,-4.836411747321856,-13.441189783429664,37.16,35.85,85.4,51.76,85.4,51.76,False,0,0,0,mixed,Q2,unconfirmed_accumulation,3.5,12.5,2.5,1.0,5.0,8.54,33.04,,,,,價格未確認（Q2、RS20 -4.84）；近期flow已轉負
1256,鮮活果汁-KY,食品工業,2026-08-10,excluded,0,5,155,370,-215,64.27640156453715,51.89048239895697,33,0,-3,30,0,0,主力佈局,True,True,0.458,43.187,34.516,98.821,458,43187,34516,98821,0.0,0.0,0.0,0.0,0,0,0,0,0.012052631578947369,0.08978586278586279,0.039949074074074074,0.07413428357089272,0.0,0.0,0.0,0.0,0.038550888788039556,0.0,4,6,0,0,3,0,decelerating,neutral,-0.2801120448179262,-4.3010752688172005,-2.197802197802201,-7.2916666666666625,-3.7837837837837784,-0.995492197789638,7.609285838318169,-5.752716831659777,-6.296174468877025,-11.393069622101947,32.2,41.07,58.02,51.76,58.02,51.76,False,-2064,0,0,split,Q2,unconfirmed_accumulation,3.5,9.99,3.0,2.75,5.0,5.8,30.04,,,,,全市場flow percentile偏低（外資P58、投信P52）；價格未確認（Q2、RS20 -6.30）；近期flow正在減速
1259,安心,觀光餐旅,2026-08-10,excluded,0,0,481,700,-219,19.621903520208605,7.496740547588006,-4,0,1,-3,1,0,外資鎖碼,True,True,2.0,2.0,-4.0,2.0,2000,2000,-4000,2000,0.0,0.0,0.0,0.0,0,0,0,0,0.1111111111111111,0.07692307692307693,-0.06896551724137931,0.016,0.0,0.0,0.0,0.0,-0.06674764301000637,0.0,1,3,0,0,1,0,reversing_positive,neutral,1.4999999999999902,3.045685279187804,4.4596912521440935,5.363321799307963,2.6981450252951067,-0.995492197789638,7.609285838318169,0.904776618286518,6.3588139970976005,-4.911140813023063,88.27,62.84,28.42,51.76,28.42,51.76,False,1000,0,0,mixed,Q3,absorption_divergence,0.0,0.0,1.5,4.0,0.0,0.0,5.5,,,,D_V1_weak_V2_weak,實際介入強度低（強度分 0.0/25）；全市場flow percentile偏低（外資P28、投信P52）
1264,德麥,食品工業,2026-08-10,excluded,0,0,482,562,-80,19.621903520208605,23.598435462842243,-18,0,-26,-44,2,0,外資鎖碼,True,True,2.697,1.697,-17.303,-6.452,2697,1697,-17303,-6452,0.0,0.0,0.0,0.0,0,0,0,0,0.08172727272727273,0.022328947368421052,-0.1272279411764706,-0.028548672566371683,0.0,0.0,0.0,0.0,-0.12648300998737227,0.0,2,6,0,0,2,0,reversing_positive,neutral,0.78125,0.78125,0.78125,-4.2671614100185495,-5.147058823529416,-0.995492197789638,7.609285838318169,-2.7736646338575754,-3.2716692122289115,-12.756344661847585,42.5,37.55,16.3,51.76,16.3,51.76,False,-27000,128,0,split,Q4,confirmed_distribution,0.0,0.0,3.0,4.0,0.0,0.0,7.0,,,,D_V1_weak_V2_weak,實際介入強度低（強度分 0.0/25）；全市場flow percentile偏低（外資P16、投信P52）；價格未確認（Q4、RS20 -3.27）
1268,漢來美食,觀光餐旅,2026-08-10,excluded,0,5,156,124,32,64.27640156453715,83.96349413298566,46,0,0,46,0,0,主力佈局,True,True,-8.0,65.0,45.995,94.145,-8000,65000,45995,94145,0.0,0.0,0.0,0.0,0,0,0,0,-0.2222222222222222,0.2313167259786477,0.13688988095238094,0.17211151736745886,0.0,0.0,0.0,0.0,0.14307284194904774,0.0,1,5,0,0,0,0,decelerating,neutral,0.8174386920980936,9.144542772861364,7.558139534883712,11.782477341389729,16.35220125786163,-0.995492197789638,7.609285838318169,4.003224901026137,12.777969539179367,8.742915419543461,96.09,85.92,80.96,51.76,80.96,51.76,False,0,0,0,split,Q1,confirmed_accumulation,3.5,12.5,2.5,2.75,25.0,8.1,54.35,,,,C_V1_weak_V2_strong,價格與RS同步確認（RS20 +12.78）；連買天數不長，但V2不只依賴連買
1303,南亞,塑膠工業,2026-08-10,buy_candidates,57,0,483,459,24,19.621903520208605,40.15645371577575,-43740,-2876,181,-46435,0,2,投信鎖碼,True,True,-22708.891,-27323.721,-43742.498,-77469.979,-22708891,-27323721,-43742498,-77469979,352.037,905.037,-2875.963,-7924.883,352037,905037,-2875963,-7924883,-0.2145972066036042,-0.09328017110415436,-0.09334441139189184,-0.08528995951835987,0.003326721539202994,0.0030896965393399584,-0.0061371683304382715,-0.008724837143143387,-0.09368438820911698,-0.005800373855366048,1,3,3,6,0,2,stable,reversing_positive,-1.5957446808510634,4.519774011299438,12.12121212121211,-7.2681704260651685,116.88159437280189,-0.995492197789638,7.609285838318169,8.566297487354536,-6.272678228275531,109.27230853448371,32.46,99.87,21.51,7.69,21.51,7.69,False,833986,-652918,0,split,Q4,confirmed_distribution,1.0,0.0,4.5,6.5,0.0,0.0,12.0,11.0,30.0,-19.0,,連買天數不長，但V2不只依賴連買
1315,達新,塑膠工業,2026-08-10,excluded,0,0,484,563,-79,19.621903520208605,23.598435462842243,-72,0,-7,-79,0,0,主力佈局,True,True,-65.0,-68.0,-72.0,-45.412,-65000,-68000,-72000,-45412,0.0,0.0,0.0,0.0,0,0,0,0,-0.4482758620689655,-0.422360248447205,-0.2903225806451613,-0.09724197002141327,0.0,0.0,0.0,0.0,-0.29174933706216183,0.0,1,5,0,0,0,0,stable,neutral,0.7824726134585402,1.7377567140600458,1.5772870662460692,1.098901098901095,5.400981996726695,-0.995492197789638,7.609285838318169,-1.9776275676115063,2.094393296690733,-2.2083038415914746,74.05,69.49,4.56,51.76,4.56,51.76,False,-7000,0,0,split,Q3,absorption_divergence,0.0,0.0,2.5,4.5,0.0,0.0,7.0,,,,D_V1_weak_V2_weak,實際介入強度低（強度分 0.0/25）；全市場flow percentile偏低（外資P5、投信P52）
1319,東陽,汽車工業,2026-08-10,excluded,0,7,46,30,16,88.33116036505866,96.21903520208605,2252,-379,-38,1835,4,0,外資鎖碼,True,True,567.094,1877.893,2253.097,3340.925,567094,1877893,2253097,3340925,-72.0,-260.0,-379.0,-321.0,-72000,-260000,-379000,-321000,0.267119170984456,0.17980591727307546,0.17344857582755965,0.11272817761581806,-0.03391427225624117,-0.0248946763692072,-0.02917628945342571,-0.010831055774876,0.17401758032786951,-0.029041238217749798,4,8,0,4,4,0,accelerating,stable,1.1734028683181075,6.4471879286693845,8.683473389355733,3.1914893617021267,-2.020202020202033,-0.995492197789638,7.609285838318169,5.128558755498157,4.186981559491764,-9.629487858520204,82.14,46.68,84.35,3.52,84.35,3.52,False,-49000,9573,0,split,Q1,confirmed_accumulation,3.5,12.5,6.0,8.5,25.0,8.43,63.93,,,,,價格與RS同步確認（RS20 +4.19）；動能較佳（外資 accelerating／投信 stable）
1321,大洋,塑膠工業,2026-08-10,excluded,0,0,485,564,-79,19.621903520208605,23.598435462842243,-23,0,-30,-53,2,0,外資鎖碼,True,True,8.0,18.0,-23.0,93.0,8000,18000,-23000,93000,0.0,0.0,0.0,0.0,0,0,0,0,0.06557377049180328,0.060810810810810814,-0.04389312977099236,0.06581740976645435,0.0,0.0,0.0,0.0,-0.04303783787029503,0.0,2,6,0,0,2,0,reversing_positive,neutral,0.9404388714733702,1.8987341772152,0.7824726134585402,3.370786516853941,9.152542372881367,-0.995492197789638,7.609285838318169,-2.772442020399035,4.366278714643579,1.5432565345631977,83.18,76.66,33.9,51.76,33.9,51.76,False,-30004,0,0,split,Q3,absorption_divergence,0.0,0.0,3.0,4.0,0.0,0.0,7.0,,,,D_V1_weak_V2_weak,實際介入強度低（強度分 0.0/25）；全市場flow percentile偏低（外資P34、投信P52）
1323,永裕,塑膠工業,2026-08-10,excluded,0,5,157,56,101,64.27640156453715,92.82920469361147,203,0,-13,190,2,0,外資鎖碼,True,True,204.0,205.0,203.0,224.773,204000,205000,203000,224773,0.0,0.0,0.0,0.0,0,0,0,0,0.4444444444444444,0.4035433070866142,0.342327150084317,0.2881705128205128,0.0,0.0,0.0,0.0,0.34906786336619483,0.0,3,7,0,0,2,0,accelerating,neutral,8.270676691729339,9.367088607594942,8.270676691729339,7.462686567164178,11.627906976744185,-0.995492197789638,7.609285838318169,4.715762057871763,8.458178764953816,4.018621138426016,91.53,80.96,96.74,51.76,96.74,51.76,False,-13000,0,0,split,Q1,confirmed_accumulation,3.5,12.5,3.5,6.0,25.0,9.67,60.17,,,,C_V1_weak_V2_strong,價格與RS同步確認（RS20 +8.46）；連買天數不長，但V2不只依賴連買
1324,地球,塑膠工業,2026-08-10,excluded,0,2,438,368,70,41.19947848761408,52.15123859191656,4,0,-4,0,1,0,外資鎖碼,True,True,16.0,3.0,4.0,2.3,16000,3000,4000,2300,0.0,0.0,0.0,0.0,0,0,0,0,0.43243243243243246,0.03896103896103896,0.032,0.005299539170506912,0.0,0.0,0.0,0.0,0.032038532505811027,0.0,2,4,0,0,1,0,accelerating,neutral,0.0,0.9036144578313143,0.7014028056112176,-2.898550724637672,-2.4271844660194164,-0.995492197789638,7.609285838318169,-2.853511828246358,-1.9030585268480338,-10.036470304337586,48.24,45.37,56.32,51.76,56.32,51.76,False,-4000,0,0,split,Q2,unconfirmed_accumulation,3.5,8.0,2.0,6.0,5.0,5.63,30.13,,,,,連買天數不長，但V2不只依賴連買
1336,台翰,電子零組件,2026-08-10,excluded,0,5,158,373,-215,64.27640156453715,51.499348109517605,22,0,0,22,1,0,外資鎖碼,True,True,41.0,3.0,22.0,51.1,41000,3000,22000,51100,0.0,0.0,0.0,0.0,0,0,0,0,0.23699421965317918,0.005110732538330494,0.027672955974842768,0.027817093086554164,0.0,0.0,0.0,0.0,0.028776367726327405,0.0,2,5,0,0,1,0,accelerating,neutral,1.3745704467353903,-2.960526315789469,-1.6666666666666718,1.724137931034475,8.058608058608051,-0.995492197789638,7.609285838318169,-5.221581300524248,2.719630128824113,0.4493222202898819,77.31,74.45,55.41,51.76,55.41,51.76,False,0,183,0,split,Q2,unconfirmed_accumulation,3.5,6.92,2.5,6.0,5.0,5.54,29.46,,,,,全市場flow percentile偏低（外資P55、投信P52）；價格未確認（Q2、RS20 +2.72）
1339,昭輝,汽車工業,2026-08-10,excluded,0,7,47,136,-89,88.33116036505866,82.39895697522816,41,0,-23,18,4,0,外資鎖碼,True,True,1.0,28.0,41.0,39.183,1000,28000,41000,39183,0.0,0.0,0.0,0.0,0,0,0,0,0.008928571428571428,0.06378132118451026,0.06879194630872483,0.03819005847953216,0.0,0.0,0.0,0.0,0.06878072404501862,0.0,4,5,0,0,4,0,decelerating,neutral,0.0,1.237345331833506,1.3513513513513598,1.1235955056179803,11.248454882571068,-0.995492197789638,7.609285838318169,-2.2035632825062157,2.1190877034076183,3.639169044252898,74.32,80.83,66.49,51.76,66.49,51.76,False,-24841,0,0,split,Q1,confirmed_accumulation,3.5,12.5,2.5,2.75,25.0,6.65,52.9,,,,,V1連買訊號高（外資4日／投信0日）；全市場flow percentile偏低（外資P66、投信P52）；近期flow正在減速
1341,富林-KY,塑膠工業,2026-08-10,excluded,0,5,159,116,43,64.27640156453715,85.00651890482399,7,0,-3,4,1,0,外資鎖碼,True,True,1.0,5.0,7.0,25.9,1000,5000,7000,25900,0.0,0.0,0.0,0.0,0,0,0,0,0.02631578947368421,0.1,0.11475409836065574,0.275531914893617,0.0,0.0,0.0,0.0,0.11505626697710516,0.0,4,8,0,0,1,0,decelerating,neutral,1.0238907849829282,-0.33670033670032407,2.5996533795493937,1.7182130584192379,-2.791461412151064,-0.995492197789638,7.609285838318169,-0.9552612543081818,2.713705256208876,-10.400747250469234,77.18,43.94,77.18,51.76,77.18,51.76,False,-3000,0,0,split,Q1,confirmed_accumulation,3.5,12.5,4.0,2.75,25.0,7.72,55.47,,,,C_V1_weak_V2_strong,價格與RS同步確認（RS20 +2.71）；連買天數不長，但V2不只依賴連買
1402,遠東新,紡織纖維,2026-08-10,buy_candidates,69,10,40,29,11,94.91525423728814,96.34941329856585,43614,-1584,-891,41139,10,4,強勢雙雄,True,True,6264.171,34758.669,43615.999,67532.4,6264171,34758669,43615999,67532400,59.842,296.842,-1582.306,-3273.449,59842,296842,-1582306,-3273449,0.3476811344840984,0.5874969407071868,0.462215052509988,0.39019153546150515,0.003321418660154299,0.005017274017983909,-0.016768288418129988,-0.018913471038567095,0.4636023249654694,-0.016780057662367235,5,10,4,8,10,4,decelerating,reversing_positive,-0.9090909090909038,2.0599250936329527,1.3011152416356975,1.4897579143389184,1.869158878504673,-0.995492197789638,7.609285838318169,-2.253799392221878,2.4852501121285564,-5.740126959813496,76.53,60.76,99.09,4.82,99.09,4.82,False,-1138000,246523,0,split,Q1,confirmed_accumulation,3.5,12.5,9.0,4.75,25.0,9.91,64.66,2.0,11.0,-9.0,B_V1_strong_V2_weak,價格與RS同步確認（RS20 +2.49）
1410,南染,紡織纖維,2026-08-10,excluded,0,0,486,751,-265,19.621903520208605,1.7601043024771839,-22,0,-2,-24,0,0,主力佈局,True,True,0.0,-12.0,-22.0,9.1,0,-12000,-22000,9100,0.0,0.0,0.0,0.0,0,0,0,0,0.0,-0.0975609756097561,-0.08527131782945736,0.016134751773049644,0.0,0.0,0.0,0.0,-0.085691151994962,0.0,0,4,0,0,0,0,neutral,neutral,-2.0872865275142316,-0.3861003861003742,0.3891050583657574,1.5748031496063186,-4.797047970479706,-0.995492197789638,7.609285838318169,-3.165809575491818,2.5702953473959567,-12.406333808797875,76.92,38.2,23.86,51.76,23.86,51.76,False,-2000,0,0,split,Q3,absorption_divergence,0.0,0.0,2.0,2.0,0.0,0.0,4.0,,,,D_V1_weak_V2_weak,實際介入強度低（強度分 0.0/25）；全市場flow percentile偏低（外資P24、投信P52）
1413,宏洲,紡織纖維,2026-08-10,excluded,0,0,487,734,-247,19.621903520208605,3.455019556714472,0,0,-5,-5,0,0,主力佈局,True,True,-2.0,-6.0,0.0,33.5,-2000,-6000,0,33500,0.0,0.0,0.0,0.0,0,0,0,0,-0.18181818181818182,-0.09836065573770492,0.0,0.03199617956064948,0.0,0.0,0.0,0.0,-0.00011985639025240468,0.0,1,5,0,0,0,0,neutral,neutral,0.10649627263046302,2.1739130434782705,-0.634249471458781,-0.31813361611876534,-0.7391763463569179,-0.995492197789638,7.609285838318169,-4.189164105316356,0.6773585816708727,-8.348462184675087,65.97,51.76,46.41,51.76,46.41,51.76,False,-5000,0,0,split,,neutral,0.0,0.0,2.5,2.0,0.0,0.0,4.5,,,,D_V1_weak_V2_weak,實際介入強度低（強度分 0.0/25）；全市場flow percentile偏低（外資P46、投信P52）
1414,東和,紡織纖維,2026-08-10,excluded,0,5,160,89,71,64.27640156453715,88.46153846153845,193,0,-24,169,2,0,外資鎖碼,True,True,233.471,204.544,194.082,194.792,233471,204544,194082,194792,0.0,0.0,0.0,0.0,0,0,0,0,0.31894945355191257,0.1443500352858151,0.09757767722473605,0.04976801226366888,0.0,0.0,0.0,0.0,0.09913304567300618,0.0,3,6,0,0,2,0,accelerating,neutral,1.0230179028132946,1.2820512820512775,4.497354497354511,2.3316062176165664,25.396825396825395,-0.995492197789638,7.609285838318169,0.9424398634969355,3.3270984154062044,17.787539558507227,80.05,91.66,73.01,51.76,73.01,51.76,False,-24000,0,0,split,Q1,confirmed_accumulation,3.5,12.5,3.0,6.0,25.0,7.3,57.3,,,,C_V1_weak_V2_strong,價格與RS同步確認（RS20 +3.33）；連買天數不長，但V2不只依賴連買
1416,廣豐,其他,2026-08-10,excluded,0,0,488,669,-181,19.621903520208605,11.147327249022164,-207,0,-31,-238,0,0,主力佈局,True,True,-80.0,-21.964,-208.945,-168.745,-80000,-21964,-208945,-168745,0.0,0.0,0.0,0.0,0,0,0,0,-0.3333333333333333,-0.020642857142857143,-0.13174337957124843,-0.05948008459640465,0.0,0.0,0.0,0.0,-0.12960311682763637,0.0,1,4,0,0,0,0,reversing_positive,neutral,0.0,1.382488479262678,1.8518518518518379,-0.4524886877828149,-2.2222222222222254,-0.995492197789638,7.609285838318169,-1.7030627820057376,0.5430035100068231,-9.831508060540395,64.41,46.02,15.51,51.76,15.51,51.76,False,-31000,0,0,split,Q3,absorption_divergence,0.0,0.0,2.0,4.0,0.0,0.0,6.0,,,,D_V1_weak_V2_weak,實際介入強度低（強度分 0.0/25）；全市場flow percentile偏低（外資P16、投信P52）
1418,東華,紡織纖維,2026-08-10,excluded,0,5,161,364,-203,64.27640156453715,52.672750977835726,2,0,-1,1,1,0,外資鎖碼,True,True,1.0,-2.0,2.0,4.83,1000,-2000,2000,4830,0.0,0.0,0.0,0.0,0,0,0,0,1.0,-0.1,0.046511627906976744,0.031568627450980394,0.0,0.0,0.0,0.0,0.04476845012524889,0.0,2,5,0,0,1,0,neutral,neutral,0.0,-1.3661202185792365,0.0,-2.43243243243243,-1.6348773841961872,-0.995492197789638,7.609285838318169,-3.5549146338575754,-1.4369402346427917,-9.244163222514356,51.89,47.98,59.45,51.76,59.45,51.76,False,-1000,0,0,split,Q2,unconfirmed_accumulation,3.5,11.63,2.5,2.0,5.0,5.95,30.58,,,,,全市場flow percentile偏低（外資P59、投信P52）；價格未確認（Q2、RS20 -1.44）
1419,新紡,紡織纖維,2026-08-10,excluded,0,3,403,366,37,45.436766623207305,52.411994784876136,-184,55,-18,-147,0,0,主力佈局,True,True,0.0,-59.0,-185.371,-85.067,0,-59000,-185371,-85067,0.0,0.0,55.0,140.0,0,0,55000,140000,0.0,-0.2694063926940639,-0.26108591549295773,-0.044725026288117774,0.0,0.0,0.07746478873239436,0.07360672975814932,-0.26092518655594965,0.07851880157660172,0,3,1,2,0,0,neutral,neutral,1.5625,-0.9146341463414531,-4.129793510324475,-1.812688821752273,3.6682615629983983,-0.995492197789638,7.609285838318169,-7.684708144182051,-0.8171966239626349,-3.941024275319771,55.15,65.58,5.48,99.09,5.48,99.09,False,-18000,0,0,split,Q4,confirmed_distribution,3.5,12.5,2.5,2.0,0.0,9.91,30.41,,,,,連買天數不長，但V2不只依賴連買
1423,利華,紡織纖維,2026-08-10,excluded,0,5,162,247,-85,64.27640156453715,67.92698826597132,19,0,-12,7,1,0,外資鎖碼,True,True,2.0,1.0,19.0,32.682,2000,1000,19000,32682,0.0,0.0,0.0,0.0,0,0,0,0,0.11764705882352941,0.02040816326530612,0.17272727272727273,0.18156666666666665,0.0,0.0,0.0,0.0,0.17257988271518188,0.0,2,5,0,0,1,0,accelerating,neutral,1.1251758087201358,1.2676056338028152,1.8413597733711207,-2.574525745257439,-11.344019728729949,-0.995492197789638,7.609285838318169,-1.7135548604864548,-1.5790335474678008,-18.95330556704812,50.85,24.51,84.22,51.76,84.22,51.76,False,-12000,0,0,mixed,Q2,unconfirmed_accumulation,3.5,12.5,2.5,6.0,5.0,8.42,37.92,,,,,價格未確認（Q2、RS20 -1.58）
1432,大魯閣,37,2026-08-10,excluded,0,7,48,42,6,88.33116036505866,94.65449804432855,237,0,-3,234,9,0,外資鎖碼,True,True,144.978,182.0,238.0,454.0,144978,182000,238000,454000,0.0,0.0,0.0,0.0,0,0,0,0,0.44608615384615385,0.3285198555956679,0.29638854296388545,0.25649717514124293,0.0,0.0,0.0,0.0,0.29718264521791915,0.0,5,9,0,0,9,0,accelerating,neutral,1.324503311258285,1.324503311258285,2.0000000000000018,0.657894736842124,-7.2727272727272645,-0.995492197789638,7.609285838318169,-1.5549146338575737,1.653386934631762,-14.882013111045435,71.32,32.72,94.92,51.76,94.92,51.76,False,-3000,0,0,split,Q1,confirmed_accumulation,3.5,12.5,4.5,6.0,25.0,9.49,60.99,,,,,價格與RS同步確認（RS20 +1.65）；連買天數不長，但V2不只依賴連買
1436,華友聯,建材營建,2026-08-10,excluded,0,5,163,400,-237,64.27640156453715,47.979139504563236,14,0,0,14,2,0,外資鎖碼,True,True,98.624,106.705,14.548,329.395,98624,106705,14548,329395,0.0,0.0,0.0,0.0,0,0,0,0,0.38226356589147287,0.13422012578616352,0.012455479452054795,0.10101042624961669,0.0,0.0,0.0,0.0,0.019553791559920982,0.0,3,6,0,0,2,0,accelerating,neutral,2.751031636863832,4.621848739495804,2.609890109890123,-16.815144766146982,-22.268470343392288,-0.995492197789638,7.609285838318169,-0.9450245239674526,-15.819652568357345,-29.877756181710456,10.3,9.65,50.85,51.76,50.85,51.76,False,0,0,0,split,Q2,unconfirmed_accumulation,3.5,3.11,3.0,6.0,5.0,5.09,25.7,,,,,實際介入強度低（強度分 3.1/25）；全市場flow percentile偏低（外資P51、投信P52）；價格未確認（Q2、RS20 -15.82）
1437,勤益控,其他,2026-08-10,excluded,0,0,489,618,-129,19.621903520208605,16.558018252933508,-406,0,-16,-422,0,0,主力佈局,True,True,-40.0,-145.259,-407.132,-196.471,-40000,-145259,-407132,-196471,0.0,0.0,0.0,0.0,0,0,0,0,-0.24691358024691357,-0.29524186991869916,-0.39072168905950094,-0.08128713280926769,0.0,0.0,0.0,0.0,-0.3896223797382884,0.0,0,4,0,0,0,0,stable,neutral,2.020202020202033,1.8487394957983128,-3.0399999999999983,-0.8183306055646433,7.446808510638303,-0.995492197789638,7.609285838318169,-6.594914633857574,0.17716159222499472,-0.16247732767986633,62.71,73.14,1.96,51.76,1.96,51.76,False,-16000,0,0,split,Q4,confirmed_distribution,0.0,0.0,2.0,4.5,0.0,0.0,6.5,,,,D_V1_weak_V2_weak,實際介入強度低（強度分 0.0/25）；全市場flow percentile偏低（外資P2、投信P52）；價格未確認（Q4、RS20 +0.18）
1438,三地開發,建材營建,2026-08-10,excluded,0,0,490,619,-129,19.621903520208605,16.558018252933508,-5,0,-2,-7,2,0,外資鎖碼,True,True,1.0,0.0,-5.0,89.499,1000,0,-5000,89499,0.0,0.0,0.0,0.0,0,0,0,0,0.05,0.0,-0.03424657534246575,0.12914718614718615,0.0,0.0,0.0,0.0,-0.03465482094502084,0.0,2,5,0,0,2,0,reversing_positive,neutral,0.4474272930648615,-0.44345898004435336,-1.9650655021834051,2.7459954233409523,7.67386091127098,-0.995492197789638,7.609285838318169,-5.519980136040981,3.7414876211305903,0.06457507295281051,80.7,73.66,36.38,51.76,36.38,51.76,False,-2000,0,0,split,Q4,confirmed_distribution,0.0,0.0,2.5,4.0,0.0,0.0,6.5,,,,D_V1_weak_V2_weak,實際介入強度低（強度分 0.0/25）；全市場flow percentile偏低（外資P36、投信P52）；價格未確認（Q4、RS20 +3.74）
1439,雋揚,建材營建,2026-08-10,excluded,0,7,49,104,-55,88.33116036505866,86.57105606258149,37,0,-4,33,6,0,外資鎖碼,True,True,7.0,24.0,37.0,75.48,7000,24000,37000,75480,0.0,0.0,0.0,0.0,0,0,0,0,0.12962962962962962,0.22429906542056074,0.17535545023696683,0.14627906976744187,0.0,0.0,0.0,0.0,0.17576842487337282,0.0,5,8,0,0,6,0,decelerating,neutral,6.751824817518259,0.5154639175257714,4.278074866310155,17.943548387096776,14.2578125,-0.995492197789638,7.609285838318169,0.7231602324525799,18.939040584886413,6.648526661681831,98.04,83.7,84.62,51.76,84.62,51.76,False,-4000,0,0,split,Q1,confirmed_accumulation,3.5,12.5,4.0,2.75,25.0,8.46,56.21,,,,,V1連買訊號高（外資6日／投信0日）；近期flow正在減速
1441,大東,紡織纖維,2026-08-10,excluded,0,5,164,342,-178,64.27640156453715,55.54106910039114,8,0,-2,6,0,0,主力佈局,True,True,-1.0,4.0,8.0,28.1,-1000,4000,8000,28100,0.0,0.0,0.0,0.0,0,0,0,0,-0.07692307692307693,0.1,0.09302325581395349,0.1778481012658228,0.0,0.0,0.0,0.0,0.09310313540978082,0.0,3,7,0,0,0,0,reversing_negative,neutral,-1.2222222222222134,0.0,-0.5592841163310824,-4.0992448759438975,-7.780082987551862,-0.995492197789638,7.609285838318169,-4.114198750188658,-3.1037526781542595,-15.389368825870031,43.68,31.03,72.23,51.76,72.23,51.76,False,-2000,0,0,split,Q2,unconfirmed_accumulation,3.5,12.5,3.5,1.0,5.0,7.22,32.72,,,,,價格未確認（Q2、RS20 -3.10）；近期flow已轉負
1443,立益物流,其他,2026-08-10,excluded,0,0,491,735,-244,19.621903520208605,3.455019556714472,-1,0,-4,-5,0,0,主力佈局,True,True,0.0,-2.0,-1.0,41.4,0,-2000,-1000,41400,0.0,0.0,0.0,0.0,0,0,0,0,0.0,-0.06451612903225806,-0.014492753623188406,0.23930635838150288,0.0,0.0,0.0,0.0,-0.014557796415247818,0.0,1,5,0,0,0,0,neutral,neutral,1.7578125,1.1650485436893288,-1.6981132075471694,-0.9505703422053258,-1.1385199240986799,-0.995492197789638,7.609285838318169,-5.253027841404744,0.044921855584312276,-8.74780576241685,62.32,49.93,42.24,51.76,42.24,51.76,False,-4000,0,0,mixed,Q4,confirmed_distribution,0.0,0.0,2.5,2.0,0.0,0.0,4.5,,,,D_V1_weak_V2_weak,實際介入強度低（強度分 0.0/25）；全市場flow percentile偏低（外資P42、投信P52）；價格未確認（Q4、RS20 +0.04）
1444,力麗,紡織纖維,2026-08-10,excluded,0,0,492,481,11,19.621903520208605,37.222946544980445,-397,-35,-83,-515,0,0,主力佈局,True,True,-134.87,-348.938,-397.63,505.351,-134870,-348938,-397630,505351,0.0,-53.0,-35.0,28.0,0,-53000,-35000,28000,-0.12640112464854733,-0.09884929178470254,-0.06951573426573426,0.0363928417110759,0.0,-0.01501416430594901,-0.006118881118881119,0.0020164194152383695,-0.06991917771719797,-0.0061408647296548975,1,5,2,4,0,0,stable,neutral,0.0,1.3966480446927276,1.538461538461533,-10.0371747211896,22.016806722689065,-0.995492197789638,7.609285838318169,-2.0164530953960424,-9.041682523399963,14.407520884370896,23.6,89.57,28.29,7.82,28.29,7.82,False,-83000,0,0,split,Q4,confirmed_distribution,0.0,0.0,4.5,4.5,0.0,0.0,9.0,,,,,連買天數不長，但V2不只依賴連買
1445,大宇,紡織纖維,2026-08-10,excluded,0,5,165,426,-261,64.27640156453715,44.589308996088654,7,0,-4,3,2,0,外資鎖碼,True,True,5.0,-37.0,7.0,44.3,5000,-37000,7000,44300,0.0,0.0,0.0,0.0,0,0,0,0,0.09615384615384616,-0.16517857142857142,0.017632241813602016,0.07346600331674959,0.0,0.0,0.0,0.0,0.018408073632294516,0.0,4,6,0,0,2,0,neutral,neutral,-1.4150943396226467,0.0,-2.7906976744186074,-9.130434782608699,-11.44067796610171,-0.995492197789638,7.609285838318169,-6.345612308276182,-8.134942584819061,-19.04996380441988,25.55,24.25,52.28,51.76,52.28,51.76,False,-4000,0,0,split,Q2,unconfirmed_accumulation,3.5,4.41,3.0,2.0,5.0,5.23,23.14,,,,,實際介入強度低（強度分 4.4/25）；全市場flow percentile偏低（外資P52、投信P52）；價格未確認（Q2、RS20 -8.13）
1446,宏和,紡織纖維,2026-08-10,excluded,0,5,166,305,-139,64.27640156453715,60.36505867014341,96,0,-25,71,2,0,外資鎖碼,True,True,10.0,51.0,96.0,270.4,10000,51000,96000,270400,0.0,0.0,0.0,0.0,0,0,0,0,0.07092198581560284,0.11434977578475336,0.1128084606345476,0.11938189845474614,0.0,0.0,0.0,0.0,0.11347593400308988,0.0,4,8,0,0,2,0,decelerating,neutral,0.7220216606498076,1.086956521739113,1.4545454545454417,-4.452054794520555,-8.223684210526317,-0.995492197789638,7.609285838318169,-2.1003691793121337,-3.4565625967309166,-15.832970048844487,41.98,29.34,76.79,51.76,76.79,51.76,False,-25000,0,0,split,Q2,unconfirmed_accumulation,3.5,12.5,4.0,2.75,5.0,7.68,35.43,,,,,價格未確認（Q2、RS20 -3.46）；近期flow正在減速
1447,力鵬,紡織纖維,2026-08-10,excluded,0,0,493,565,-72,19.621903520208605,23.598435462842243,-17,-26,-17,-60,1,0,外資鎖碼,True,True,314.948,-1123.32,-14.886,25.099,314948,-1123320,-14886,25099,0.0,-39.0,-26.0,21.0,0,-39000,-26000,21000,0.20557963446475197,-0.14908029197080291,-0.0011973938223938225,0.0010304635217801865,0.0,-0.005175846051758461,-0.0020913770913770914,0.0008621751447222564,-0.004019687399947595,-0.00217885215616648,3,6,2,4,1,0,neutral,neutral,1.8465909090909172,3.463203463203457,4.063860667634267,-14.946619217081846,37.356321839080465,-0.995492197789638,7.609285838318169,0.5089460337766916,-13.951127019292208,29.747036000762296,12.39,94.78,46.02,10.82,46.02,10.82,False,-17000,0,0,split,Q4,confirmed_distribution,0.0,0.0,5.0,2.0,0.0,0.0,7.0,,,,D_V1_weak_V2_weak,實際介入強度低（強度分 0.0/25）；全市場flow percentile偏低（外資P46、投信P11）；價格未確認（Q4、RS20 -13.95）
1449,佳和,紡織纖維,2026-08-10,excluded,0,0,494,620,-126,19.621903520208605,16.558018252933508,-44,0,8,-36,1,0,外資鎖碼,True,True,35.137,-9.027,-43.616,337.372,35137,-9027,-43616,337372,0.0,0.0,0.0,0.0,0,0,0,0,0.08828391959798995,-0.00865484180249281,-0.025446907817969662,0.08032666666666667,0.0,0.0,0.0,0.0,-0.025374826136123515,0.0,3,7,0,0,1,0,neutral,neutral,2.7888446215139417,3.200000000000003,5.737704918032804,-5.147058823529404,0.0,-0.995492197789638,7.609285838318169,2.182790284175229,-4.1515666257397665,-7.609285838318169,38.72,54.69,38.46,51.76,38.46,51.76,False,9000,360,0,split,Q4,confirmed_distribution,1.0,0.0,3.5,2.0,0.0,0.0,6.5,,,,D_V1_weak_V2_weak,實際介入強度低（強度分 0.0/25）；全市場flow percentile偏低（外資P38、投信P52）；價格未確認（Q4、RS20 -4.15）
1452,宏益,紡織纖維,2026-08-10,excluded,0,0,495,486,9,19.621903520208605,36.17992177314211,-27,0,9,-18,0,0,主力佈局,True,True,-40.999,-28.995,-27.995,29.091,-40999,-28995,-27995,29091,0.0,0.0,0.0,0.0,0,0,0,0,-0.4270729166666667,-0.08076601671309193,-0.055435643564356436,0.03386612339930151,0.0,0.0,0.0,0.0,-0.055453008396549736,0.0,2,6,0,0,0,0,stable,neutral,-0.43859649122807154,1.7937219730941534,1.3392857142857206,-2.155172413793105,3.1818181818181746,-0.995492197789638,7.609285838318169,-2.215628919571855,-1.159680216003467,-4.427467656499995,53.59,64.54,31.42,51.76,31.42,51.76,False,9000,0,0,split,Q4,confirmed_distribution,1.0,0.0,3.0,4.5,0.0,0.0,8.5,,,,,連買天數不長，但V2不只依賴連買
1453,大將,建材營建,2026-08-10,excluded,0,5,167,260,-93,64.27640156453715,66.23207301173403,17,0,-4,13,2,0,外資鎖碼,True,True,10.0,7.0,17.0,37.69,10000,7000,17000,37690,0.0,0.0,0.0,0.0,0,0,0,0,0.15151515151515152,0.03684210526315789,0.06439393939393939,0.06953874538745387,0.0,0.0,0.0,0.0,0.06470708656044219,0.0,4,8,0,0,2,0,accelerating,neutral,0.0,-0.4484304932735439,-0.4484304932735439,-0.4484304932735439,-2.2026431718061623,-0.995492197789638,7.609285838318169,-4.003345127131119,0.5470617045160941,-9.81192901012433,64.73,46.15,64.8,51.76,64.8,51.76,False,-4000,0,0,split,Q2,unconfirmed_accumulation,3.5,12.5,4.0,6.0,5.0,6.48,37.48,,,,,全市場flow percentile偏低（外資P65、投信P52）；價格未確認（Q2、RS20 +0.55）
1454,台富,紡織纖維,2026-08-10,excluded,0,2,439,412,27,41.19947848761408,46.41460234680574,1,0,-6,-5,1,0,外資鎖碼,True,True,1.0,1.0,1.0,3.3,1000,1000,1000,3300,0.0,0.0,0.0,0.0,0,0,0,0,0.041666666666666664,0.01694915254237288,0.011764705882352941,0.01783783783783784,0.0,0.0,0.0,0.0,0.011630028276931497,0.0,1,4,0,0,1,0,accelerating,neutral,-0.390625,-1.5444015444015413,-1.9230769230769273,0.7905138339920903,-1.5444015444015413,-0.995492197789638,7.609285838318169,-5.477991556934503,1.7860060317817283,-9.15368738271971,72.36,48.89,50.2,51.76,50.2,51.76,False,-6000,0,0,split,Q2,unconfirmed_accumulation,3.5,2.94,2.0,6.0,5.0,5.02,24.46,,,,,連買天數不長，但V2不只依賴連買
1457,宜進,紡織纖維,2026-08-10,excluded,0,5,168,441,-273,64.27640156453715,42.633637548891784,3,0,19,22,0,0,主力佈局,True,True,-1.0,27.0,3.0,83.617,-1000,27000,3000,83617,0.0,0.0,0.0,0.0,0,0,0,0,-0.013333333333333334,0.05389221556886228,0.004098360655737705,0.06615268987341773,0.0,0.0,0.0,0.0,0.0035629511097359937,0.0,2,5,0,0,0,0,decelerating,neutral,0.3558718861209842,-1.0526315789473717,-1.3986013986014068,-1.0526315789473717,-0.7042253521126751,-0.995492197789638,7.609285838318169,-4.953516032458982,-0.05713938115773365,-8.313511190430845,60.76,52.41,47.98,51.76,47.98,51.76,False,19000,0,0,split,Q2,unconfirmed_accumulation,4.5,1.02,2.5,2.75,5.0,4.8,20.57,,,,,實際介入強度低（強度分 1.0/25）；全市場flow percentile偏低（外資P48、投信P52）；價格未確認（Q2、RS20 -0.06）；近期flow正在減速
1460,宏遠,紡織纖維,2026-08-10,excluded,0,0,496,670,-174,19.621903520208605,11.147327249022164,-170,0,-19,-189,0,0,主力佈局,True,True,-16.939,-94.433,-171.697,80.767,-16939,-94433,-171697,80767,0.0,0.0,0.0,0.0,0,0,0,0,-0.08104784688995215,-0.10411576626240353,-0.10936114649681529,0.021406573018817918,0.0,0.0,0.0,0.0,-0.1082363932941863,0.0,1,4,0,0,0,0,reversing_positive,neutral,0.3012048192771122,0.6042296072507503,-1.6248153618906858,-6.197183098591541,-5.531914893617018,-0.995492197789638,7.609285838318169,-5.179729995748261,-5.201690900801903,-13.141200731935188,36.25,36.77,19.3,51.76,19.3,51.76,False,-19000,0,0,split,Q4,confirmed_distribution,0.0,0.0,2.0,4.0,0.0,0.0,6.0,,,,D_V1_weak_V2_weak,實際介入強度低（強度分 0.0/25）；全市場flow percentile偏低（外資P19、投信P52）；價格未確認（Q4、RS20 -5.20）
1463,強盛新,紡織纖維,2026-08-10,excluded,0,0,497,671,-174,19.621903520208605,11.147327249022164,-29,0,-9,-38,0,0,主力佈局,True,True,-1.0,-2.0,-29.0,254.0,-1000,-2000,-29000,254000,0.0,0.0,0.0,0.0,0,0,0,0,-0.02857142857142857,-0.023809523809523808,-0.12554112554112554,0.2841163310961969,0.0,0.0,0.0,0.0,-0.1252408477842004,0.0,0,3,0,0,0,0,stable,neutral,0.0,0.5649717514124353,0.28169014084507005,0.0,-1.1111111111111072,-0.995492197789638,7.609285838318169,-3.2732244930125054,0.995492197789638,-8.720396949429276,68.12,50.2,16.69,51.76,16.69,51.76,False,-9000,0,0,split,Q3,absorption_divergence,0.0,0.0,1.5,4.5,0.0,0.0,6.0,,,,D_V1_weak_V2_weak,實際介入強度低（強度分 0.0/25）；全市場flow percentile偏低（外資P17、投信P52）
1464,得力,紡織纖維,2026-08-10,excluded,0,0,498,621,-123,19.621903520208605,16.558018252933508,-20,0,-25,-45,1,0,外資鎖碼,True,True,108.208,61.335,-22.379,338.322,108208,61335,-22379,338322,0.0,0.0,0.0,0.0,0,0,0,0,0.3191976401179941,0.060488165680473376,-0.014290549169859515,0.0898836344314559,0.0,0.0,0.0,0.0,-0.013668363519616708,0.0,1,5,0,0,1,0,reversing_positive,neutral,0.48309178743961567,0.9708737864077666,0.9708737864077666,-2.3474178403755874,2.4630541871921263,-0.995492197789638,7.609285838318169,-2.584040847449809,-1.3519256425859494,-5.146231651126043,52.41,62.19,42.37,51.76,42.37,51.76,False,-25000,0,0,split,Q4,confirmed_distribution,0.0,0.0,2.5,4.0,0.0,0.0,6.5,,,,D_V1_weak_V2_weak,實際介入強度低（強度分 0.0/25）；全市場flow percentile偏低（外資P42、投信P52）；價格未確認（Q4、RS20 -1.35）
1465,偉全,紡織纖維,2026-08-10,excluded,0,5,169,288,-119,64.27640156453715,62.58148631029987,21,0,-18,3,2,0,外資鎖碼,True,True,8.0,15.0,21.03,88.498,8000,15000,21030,88498,0.0,0.0,0.0,0.0,0,0,0,0,0.08602150537634409,0.07075471698113207,0.04959905660377358,0.08542277992277993,0.0,0.0,0.0,0.0,0.04955329041827915,0.0,3,7,0,0,2,0,accelerating,neutral,0.0,-0.8032128514056214,-1.9841269841269882,-1.200000000000001,3.347280334728042,-0.995492197789638,7.609285838318169,-5.539041617984564,-0.20450780221036302,-4.262005503590127,59.45,65.19,60.63,51.76,60.63,51.76,False,-18167,0,0,split,Q2,unconfirmed_accumulation,3.5,12.4,3.5,6.0,5.0,6.06,36.46,,,,,全市場flow percentile偏低（外資P61、投信P52）；價格未確認（Q2、RS20 -0.20）
1466,聚隆,紡織纖維,2026-08-10,excluded,0,5,170,94,76,64.27640156453715,87.8748370273794,165,0,-3,162,2,0,外資鎖碼,True,True,145.617,83.572,166.473,290.761,145617,83572,166473,290761,0.0,0.0,0.0,0.0,0,0,0,0,0.2747490566037736,0.07241941074523398,0.08204682109413504,0.05891813576494428,0.0,0.0,0.0,0.0,0.08555744118816011,0.0,4,6,0,0,2,0,accelerating,neutral,4.615384615384621,4.615384615384621,9.324758842443725,0.8902077151335286,18.466898954703836,-0.995492197789638,7.609285838318169,5.769844208586149,1.8856999129231666,10.857613116385668,72.75,87.09,69.88,51.76,69.88,51.76,False,-3000,0,0,split,Q1,confirmed_accumulation,3.5,12.5,3.0,6.0,25.0,6.99,56.99,,,,C_V1_weak_V2_strong,價格與RS同步確認（RS20 +1.89）；連買天數不長，但V2不只依賴連買
1467,南緯,紡織纖維,2026-08-10,excluded,0,0,499,496,3,19.621903520208605,33.96349413298566,-401,0,-23,-424,0,0,主力佈局,True,True,-133.807,-599.76,-402.04,8.676,-133807,-599760,-402040,8676,0.0,0.0,0.0,0.0,0,0,0,0,-0.33368329177057354,-0.281445330830596,-0.1251291627762216,0.0011863804184329277,0.0,0.0,0.0,0.0,-0.130656456102726,0.0,3,7,0,0,0,0,stable,neutral,-0.6091370558375719,-1.80541624874625,5.49568965517242,19.24482338611446,37.69338959212376,-0.995492197789638,7.609285838318169,1.9407750213148445,20.2403155839041,30.08410375380559,98.44,94.92,16.82,51.76,16.82,51.76,False,-22321,0,0,split,Q3,absorption_divergence,0.0,0.0,3.5,4.5,0.0,0.0,8.0,,,,,連買天數不長，但V2不只依賴連買
1468,昶和,紡織纖維,2026-08-10,excluded,0,0,500,566,-66,19.621903520208605,23.598435462842243,-45,0,-9,-54,0,0,主力佈局,True,True,-9.0,-24.0,-45.0,44.2,-9000,-24000,-45000,44200,0.0,0.0,0.0,0.0,0,0,0,0,-0.1836734693877551,-0.1935483870967742,-0.16791044776119404,0.08110091743119266,0.0,0.0,0.0,0.0,-0.16702646192280016,0.0,0,5,0,0,0,0,stable,neutral,0.0,-2.166064981949456,-3.214285714285714,11.522633744855959,10.6122448979592,-0.995492197789638,7.609285838318169,-6.76920034814329,12.518125942645597,3.0029590596410314,95.96,79.79,10.95,51.76,10.95,51.76,False,-9000,0,0,split,Q4,confirmed_distribution,0.0,0.0,2.5,4.5,0.0,0.0,7.0,,,,D_V1_weak_V2_weak,實際介入強度低（強度分 0.0/25）；全市場flow percentile偏低（外資P11、投信P52）；價格未確認（Q4、RS20 +12.52）
1470,大統新創,紡織纖維,2026-08-10,excluded,0,5,171,73,98,64.27640156453715,90.48239895697523,5,0,-1,4,1,0,外資鎖碼,True,True,1.0,2.0,5.0,27.083,1000,2000,5000,27083,0.0,0.0,0.0,0.0,0,0,0,0,0.14285714285714285,0.14285714285714285,0.19230769230769232,0.22569166666666668,0.0,0.0,0.0,0.0,0.19338760591460374,0.0,4,8,0,0,1,0,stable,neutral,3.083700440528636,2.183406113537112,0.6451612903225712,9.090909090909083,3.7694013303769314,-0.995492197789638,7.609285838318169,-2.9097533435350043,10.08640128869872,-3.839884507941238,93.48,65.97,87.35,51.76,87.35,51.76,False,-1000,0,0,split,Q1,confirmed_accumulation,3.5,12.5,4.0,4.5,25.0,8.73,58.23,,,,C_V1_weak_V2_strong,價格與RS同步確認（RS20 +10.09）；連買天數不長，但V2不只依賴連買
1471,首利,電子零組件,2026-08-10,excluded,0,5,172,337,-165,64.27640156453715,56.192959582790095,75,0,1,76,1,0,外資鎖碼,True,True,30.0,-93.0,75.0,131.25,30000,-93000,75000,131250,0.0,0.0,0.0,0.0,0,0,0,0,0.17543859649122806,-0.13757396449704143,0.05694760820045558,0.05159198113207547,0.0,0.0,0.0,0.0,0.05751596466386457,0.0,3,6,0,0,1,0,neutral,neutral,-0.10482180293500676,0.3157894736842026,0.3157894736842026,-7.024390243902445,-10.094339622641513,-0.995492197789638,7.609285838318169,-3.239125160173373,-6.028898046112808,-17.70362546095968,34.03,26.08,62.58,51.76,62.58,51.76,False,1000,0,0,split,Q2,unconfirmed_accumulation,4.5,12.5,3.0,2.0,5.0,6.26,33.26,,,,,全市場flow percentile偏低（外資P63、投信P52）；價格未確認（Q2、RS20 -6.03）
1472,三洋實業,建材營建,2026-08-10,excluded,0,0,501,736,-235,19.621903520208605,3.455019556714472,-15,0,-6,-21,1,0,外資鎖碼,True,True,3.0,-3.0,-15.0,-0.099,3000,-3000,-15000,-99,0.0,0.0,0.0,0.0,0,0,0,0,0.6,-0.07692307692307693,-0.1485148514851485,-0.0003235294117647059,0.0,0.0,0.0,0.0,-0.14837769271853302,0.0,1,5,0,0,1,0,neutral,neutral,0.11261261261261701,1.0227272727272751,0.5656108597285048,0.4519774011299438,-0.33632286995515237,-0.995492197789638,7.609285838318169,-2.9893037741290707,1.4474695989195818,-7.945608708273322,70.4,53.72,13.17,51.76,13.17,51.76,False,-6000,0,0,mixed,Q3,absorption_divergence,0.0,0.0,2.5,2.0,0.0,0.0,4.5,,,,D_V1_weak_V2_weak,實際介入強度低（強度分 0.0/25）；全市場flow percentile偏低（外資P13、投信P52）
1473,台南,紡織纖維,2026-08-10,excluded,0,0,502,567,-65,19.621903520208605,23.598435462842243,-16,0,-11,-27,2,0,外資鎖碼,True,True,6.0,-26.0,-16.0,-13.4,6000,-26000,-16000,-13400,0.0,0.0,0.0,0.0,0,0,0,0,0.07142857142857142,-0.14130434782608695,-0.057971014492753624,-0.01789052069425901,0.0,0.0,0.0,0.0,-0.05766895808798693,0.0,4,6,0,0,2,0,reversing_positive,neutral,0.5037783375314797,0.7575757575757569,0.7575757575757569,-0.992555831265507,-1.4814814814814836,-0.995492197789638,7.609285838318169,-2.7973388762818185,0.0029363665241310954,-9.090767319799653,61.67,49.15,30.57,51.76,30.57,51.76,False,-11000,0,0,split,Q3,absorption_divergence,0.0,0.0,3.0,4.0,0.0,0.0,7.0,,,,D_V1_weak_V2_weak,實際介入強度低（強度分 0.0/25）；全市場flow percentile偏低（外資P31、投信P52）
1474,弘裕,紡織纖維,2026-08-10,excluded,0,0,503,752,-249,19.621903520208605,1.7601043024771839,-31,0,-8,-39,0,0,主力佈局,True,True,0.0,-1.0,-31.0,-4.7,0,-1000,-31000,-4700,0.0,0.0,0.0,0.0,0,0,0,0,0.0,-0.012048192771084338,-0.12062256809338522,-0.006317204301075269,0.0,0.0,0.0,0.0,-0.1203190067748151,0.0,0,4,0,0,0,0,neutral,neutral,0.4975124378109319,1.4056224899598346,-1.4634146341463428,-2.8846153846153966,2.020202020202011,-0.995492197789638,7.609285838318169,-5.018329268003918,-1.8891231868257585,-5.589083818116158,48.37,61.41,17.34,51.76,17.34,51.76,False,-8000,0,0,split,Q4,confirmed_distribution,0.0,0.0,2.0,2.0,0.0,0.0,4.0,,,,D_V1_weak_V2_weak,實際介入強度低（強度分 0.0/25）；全市場flow percentile偏低（外資P17、投信P52）；價格未確認（Q4、RS20 -1.89）
1475,業旺,紡織纖維,2026-08-10,excluded,0,2,440,331,109,41.19947848761408,56.975228161668845,9,0,-9,0,0,0,主力佈局,True,True,-2.0,4.0,9.0,30.2,-2000,4000,9000,30200,0.0,0.0,0.0,0.0,0,0,0,0,-0.05714285714285714,0.057971014492753624,0.06716417910447761,0.13017241379310346,0.0,0.0,0.0,0.0,0.06758377327801288,0.0,3,7,0,0,0,0,decelerating,neutral,-0.5494505494505586,1.1173184357541777,0.0,0.0,0.7421150278293043,-0.995492197789638,7.609285838318169,-3.5549146338575754,0.995492197789638,-6.867170810488865,68.12,57.11,65.84,51.76,65.84,51.76,False,-9000,0,0,split,Q2,unconfirmed_accumulation,3.5,12.5,3.5,2.75,5.0,6.58,33.83,,,,,連買天數不長，但V2不只依賴連買
1476,儒鴻,紡織纖維,2026-08-10,excluded,0,3,404,365,39,45.436766623207305,52.54237288135594,-762,137,246,-379,0,2,投信鎖碼,True,True,-688.947,-1562.142,-762.363,695.659,-688947,-1562142,-762363,695659,8.062,129.062,137.425,141.151,8062,129062,137425,141151,-0.5103311111111111,-0.2402556136573362,-0.08281153595481208,0.03422003049830292,0.0059718518518518515,0.019849584743155953,0.014927764501412123,0.0069433321855477395,-0.07648851669610272,0.014650481082258682,3,8,4,7,0,2,stable,decelerating,-2.8818443804034533,-5.0704225352112715,-2.741702741702745,-1.1730205278592365,-1.3177159590043952,-0.995492197789638,7.609285838318169,-6.29661737556032,-0.17752833006959845,-8.927001797322564,59.58,49.54,24.12,95.44,24.12,95.44,False,25611,219939,0,split,Q4,confirmed_distribution,4.5,3.73,7.5,5.25,0.0,9.54,30.52,,,,,差異主要來自V1離散加分與V2連續型強度／排名分數
1477,聚陽,紡織纖維,2026-08-10,other_watch,52,6,137,324,-187,81.42112125162973,57.887874837027375,-1938,231,-85,-1792,0,10,投信鎖碼,True,True,-868.551,-1579.24,-1939.794,-1978.522,-868551,-1579240,-1939794,-1978522,25.0,72.0,231.972,485.618,25000,72000,231972,485618,-0.5273533697632058,-0.2915878877400295,-0.20099409387628225,-0.10294614704198969,0.015179113539769277,0.013293943870014771,0.024036058439539945,0.025267599771059888,-0.2006043283314734,0.023932115014235374,0,3,5,10,0,10,stable,accelerating,-0.8928571428571397,-1.3333333333333308,1.6018306636155666,-1.7699115044247815,-0.4484304932735439,-0.995492197789638,7.609285838318169,-1.9530839702420089,-0.7744193066351435,-8.057716331591713,55.93,53.19,8.6,96.87,8.6,96.87,False,-51315,-34861,0,split,Q4,confirmed_distribution,3.5,6.01,6.5,8.5,0.0,9.69,34.2,,,,,V1連買訊號高（外資0日／投信10日）；價格未確認（Q4、RS20 -0.77）
1506,正道,電機機械,2026-08-10,excluded,0,5,173,155,18,64.27640156453715,79.92177314211213,25,0,-7,18,1,0,外資鎖碼,True,True,89.432,66.432,25.432,201.332,89432,66432,25432,201332,0.0,0.0,0.0,0.0,0,0,0,0,0.2512134831460674,0.10528050713153725,0.02638174273858921,0.09782896015549077,0.0,0.0,0.0,0.0,0.028390854725275826,0.0,1,5,0,0,1,0,accelerating,neutral,2.4390243902439046,1.9417475728155331,0.4784688995215447,1.449275362318847,2.941176470588247,-0.995492197789638,7.609285838318169,-3.0764457343360307,2.444767560108485,-4.668109367729922,76.01,63.89,54.89,51.76,54.89,51.76,False,-7077,0,0,split,Q1,confirmed_accumulation,3.5,6.6,2.5,6.0,25.0,5.49,49.09,,,,C_V1_weak_V2_strong,價格與RS同步確認（RS20 +2.44）；連買天數不長，但V2不只依賴連買
1512,瑞利,汽車工業,2026-08-10,excluded,0,0,504,568,-64,19.621903520208605,23.598435462842243,-32,0,-2,-34,0,0,主力佈局,True,True,-2.0,-37.0,-32.0,9.7,-2000,-37000,-32000,9700,0.0,0.0,0.0,0.0,0,0,0,0,-0.04878048780487805,-0.21022727272727273,-0.08888888888888889,0.013305898491083675,0.0,0.0,0.0,0.0,-0.08870454963773572,0.0,2,5,0,0,0,0,stable,neutral,-0.605143721633894,-1.0542168674698704,-1.7937219730941756,-4.505813953488369,-5.603448275862066,-0.995492197789638,7.609285838318169,-5.348636606951751,-3.510321755698731,-13.212734114180236,41.59,36.51,22.82,51.76,22.82,51.76,False,-2000,0,0,split,Q4,confirmed_distribution,0.0,0.0,2.5,4.5,0.0,0.0,7.0,,,,D_V1_weak_V2_weak,實際介入強度低（強度分 0.0/25）；全市場flow percentile偏低（外資P23、投信P52）；價格未確認（Q4、RS20 -3.51）
1515,力山,電機機械,2026-08-10,excluded,0,0,505,497,8,19.621903520208605,33.96349413298566,-968,-7,38,-937,0,0,主力佈局,True,True,-543.281,-588.281,-968.281,752.815,-543281,-588281,-968281,752815,0.0,-10.0,-7.0,5.0,0,-10000,-7000,5000,-0.22338856907894736,-0.177674720628209,-0.21483936099400933,0.055595229303596484,0.0,-0.0030202355783751134,-0.0015531395606833815,0.00036924894764049925,-0.20887318642960406,-0.001698014110410624,2,4,1,3,0,0,stable,neutral,2.6315789473684292,0.9708737864077666,5.762711864406778,-24.17982989064399,40.85778781038376,-0.995492197789638,7.609285838318169,2.207797230549202,-23.184337692854353,33.24850197206559,4.56,96.09,7.43,11.6,7.43,11.6,False,-20000,57705,0,split,Q4,confirmed_distribution,0.0,0.0,3.5,4.5,0.0,0.0,8.0,,,,,連買天數不長，但V2不只依賴連買
1519,華城,電機機械,2026-08-10,excluded,0,0,506,622,-116,19.621903520208605,16.558018252933508,-220,-90,11,-299,1,0,外資鎖碼,True,True,111.134,-295.774,-220.876,263.593,111134,-295774,-220876,263593,0.0,-90.0,-90.0,7.336,0,-90000,-90000,7336,0.11180482897384306,-0.10139664038395611,-0.03693578595317726,0.01942755011792453,0.0,-0.030853616729516628,-0.015050167224080268,0.000540683962264151,-0.03230391441312056,-0.014765759002887477,2,5,0,4,1,0,neutral,neutral,2.7565084226646164,1.2066365007541435,-4.551920341394022,-7.702888583218703,-22.873563218390803,-0.995492197789638,7.609285838318169,-8.106834975251598,-6.707396385429066,-30.48284905670897,30.38,8.74,35.33,5.61,35.33,5.61,False,-1333,11314,0,split,Q4,confirmed_distribution,0.0,0.0,4.5,2.0,0.0,0.0,6.5,,,,D_V1_weak_V2_weak,實際介入強度低（強度分 0.0/25）；全市場flow percentile偏低（外資P35、投信P6）；價格未確認（Q4、RS20 -6.71）
1521,大億,汽車工業,2026-08-10,excluded,0,5,174,204,-30,64.27640156453715,73.53324641460235,19,0,-3,16,2,0,外資鎖碼,True,True,4.0,1.0,19.0,48.3,4000,1000,19000,48300,0.0,0.0,0.0,0.0,0,0,0,0,0.4444444444444444,0.018867924528301886,0.1919191919191919,0.22465116279069766,0.0,0.0,0.0,0.0,0.19095144383308565,0.0,4,8,0,0,2,0,accelerating,neutral,0.3968253968253954,1.200000000000001,-0.393700787401563,-1.5564202334630295,3.2653061224489743,-0.995492197789638,7.609285838318169,-3.9486154212591384,-0.5609280356733914,-4.343979715869195,57.63,64.8,87.22,51.76,87.22,51.76,False,-3000,0,0,split,Q2,unconfirmed_accumulation,3.5,12.5,4.0,6.0,5.0,8.72,39.72,,,,,價格未確認（Q2、RS20 -0.56）
1522,堤維西,汽車工業,2026-08-10,excluded,0,0,507,623,-116,19.621903520208605,16.558018252933508,-149,0,-26,-175,1,0,外資鎖碼,True,True,53.999,-280.073,-146.521,611.062,53999,-280073,-146521,611062,0.0,0.0,0.0,0.0,0,0,0,0,0.09029933110367892,-0.07585942578548212,-0.03418595426971535,0.0901005603066942,0.0,0.0,0.0,0.0,-0.029121409137341705,0.0,4,9,0,0,1,0,neutral,neutral,0.7142857142857117,0.0,0.7142857142857117,-7.236842105263152,-6.467661691542281,-0.995492197789638,7.609285838318169,-2.8406289195718637,-6.241349907473515,-14.076947529860451,32.72,34.42,36.51,51.76,36.51,51.76,False,-30000,2874,0,split,Q4,confirmed_distribution,0.0,0.0,4.5,2.0,0.0,0.0,6.5,,,,D_V1_weak_V2_weak,實際介入強度低（強度分 0.0/25）；全市場flow percentile偏低（外資P37、投信P52）；價格未確認（Q4、RS20 -6.24）
1524,耿鼎,汽車工業,2026-08-10,excluded,0,5,175,348,-173,64.27640156453715,54.758800521512384,120,0,-18,102,1,0,外資鎖碼,True,True,37.047,-47.048,121.391,566.11,37047,-47048,121391,566110,0.0,0.0,0.0,0.0,0,0,0,0,0.08716941176470588,-0.024251546391752577,0.04769783889980354,0.11550907977963681,0.0,0.0,0.0,0.0,0.04605214603659513,0.0,4,9,0,0,1,0,reversing_negative,neutral,-0.3669724770642202,2.840909090909083,2.840909090909083,-2.3381294964028854,-5.729166666666674,-0.995492197789638,7.609285838318169,-0.7140055429484926,-1.3426372986132473,-13.338452504984843,52.54,36.38,60.1,51.76,60.1,51.76,False,-18000,0,0,split,Q2,unconfirmed_accumulation,3.5,11.92,4.5,1.0,5.0,6.01,31.93,,,,,全市場flow percentile偏低（外資P60、投信P52）；價格未確認（Q2、RS20 -1.34）；近期flow已轉負
1525,江申,汽車工業,2026-08-10,excluded,0,7,50,286,-236,88.33116036505866,62.84224250325945,15,0,-2,13,5,0,外資鎖碼,True,True,1.0,5.0,15.0,39.3,1000,5000,15000,39300,0.0,0.0,0.0,0.0,0,0,0,0,0.1,0.13513513513513514,0.16666666666666666,0.18625592417061612,0.0,0.0,0.0,0.0,0.1663807057300097,0.0,5,9,0,0,5,0,decelerating,neutral,-0.4366812227074246,-0.5813953488371992,-0.2915451895043608,3.167420814479649,14.381270903010046,-0.995492197789638,7.609285838318169,-3.8464598233619363,4.1629130122692874,6.771985064691877,81.88,83.96,83.7,51.76,83.7,51.76,False,-2000,0,0,split,Q2,unconfirmed_accumulation,3.5,12.5,4.5,2.75,5.0,8.37,36.62,,,,,V1連買訊號高（外資5日／投信0日）；價格未確認（Q2、RS20 +4.16）；近期flow正在減速
1526,日馳,電機機械,2026-08-10,excluded,0,5,176,455,-279,64.27640156453715,40.80834419817471,28,0,-1,27,0,0,主力佈局,True,True,-84.394,23.259,27.663,-207.261,-84394,23259,27663,-207261,0.0,0.0,0.0,0.0,0,0,0,0,-0.07164176570458404,0.00512877618522602,0.004473318240620958,-0.008128201105925723,0.0,0.0,0.0,0.0,0.006247992374723829,0.0,2,4,0,0,0,0,reversing_negative,neutral,0.273972602739736,4.871060171919783,0.0,28.873239436619723,24.489795918367353,-0.995492197789638,7.609285838318169,-3.5549146338575754,29.86873163440936,16.880510080049184,99.61,91.26,48.11,51.76,48.11,51.76,False,-1000,0,0,split,Q2,unconfirmed_accumulation,3.5,1.12,2.0,1.0,5.0,4.81,17.43,,,,,實際介入強度低（強度分 1.1/25）；全市場flow percentile偏低（外資P48、投信P52）；價格未確認（Q2、RS20 +29.87）；近期flow已轉負
1528,恩德,電機機械,2026-08-10,excluded,0,0,508,569,-61,19.621903520208605,23.598435462842243,-55,0,-4,-59,0,0,主力佈局,True,True,-112.345,-117.345,-55.026,882.275,-112345,-117345,-55026,882275,0.0,0.0,0.0,0.0,0,0,0,0,-0.16767910447761195,-0.06771206001154068,-0.016037889828038474,0.07929136335040891,0.0,0.0,0.0,0.0,-0.017309766056822877,0.0,2,5,0,0,0,0,stable,neutral,2.425876010781658,3.260869565217406,7.042253521126751,-15.555555555555555,-24.752475247524753,-0.995492197789638,7.609285838318169,3.4873388872691757,-14.560063357765918,-32.36176108584292,11.34,7.69,41.46,51.76,41.46,51.76,False,-4000,-255,0,split,Q4,confirmed_distribution,0.0,0.0,2.5,4.5,0.0,0.0,7.0,,,,D_V1_weak_V2_weak,實際介入強度低（強度分 0.0/25）；全市場flow percentile偏低（外資P41、投信P52）；價格未確認（Q4、RS20 -14.56）
1529,樂事綠能,電機機械,2026-08-10,excluded,0,0,509,672,-163,19.621903520208605,11.147327249022164,-176,0,-5,-181,0,0,主力佈局,True,True,-10.407,-3.407,-176.407,-84.741,-10407,-3407,-176407,-84741,0.0,0.0,0.0,0.0,0,0,0,0,-0.03480602006688963,-0.003181139122315593,-0.10896046942557135,-0.018064591771477297,0.0,0.0,0.0,0.0,-0.10865499024517428,0.0,1,3,0,0,0,0,stable,neutral,0.0,0.0,0.29239766081869956,-20.046620046620056,-17.74580335731416,-0.995492197789638,7.609285838318169,-3.262516973038876,-19.05112784883042,-25.355089195632328,7.04,13.04,19.43,51.76,19.43,51.76,False,-5000,0,0,split,Q4,confirmed_distribution,0.0,0.0,1.5,4.5,0.0,0.0,6.0,,,,D_V1_weak_V2_weak,實際介入強度低（強度分 0.0/25）；全市場flow percentile偏低（外資P19、投信P52）；價格未確認（Q4、RS20 -19.05）
1533,車王電,汽車工業,2026-08-10,excluded,0,5,177,264,-87,64.27640156453715,65.71056062581486,77,0,-14,63,1,0,外資鎖碼,True,True,71.0,75.899,77.899,69.7,71000,75899,77899,69700,0.0,0.0,0.0,0.0,0,0,0,0,0.36787564766839376,0.1664451754385965,0.121149300155521,0.052643504531722056,0.0,0.0,0.0,0.0,0.12140491413784993,0.0,3,5,0,0,1,0,accelerating,neutral,-1.0463378176382654,1.5337423312883347,3.2761310452418257,-8.18307905686545,-4.610951008645536,-0.995492197789638,7.609285838318169,-0.2787835886157497,-7.187586859075813,-12.220236846963704,28.29,38.46,77.97,51.76,77.97,51.76,False,-14000,0,0,split,Q2,unconfirmed_accumulation,3.5,12.5,2.5,6.0,5.0,7.8,37.3,,,,,價格未確認（Q2、RS20 -7.19）
1535,中宇,電機機械,2026-08-10,excluded,0,2,441,433,8,41.19947848761408,43.67666232073012,3,0,-5,-2,1,0,外資鎖碼,True,True,7.0,-1.0,3.321,166.521,7000,-1000,3321,166521,0.0,0.0,0.0,0.0,0,0,0,0,0.1590909090909091,-0.007407407407407408,0.01456578947368421,0.23063850415512466,0.0,0.0,0.0,0.0,0.014831550048938864,0.0,2,7,0,0,1,0,reversing_negative,neutral,1.196953210010876,1.7505470459518557,0.6493506493506329,-7.554671968190851,-5.870445344129549,-0.995492197789638,7.609285838318169,-2.9055639845069425,-6.559179770401213,-13.479731182447718,31.42,35.59,51.76,51.76,51.76,51.76,False,-5000,0,0,split,Q2,unconfirmed_accumulation,3.5,3.64,3.5,1.0,5.0,5.18,21.82,,,,,連買天數不長，但V2不只依賴連買
1537,廣隆,電機機械,2026-08-10,excluded,0,0,510,624,-114,19.621903520208605,16.558018252933508,-94,0,-20,-114,0,0,主力佈局,True,True,-30.742,-64.369,-95.369,-20.043,-30742,-64369,-95369,-20043,0.0,0.0,0.0,0.0,0,0,0,0,-0.3454157303370787,-0.24018283582089553,-0.18554280155642022,-0.020103309929789367,0.0,0.0,0.0,0.0,-0.18566481110254432,0.0,0,4,0,0,0,0,stable,neutral,0.0,1.195219123505975,0.39525691699604515,0.39525691699604515,0.7936507936507908,-0.995492197789638,7.609285838318169,-3.1596577168615303,1.3907491147856832,-6.815635044667379,69.75,57.37,9.91,51.76,9.91,51.76,False,-19860,0,0,split,Q3,absorption_divergence,0.0,0.0,2.0,4.5,0.0,0.0,6.5,,,,D_V1_weak_V2_weak,實際介入強度低（強度分 0.0/25）；全市場flow percentile偏低（外資P10、投信P52）
1539,巨庭,電機機械,2026-08-10,excluded,0,7,51,70,-19,88.33116036505866,91.0039113428944,62,0,0,62,3,0,外資鎖碼,True,True,30.0,36.0,62.0,73.1,30000,36000,62000,73100,0.0,0.0,0.0,0.0,0,0,0,0,0.36585365853658536,0.13740458015267176,0.16272965879265092,0.08569753810082063,0.0,0.0,0.0,0.0,0.16356432743780408,0.0,4,7,0,0,3,0,accelerating,neutral,2.187500000000009,1.552795031055898,0.30674846625766694,4.140127388535042,5.144694533762073,-0.995492197789638,7.609285838318169,-3.2481661675999085,5.13561958632468,-2.4645913045560963,85.79,68.97,83.31,51.76,83.31,51.76,False,0,0,0,split,Q1,confirmed_accumulation,3.5,12.5,3.5,6.0,25.0,8.33,58.83,,,,,V1連買訊號高（外資3日／投信0日）
1541,錩泰,電機機械,2026-08-10,excluded,0,5,178,143,35,64.27640156453715,81.48631029986963,7,0,-3,4,0,0,主力佈局,True,True,-2.0,-1.0,7.0,44.378,-2000,-1000,7000,44378,0.0,0.0,0.0,0.0,0,0,0,0,-0.3333333333333333,-0.022222222222222223,0.06140350877192982,0.1826255144032922,0.0,0.0,0.0,0.0,0.0644245381108534,0.0,2,7,0,0,0,0,reversing_negative,neutral,0.6880733944954143,2.0930232558139528,2.5700934579439227,1.385681293302543,0.6880733944954143,-0.995492197789638,7.609285838318169,-0.9848211759136527,2.381173491092181,-6.921212443822755,75.62,56.71,64.02,51.76,64.02,51.76,False,-3000,0,0,split,Q1,confirmed_accumulation,3.5,12.5,3.5,1.0,25.0,6.4,51.9,,,,C_V1_weak_V2_strong,價格與RS同步確認（RS20 +2.38）；連買天數不長，但V2不只依賴連買
1558,伸興,電機機械,2026-08-10,excluded,0,5,179,80,99,64.27640156453715,89.70013037809647,61,0,-1,60,2,0,外資鎖碼,True,True,67.0,81.509,59.856,279.805,67000,81509,59856,279805,0.0,0.0,0.0,0.0,0,0,0,0,0.432258064516129,0.23973235294117648,0.12548427672955975,0.23067188788128606,0.0,0.0,0.0,0.0,0.12979571442146276,0.0,3,6,0,0,2,0,accelerating,neutral,2.3809523809523725,3.956043956043942,3.7280701754385914,2.1598272138228847,4.530386740331482,-0.995492197789638,7.609285838318169,0.17315554158101598,3.1553194116125227,-3.078899097986687,79.4,67.93,78.49,51.76,78.49,51.76,False,-1000,0,0,split,Q1,confirmed_accumulation,3.5,12.5,3.0,6.0,25.0,7.85,57.85,,,,C_V1_weak_V2_strong,價格與RS同步確認（RS20 +3.16）；連買天數不長，但V2不只依賴連買
1563,巧新,汽車工業,2026-08-10,excluded,0,0,511,487,24,19.621903520208605,36.17992177314211,-467,0,106,-361,0,0,主力佈局,True,True,-1114.147,-1103.514,-466.957,784.011,-1114147,-1103514,-466957,784011,0.0,0.0,0.0,0.0,0,0,0,0,-0.5942117333333333,-0.30928082959641257,-0.09266858503671363,0.0631197971177844,0.0,0.0,0.0,0.0,-0.09177758361027354,0.0,3,6,0,0,0,0,stable,neutral,-3.911564625850339,0.17730496453900457,2.7272727272727337,-12.130637636080866,24.44933920704846,-0.995492197789638,7.609285838318169,-0.8276419065848417,-11.135145438291229,16.840053368730292,17.99,91.0,21.77,51.76,21.77,51.76,False,105648,-351,0,split,Q4,confirmed_distribution,1.0,0.0,3.0,4.5,0.0,0.0,8.5,,,,,連買天數不長，但V2不只依賴連買
1565,精華,生技醫療,2026-08-10,excluded,0,7,52,198,-146,88.33116036505866,74.31551499348109,126,0,4,130,3,0,外資鎖碼,True,True,100.0,126.9,126.9,182.9,100000,126900,126900,182900,0.0,0.0,0.0,0.0,0,0,0,0,0.6134969325153374,0.4345890410958904,0.18364688856729378,0.13272859216255442,0.0,0.0,0.0,0.0,0.1848674923569672,0.0,4,7,0,0,3,0,accelerating,neutral,1.1789924973204746,1.2875536480686733,2.60869565217392,-1.7689906347554518,-0.9443861490031402,-0.995492197789638,7.609285838318169,-0.9462189816836553,-0.7734984369658138,-8.553671987321309,56.06,50.72,85.66,51.76,85.66,51.76,False,4000,481,0,split,Q2,unconfirmed_accumulation,4.5,12.5,3.5,6.0,5.0,8.57,40.07,,,,,V1連買訊號高（外資3日／投信0日）；價格未確認（Q2、RS20 -0.77）
1569,濱川,電腦週邊,2026-08-10,excluded,0,5,180,349,-169,64.27640156453715,54.628422425032596,125,0,8,133,1,0,外資鎖碼,True,True,23.0,-30.0,125.0,693.472,23000,-30000,125000,693472,0.0,0.0,0.0,0.0,0,0,0,0,0.24731182795698925,-0.03215434083601286,0.07682851874615858,0.13562918052024253,0.0,0.0,0.0,0.0,0.07451190693251249,0.0,3,6,0,0,1,0,reversing_negative,neutral,1.0625737898465104,0.3516998827667095,7.402760351317439,-11.661506707946344,-17.692307692307697,-0.995492197789638,7.609285838318169,3.8478457174598635,-10.666014510156707,-25.301593530625865,19.43,13.17,68.06,51.76,68.06,51.76,False,0,10844,0,split,Q2,unconfirmed_accumulation,3.5,12.5,3.0,1.0,5.0,6.81,31.81,,,,,全市場flow percentile偏低（外資P68、投信P52）；價格未確認（Q2、RS20 -10.67）；近期flow已轉負
1570,力肯,電機機械,2026-08-10,excluded,0,0,512,763,-251,19.621903520208605,0.5867014341590613,-24,0,0,-24,1,0,外資鎖碼,True,True,5.0,-8.0,-24.0,-2.0,5000,-8000,-24000,-2000,0.0,0.0,0.0,0.0,0,0,0,0,0.1111111111111111,-0.0761904761904762,-0.1348314606741573,-0.0027359781121751026,0.0,0.0,0.0,0.0,-0.13529558286283627,0.0,1,2,0,0,1,0,neutral,neutral,-0.44182621502211195,-0.5882352941176561,0.5952380952380931,-14.213197969543156,-15.07537688442211,-0.995492197789638,7.609285838318169,-2.9596765386194823,-13.217705771753518,-22.684662722740278,13.82,17.34,14.73,51.76,14.73,51.76,False,0,-49,0,split,Q4,confirmed_distribution,0.0,0.0,1.0,2.0,0.0,0.0,3.0,,,,D_V1_weak_V2_weak,實際介入強度低（強度分 0.0/25）；全市場flow percentile偏低（外資P15、投信P52）；價格未確認（Q4、RS20 -13.22）
1580,新麥,電機機械,2026-08-10,excluded,0,2,442,498,-56,41.19947848761408,33.96349413298566,-4,0,0,-4,3,0,外資鎖碼,True,True,9.953,24.886,-2.297,64.217,9953,24886,-2297,64217,0.0,0.0,0.0,0.0,0,0,0,0,0.11848809523809524,0.14638823529411765,-0.008352727272727272,0.10340901771336554,0.0,0.0,0.0,0.0,-0.007735013524676461,0.0,3,8,0,0,3,0,reversing_positive,neutral,0.0,0.44642857142858094,0.44642857142858094,-8.906882591093112,-8.536585365853655,-0.995492197789638,7.609285838318169,-3.1084860624289945,-7.911390393303474,-16.145871204171826,26.21,28.68,44.46,51.76,44.46,51.76,False,0,-319,0,split,Q4,confirmed_distribution,0.0,0.0,4.0,4.0,0.0,0.0,8.0,,,,,V1連買訊號高（外資3日／投信0日）；實際介入強度低（強度分 0.0/25）；全市場flow percentile偏低（外資P44、投信P52）；價格未確認（Q4、RS20 -7.91）
1583,程泰,電機機械,2026-08-10,excluded,0,2,443,345,98,41.19947848761408,55.14993481095176,3,0,-5,-2,1,0,外資鎖碼,True,True,1.0,0.0,3.0,51.9,1000,0,3000,51900,0.0,0.0,0.0,0.0,0,0,0,0,1.0,0.0,0.05263157894736842,0.2965714285714286,0.0,0.0,0.0,0.0,0.05314957120188279,0.0,4,8,0,0,1,0,reversing_negative,neutral,1.4285714285714235,1.2219959266802416,-0.5999999999999894,1.3251783893985847,6.423982869379019,-0.995492197789638,7.609285838318169,-4.154914633857565,2.3206705871882227,-1.1853029689391503,75.36,71.45,61.15,51.76,61.15,51.76,False,-5000,0,0,split,Q2,unconfirmed_accumulation,3.5,12.5,4.0,1.0,5.0,6.11,32.11,,,,,連買天數不長，但V2不只依賴連買
1587,吉茂,汽車工業,2026-08-10,excluded,0,5,181,251,-70,64.27640156453715,67.40547588005215,42,0,-2,40,2,0,外資鎖碼,True,True,50.0,60.674,42.224,445.747,50000,60674,42224,445747,0.0,0.0,0.0,0.0,0,0,0,0,0.29069767441860467,0.1723693181818182,0.07486524822695036,0.20372349177330895,0.0,0.0,0.0,0.0,0.07474943370940369,0.0,3,8,0,0,2,0,accelerating,neutral,-0.2053388090349051,-0.4098360655737654,-0.8163265306122436,-8.128544423440454,-16.49484536082474,-0.995492197789638,7.609285838318169,-4.371241164469819,-7.133052225650816,-24.10413119914291,28.68,15.25,67.8,51.76,67.8,51.76,False,-3092,0,0,split,Q2,unconfirmed_accumulation,3.5,12.5,4.0,6.0,5.0,6.78,37.78,,,,,全市場flow percentile偏低（外資P68、投信P52）；價格未確認（Q2、RS20 -7.13）
1595,川寶,半導體業,2026-08-10,excluded,0,0,513,701,-188,19.621903520208605,7.496740547588006,-664,0,43,-621,0,0,主力佈局,True,True,-35.67,-228.37,-665.579,-328.716,-35670,-228370,-665579,-328716,0.0,0.0,0.0,0.0,0,0,0,0,-0.12830935251798561,-0.2128331780055918,-0.247703386676591,-0.0690724942214751,0.0,0.0,0.0,0.0,-0.2481847777191203,0.0,0,2,0,0,0,0,stable,neutral,3.6423841059602724,0.16000000000000458,13.818181818181818,-6.567164179104479,-30.59866962305987,-0.995492197789638,7.609285838318169,10.263267184324242,-5.571671981314841,-38.20795546137804,35.33,4.56,6.0,51.76,6.0,51.76,False,-530,45451,0,split,Q4,confirmed_distribution,0.0,0.0,1.0,4.5,0.0,0.0,5.5,,,,D_V1_weak_V2_weak,實際介入強度低（強度分 0.0/25）；全市場flow percentile偏低（外資P6、投信P52）；價格未確認（Q4、RS20 -5.57）
1597,直得,電機機械,2026-08-10,excluded,0,0,514,499,15,19.621903520208605,33.96349413298566,-1400,0,142,-1258,0,0,主力佈局,True,True,-107.199,-1122.923,-1402.533,-375.5,-107199,-1122923,-1402533,-375500,0.0,0.0,0.0,0.0,0,0,0,0,-0.03535587071240105,-0.09568191888207225,-0.09450394178289873,-0.01850482948945397,0.0,0.0,0.0,0.0,-0.09399130472823829,0.0,0,5,0,0,0,0,stable,neutral,5.673758865248235,8.363636363636374,19.199999999999996,6.428571428571428,-17.22222222222223,-0.995492197789638,7.609285838318169,15.645085366142421,7.424063626361066,-24.831508060540397,89.57,14.34,20.86,51.76,20.86,51.76,False,70061,73926,0,split,Q3,absorption_divergence,1.0,0.0,2.5,4.5,0.0,0.0,8.0,,,,,連買天數不長，但V2不只依賴連買
1598,岱宇,37,2026-08-10,excluded,0,0,515,488,27,19.621903520208605,36.17992177314211,-49,0,26,-23,2,0,外資鎖碼,True,True,5.77,28.679,-47.98,515.012,5770,28679,-47980,515012,0.0,0.0,0.0,0.0,0,0,0,0,0.04931623931623932,0.05901028806584362,-0.042992831541218635,0.06993644758283542,0.0,0.0,0.0,0.0,-0.04168562638003859,0.0,3,7,0,0,2,0,reversing_positive,neutral,0.24630541871921707,0.992555831265518,0.992555831265518,5.989583333333348,0.992555831265518,-0.995492197789638,7.609285838318169,-2.5623588025920574,6.985075531122986,-6.616730007052651,88.79,58.41,34.03,51.76,34.03,51.76,False,25671,0,0,split,Q3,absorption_divergence,1.0,0.0,3.5,4.0,0.0,0.0,8.5,,,,,連買天數不長，但V2不只依賴連買
1603,華電,電器電纜,2026-08-10,excluded,0,0,516,500,16,19.621903520208605,33.96349413298566,-33,0,-136,-169,2,0,外資鎖碼,True,True,56.318,-37.501,-33.361,488.258,56318,-37501,-33361,488258,0.0,0.0,0.0,0.0,0,0,0,0,0.29332291666666666,-0.0518686030428769,-0.029418871252204586,0.18171120208410868,0.0,0.0,0.0,0.0,-0.02798885858872406,0.0,3,8,0,0,2,0,reversing_positive,neutral,1.9163763066202044,1.0362694300518172,0.1712328767123239,-8.163265306122458,-8.736349453978153,-0.995492197789638,7.609285838318169,-3.3836817571452515,-7.16777310833282,-16.345635292296322,28.42,28.29,37.55,51.76,37.55,51.76,False,-136000,0,0,split,Q4,confirmed_distribution,0.0,0.0,4.0,4.0,0.0,0.0,8.0,,,,,連買天數不長，但V2不只依賴連買
1604,聲寶,電器電纜,2026-08-10,excluded,0,0,517,673,-156,19.621903520208605,11.147327249022164,-211,0,-68,-279,0,0,主力佈局,True,True,-3.0,28.0,-212.452,878.242,-3000,28000,-212452,878242,0.0,0.0,0.0,0.0,0,0,0,0,-0.02857142857142857,0.06666666666666667,-0.20272137404580154,0.23227770431102882,0.0,0.0,0.0,0.0,-0.20189346750281528,0.0,1,4,0,0,0,0,reversing_positive,neutral,0.0,0.6507592190889255,-0.6423982869379063,-1.0660980810234588,1.5317286652078765,-0.995492197789638,7.609285838318169,-4.197312920795482,-0.07060588323382078,-6.077557173110293,60.63,60.37,8.47,51.76,8.47,51.76,False,-68000,0,0,split,Q4,confirmed_distribution,0.0,0.0,2.0,4.0,0.0,0.0,6.0,,,,D_V1_weak_V2_weak,實際介入強度低（強度分 0.0/25）；全市場flow percentile偏低（外資P8、投信P52）；價格未確認（Q4、RS20 -0.07）
1608,華榮,電器電纜,2026-08-10,excluded,0,7,53,50,3,88.33116036505866,93.54628422425033,7085,-15,-396,6674,4,0,外資鎖碼,True,True,3197.463,5614.515,7086.64,9064.517,3197463,5614515,7086640,9064517,0.0,-2.0,-15.0,12.118,0,-2000,-15000,12118,0.3393253740846864,0.20038241907277204,0.12635535348132299,0.13062204769796096,0.0,-7.138013490845498e-05,-0.0002674511901577962,0.00017462353195475178,0.12870836946516298,-0.0002678013841664011,4,7,0,4,4,0,accelerating,neutral,2.2889842632331847,7.035928143712589,14.767255216693421,6.398809523809512,8.497723823975711,-0.995492197789638,7.609285838318169,11.212340582835846,7.394301721599151,0.888437985657542,89.44,75.36,79.01,13.69,79.01,13.69,False,-372714,-21333,0,split,Q1,confirmed_accumulation,3.5,12.5,5.5,6.0,25.0,7.9,60.4,,,,,價格與RS同步確認（RS20 +7.39）
1614,三洋電,電器電纜,2026-08-10,excluded,0,0,518,625,-107,19.621903520208605,16.558018252933508,-4,0,-2,-6,1,0,外資鎖碼,True,True,20.0,13.0,-4.0,113.7,20000,13000,-4000,113700,0.0,0.0,0.0,0.0,0,0,0,0,0.17391304347826086,0.07262569832402235,-0.014084507042253521,0.19238578680203045,0.0,0.0,0.0,0.0,-0.014469984175233671,0.0,1,5,0,0,1,0,reversing_positive,neutral,-0.3231017770597644,-0.6441223832528209,-1.4376996805111841,-3.5937499999999956,-0.9630818619582593,-0.995492197789638,7.609285838318169,-4.99261431436876,-2.5982578022103575,-8.572367700276429,44.98,50.59,42.5,51.76,42.5,51.76,False,-2000,0,0,split,Q4,confirmed_distribution,0.0,0.0,2.5,4.0,0.0,0.0,6.5,,,,D_V1_weak_V2_weak,實際介入強度低（強度分 0.0/25）；全市場flow percentile偏低（外資P42、投信P52）；價格未確認（Q4、RS20 -2.60）
1615,大山,電器電纜,2026-08-10,excluded,0,5,182,383,-201,64.27640156453715,50.19556714471969,19,0,-10,9,1,0,外資鎖碼,True,True,17.668,-13.762,19.238,119.238,17668,-13762,19238,119238,0.0,0.0,0.0,0.0,0,0,0,0,0.16988461538461538,-0.04729209621993127,0.03478842676311031,0.09717848410757947,0.0,0.0,0.0,0.0,0.03521207819693327,0.0,2,6,0,0,1,0,neutral,neutral,0.11848341232227888,0.47562425683711496,0.835322195704058,-9.81856990394877,-1.9721577726218076,-0.995492197789638,7.609285838318169,-2.7195924381535175,-8.823077706159133,-9.581443610939978,23.73,47.07,56.84,51.76,56.84,51.76,False,-10000,0,0,split,Q2,unconfirmed_accumulation,3.5,8.7,3.0,2.0,5.0,5.68,27.88,,,,,全市場flow percentile偏低（外資P57、投信P52）；價格未確認（Q2、RS20 -8.82）
1616,億泰,電器電纜,2026-08-10,excluded,0,2,444,415,29,41.19947848761408,45.95827900912647,8,0,-34,-26,1,0,外資鎖碼,True,True,124.744,148.774,8.075,629.96,124744,148774,8075,629960,0.0,0.0,0.0,0.0,0,0,0,0,0.4689624060150376,0.15088640973630832,0.004622209502003435,0.14491833448355187,0.0,0.0,0.0,0.0,0.005797844654377538,0.0,2,7,0,0,1,0,accelerating,neutral,0.5089058524173184,1.2820512820512775,5.053191489361697,-7.058823529411762,-8.352668213457083,-0.995492197789638,7.609285838318169,1.4982768555041215,-6.063331331622123,-15.961954051775251,33.77,29.07,48.24,51.76,48.24,51.76,False,-34595,0,0,split,Q2,unconfirmed_accumulation,3.5,1.16,3.5,6.0,5.0,4.82,23.98,,,,,連買天數不長，但V2不只依賴連買
1617,榮星,電器電纜,2026-08-10,excluded,0,0,519,626,-107,19.621903520208605,16.558018252933508,-361,0,-26,-387,1,0,外資鎖碼,True,True,359.841,287.901,-360.432,-96.524,359841,287901,-360432,-96524,0.0,0.0,0.0,0.0,0,0,0,0,0.3044340101522843,0.09245375722543353,-0.03211833897700945,-0.0064986198074463075,0.0,0.0,0.0,0.0,-0.03159625774764316,0.0,3,5,0,0,1,0,reversing_positive,neutral,4.120879120879128,2.156334231805923,14.156626506024072,-22.6530612244898,28.040540540540526,-0.995492197789638,7.609285838318169,10.601711872166497,-21.657569026700163,20.431254702222358,5.48,92.7,36.9,51.76,36.9,51.76,False,-25318,0,0,split,Q4,confirmed_distribution,0.0,0.0,2.5,4.0,0.0,0.0,6.5,,,,D_V1_weak_V2_weak,實際介入強度低（強度分 0.0/25）；全市場flow percentile偏低（外資P37、投信P52）；價格未確認（Q4、RS20 -21.66）
1626,艾美特-KY,電器電纜,2026-08-10,excluded,0,0,520,570,-50,19.621903520208605,23.598435462842243,-22,0,-5,-27,0,0,主力佈局,True,True,-7.0,-30.0,-22.0,2.6,-7000,-30000,-22000,2600,0.0,0.0,0.0,0.0,0,0,0,0,-0.15217391304347827,-0.15789473684210525,-0.07457627118644068,0.0037956204379562043,0.0,0.0,0.0,0.0,-0.07441659676473995,0.0,1,5,0,0,0,0,stable,neutral,0.7299270072992803,-0.10341261633919352,-1.5290519877675823,-5.756097560975604,-3.400000000000003,-0.995492197789638,7.609285838318169,-5.083966621625158,-4.760605363185967,-11.009285838318172,37.42,42.37,26.47,51.76,26.47,51.76,False,-5000,0,0,split,Q4,confirmed_distribution,0.0,0.0,2.5,4.5,0.0,0.0,7.0,,,,D_V1_weak_V2_weak,實際介入強度低（強度分 0.0/25）；全市場flow percentile偏低（外資P26、投信P52）；價格未確認（Q4、RS20 -4.76）
1702,南僑,食品工業,2026-08-10,excluded,0,5,183,111,72,64.27640156453715,85.65840938722295,178,0,-36,142,2,0,外資鎖碼,True,True,15.089,93.367,178.377,872.042,15089,93367,178377,872042,0.0,0.0,0.0,0.0,0,0,0,0,0.17751764705882353,0.2437780678851175,0.2226928838951311,0.30684095707248416,0.0,0.0,0.0,0.0,0.22363744709767627,0.0,3,6,0,0,2,0,decelerating,neutral,-0.4477611940298498,0.15015015015016342,0.45180722891566827,1.9877675840978437,-0.4477611940298498,-0.995492197789638,7.609285838318169,-3.103107404941907,2.9832597818874818,-8.05704703234802,78.62,53.32,89.83,51.76,89.83,51.76,False,-36000,0,0,split,Q1,confirmed_accumulation,3.5,12.5,3.0,2.75,25.0,8.98,55.73,,,,C_V1_weak_V2_strong,價格與RS同步確認（RS20 +2.98）；連買天數不長，但V2不只依賴連買
1708,東鹼,化學工業,2026-08-10,excluded,0,7,54,237,-183,88.33116036505866,69.23076923076923,802,-10,48,840,5,0,外資鎖碼,True,True,156.439,282.024,804.45,708.997,156439,282024,804450,708997,0.0,-14.0,-10.0,8.0,0,-14000,-10000,8000,0.056660268018833754,0.04273090909090909,0.061709880331389994,0.022233975163070747,0.0,-0.0021212121212121214,-0.0007671064743786437,0.0002508780732563974,0.061776278062935557,-0.0007681202768011009,5,7,1,3,5,0,accelerating,neutral,2.4615384615384706,-0.29940119760478723,2.77777777777779,-10.483870967741925,23.33333333333334,-0.995492197789638,7.609285838318169,-0.7771368560797853,-9.488378769952288,15.72404749501517,21.9,90.09,64.15,12.39,64.15,12.39,False,-12000,60292,0,split,Q2,unconfirmed_accumulation,3.5,12.5,5.0,6.0,5.0,6.42,38.42,,,,,V1連買訊號高（外資5日／投信0日）；全市場flow percentile偏低（外資P64、投信P12）；價格未確認（Q2、RS20 -9.49）
1709,和益,化學工業,2026-08-10,other_watch,22,5,184,147,37,64.27640156453715,80.96479791395046,872,0,-175,697,2,0,外資鎖碼,True,True,742.487,1396.92,871.537,3690.828,742487,1396920,871537,3690828,0.0,0.0,0.0,0.0,0,0,0,0,0.14417223300970874,0.07967830253251197,0.032524891774891776,0.0873093463913136,0.0,0.0,0.0,0.0,0.034225719411453324,0.0,2,5,0,0,2,0,accelerating,neutral,-1.7985611510791366,4.198473282442761,18.954248366013072,1.8656716417910557,48.36956521739133,-0.995492197789638,7.609285838318169,15.399333732155498,2.8611638395806938,40.76027937907316,78.36,97.13,56.58,51.76,56.58,51.76,False,-176000,7,0,split,Q1,confirmed_accumulation,3.5,8.13,2.5,6.0,25.0,5.66,50.79,,,,C_V1_weak_V2_strong,價格與RS同步確認（RS20 +2.86）；連買天數不長，但V2不只依賴連買
1711,永光,化學工業,2026-08-10,excluded,0,5,185,271,-86,64.27640156453715,64.73272490221643,896,0,157,1053,1,0,外資鎖碼,True,True,418.687,412.169,897.8,7335.58,418687,412169,897800,7335580,0.0,0.0,0.0,0.0,0,0,0,0,0.14958449446230795,0.06241202301635373,0.07196216736133376,0.1709686290961637,0.0,0.0,0.0,0.0,0.07304979824954307,0.0,3,7,0,0,1,0,accelerating,neutral,9.97109826589595,7.485875706214684,16.897081413210447,-9.188544152744637,-25.098425196850393,-0.995492197789638,7.609285838318169,13.342166779352873,-8.193051954955,-32.707711035168565,25.42,7.43,67.14,51.76,67.14,51.76,False,-9000,166587,0,split,Q2,unconfirmed_accumulation,3.5,12.5,3.5,6.0,5.0,6.71,37.21,,,,,全市場flow percentile偏低（外資P67、投信P52）；價格未確認（Q2、RS20 -8.19）
1712,興農,化學工業,2026-08-10,excluded,0,0,521,501,20,19.621903520208605,33.96349413298566,-1156,-8,-56,-1220,2,0,外資鎖碼,True,True,308.394,149.028,-1154.972,-1128.181,308394,149028,-1154972,-1128181,0.0,0.0,-9.304,-6.855,0,0,-9304,-6855,0.3185888429752066,0.07443956043956045,-0.294710895636642,-0.12423532650589142,0.0,0.0,-0.002374075019137535,-0.0007548728113643872,-0.29191093294173953,-0.0023675800942709736,2,4,0,4,2,0,reversing_positive,neutral,1.0269576379974277,1.9430051813471572,1.0269576379974277,-0.25348542458808465,-4.606060606060602,-0.995492197789638,7.609285838318169,-2.5279569958601478,0.7420067732015534,-12.21534644437877,66.62,38.59,4.43,10.69,4.43,10.69,False,-55784,0,0,split,Q3,absorption_divergence,0.0,0.0,4.0,4.0,0.0,0.0,8.0,,,,,連買天數不長，但V2不只依賴連買
1714,和桐,化學工業,2026-08-10,excluded,0,3,405,423,-18,45.436766623207305,44.98044328552803,-20826,555,225,-20046,0,0,主力佈局,True,True,-4242.291,-12839.963,-20826.669,-24301.971,-4242291,-12839963,-20826669,-24301971,0.0,-59.0,555.0,1726.0,0,-59000,555000,1726000,-0.11838401004604437,-0.1255336957265626,-0.1475823170515664,-0.11043940867447102,0.0,-0.0005768309494246356,0.003932850998093807,0.007843743183305461,-0.14517495602250355,0.0035931422285728196,1,3,2,5,0,0,stable,neutral,5.714285714285716,12.881355932203387,16.027874564459932,0.0,66.49999999999999,-0.995492197789638,7.609285838318169,12.472959930602357,0.995492197789638,58.890714161681814,68.12,98.83,13.3,92.96,13.3,92.96,False,6001,218796,0,split,Q3,absorption_divergence,4.5,0.98,4.0,4.5,0.0,9.3,23.28,,,,,實際介入強度低（強度分 1.0/25）
1718,中纖,化學工業,2026-08-10,excluded,0,0,522,482,40,19.621903520208605,37.222946544980445,-44040,-44,311,-43773,1,0,外資鎖碼,True,True,3948.254,-14276.538,-44041.206,-56215.416,3948254,-14276538,-44041206,-56215416,0.0,-66.0,-44.0,35.0,0,-66000,-44000,35000,0.12798645012804305,-0.11011259197556574,-0.18334078221593156,-0.1394691602140587,0.0,-0.000509047156277477,-0.00018316924421872072,8.683419878084785e-05,-0.18292080194501048,-0.00018732086992535795,1,4,2,4,1,0,reversing_positive,neutral,3.4308779011099855,2.6026026026026106,6.770833333333348,-28.57142857142857,53.4431137724551,-0.995492197789638,7.609285838318169,3.2159186994757727,-27.575936373638932,45.83382793413693,1.69,97.65,10.04,13.95,10.04,13.95,False,207413,101324,0,split,Q4,confirmed_distribution,1.0,0.0,4.0,4.0,0.0,0.0,9.0,,,,,連買天數不長，但V2不只依賴連買
1720,生達,生技醫療,2026-08-10,excluded,0,0,523,702,-179,19.621903520208605,7.496740547588006,-24,0,-38,-62,0,0,主力佈局,True,True,-282.066,176.87,-24.315,331.445,-282066,176870,-24315,331445,0.0,0.0,0.0,1.0,0,0,0,1000,-0.5477009708737864,0.11144927536231884,-0.010933003597122301,0.07411560822898032,0.0,0.0,0.0,0.00022361359570661896,-0.011490384026044848,0.0,2,6,0,1,0,0,neutral,neutral,-0.5263157894736747,0.17667844522968323,-0.35149384885764245,-11.682242990654201,-8.252427184466015,-0.995492197789638,7.609285838318169,-3.906408482715218,-10.686750792864563,-15.861713022784183,19.17,29.2,43.68,51.76,43.68,51.76,False,-37570,0,0,split,Q4,confirmed_distribution,0.0,0.0,3.5,2.0,0.0,0.0,5.5,,,,D_V1_weak_V2_weak,實際介入強度低（強度分 0.0/25）；全市場flow percentile偏低（外資P44、投信P52）；價格未確認（Q4、RS20 -10.69）
1721,三晃,化學工業,2026-08-10,excluded,0,5,186,354,-168,64.27640156453715,53.976531942633635,179,0,-6,173,1,0,外資鎖碼,True,True,160.603,-67.64,179.837,338.793,160603,-67640,179837,338793,0.0,0.0,0.0,0.0,0,0,0,0,0.23934873323397912,-0.0356187467087941,0.055012847965738756,0.04945883211678832,0.0,0.0,0.0,0.0,0.05745859118181016,0.0,3,7,0,0,1,0,reversing_negative,neutral,3.5714285714285587,-0.4901960784313597,3.5714285714285587,-13.062098501070663,-37.53846153846153,-0.995492197789638,7.609285838318169,0.016513937570983295,-12.066606303281025,-45.147747376779705,15.65,1.56,61.8,51.76,61.8,51.76,False,-6000,0,0,split,Q2,unconfirmed_accumulation,3.5,12.5,3.5,1.0,5.0,6.18,31.68,,,,,全市場flow percentile偏低（外資P62、投信P52）；價格未確認（Q2、RS20 -12.07）；近期flow已轉負
1722,台肥,化學工業,2026-08-10,excluded,0,15,1,128,-127,99.21773142112124,83.44198174706649,717,3,374,1094,4,1,黃金滿貫,True,True,638.455,2929.222,718.896,1998.353,638455,2929222,718896,1998353,3.0,3.0,3.0,29.0,3000,3000,3000,29000,0.2892863615768011,0.30266811324653853,0.04424247646008985,0.06545110048473732,0.001359311282283643,0.00030998140111593303,0.00018462674626130838,0.0009498231363815014,0.04559191199173841,0.0001877015195679852,4,7,1,5,4,1,decelerating,accelerating,1.318681318681314,1.7660044150110465,1.318681318681314,-2.330508474576276,-1.9148936170212738,-0.995492197789638,7.609285838318169,-2.2362333151762614,-1.335016276786638,-9.524179455339443,52.93,47.2,59.06,90.09,59.06,90.09,True,419000,-43819,0,split,Q2,unconfirmed_accumulation,10.0,11.11,6.0,6.75,5.0,14.92,53.78,,,,B_V1_strong_V2_weak,V1連買訊號高（外資4日／投信1日）；價格未確認（Q2、RS20 -1.34）；近期flow正在減速
1725,元禎,化學工業,2026-08-10,excluded,0,5,187,90,97,64.27640156453715,88.46153846153845,12,0,-6,6,1,0,外資鎖碼,True,True,11.0,12.0,12.0,104.2,11000,12000,12000,104200,0.0,0.0,0.0,0.0,0,0,0,0,0.2391304347826087,0.10619469026548672,0.057971014492753624,0.16180124223602485,0.0,0.0,0.0,0.0,0.05939331734971254,0.0,3,8,0,0,1,0,accelerating,neutral,3.0000000000000027,4.391891891891886,3.3444816053511683,2.3178807947019875,-1.748807631160576,-0.995492197789638,7.609285838318169,-0.2104330285064071,3.3133729924916255,-9.358093469478746,79.92,47.72,62.97,51.76,62.97,51.76,False,-5351,0,0,split,Q1,confirmed_accumulation,3.5,12.5,4.0,6.0,25.0,6.3,57.3,,,,C_V1_weak_V2_strong,價格與RS同步確認（RS20 +3.31）；連買天數不長，但V2不只依賴連買
1726,永記,化學工業,2026-08-10,excluded,0,0,524,571,-47,19.621903520208605,23.598435462842243,-19,0,-5,-24,0,0,主力佈局,True,True,-4.05,-4.05,-19.05,42.76,-4050,-4050,-19050,42760,0.0,0.0,0.0,0.0,0,0,0,0,-0.1265625,-0.06136363636363636,-0.15875,0.11977591036414566,0.0,0.0,0.0,0.0,-0.15866305593392574,0.0,1,5,0,0,0,0,stable,neutral,0.0,0.3896103896103842,0.12953367875647714,-1.7789072426937835,0.12953367875647714,-0.995492197789638,7.609285838318169,-3.4253809551010983,-0.7834150449041455,-7.479752159561692,55.67,55.28,12.13,51.76,12.13,51.76,False,-5000,0,0,split,Q4,confirmed_distribution,0.0,0.0,2.5,4.5,0.0,0.0,7.0,,,,D_V1_weak_V2_weak,實際介入強度低（強度分 0.0/25）；全市場flow percentile偏低（外資P12、投信P52）；價格未確認（Q4、RS20 -0.78）
1727,中華化,化學工業,2026-08-10,excluded,0,5,188,295,-107,64.27640156453715,61.66883963494133,412,0,1,413,1,0,外資鎖碼,True,True,459.077,473.962,412.138,1518.894,459077,473962,412138,1518894,0.0,0.0,0.0,0.0,0,0,0,0,0.258343837929094,0.11560048780487805,0.05353136771009222,0.07875629990666805,0.0,0.0,0.0,0.0,0.05596555084558066,0.0,3,6,0,0,1,0,accelerating,neutral,5.9556786703601095,3.518267929634633,8.05084745762712,-14.525139664804465,-3.7735849056603765,-0.995492197789638,7.609285838318169,4.495932823769544,-13.529647467014827,-11.382870743978547,13.3,41.2,61.41,51.76,61.41,51.76,False,-8000,9607,0,split,Q2,unconfirmed_accumulation,3.5,12.5,3.0,6.0,5.0,6.14,36.14,,,,,全市場flow percentile偏低（外資P61、投信P52）；價格未確認（Q2、RS20 -13.53）
1730,花仙子,化學工業,2026-08-10,excluded,0,0,525,753,-228,19.621903520208605,1.7601043024771839,-16,0,-7,-23,0,0,主力佈局,True,True,0.0,-11.0,-16.0,-11.9,0,-11000,-16000,-11900,0.0,0.0,0.0,0.0,0,0,0,0,0.0,-0.09482758620689655,-0.08648648648648649,-0.028953771289537713,0.0,0.0,0.0,0.0,-0.08650686662734855,0.0,1,4,0,0,0,0,neutral,neutral,0.0,0.390625,0.19493177387914784,-0.1941747572815511,-2.651515151515149,-0.995492197789638,7.609285838318169,-3.3599828599784276,0.801317440508087,-10.260800989833319,67.14,44.59,23.34,51.76,23.34,51.76,False,-7000,0,0,split,Q3,absorption_divergence,0.0,0.0,2.0,2.0,0.0,0.0,4.0,,,,D_V1_weak_V2_weak,實際介入強度低（強度分 0.0/25）；全市場flow percentile偏低（外資P23、投信P52）
1731,美吾華,生技醫療,2026-08-10,excluded,0,0,526,760,-234,19.621903520208605,0.9126466753585397,-47,0,-19,-66,0,0,主力佈局,True,True,-56.309,6.477,-47.523,-86.223,-56309,6477,-47523,-86223,0.0,0.0,0.0,0.0,0,0,0,0,-0.2124867924528302,0.0012479768786127167,-0.008764846919955736,-0.014505888290713325,0.0,0.0,0.0,0.0,-0.008718628249934423,0.0,1,3,0,0,0,0,neutral,neutral,0.23696682464453556,3.170731707317076,3.170731707317076,2.669902912621347,-1.8561484918793614,-0.995492197789638,7.609285838318169,-0.38418292654049946,3.665395110410985,-9.465434330197532,80.57,47.33,44.2,51.76,44.2,51.76,False,-19000,0,0,split,Q3,absorption_divergence,0.0,0.0,1.5,2.0,0.0,0.0,3.5,,,,D_V1_weak_V2_weak,實際介入強度低（強度分 0.0/25）；全市場flow percentile偏低（外資P44、投信P52）
1737,臺鹽,食品工業,2026-08-10,excluded,0,0,527,522,5,19.621903520208605,29.85658409387223,-393,0,30,-363,0,0,主力佈局,True,True,-49.0,-239.0,-393.0,-321.986,-49000,-239000,-393000,-321986,0.0,0.0,0.0,0.0,0,0,0,0,-0.494949494949495,-0.2697516930022573,-0.34084995663486556,-0.1668321243523316,0.0,0.0,0.0,0.0,-0.34108530290128464,0.0,0,4,0,0,0,0,stable,neutral,0.0,-0.15649452269170805,-1.0852713178294615,-0.31250000000000444,1.2698412698412653,-0.995492197789638,7.609285838318169,-4.640185951687037,0.6829921977896336,-6.339444568476904,66.1,59.45,3.0,51.76,3.0,51.76,False,30000,0,0,split,Q4,confirmed_distribution,1.0,0.0,2.0,4.5,0.0,0.0,7.5,,,,,連買天數不長，但V2不只依賴連買
1742,台蠟,化學工業,2026-08-10,excluded,0,0,528,765,-237,19.621903520208605,0.2607561929595828,-4,0,0,-4,0,0,主力佈局,True,True,0.0,-3.0,-4.0,-3.0,0,-3000,-4000,-3000,0.0,0.0,0.0,0.0,0,0,0,0,0.0,-0.014018691588785047,-0.007246376811594203,-0.0023885350318471337,0.0,0.0,0.0,0.0,-0.007245395109860059,0.0,0,1,0,0,0,0,neutral,neutral,0.2808988764045006,-1.3812154696132617,-3.513513513513511,17.04918032786886,17.821782178217838,-0.995492197789638,7.609285838318169,-7.068428147371087,18.0446725256585,10.212496339899669,97.65,86.7,44.72,51.76,44.72,51.76,False,0,-28,0,mixed,Q4,confirmed_distribution,0.0,0.0,0.5,2.0,0.0,0.0,2.5,,,,D_V1_weak_V2_weak,實際介入強度低（強度分 0.0/25）；全市場flow percentile偏低（外資P45、投信P52）；價格未確認（Q4、RS20 +18.04）
1752,南光,生技醫療,2026-08-10,excluded,0,7,55,49,6,88.33116036505866,93.74185136897,45,0,-3,42,10,0,外資鎖碼,True,True,17.0,39.0,45.0,79.8,17000,39000,45000,79800,0.0,0.0,0.0,0.0,0,0,0,0,0.29310344827586204,0.2826086956521739,0.18218623481781376,0.14,0.0,0.0,0.0,0.0,0.1829253541301926,0.0,5,10,0,0,10,0,accelerating,neutral,-0.31250000000000444,1.1093502377178988,0.789889415481837,0.6309148264984188,-3.3333333333333326,-0.995492197789638,7.609285838318169,-2.7650252183757384,1.6264070242880568,-10.942619171651502,71.06,42.83,85.53,51.76,85.53,51.76,False,-3000,0,0,split,Q1,confirmed_accumulation,3.5,12.5,5.0,6.0,25.0,8.55,60.55,,,,,價格與RS同步確認（RS20 +1.63）
1784,訊聯,生技醫療,2026-08-10,excluded,0,5,189,234,-45,64.27640156453715,69.6219035202086,92,0,0,92,1,0,外資鎖碼,True,True,82.0,55.228,91.278,251.165,82000,55228,91278,251165,0.0,0.0,0.0,0.0,0,0,0,0,0.5942028985507246,0.15779428571428572,0.1814671968190855,0.1908548632218845,0.0,0.0,0.0,0.0,0.1844039115364478,0.0,3,6,0,0,1,0,accelerating,neutral,2.657807308970095,5.28109028960817,6.92041522491349,-7.067669172932334,-20.25806451612904,-0.995492197789638,7.609285838318169,3.3655005910559144,-6.072176975142696,-27.867350354447208,33.64,11.34,85.14,51.76,85.14,51.76,False,0,-1288,0,split,Q2,unconfirmed_accumulation,3.5,12.5,3.0,6.0,5.0,8.51,38.51,,,,,價格未確認（Q2、RS20 -6.07）
1785,光洋科,其他電子,2026-08-10,excluded,0,2,445,444,1,41.19947848761408,42.24250325945241,424,-734,-54,-364,1,1,強勢雙雄,True,True,807.992,281.544,426.132,5296.46,807992,281544,426132,5296460,4.634,-2.525,-734.171,-901.935,4634,-2525,-734171,-901935,0.10420324993551715,0.014396073017333947,0.011732063212378173,0.06534563803930761,0.0005976270312096982,-0.00012910978166385438,-0.020212846208909202,-0.011127718899979025,0.012526889339408175,-0.01974307632709118,4,8,1,3,1,1,reversing_negative,reversing_positive,3.493449781659397,6.278026905829592,11.267605633802823,-8.139534883720934,-20.46979865771812,-0.995492197789638,7.609285838318169,7.712690999945248,-7.144042685931296,-28.079084496036288,28.55,10.82,50.07,4.56,50.07,4.56,False,-55000,-939,0,split,Q4,confirmed_distribution,3.5,2.93,5.5,3.0,0.0,5.01,19.94,,,,,差異主要來自V1離散加分與V2連續型強度／排名分數
1786,科妍,生技醫療,2026-08-10,excluded,0,7,56,174,-118,88.33116036505866,77.44458930899609,213,0,5,218,10,0,外資鎖碼,True,True,159.0,187.0,213.0,522.495,159000,187000,213000,522495,0.0,0.0,0.0,0.0,0,0,0,0,0.5719424460431655,0.36811023622047245,0.2679245283018868,0.28979201331114807,0.0,0.0,0.0,0.0,0.27171448485443334,0.0,5,10,0,0,10,0,accelerating,neutral,4.016064257028118,3.600000000000003,4.646464646464632,-3.7174721189591087,0.5825242718446644,-0.995492197789638,7.609285838318169,1.0915500126070565,-2.7219799211694706,-7.026761566473505,44.59,56.58,94.0,51.76,94.0,51.76,False,3917,1831,0,split,Q2,unconfirmed_accumulation,4.5,12.5,5.0,6.0,5.0,9.4,42.4,,,,,V1連買訊號高（外資10日／投信0日）；價格未確認（Q2、RS20 -2.72）
1788,杏昌,生技醫療,2026-08-10,excluded,0,0,529,523,6,19.621903520208605,29.85658409387223,-12,0,0,-12,0,0,主力佈局,True,True,-1.099,-12.175,-12.076,24.857,-1099,-12175,-12076,24857,0.0,0.0,0.0,0.0,0,0,0,0,-0.07326666666666666,-0.18171641791044776,-0.1312608695652174,0.10902192982456141,0.0,0.0,0.0,0.0,-0.13129133135971313,0.0,1,6,0,0,0,0,stable,neutral,0.0,0.0,0.38461538461538325,0.7722007722007707,-3.3333333333333326,-0.995492197789638,7.609285838318169,-3.170299249242192,1.7676929699904087,-10.942619171651502,72.23,42.83,15.65,51.76,15.65,51.76,False,0,-302,0,mixed,Q3,absorption_divergence,0.0,0.0,3.0,4.5,0.0,0.0,7.5,,,,,連買天數不長，但V2不只依賴連買
1789,神隆,生技醫療,2026-08-10,excluded,0,0,530,627,-97,19.621903520208605,16.558018252933508,-515,0,-101,-616,0,0,主力佈局,True,True,-148.14,-725.969,-515.575,-349.884,-148140,-725969,-515575,-349884,0.0,0.0,0.0,0.0,0,0,0,0,-0.22445454545454546,-0.24271782012704782,-0.11838691159586683,-0.04402718006795017,0.0,0.0,0.0,0.0,-0.11432472037666593,0.0,3,5,0,0,0,0,reversing_positive,neutral,-0.5291005291005124,-3.092783505154628,-1.3123359580052507,-5.999999999999995,-1.8276762402088642,-0.995492197789638,7.609285838318169,-4.867250591862826,-5.004507802210357,-9.436962078527033,36.51,47.59,17.6,51.76,17.6,51.76,False,-101000,-203,0,split,Q4,confirmed_distribution,0.0,0.0,2.5,4.0,0.0,0.0,6.5,,,,D_V1_weak_V2_weak,實際介入強度低（強度分 0.0/25）；全市場flow percentile偏低（外資P18、投信P52）；價格未確認（Q4、RS20 -5.00）
1795,美時,生技醫療,2026-08-10,excluded,0,7,57,179,-122,88.33116036505866,76.79269882659713,1586,-77,-27,1482,4,0,外資鎖碼,True,True,867.682,1049.182,1588.364,2574.093,867682,1049182,1588364,2574093,0.0,0.0,-77.0,-145.0,0,0,-77000,-145000,0.5495136162127929,0.3140323256510027,0.2746134163208852,0.17582602459016394,0.0,0.0,-0.013312586445366528,-0.009904371584699454,0.2776694767693619,-0.013056379821958458,4,7,0,3,4,0,accelerating,neutral,2.92553191489362,1.8421052631578894,3.475935828876997,-1.526717557251911,-2.518891687657432,-0.995492197789638,7.609285838318169,-0.07897880498057841,-0.5312253594622729,-10.128177525975602,58.02,45.11,94.39,6.26,94.39,6.26,False,-2000,-24893,0,split,Q2,unconfirmed_accumulation,3.5,12.5,5.0,6.0,5.0,9.44,41.44,,,,,V1連買訊號高（外資4日／投信0日）；價格未確認（Q2、RS20 -0.53）
1802,台玻,玻璃陶瓷,2026-08-10,excluded,0,0,531,572,-41,19.621903520208605,23.598435462842243,-2657,0,428,-2229,1,0,外資鎖碼,True,True,776.081,-2146.251,-2657.505,-565.036,776081,-2146251,-2657505,-565036,0.0,0.0,0.0,-136.0,0,0,0,-136000,0.03056158935181539,-0.026844579805130643,-0.016408808565289337,-0.001871215583417781,0.0,0.0,0.0,-0.0004503877971400375,-0.016838897238257572,0.0,3,5,0,3,1,0,neutral,neutral,3.0131826741996326,1.4842300556586308,15.036803364879091,-14.79750778816199,-18.236173393124066,-0.995492197789638,7.609285838318169,11.481888731021517,-13.802015590372353,-25.845459231442234,12.91,12.78,41.33,51.76,41.33,51.76,False,90133,339457,0,split,Q4,confirmed_distribution,1.0,0.0,4.0,2.0,0.0,0.0,7.0,,,,D_V1_weak_V2_weak,實際介入強度低（強度分 0.0/25）；全市場flow percentile偏低（外資P41、投信P52）；價格未確認（Q4、RS20 -13.80）
1805,寶徠,建材營建,2026-08-10,excluded,0,2,446,387,59,41.19947848761408,49.67405475880052,8,0,-23,-15,2,0,外資鎖碼,True,True,2.0,19.0,8.0,10.4,2000,19000,8000,10400,0.0,0.0,0.0,0.0,0,0,0,0,0.10526315789473684,0.09547738693467336,0.019184652278177457,0.009285714285714286,0.0,0.0,0.0,0.0,0.02039172357399088,0.0,3,6,0,0,2,0,accelerating,neutral,0.10020040080160886,1.2158054711246313,-0.10000000000000009,0.3012048192771122,-2.536585365853661,-0.995492197789638,7.609285838318169,-3.6549146338575755,1.2966970170667502,-10.14587120417183,69.23,44.98,52.54,51.76,52.54,51.76,False,-23000,0,0,split,Q2,unconfirmed_accumulation,3.5,4.8,3.0,6.0,5.0,5.25,27.55,,,,,連買天數不長，但V2不只依賴連買
1806,冠軍,玻璃陶瓷,2026-08-10,excluded,0,0,532,573,-41,19.621903520208605,23.598435462842243,-73,0,-28,-101,2,0,外資鎖碼,True,True,9.0,-9.0,-73.0,172.8,9000,-9000,-73000,172800,0.0,0.0,0.0,0.0,0,0,0,0,0.12162162162162163,-0.02088167053364269,-0.09346991037131883,0.07886809675947055,0.0,0.0,0.0,0.0,-0.09336345764690414,0.0,2,6,0,0,2,0,reversing_positive,neutral,0.7518796992481036,0.8782936010037545,0.12453300124533051,-2.6634382566586012,-0.6180469715698522,-0.995492197789638,7.609285838318169,-3.430381632612245,-1.6679460588689632,-8.227332809888022,49.8,52.93,21.38,51.76,21.38,51.76,False,-28000,0,0,split,Q4,confirmed_distribution,0.0,0.0,3.0,4.0,0.0,0.0,7.0,,,,D_V1_weak_V2_weak,實際介入強度低（強度分 0.0/25）；全市場flow percentile偏低（外資P21、投信P52）；價格未確認（Q4、RS20 -1.67）
1808,潤隆,建材營建,2026-08-10,excluded,0,0,533,489,44,19.621903520208605,36.17992177314211,-741,0,53,-688,2,0,外資鎖碼,True,True,390.73,677.661,-740.029,851.321,390730,677661,-740029,851321,0.0,0.0,0.0,0.0,0,0,0,0,0.21767688022284123,0.15099398395721925,-0.08831948919918844,0.04653807467337233,0.0,0.0,0.0,0.0,-0.08303406247694302,0.0,3,7,0,0,2,0,reversing_positive,neutral,0.9077155824508409,2.9320987654321007,0.7552870090634434,8.279220779220786,13.242784380305617,-0.995492197789638,7.609285838318169,-2.799627624794132,9.274712977010424,5.633498541987447,92.31,83.05,22.95,51.76,22.95,51.76,False,53000,0,0,split,Q3,absorption_divergence,1.0,0.0,3.5,4.0,0.0,0.0,8.5,,,,,連買天數不長，但V2不只依賴連買
1809,中釉,玻璃陶瓷,2026-08-10,excluded,0,0,534,524,10,19.621903520208605,29.85658409387223,-1142,0,18,-1124,1,0,外資鎖碼,True,True,663.0,339.007,-1143.853,116.641,663000,339007,-1143853,116641,0.0,0.0,0.0,0.0,0,0,0,0,0.20686427457098283,0.05430193817075124,-0.07819078542620822,0.004730351204477249,0.0,0.0,0.0,0.0,-0.0746525942247579,0.0,1,5,0,0,1,0,reversing_positive,neutral,9.919571045576415,4.193138500635318,19.53352769679302,-13.955928646379856,4.458598726114649,-0.995492197789638,7.609285838318169,15.978613062935445,-12.960436448590219,-3.1506871122035207,14.08,67.8,25.68,51.76,25.68,51.76,False,16000,1213,0,split,Q4,confirmed_distribution,1.0,0.0,2.5,4.0,0.0,0.0,7.5,,,,,連買天數不長，但V2不只依賴連買
1815,富喬,電子零組件,2026-08-10,excluded,0,6,138,162,-24,81.42112125162973,79.00912646675359,-13175,14911,747,2483,0,1,投信鎖碼,True,True,-5232.266,-7936.476,-13176.436,-4053.269,-5232266,-7936476,-13176436,-4053269,6673.0,7167.0,14911.0,13541.6,6673000,7167000,14911000,13541600,-0.10621949288454902,-0.06544629618940025,-0.0749627986095703,-0.015984497683131222,0.13546763028076086,0.05910099202586029,0.0848310036239923,0.053402740806467515,-0.07580836076745896,0.0847792861703487,1,5,4,5,0,1,stable,accelerating,3.7252619324796177,6.197854588796181,22.22222222222221,-5.813953488372093,-16.338028169014084,-0.995492197789638,7.609285838318169,18.667307588364636,-4.818461290582455,-23.947314007332253,37.29,15.65,26.21,99.35,26.21,99.35,False,16689,728023,0,split,Q2,unconfirmed_accumulation,4.5,12.5,5.0,8.5,5.0,9.93,45.43,,,,,價格未確認（Q2、RS20 -4.82）
1817,凱撒衛,玻璃陶瓷,2026-08-10,excluded,0,2,447,416,31,41.19947848761408,45.95827900912647,1,0,-2,-1,2,0,外資鎖碼,True,True,3.0,3.0,1.0,43.359,3000,3000,1000,43359,0.0,0.0,0.0,0.0,0,0,0,0,0.1,0.04285714285714286,0.006369426751592357,0.10866917293233083,0.0,0.0,0.0,0.0,0.006398324802233597,0.0,2,6,0,0,2,0,accelerating,neutral,0.26109660574413773,0.39215686274509665,-0.2597402597402598,-0.3891050583657574,-2.538071065989844,-0.995492197789638,7.609285838318169,-3.8146548935978353,0.6063871394238807,-10.147356904308014,65.32,44.85,48.89,51.76,48.89,51.76,False,-3000,831,0,split,Q2,unconfirmed_accumulation,3.5,1.59,3.0,6.0,5.0,4.89,23.98,,,,,連買天數不長，但V2不只依賴連買
1903,士紙,造紙工業,2026-08-10,excluded,0,0,535,628,-93,19.621903520208605,16.558018252933508,-34,0,-11,-45,2,0,外資鎖碼,True,True,8.884,38.202,-32.805,261.106,8884,38202,-32805,261106,0.0,0.0,0.0,0.0,0,0,0,0,0.12005405405405406,0.12776588628762542,-0.051742902208201894,0.12178451492537314,0.0,0.0,0.0,0.0,-0.05088628069317049,0.0,2,5,0,0,2,0,reversing_positive,neutral,-0.42194092827003704,0.7470651013874008,0.10604453870626251,-3.377686796315249,-0.7360672975814775,-0.995492197789638,7.609285838318169,-3.448870095151313,-2.382194598525611,-8.345353135899646,45.76,51.89,32.2,51.76,32.2,51.76,False,-11835,0,0,split,Q4,confirmed_distribution,0.0,0.0,2.5,4.0,0.0,0.0,6.5,,,,D_V1_weak_V2_weak,實際介入強度低（強度分 0.0/25）；全市場flow percentile偏低（外資P32、投信P52）；價格未確認（Q4、RS20 -2.38）
1904,正隆,造紙工業,2026-08-10,excluded,0,7,58,31,27,88.33116036505866,96.08865710560626,7113,0,-127,6986,6,0,外資鎖碼,True,True,4718.304,6495.824,7115.177,7992.321,4718304,6495824,7115177,7992321,0.0,0.0,0.0,30.0,0,0,0,30000,0.6768475111174868,0.44309849931787176,0.412713283062645,0.301813413390733,0.0,0.0,0.0,0.0011328877308258753,0.42211151074426617,0.0,5,9,0,5,6,0,accelerating,neutral,6.140350877192979,13.882352941176457,14.42080378250592,10.502283105022837,21.3032581453634,-0.995492197789638,7.609285838318169,10.865889148648346,11.497775302812475,13.693972307045232,95.05,88.92,98.44,51.76,98.44,51.76,False,-113000,-15280,0,split,Q1,confirmed_accumulation,3.5,12.5,7.0,6.0,25.0,9.84,63.84,,,,,價格與RS同步確認（RS20 +11.50）
1906,寶隆,造紙工業,2026-08-10,excluded,0,5,190,231,-41,64.27640156453715,70.01303780964798,34,0,21,55,1,0,外資鎖碼,True,True,22.0,16.0,34.0,78.6,22000,16000,34000,78600,0.0,0.0,0.0,0.0,0,0,0,0,0.24175824175824176,0.07881773399014778,0.11003236245954692,0.15,0.0,0.0,0.0,0.0,0.11075295600064468,0.0,2,6,0,0,1,0,accelerating,neutral,0.9132420091324311,0.454545454545463,-0.45045045045044585,0.0,3.2710280373831946,-0.995492197789638,7.609285838318169,-4.005365084308021,0.995492197789638,-4.338257800934975,68.12,64.93,76.01,51.76,76.01,51.76,False,21000,0,0,split,Q2,unconfirmed_accumulation,4.5,12.5,3.0,6.0,5.0,7.6,38.6,,,,,價格未確認（Q2、RS20 +1.00）
1907,永豐餘,造紙工業,2026-08-10,wait_pullback,27,14,15,11,4,97.78357235984355,98.69621903520208,2844,224,-232,2836,10,0,外資鎖碼,True,True,127.087,1755.46,2846.027,7164.351,127087,1755460,2846027,7164351,0.0,0.0,224.0,696.49,0,0,224000,696490,0.06454393092940579,0.24030937713894593,0.26300961094168746,0.2849101646385111,0.0,0.0,0.02070048978837446,0.027697844587608367,0.2617292701649697,0.02014915190152285,5,10,1,5,10,0,decelerating,neutral,0.0,3.6974789915966477,5.831903945111505,14.048059149722736,26.175869120654415,-0.995492197789638,7.609285838318169,2.2769893112539297,15.043551347512373,18.566583282336246,96.74,92.18,93.35,96.09,93.35,96.09,True,-214000,-18000,0,split,Q1,confirmed_accumulation,9.0,17.68,7.5,2.75,25.0,18.94,80.87,,,,A_V1_strong_V2_strong,5日資金強度分 17.7/25；橫向強度高（外資P93、投信P96）；價格與RS同步確認（RS20 +15.04）
1909,榮成,造紙工業,2026-08-10,excluded,0,7,59,41,18,88.33116036505866,94.78487614080835,3635,0,7,3642,3,0,外資鎖碼,True,True,1409.0,2762.0,3634.964,5514.411,1409000,2762000,3634964,5514411,0.0,0.0,0.0,0.0,0,0,0,0,0.4597063621533442,0.29778975741239894,0.2333545612120434,0.1786970089763116,0.0,0.0,0.0,0.0,0.23462275692926357,0.0,4,8,0,0,3,0,accelerating,neutral,1.5000000000000124,1.60160160160161,0.995024875621886,-0.9756097560975618,13.407821229050288,-0.995492197789638,7.609285838318169,-2.5598897582356894,0.019882441692076203,5.798535390732119,62.06,83.18,91.13,51.76,91.13,51.76,False,7000,0,0,split,Q1,confirmed_accumulation,4.5,12.5,4.0,6.0,25.0,9.11,61.11,,,,,價格與RS同步確認（RS20 +0.02）；連買天數不長，但V2不只依賴連買
2002,中鋼,鋼鐵工業,2026-08-10,high_priority_watch,57,14,16,13,3,97.78357235984355,98.4354628422425,89458,12,1926,91396,4,0,外資鎖碼,True,True,64052.416,92326.343,89459.673,121504.165,64052416,92326343,89459673,121504165,0.0,0.0,12.0,380.264,0,0,12000,380264,0.5523807618341282,0.513055241895151,0.3829035589701885,0.28849882467470794,0.0,0.0,5.13621674834678e-05,0.0009028967613258619,0.3865126877835593,5.024691295320614e-05,4,8,2,7,4,0,accelerating,neutral,3.149606299212593,3.9682539682539764,4.244031830238715,6.7934782608695565,7.377049180327866,-0.995492197789638,7.609285838318169,0.6891171963811393,7.788970458659195,-0.23223665799030346,89.96,72.88,97.78,89.18,97.78,89.18,True,1992960,-67273,0,split,Q1,confirmed_accumulation,10.0,12.51,7.5,6.0,25.0,18.7,79.71,29.0,5.0,24.0,A_V1_strong_V2_strong,橫向強度高（外資P98、投信P89）；價格與RS同步確認（RS20 +7.79）
2006,東和鋼鐵,鋼鐵工業,2026-08-10,other_watch,12,5,191,65,126,64.27640156453715,91.65580182529335,10623,-247,-112,10264,0,0,主力佈局,True,True,-4.274,8795.468,10623.458,18727.824,-4274,8795468,10623458,18727824,0.0,-13.0,-247.0,-196.919,0,-13000,-247000,-196919,-0.0013215831787260358,0.4037952437792673,0.327975610509092,0.317334688897926,0.0,-0.0005968230649159857,-0.0076255750054027354,-0.0033367053002575572,0.33415238236344696,-0.007429418504806694,3,8,0,4,0,0,decelerating,neutral,-2.9378531073446235,9.566326530612246,6.840796019900508,22.364672364672366,29.954614220877485,-0.995492197789638,7.609285838318169,3.2858813860429326,23.360164562462003,22.345328382559316,98.83,93.22,96.35,7.17,96.35,7.17,False,-86000,-27478,0,split,Q1,confirmed_accumulation,3.5,12.5,6.0,2.75,25.0,9.63,59.38,,,,C_V1_weak_V2_strong,價格與RS同步確認（RS20 +23.36）
2007,燁興,鋼鐵工業,2026-08-10,excluded,0,7,60,100,-40,88.33116036505866,87.09256844850066,254,0,-14,240,4,0,外資鎖碼,True,True,93.0,299.0,254.0,487.3,93000,299000,254000,487300,0.0,0.0,0.0,0.0,0,0,0,0,0.28703703703703703,0.34566473988439306,0.20516962843295639,0.18656202143950995,0.0,0.0,0.0,0.0,0.20622855489888717,0.0,4,8,0,0,4,0,decelerating,neutral,1.7021276595744705,2.4285714285714244,1.9914651493598834,-0.4166666666666652,1.2711864406779627,-0.995492197789638,7.609285838318169,-1.563449484497692,0.5788255311229729,-6.338099397640207,65.06,59.58,88.53,51.76,88.53,51.76,False,-14000,0,0,split,Q1,confirmed_accumulation,3.5,12.5,4.0,2.75,25.0,8.85,56.6,,,,,V1連買訊號高（外資4日／投信0日）；近期flow正在減速
2008,高興昌,鋼鐵工業,2026-08-10,excluded,0,7,61,51,10,88.33116036505866,93.54628422425033,32,0,-12,20,9,0,外資鎖碼,True,True,4.0,20.0,32.0,95.3,4000,20000,32000,95300,0.0,0.0,0.0,0.0,0,0,0,0,0.4444444444444444,0.3508771929824561,0.21052631578947367,0.33674911660777385,0.0,0.0,0.0,0.0,0.21116624248775584,0.0,5,9,0,0,9,0,accelerating,neutral,1.9543973941368087,0.48154093097914075,0.967741935483879,6.8259385665528916,13.818181818181818,-0.995492197789638,7.609285838318169,-2.5871726983736965,7.82143076434253,6.208895979863649,90.09,83.57,89.05,51.76,89.05,51.76,False,-12000,0,0,split,Q1,confirmed_accumulation,3.5,12.5,4.5,6.0,25.0,8.9,60.4,,,,,價格與RS同步確認（RS20 +7.82）；連買天數不長，但V2不只依賴連買
2010,春源,鋼鐵工業,2026-08-10,excluded,0,7,62,46,16,88.33116036505866,94.13298565840938,5188,0,-78,5110,4,0,外資鎖碼,True,True,2037.297,5662.348,5189.972,5630.218,2037297,5662348,5189972,5630218,0.0,0.0,0.0,2.0,0,0,0,2000,0.5157713924050633,0.5130797390358826,0.41092414885193984,0.30090417401528513,0.0,0.0,0.0,0.00010688899577788467,0.41945825546932497,0.0,4,7,0,1,4,0,accelerating,neutral,1.9607843137254832,10.90047393364928,10.90047393364928,10.377358490566024,0.21413276231261325,-0.995492197789638,7.609285838318169,7.345559299791705,11.372850688355662,-7.395153076005556,94.78,55.41,98.17,51.76,98.17,51.76,False,-74694,-4000,0,split,Q1,confirmed_accumulation,3.5,12.5,4.0,6.0,25.0,9.82,60.82,,,,,價格與RS同步確認（RS20 +11.37）；連買天數不長，但V2不只依賴連買
2012,春雨,鋼鐵工業,2026-08-10,excluded,0,0,536,737,-201,19.621903520208605,3.455019556714472,-23,0,-22,-45,0,0,主力佈局,True,True,0.0,-35.0,-23.0,71.3,0,-35000,-23000,71300,0.0,0.0,0.0,0.0,0,0,0,0,0.0,-0.21212121212121213,-0.0744336569579288,0.12146507666098807,0.0,0.0,0.0,0.0,-0.07341478716729936,0.0,1,5,0,0,0,0,neutral,neutral,1.3289036544850363,0.328947368421062,-2.5559105431309903,-1.9292604501607746,3.040540540540526,-0.995492197789638,7.609285838318169,-6.110825176988566,-0.9337682523711366,-4.568745297777643,54.76,64.15,26.6,51.76,26.6,51.76,False,-22000,0,0,split,Q4,confirmed_distribution,0.0,0.0,2.5,2.0,0.0,0.0,4.5,,,,D_V1_weak_V2_weak,實際介入強度低（強度分 0.0/25）；全市場flow percentile偏低（外資P27、投信P52）；價格未確認（Q4、RS20 -0.93）
2013,中鋼構,鋼鐵工業,2026-08-10,excluded,0,0,537,574,-37,19.621903520208605,23.598435462842243,-8,0,-24,-32,2,0,外資鎖碼,True,True,35.157,66.157,-7.843,96.604,35157,66157,-7843,96604,0.0,0.0,0.0,0.0,0,0,0,0,0.23129605263157896,0.1460419426048565,-0.012351181102362205,0.07454012345679012,0.0,0.0,0.0,0.0,-0.009605097852505157,0.0,2,6,0,0,2,0,reversing_positive,neutral,0.1210653753026758,2.0987654320987703,1.8472906403940836,0.9768009768009733,-2.705882352941169,-0.995492197789638,7.609285838318169,-1.7076239934634918,1.9722931745906114,-10.315168191259339,73.14,44.2,43.55,51.76,43.55,51.76,False,-27670,2406,0,split,Q3,absorption_divergence,0.0,0.0,3.0,4.0,0.0,0.0,7.0,,,,D_V1_weak_V2_weak,實際介入強度低（強度分 0.0/25）；全市場flow percentile偏低（外資P44、投信P52）
2014,中鴻,鋼鐵工業,2026-08-10,excluded,0,7,63,77,-14,88.33116036505866,90.09126466753585,11343,0,-95,11248,4,0,外資鎖碼,True,True,3799.039,10974.037,11344.037,12987.154,3799039,10974037,11344037,12987154,0.0,0.0,0.0,0.0,0,0,0,0,0.5773615501519757,0.5814675462300641,0.4998914643282069,0.3469903280966122,0.0,0.0,0.0,0.0,0.5043588905772686,0.0,4,9,0,0,4,0,decelerating,neutral,1.6997167138810276,6.52818991097921,7.4850299401197695,5.278592375366564,0.27932960893854997,-0.995492197789638,7.609285838318169,3.930115306262194,6.274084573156202,-7.329956229379619,88.01,55.8,99.35,51.76,99.35,51.76,False,-95000,0,0,split,Q1,confirmed_accumulation,3.5,12.5,4.5,2.75,25.0,9.93,58.18,,,,,V1連買訊號高（外資4日／投信0日）；近期flow正在減速
2015,豐興,鋼鐵工業,2026-08-10,excluded,0,14,17,7,10,97.78357235984355,99.21773142112124,117,47,-31,133,3,1,強勢雙雄,True,True,6.919,315.376,117.701,1230.526,6919,315376,117701,1230526,7.0,7.0,47.0,122.0,7000,7000,47000,122000,0.04168072289156626,0.41442312746386334,0.0776391820580475,0.2865687005123428,0.04216867469879518,0.009198423127463863,0.03100263852242744,0.02841173730787145,0.08192315656286919,0.030796857050582355,3,7,2,4,3,1,decelerating,accelerating,0.1519756838905817,3.779527559055129,0.7645259938837912,5.44,4.437400950871639,-0.995492197789638,7.609285838318169,-2.7903886399737843,6.435492197789639,-3.17188488744653,88.4,67.67,68.32,97.52,68.32,97.52,True,-27000,-4000,0,split,Q1,confirmed_accumulation,9.0,20.25,5.5,6.75,25.0,16.58,83.08,,,,A_V1_strong_V2_strong,5日資金強度分 20.2/25；橫向強度高（外資P68、投信P98）；價格與RS同步確認（RS20 +6.44）
2017,官田鋼,鋼鐵工業,2026-08-10,excluded,0,7,64,103,-39,88.33116036505866,86.70143415906128,531,0,-29,502,4,0,外資鎖碼,True,True,170.358,612.39,532.425,607.225,170358,612390,532425,607225,0.0,0.0,0.0,0.0,0,0,0,0,0.3226477272727273,0.3379635761589404,0.22560381355932205,0.12778303872053873,0.0,0.0,0.0,0.0,0.2297702951705492,0.0,4,7,0,0,4,0,decelerating,neutral,2.4719101123595433,5.433526011560685,5.433526011560685,0.9966777408637828,4.587155963302725,-0.995492197789638,7.609285838318169,1.87861137770311,1.9921699386534208,-3.0221298750154446,73.4,68.06,90.09,51.76,90.09,51.76,False,-29000,0,0,split,Q1,confirmed_accumulation,3.5,12.5,3.5,2.75,25.0,9.01,56.26,,,,,V1連買訊號高（外資4日／投信0日）；近期flow正在減速
2020,美亞,鋼鐵工業,2026-08-10,excluded,0,5,192,130,62,64.27640156453715,83.1812255541069,148,0,-65,83,2,0,外資鎖碼,True,True,41.0,257.1,147.1,218.83,41000,257100,147100,218830,0.0,0.0,0.0,0.0,0,0,0,0,0.09761904761904762,0.192152466367713,0.08185865331107402,0.06914060031595577,0.0,0.0,0.0,0.0,0.08418073659916132,0.0,3,5,0,0,2,0,decelerating,neutral,0.9280742459396807,3.818615751789989,2.594339622641506,1.3986013986013957,-0.2293577981651418,-0.995492197789638,7.609285838318169,-0.9605750112160694,2.3940935963910337,-7.838643636483312,75.75,53.85,69.62,51.76,69.62,51.76,False,-65262,0,0,split,Q1,confirmed_accumulation,3.5,12.5,2.5,2.75,25.0,6.96,53.21,,,,C_V1_weak_V2_strong,價格與RS同步確認（RS20 +2.39）；連買天數不長，但V2不只依賴連買
2023,燁輝,鋼鐵工業,2026-08-10,excluded,0,2,448,467,-19,41.19947848761408,38.85267275097783,-485,0,-287,-772,4,0,外資鎖碼,True,True,198.0,682.608,-485.077,549.913,198000,682608,-485077,549913,0.0,0.0,0.0,52.0,0,0,0,52000,0.2773109243697479,0.30500804289544237,-0.0756986579275905,0.03645429234338747,0.0,0.0,0.0,0.003447132913490222,-0.07419275934117862,0.0,4,8,0,5,4,0,reversing_positive,neutral,0.7246376811594235,1.831501831501825,1.4598540145985384,-2.1126760563380254,-0.35842293906809264,-0.995492197789638,7.609285838318169,-2.095060619259037,-1.1171838585483873,-7.967708777386262,53.98,53.59,25.81,51.76,25.81,51.76,False,-287000,0,0,split,Q4,confirmed_distribution,0.0,0.0,6.5,4.0,0.0,0.0,10.5,,,,,V1連買訊號高（外資4日／投信0日）；實際介入強度低（強度分 0.0/25）；全市場flow percentile偏低（外資P26、投信P52）；價格未確認（Q4、RS20 -1.12）
2024,志聯,鋼鐵工業,2026-08-10,excluded,0,0,538,738,-200,19.621903520208605,3.455019556714472,0,0,-4,-4,1,0,外資鎖碼,True,True,1.0,0.0,0.0,26.7,1000,0,0,26700,0.0,0.0,0.0,0.0,0,0,0,0,0.2,0.0,0.0,0.2206611570247934,0.0,0.0,0.0,0.0,0.0003704732796147078,0.0,1,5,0,0,1,0,neutral,neutral,1.4705882352941346,3.370786516853941,1.845018450184499,0.363636363636366,1.098901098901095,-0.995492197789638,7.609285838318169,-1.7098961836730764,1.359128561426004,-6.510384739417074,69.62,58.93,46.41,51.76,46.41,51.76,False,-4000,0,0,split,,neutral,0.0,0.0,2.5,2.0,0.0,0.0,4.5,,,,D_V1_weak_V2_weak,實際介入強度低（強度分 0.0/25）；全市場flow percentile偏低（外資P46、投信P52）
2025,千興,鋼鐵工業,2026-08-10,excluded,0,7,65,106,-41,88.33116036505866,86.3102998696219,315,0,-38,277,4,0,外資鎖碼,True,True,118.319,322.262,316.262,499.256,118319,322262,316262,499256,0.0,0.0,0.0,0.0,0,0,0,0,0.14734620174346202,0.2432166037735849,0.17206855277475516,0.10827499457818261,0.0,0.0,0.0,0.0,0.17200046106523634,0.0,4,8,0,0,4,0,decelerating,neutral,5.7613168724279795,7.983193277310918,7.983193277310918,8.438818565400851,5.327868852459017,-0.995492197789638,7.609285838318169,4.428278643453343,9.434310763190489,-2.2814169858591526,92.96,69.23,83.96,51.76,83.96,51.76,False,-38000,0,0,split,Q1,confirmed_accumulation,3.5,12.5,4.0,2.75,25.0,8.4,56.15,,,,,V1連買訊號高（外資4日／投信0日）；近期flow正在減速
2027,大成鋼,鋼鐵工業,2026-08-10,wait_pullback,44,14,18,10,8,97.78357235984355,98.82659713168188,27030,2439,-2224,27245,6,2,強勢雙雄,True,True,3770.329,20467.901,27031.572,30900.611,3770329,20467901,27031572,30900611,455.234,5201.234,2439.936,6512.634,455234,5201234,2439936,6512634,0.20256428302799118,0.2727126297416492,0.26640227064423616,0.14759699175574853,0.024457852038897544,0.06930081409137542,0.024046122461047217,0.031107643366864415,0.26598842412751894,0.02588477493543256,5,7,3,5,6,2,decelerating,decelerating,1.5021459227467782,6.651634723788047,6.411698537682775,19.74683544303797,18.844221105527637,-0.995492197789638,7.609285838318169,2.8567839038251996,20.742327640827607,11.234935267209469,98.57,87.61,93.87,97.0,93.87,97.0,True,-2107415,-118248,0,split,Q1,confirmed_accumulation,9.0,18.51,6.0,3.5,25.0,19.09,81.1,,,,A_V1_strong_V2_strong,5日資金強度分 18.5/25；橫向強度高（外資P94、投信P97）；價格與RS同步確認（RS20 +20.74）
2028,威致,鋼鐵工業,2026-08-10,excluded,0,7,66,55,11,88.33116036505866,92.95958279009126,153,0,-14,139,4,0,外資鎖碼,True,True,53.0,170.0,153.0,348.7,53000,170000,153000,348700,0.0,0.0,0.0,0.0,0,0,0,0,0.3897058823529412,0.3333333333333333,0.19029850746268656,0.26257530120481926,0.0,0.0,0.0,0.0,0.19201501643943356,0.0,4,9,0,0,4,0,accelerating,neutral,2.2727272727272707,4.304635761589415,1.6129032258064502,0.6389776357827559,-5.405405405405395,-0.995492197789638,7.609285838318169,-1.9420114080511253,1.634469833572394,-13.014691243723565,71.19,37.03,86.83,51.76,86.83,51.76,False,-14000,0,0,split,Q1,confirmed_accumulation,3.5,12.5,4.5,6.0,25.0,8.68,60.18,,,,,價格與RS同步確認（RS20 +1.63）；連買天數不長，但V2不只依賴連買
2029,盛餘,鋼鐵工業,2026-08-10,excluded,0,7,67,63,4,88.33116036505866,91.91655801825294,354,0,-48,306,3,0,外資鎖碼,True,True,287.491,444.491,354.491,760.135,287491,444491,354491,760135,0.0,0.0,0.0,0.0,0,0,0,0,0.4674650406504065,0.3926598939929329,0.23139099216710182,0.24655692507298085,0.0,0.0,0.0,0.0,0.23574853813103683,0.0,3,7,0,0,3,0,accelerating,neutral,2.4154589371980784,4.433497536945796,3.667481662591676,1.193317422434359,5.210918114143914,-0.995492197789638,7.609285838318169,0.11256702873410074,2.188809620223997,-2.398367724174255,74.97,69.1,90.74,51.76,90.74,51.76,False,-46823,0,0,split,Q1,confirmed_accumulation,3.5,12.5,3.5,6.0,25.0,9.07,59.57,,,,,價格與RS同步確認（RS20 +2.19）；連買天數不長，但V2不只依賴連買
2038,海光,鋼鐵工業,2026-08-10,excluded,0,5,193,74,119,64.27640156453715,90.48239895697523,342,0,-38,304,2,0,外資鎖碼,True,True,176.731,194.91,342.49,533.029,176731,194910,342490,533029,0.0,0.0,0.0,0.0,0,0,0,0,0.21899752168525402,0.08412170910660337,0.11637444784233775,0.1221423006416132,0.0,0.0,0.0,0.0,0.11708256406696023,0.0,4,7,0,0,2,0,accelerating,neutral,2.734375,7.346938775510203,8.677685950413228,0.766283524904221,-2.592592592592591,-0.995492197789638,7.609285838318169,5.122771316555652,1.761775722693859,-10.20187843091076,72.1,44.72,77.31,51.76,77.31,51.76,False,-38000,0,0,split,Q1,confirmed_accumulation,3.5,12.5,3.5,6.0,25.0,7.73,58.23,,,,C_V1_weak_V2_strong,價格與RS同步確認（RS20 +1.76）；連買天數不長，但V2不只依賴連買
2049,上銀,電機機械,2026-08-10,excluded,0,5,194,85,109,64.27640156453715,89.04823989569752,5420,-758,422,5084,0,0,主力佈局,True,True,-496.34,4983.857,5420.893,6096.031,-496340,4983857,5420893,6096031,0.912,-1539.088,-757.352,-156.998,912,-1539088,-757352,-156998,-0.05438746438746439,0.12751002916645346,0.10345413080402298,0.09084723257130935,9.993425378040763e-05,-0.039376963618687,-0.014453558274012863,-0.002339691812464606,0.10576707347838439,-0.017247670200572125,3,6,2,5,0,1,decelerating,neutral,0.0,6.02739726027397,16.56626506024097,16.56626506024097,3.337783711615483,-0.995492197789638,7.609285838318169,13.011350426383395,17.561757258030607,-4.2715021267026865,97.26,65.06,74.58,5.74,74.58,5.74,False,84900,338562,0,split,Q1,confirmed_accumulation,4.5,12.5,5.5,2.75,25.0,7.46,57.71,,,,C_V1_weak_V2_strong,價格與RS同步確認（RS20 +17.56）
2059,川湖,電子零組件,2026-08-10,excluded,0,6,139,64,75,81.42112125162973,91.78617992177314,-105,257,-23,129,1,1,強勢雙雄,True,True,227.675,75.38,-106.772,-319.862,227675,75380,-106772,-319862,15.529,-48.501,259.494,617.999,15529,-48501,259494,617999,0.22408956692913387,0.036327710843373495,-0.029109051254089423,-0.04853748103186646,0.015284448818897638,-0.02337397590361446,0.0707453653217012,0.0937783004552352,-0.01563960617666775,0.06251517169824389,1,2,4,9,1,1,reversing_positive,reversing_negative,7.155715571557164,25.712777191129877,37.86913723219456,47.339108910891085,137.62475049900198,-0.995492197789638,7.609285838318169,34.31422259833698,48.33460110868072,130.01546466068382,100.0,100.0,37.68,98.96,37.68,98.96,False,-5135,-18131,0,split,Q1,confirmed_accumulation,3.5,12.5,5.5,3.0,25.0,9.9,59.4,,,,,價格與RS同步確認（RS20 +48.33）
2062,橋椿,38,2026-08-10,excluded,0,0,539,575,-36,19.621903520208605,23.598435462842243,-199,0,-46,-245,0,0,主力佈局,True,True,-33.199,-138.575,-199.956,43.095,-33199,-138575,-199956,43095,0.0,0.0,0.0,0.0,0,0,0,0,-0.19079885057471263,-0.32915676959619955,-0.19955688622754492,0.018583441138421735,0.0,0.0,0.0,0.0,-0.1961210139110412,0.0,1,5,0,0,0,0,stable,neutral,0.2673796791443861,-0.26595744680851796,-0.5305039787798504,-1.832460732984298,-4.336734693877553,-0.995492197789638,7.609285838318169,-4.085418612637426,-0.8369685351946599,-11.946020532195721,55.02,39.77,8.74,51.76,8.74,51.76,False,-45002,0,0,split,Q4,confirmed_distribution,0.0,0.0,2.5,4.5,0.0,0.0,7.0,,,,D_V1_weak_V2_weak,實際介入強度低（強度分 0.0/25）；全市場flow percentile偏低（外資P9、投信P52）；價格未確認（Q4、RS20 -0.84）
2066,世德,電機機械,2026-08-10,excluded,0,5,195,119,76,64.27640156453715,84.61538461538461,43,0,-4,39,2,0,外資鎖碼,True,True,8.0,28.0,43.0,96.0,8000,28000,43000,96000,0.0,0.0,0.0,0.0,0,0,0,0,0.037209302325581395,0.059957173447537475,0.07962962962962963,0.10126582278481013,0.0,0.0,0.0,0.0,0.07884279546004508,0.0,4,9,0,0,2,0,decelerating,neutral,1.8927444794952564,5.040650406504055,9.863945578231291,-0.7680491551459334,16.187050359712217,-0.995492197789638,7.609285838318169,6.309030944373716,0.22744304264370463,8.577764521394048,63.49,85.4,68.71,51.76,68.71,51.76,False,-4000,-206,0,split,Q1,confirmed_accumulation,3.5,12.5,4.5,2.75,25.0,6.87,55.12,,,,C_V1_weak_V2_strong,價格與RS同步確認（RS20 +0.23）；連買天數不長，但V2不只依賴連買
2070,精湛,電機機械,2026-08-10,excluded,0,0,540,629,-89,19.621903520208605,16.558018252933508,-232,0,0,-232,0,0,主力佈局,True,True,-45.0,-246.0,-232.0,-142.0,-45000,-246000,-232000,-142000,0.0,0.0,0.0,0.0,0,0,0,0,-0.14950166112956811,-0.14419695193434937,-0.1281767955801105,-0.05695948656237465,0.0,0.0,0.0,0.0,-0.13077372391848052,0.0,1,4,0,0,0,0,stable,neutral,-0.5059021922428242,11.32075471698113,22.406639004149365,-1.1725293132328396,-6.793048973143756,-0.995492197789638,7.609285838318169,18.85172437029179,-0.17703711544320155,-14.402334811461927,59.71,34.03,16.04,51.76,16.04,51.76,False,0,977,0,split,Q4,confirmed_distribution,0.0,0.0,2.0,4.5,0.0,0.0,6.5,,,,D_V1_weak_V2_weak,實際介入強度低（強度分 0.0/25）；全市場flow percentile偏低（外資P16、投信P52）；價格未確認（Q4、RS20 -0.18）
2072,世紀風電,綠能環保,2026-08-10,excluded,0,0,541,576,-35,19.621903520208605,23.598435462842243,-468,0,-5,-473,2,0,外資鎖碼,True,True,71.969,-311.988,-467.42,-49.12,71969,-311988,-467420,-49120,0.0,0.0,0.0,0.0,0,0,0,0,0.21229793510324485,-0.1409159891598916,-0.13994610778443115,-0.007536054004295796,0.0,0.0,0.0,0.0,-0.13827609830799256,0.0,2,6,0,0,2,0,reversing_positive,neutral,0.0,-4.347826086956519,-3.1446540880503138,6.57439446366781,-12.0,-0.995492197789638,7.609285838318169,-6.699568721907889,7.569886661457447,-19.60928583831817,89.83,22.82,13.95,51.76,13.95,51.76,False,-5856,949,0,split,Q4,confirmed_distribution,0.0,0.0,3.0,4.0,0.0,0.0,7.0,,,,D_V1_weak_V2_weak,實際介入強度低（強度分 0.0/25）；全市場flow percentile偏低（外資P14、投信P52）；價格未確認（Q4、RS20 +7.57）
2101,南港,橡膠工業,2026-08-10,other_watch,43,5,196,122,74,64.27640156453715,84.22425032594523,1305,0,75,1380,0,0,主力佈局,True,True,-1048.036,798.88,1307.097,3310.484,-1048036,798880,1307097,3310484,0.0,0.0,0.0,0.0,0,0,0,0,-0.30770287727539636,0.09027912758503785,0.1009653174725784,0.14765104143436955,0.0,0.0,0.0,0.0,0.10529432315179527,0.0,3,7,0,0,0,0,decelerating,neutral,-3.3802816901408517,-0.43541364296082463,2.8485757121439192,-0.723589001447178,5.376344086021501,-0.995492197789638,7.609285838318169,-0.7063389217136562,0.2719031963424601,-2.232941752296669,63.75,69.36,74.05,51.76,74.05,51.76,False,-29000,104760,0,split,Q1,confirmed_accumulation,3.5,12.5,3.5,2.75,25.0,7.4,54.65,,,,C_V1_weak_V2_strong,價格與RS同步確認（RS20 +0.27）；連買天數不長，但V2不只依賴連買
2102,泰豐,橡膠工業,2026-08-10,excluded,0,0,542,525,17,19.621903520208605,29.85658409387223,-271,0,-21,-292,2,0,外資鎖碼,True,True,22.077,38.097,-271.958,325.716,22077,38097,-271958,325716,0.0,0.0,0.0,0.0,0,0,0,0,0.11743085106382979,0.05019367588932806,-0.17694079375406635,0.09548988566402815,0.0,0.0,0.0,0.0,-0.17823330579471433,0.0,2,7,0,0,2,0,reversing_positive,neutral,0.0,-1.58311345646438,-3.116883116883129,-2.610966057441255,2.754820936639124,-0.995492197789638,7.609285838318169,-6.671797750740705,-1.6154738596516172,-4.854464901679045,50.33,63.23,10.17,51.76,10.17,51.76,False,-21073,0,0,split,Q4,confirmed_distribution,0.0,0.0,3.5,4.0,0.0,0.0,7.5,,,,,連買天數不長，但V2不只依賴連買
2105,正新,橡膠工業,2026-08-10,excluded,0,15,2,61,-59,99.21773142112124,92.11212516297263,3376,212,-630,2958,4,4,強勢雙雄,True,True,239.974,3231.662,3377.266,3554.64,239974,3231662,3377266,3554640,97.351,333.351,212.405,-1.38,97351,333351,212405,-1380,0.055639693948527705,0.20954882635196473,0.12865285131994972,0.038857442691765325,0.022571527938789707,0.02161528984567501,0.008091310807207345,-1.5085429442822944e-05,0.12957441673835673,0.008323492214727092,4,6,4,8,4,4,decelerating,accelerating,0.9554140127388644,3.934426229508192,4.62046204620461,-3.5007610350076157,-0.6269592476489061,-0.995492197789638,7.609285838318169,1.0655474123470343,-2.5052688372179777,-8.236245085967075,45.37,52.8,79.4,93.74,79.4,93.74,True,-24445,-606972,0,split,Q2,unconfirmed_accumulation,9.0,14.52,7.0,6.75,5.0,17.31,59.58,,,,B_V1_strong_V2_weak,V1連買訊號高（外資4日／投信4日）；價格未確認（Q2、RS20 -2.51）；近期flow正在減速
2106,建大,橡膠工業,2026-08-10,excluded,0,0,543,630,-87,19.621903520208605,16.558018252933508,-1314,0,-77,-1391,1,0,外資鎖碼,True,True,163.0,-362.233,-1314.833,284.478,163000,-362233,-1314833,284478,0.0,0.0,0.0,0.0,0,0,0,0,0.14845173041894352,-0.11756994482310938,-0.24299260765108113,0.019418293515358363,0.0,0.0,0.0,0.0,-0.24233752374305512,0.0,1,5,0,0,1,0,reversing_positive,neutral,1.6620498614958512,1.3812154696132506,0.8241758241758435,4.857142857142871,8.902077151335309,-0.995492197789638,7.609285838318169,-2.730738809681732,5.8526350549325095,1.2927913130171396,87.22,76.01,6.39,51.76,6.39,51.76,False,-77000,0,0,split,Q3,absorption_divergence,0.0,0.0,2.5,4.0,0.0,0.0,6.5,,,,D_V1_weak_V2_weak,實際介入強度低（強度分 0.0/25）；全市場flow percentile偏低（外資P6、投信P52）
2107,厚生,橡膠工業,2026-08-10,excluded,0,0,544,703,-159,19.621903520208605,7.496740547588006,-244,0,-73,-317,0,0,主力佈局,True,True,-7.661,-129.412,-245.895,-224.661,-7661,-129412,-245895,-224661,0.0,0.0,0.0,0.0,0,0,0,0,-0.10640277777777778,-0.30666350710900475,-0.2865909090909091,-0.11295173453996983,0.0,0.0,0.0,0.0,-0.28690176581479676,0.0,0,2,0,0,0,0,stable,neutral,0.19685039370078705,0.19685039370078705,0.0,-1.737451737451734,0.0,-0.995492197789638,7.609285838318169,-3.5549146338575754,-0.7419595396620959,-7.609285838318169,56.32,54.69,4.95,51.76,4.95,51.76,False,-73000,0,0,split,Q4,confirmed_distribution,0.0,0.0,1.0,4.5,0.0,0.0,5.5,,,,D_V1_weak_V2_weak,實際介入強度低（強度分 0.0/25）；全市場flow percentile偏低（外資P5、投信P52）；價格未確認（Q4、RS20 -0.74）
2109,華豐,橡膠工業,2026-08-10,excluded,0,0,545,674,-129,19.621903520208605,11.147327249022164,-30,0,-15,-45,1,0,外資鎖碼,True,True,28.852,-5.148,-29.178,74.752,28852,-5148,-29178,74752,0.0,0.0,0.0,0.0,0,0,0,0,0.28566336633663364,-0.023294117647058823,-0.07405583756345177,0.0683290676416819,0.0,0.0,0.0,0.0,-0.07300129829116811,0.0,1,4,0,0,1,0,reversing_positive,neutral,1.038062283737018,1.388888888888884,1.038062283737018,-1.016949152542379,4.285714285714293,-0.995492197789638,7.609285838318169,-2.5168523501205575,-0.02145695475274101,-3.3235715526038767,61.15,67.08,26.73,51.76,26.73,51.76,False,-15000,0,0,split,Q4,confirmed_distribution,0.0,0.0,2.0,4.0,0.0,0.0,6.0,,,,D_V1_weak_V2_weak,實際介入強度低（強度分 0.0/25）；全市場flow percentile偏低（外資P27、投信P52）；價格未確認（Q4、RS20 -0.02）
2114,鑫永銓,橡膠工業,2026-08-10,excluded,0,0,546,675,-129,19.621903520208605,11.147327249022164,-6,0,-4,-10,1,0,外資鎖碼,True,True,13.0,4.0,-6.903,5.549,13000,4000,-6903,5549,0.0,0.0,0.0,0.0,0,0,0,0,0.5909090909090909,0.0547945205479452,-0.049307142857142855,0.014876675603217157,0.0,0.0,0.0,0.0,-0.04866562609524896,0.0,1,4,0,0,1,0,reversing_positive,neutral,0.3420752565564289,0.917431192660545,-0.11350737797956034,-1.7857142857142794,0.0,-0.995492197789638,7.609285838318169,-3.668422011837136,-0.7902220879246413,-7.609285838318169,55.54,54.69,32.99,51.76,32.99,51.76,False,-4000,0,0,split,Q4,confirmed_distribution,0.0,0.0,2.0,4.0,0.0,0.0,6.0,,,,D_V1_weak_V2_weak,實際介入強度低（強度分 0.0/25）；全市場flow percentile偏低（外資P33、投信P52）；價格未確認（Q4、RS20 -0.79）
2201,裕隆,汽車工業,2026-08-10,excluded,0,3,406,310,96,45.436766623207305,59.71316818774446,-270,278,-124,-116,1,0,外資鎖碼,True,True,697.12,509.633,-268.899,811.893,697120,509633,-268899,811893,0.0,0.0,278.0,818.0,0,0,278000,818000,0.4926643109540636,0.09390694674774276,-0.024436477644492912,0.02723559208319356,0.0,0.0,0.025263540530716104,0.027440456222744044,-0.0229692680137691,0.025136751895245803,3,7,1,6,1,0,reversing_positive,neutral,1.1009174311926717,0.7312614259597838,0.36429872495447047,-2.4778761061946875,0.9157509157509125,-0.995492197789638,7.609285838318169,-3.190615908903105,-1.4823839084050494,-6.693534922567257,51.37,57.89,38.72,97.13,38.72,97.13,False,-101955,-22593,0,split,Q2,unconfirmed_accumulation,3.5,6.32,6.5,4.0,5.0,9.71,35.03,,,,,差異主要來自V1離散加分與V2連續型強度／排名分數
2204,中華,汽車工業,2026-08-10,excluded,0,5,197,166,31,64.27640156453715,78.48761408083442,4146,-2914,-90,1142,2,0,外資鎖碼,True,True,710.994,491.305,4146.004,5811.034,710994,491305,4146004,5811034,-297.0,-1983.0,-2915.623,-3174.569,-297000,-1983000,-2915623,-3174569,0.5494544049459041,0.06577922077922078,0.2502718821682965,0.2508648765325505,-0.22952086553323028,-0.2654973892087294,-0.17600042255221537,-0.1370475306510102,0.25372974111866964,-0.17564522935563112,3,7,0,3,2,0,accelerating,stable,1.9685039370078705,0.5825242718446644,0.5825242718446644,-9.28196147110334,-0.766283524904221,-0.995492197789638,7.609285838318169,-2.972390362012911,-8.286469273313703,-8.37556936322239,25.03,51.37,91.92,0.26,91.92,0.26,False,-90000,-146,0,split,Q2,unconfirmed_accumulation,3.5,12.5,5.0,8.5,5.0,9.19,43.69,,,,C_V1_weak_V2_strong,動能較佳（外資 accelerating／投信 stable）
2206,三陽工業,汽車工業,2026-08-10,other_watch,41,4,401,389,12,47.84876140808344,49.34810951760104,130,-324,-61,-255,3,0,外資鎖碼,True,True,249.472,608.536,130.305,3409.392,249472,608536,130305,3409392,0.0,0.0,-324.0,-625.0,0,0,-324000,-625000,0.48160617760617763,0.35733176746917206,0.02697826086956522,0.24565112760285324,0.0,0.0,-0.0670807453416149,-0.04503206282873406,0.030188214619275185,-0.0662537235481352,3,7,0,4,3,0,accelerating,neutral,1.1290322580645107,3.294892915980241,-2.0312499999999956,-1.5698587127158548,7.179487179487176,-0.995492197789638,7.609285838318169,-5.586164633857571,-0.5743665149262167,-0.4297986588309932,57.5,72.62,55.15,1.3,55.15,1.3,False,-55000,-6000,0,split,Q4,confirmed_distribution,3.5,6.74,5.5,6.0,0.0,5.51,27.25,,,,,差異主要來自V1離散加分與V2連續型強度／排名分數
2207,和泰車,汽車工業,2026-08-10,excluded,0,6,140,350,-210,81.42112125162973,54.49804432855281,-116,22,-37,-131,0,5,投信鎖碼,True,True,-20.415,-0.576,-116.189,1743.004,-20415,-576,-116189,1743004,5.428,15.428,22.713,25.274,5428,15428,22713,25274,-0.12079881656804733,-0.0007762803234501348,-0.06712247255921433,0.2481497722095672,0.03211834319526627,0.020792452830188678,0.013121317157712305,0.003598234624145786,-0.06586915460605754,0.013121557461290921,2,6,5,8,0,5,stable,accelerating,-0.3875968992248069,0.982318271119853,-1.532567049808431,8.210526315789469,9.711846318036276,-0.995492197789638,7.609285838318169,-5.087481683666006,9.206018513579107,2.1025604797181066,92.18,77.57,28.81,95.18,28.81,95.18,False,-29272,-8577,0,split,Q4,confirmed_distribution,3.5,3.28,7.0,8.5,0.0,9.52,31.8,,,,,V1連買訊號高（外資0日／投信5日）；實際介入強度低（強度分 3.3/25）；價格未確認（Q4、RS20 +9.21）
2211,長榮鋼,鋼鐵工業,2026-08-10,excluded,0,5,198,236,-38,64.27640156453715,69.36114732724901,1939,-55,-99,1785,0,0,主力佈局,True,True,-80.379,2085.0,1939.033,2665.798,-80379,2085000,1939033,2665798,0.0,-2.0,-55.0,-45.0,0,-2000,-55000,-45000,-0.2635377049180328,0.46519410977242304,0.35868165001849794,0.29872232182877634,0.0,-0.0004462293618920125,-0.010173880873103959,-0.005042581801882564,0.35817789311964743,-0.010177872211325953,3,7,0,3,0,0,decelerating,neutral,-0.11350737797956034,1.4994232987312506,1.1494252873563315,-7.660020986358862,-9.090909090909083,-0.995492197789638,7.609285838318169,-2.405489346501244,-6.664528788569225,-16.70019492922725,30.77,28.16,97.39,6.78,97.39,6.78,False,-100522,-158,0,split,Q2,unconfirmed_accumulation,3.5,12.5,5.0,2.75,5.0,9.74,38.49,,,,,價格未確認（Q2、RS20 -6.66）；近期flow正在減速
2227,裕日車,汽車工業,2026-08-10,excluded,0,0,547,723,-176,19.621903520208605,5.215123859191656,-21,0,-7,-28,0,0,主力佈局,True,True,0.0,-6.168,-20.643,137.619,0,-6168,-20643,137619,0.0,0.0,0.0,0.0,0,0,0,0,0.0,-0.06358762886597938,-0.11796,0.3085627802690583,0.0,0.0,0.0,0.0,-0.11838429246915005,0.0,1,6,0,0,0,0,neutral,neutral,-0.7085020242915019,-1.9000000000000017,-2.2908366533864633,-1.7034068136272618,-0.909090909090915,-0.995492197789638,7.609285838318169,-5.845751287244038,-0.7079146158376237,-8.518376747409084,56.52,50.85,17.73,51.76,17.73,51.76,False,-7007,0,0,split,Q4,confirmed_distribution,0.0,0.0,3.0,2.0,0.0,0.0,5.0,,,,D_V1_weak_V2_weak,實際介入強度低（強度分 0.0/25）；全市場flow percentile偏低（外資P18、投信P52）；價格未確認（Q4、RS20 -0.71）
2228,劍麟,汽車工業,2026-08-10,excluded,0,0,548,502,46,19.621903520208605,33.96349413298566,-75,0,-5,-80,0,0,主力佈局,True,True,-63.871,-67.871,-75.871,109.383,-63871,-67871,-75871,109383,0.0,0.0,0.0,0.0,0,0,0,0,-0.2877072072072072,-0.11762738301559791,-0.08926,0.07481737346101232,0.0,0.0,0.0,0.0,-0.08779046023977233,0.0,2,7,0,0,0,0,stable,neutral,-1.1826544021024898,-3.589743589743588,-4.447268106734437,-11.529411764705877,-9.397590361445785,-0.995492197789638,7.609285838318169,-8.002182740592012,-10.53391956691624,-17.006876199763955,19.82,27.51,22.69,51.76,22.69,51.76,False,-5805,0,0,split,Q4,confirmed_distribution,0.0,0.0,3.5,4.5,0.0,0.0,8.0,,,,,連買天數不長，但V2不只依賴連買
2230,泰茂,38,2026-08-10,excluded,0,5,199,135,64,64.27640156453715,82.52933507170795,107,0,3,110,0,0,主力佈局,True,True,-3.247,-43.073,108.547,260.853,-3247,-43073,108547,260853,0.0,0.0,0.0,0.0,0,0,0,0,-0.014431111111111112,-0.06109645390070922,0.10377342256214149,0.12662766990291263,0.0,0.0,0.0,0.0,0.09441445728863997,0.0,3,7,0,0,0,0,reversing_negative,neutral,2.264150943396226,10.162601626016254,16.559139784946254,15.565031982942434,-10.116086235489208,-0.995492197789638,7.609285838318169,13.00422515108868,16.560524180732074,-17.725372073807378,96.87,25.95,74.71,51.76,74.71,51.76,False,0,4352,0,split,Q1,confirmed_accumulation,3.5,12.5,3.5,1.0,25.0,7.47,52.97,,,,C_V1_weak_V2_strong,價格與RS同步確認（RS20 +16.56）；連買天數不長，但V2不只依賴連買
2231,為升,汽車工業,2026-08-10,excluded,0,0,549,526,23,19.621903520208605,29.85658409387223,-203,0,62,-141,0,0,主力佈局,True,True,-22.446,-55.403,-204.624,-148.369,-22446,-55403,-204624,-148369,0.0,0.0,0.0,0.0,0,0,0,0,-0.1024931506849315,-0.029052438384897745,-0.07974434918160561,-0.03488572772160828,0.0,0.0,0.0,0.0,-0.07672668277870927,0.0,1,4,0,0,0,0,stable,neutral,0.2024291497975783,6.109324758842449,2.6970954356846377,-13.157894736842103,-7.476635514018692,-0.995492197789638,7.609285838318169,-0.8578191981729377,-12.162402539052465,-15.085921352336861,15.25,31.94,25.29,51.76,25.29,51.76,False,69000,-8337,0,split,Q4,confirmed_distribution,1.0,0.0,2.0,4.5,0.0,0.0,7.5,,,,,連買天數不長，但V2不只依賴連買
2233,宇隆,汽車工業,2026-08-10,excluded,0,0,550,704,-154,19.621903520208605,7.496740547588006,-698,0,45,-653,1,0,外資鎖碼,True,True,78.206,-386.646,-699.86,200.733,78206,-386646,-699860,200733,0.0,0.0,0.0,65.0,0,0,0,65000,0.13940463458110516,-0.07263685891414616,-0.08982929020664869,0.014260656436487638,0.0,0.0,0.0,0.004617789144643365,-0.09158798394741852,0.0,1,4,0,1,1,0,neutral,neutral,1.7412935323383172,-8.705357142857139,5.68475452196382,-15.670103092783505,-27.610619469026553,-0.995492197789638,7.609285838318169,2.129839888106244,-14.674610894993867,-35.219905307344725,10.95,5.74,22.43,51.76,22.43,51.76,False,24000,23054,0,split,Q4,confirmed_distribution,1.0,0.0,2.5,2.0,0.0,0.0,5.5,,,,D_V1_weak_V2_weak,實際介入強度低（強度分 0.0/25）；全市場flow percentile偏低（外資P22、投信P52）；價格未確認（Q4、RS20 -14.67）
2239,英利-KY,汽車工業,2026-08-10,excluded,0,0,551,676,-125,19.621903520208605,11.147327249022164,-18,0,-10,-28,2,0,外資鎖碼,True,True,2.0,-7.0,-18.0,51.8,2000,-7000,-18000,51800,0.0,0.0,0.0,0.0,0,0,0,0,0.034482758620689655,-0.018518518518518517,-0.03098106712564544,0.04194331983805668,0.0,0.0,0.0,0.0,-0.03089296056441847,0.0,2,4,0,0,2,0,reversing_positive,neutral,-0.7633587786259444,-1.5151515151515138,-3.2258064516129004,-7.3634204275534465,-9.722222222222232,-0.995492197789638,7.609285838318169,-6.780721085470476,-6.367928229763809,-17.3315080605404,31.94,27.12,37.03,51.76,37.03,51.76,False,-8926,0,0,split,Q4,confirmed_distribution,0.0,0.0,2.0,4.0,0.0,0.0,6.0,,,,D_V1_weak_V2_weak,實際介入強度低（強度分 0.0/25）；全市場flow percentile偏低（外資P37、投信P52）；價格未確認（Q4、RS20 -6.37）
2243,宏旭-KY,汽車工業,2026-08-10,excluded,0,0,552,705,-153,19.621903520208605,7.496740547588006,-179,-2,-6,-187,1,0,外資鎖碼,True,True,10.01,-87.131,-181.816,-117.986,10010,-87131,-181816,-117986,0.0,-3.0,-2.0,2.0,0,-3000,-2000,2000,0.049068627450980395,-0.10651711491442543,-0.13598803290949887,-0.025554689192116092,0.0,-0.003667481662591687,-0.0014958863126402393,0.00043318171973142733,-0.1366642841282291,-0.001529265558575885,1,4,1,3,1,0,neutral,neutral,1.3732833957553092,-6.451612903225801,-6.018518518518523,-18.637274549098194,93.33333333333333,-0.995492197789638,7.609285838318169,-9.573433152376097,-17.641782351308557,85.72404749501516,8.6,99.48,14.47,11.73,14.47,11.73,False,-6000,0,0,split,Q4,confirmed_distribution,0.0,0.0,3.5,2.0,0.0,0.0,5.5,,,,D_V1_weak_V2_weak,實際介入強度低（強度分 0.0/25）；全市場flow percentile偏低（外資P14、投信P12）；價格未確認（Q4、RS20 -17.64）
2247,汎德永業,汽車工業,2026-08-10,excluded,0,7,68,265,-197,88.33116036505866,65.58018252933508,85,0,-3,82,4,0,外資鎖碼,True,True,3.55,84.597,85.131,257.204,3550,84597,85131,257204,0.0,0.0,-0.804,-1.801,0,0,-804,-1801,0.221875,0.5565592105263157,0.3029572953736655,0.3255746835443038,0.0,0.0,-0.0028612099644128113,-0.002279746835443038,0.306213575951351,-0.0028346733747100497,4,8,0,0,4,0,decelerating,neutral,0.4376367614879584,1.324503311258285,0.6578947368421018,-1.2903225806451646,10.336538461538458,-0.995492197789638,7.609285838318169,-2.8970198970154737,-0.29483038285552654,2.7272526232202887,59.13,79.01,95.44,10.04,95.44,10.04,False,-3000,0,0,split,Q2,unconfirmed_accumulation,3.5,12.5,4.0,2.75,5.0,9.54,37.29,,,,,V1連買訊號高（外資4日／投信0日）；價格未確認（Q2、RS20 -0.29）；近期flow正在減速
2254,巨鎧精密-創,汽車工業,2026-08-10,excluded,0,5,200,238,-38,64.27640156453715,69.10039113428944,10,0,0,10,2,0,外資鎖碼,True,True,4.0,6.0,10.0,21.1,4000,6000,10000,21100,0.0,0.0,0.0,0.0,0,0,0,0,1.0,1.0,0.45454545454545453,0.3907407407407407,0.0,0.0,0.0,0.0,0.45397583171714156,0.0,3,6,0,0,1,0,stable,neutral,-0.3284072249589376,0.16501650165017256,-1.9386106623586308,1.8456375838926231,-11.386861313868613,-0.995492197789638,7.609285838318169,-5.493525296216206,2.841129781682261,-18.996147152186783,78.1,24.38,98.96,51.76,98.96,51.76,False,-3000,3025,0,mixed,Q2,unconfirmed_accumulation,3.5,12.5,3.0,4.5,5.0,9.9,38.4,,,,,價格未確認（Q2、RS20 +2.84）
2258,鴻華先進-創,汽車工業,2026-08-10,excluded,0,0,553,631,-78,19.621903520208605,16.558018252933508,-515,0,-54,-569,1,0,外資鎖碼,True,True,66.0,-85.0,-515.45,742.411,66000,-85000,-515450,742411,0.0,0.0,0.0,0.0,0,0,0,0,0.1981981981981982,-0.06972928630024611,-0.16746263807667316,0.12144789792246033,0.0,0.0,0.0,0.0,-0.167216188434697,0.0,1,5,0,0,1,0,reversing_positive,neutral,1.1725293132328174,0.6666666666666599,-3.821656050955413,-4.1269841269841345,7.092198581560294,-0.995492197789638,7.609285838318169,-7.376570684812989,-3.1314919291944965,-0.5170872567578755,43.29,72.36,11.08,51.76,11.08,51.76,False,-43000,-10500,0,split,Q4,confirmed_distribution,0.0,0.0,2.5,4.0,0.0,0.0,6.5,,,,D_V1_weak_V2_weak,實際介入強度低（強度分 0.0/25）；全市場flow percentile偏低（外資P11、投信P52）；價格未確認（Q4、RS20 -3.13）
2302,麗正,半導體業,2026-08-10,buy_candidates,58,5,201,432,-231,64.27640156453715,43.807040417209905,185,-3,-2,180,0,0,主力佈局,True,True,-145.629,-101.298,183.298,1159.136,-145629,-101298,183298,1159136,0.0,-5.0,-3.0,4.0,0,-5000,-3000,4000,-0.05359919028340081,-0.011990767045454546,0.009959141537625645,0.03356798239263271,0.0,-0.0005918560606060606,-0.00016299918500407498,0.00011583794271813733,0.010180844738208135,-0.00016825159584622713,2,7,1,3,0,0,reversing_negative,neutral,-0.9324009324009341,0.2358490566037874,6.25,-2.411021814006886,68.31683168316832,-0.995492197789638,7.609285838318169,2.6950853661424246,-1.4155296162172482,60.707545844850145,52.15,98.96,49.54,14.21,49.54,14.21,False,-5011,1071,0,split,Q2,unconfirmed_accumulation,3.5,2.49,5.0,1.0,5.0,4.95,21.94,10.0,28.0,-18.0,,實際介入強度低（強度分 2.5/25）；全市場flow percentile偏低（外資P50、投信P14）；價格未確認（Q2、RS20 -1.42）；近期flow已轉負
2312,金寶,其他電子,2026-08-10,excluded,0,12,23,120,-97,96.08865710560626,84.48500651890483,5077,26,476,5579,1,0,外資鎖碼,True,True,5494.248,3704.013,5077.101,16150.409,5494248,3704013,5077101,16150409,0.0,26.0,26.0,63.0,0,26000,26000,63000,0.4076758922608889,0.12249125301762624,0.08385526706966603,0.09930096962020647,0.0,0.0008598167928833626,0.0004294255607306841,0.0003873562016957594,0.08570996348166167,0.0004183364827658529,2,5,1,4,1,0,accelerating,decelerating,3.833865814696491,1.5625,2.3622047244094446,-4.970760233918137,15.04424778761062,-0.995492197789638,7.609285838318169,-1.1927099094481308,-3.9752680361284987,7.434961949292451,39.5,84.35,70.8,90.22,70.8,90.22,True,43000,433301,0,split,Q2,unconfirmed_accumulation,10.0,12.61,4.5,6.75,5.0,16.1,54.96,,,,B_V1_strong_V2_weak,價格未確認（Q2、RS20 -3.98）；近期flow正在減速
2313,華通,電子零組件,2026-08-10,excluded,0,9,41,159,-118,94.58930899608866,79.40026075619296,-6701,10680,192,4171,0,3,投信鎖碼,True,True,-5185.909,-7045.404,-6701.134,12841.612,-5185909,-7045404,-6701134,12841612,1113.921,3594.921,10680.921,10706.511,1113921,3594921,10680921,10706511,-0.15255814432383139,-0.06172706723440046,-0.03515072387746538,0.03711148230779012,0.032769128938310826,0.03149626767597119,0.05602665232899706,0.030941169500734046,-0.031146756983172427,0.05422066685241768,2,6,4,7,0,3,stable,accelerating,3.1175059952038398,-1.3761467889908285,15.902964959568733,-8.510638297872342,-12.423625254582483,-0.995492197789638,7.609285838318169,12.348050325711156,-7.5151461000827045,-20.03291109290065,26.86,21.77,35.98,98.44,35.98,98.44,False,220569,-30548,0,split,Q2,unconfirmed_accumulation,4.5,12.5,6.5,8.5,5.0,9.84,46.84,,,,,V1連買訊號高（外資0日／投信3日）；價格未確認（Q2、RS20 -7.52）
2316,楠梓電,電子零組件,2026-08-10,excluded,0,0,554,490,64,19.621903520208605,36.17992177314211,-366,-63,-11,-440,0,0,主力佈局,True,True,-273.437,-320.763,-367.227,-218.064,-273437,-320763,-367227,-218064,0.0,-9.0,-63.0,-99.0,0,-9000,-63000,-99000,-0.13430108055009823,-0.05558187489169988,-0.03949951597289448,-0.010476291136199856,0.0,-0.0015595217466643563,-0.006776379477250726,-0.004756185443190007,-0.04014964682618073,-0.006527043903666957,2,5,0,3,0,0,stable,neutral,2.507836990595602,2.507836990595602,9.731543624161066,-11.85983827493261,22.014925373134318,-0.995492197789638,7.609285838318169,6.176628990303491,-10.864346077142972,14.40563953481615,18.64,89.44,34.29,7.43,34.29,7.43,False,-15000,4444,0,split,Q4,confirmed_distribution,0.0,0.0,4.0,4.5,0.0,0.0,8.5,,,,,連買天數不長，但V2不只依賴連買
2317,鴻海,其他電子,2026-08-10,excluded,0,5,202,32,170,64.27640156453715,95.95827900912647,63403,-2156,-717,60530,1,1,強勢雙雄,True,True,7881.54,24296.773,63405.217,68389.541,7881540,24296773,63405217,68389541,136.726,-527.386,-2155.836,4159.409,136726,-527386,-2155836,4159409,0.22613014288173525,0.15590344893965158,0.23520611114614595,0.1088764445449176,0.003922820910082056,-0.0033840418364400526,-0.007997225241400289,0.006621797086313698,0.23599008090714577,-0.007880990637310554,4,6,2,7,1,1,accelerating,neutral,1.7307692307692246,2.3210831721470093,4.545454545454541,11.839323467230445,8.179959100204503,-0.995492197789638,7.609285838318169,0.990539911596966,12.834815665020082,0.5706732618863333,96.22,74.84,91.4,7.04,91.4,7.04,False,25909,-741134,0,split,Q1,confirmed_accumulation,4.5,12.5,6.5,6.0,25.0,9.14,63.64,,,,C_V1_weak_V2_strong,價格與RS同步確認（RS20 +12.83）
2324,仁寶,電腦週邊,2026-08-10,excluded,0,12,24,153,-129,96.08865710560626,80.1825293350717,22806,352,-875,22283,0,0,主力佈局,True,True,-3237.284,-3844.838,22806.489,47801.759,-3237284,-3844838,22806489,47801759,-9.1,-64.1,350.937,1916.472,-9100,-64100,350937,1916472,-0.11099132581341928,-0.04308762453352459,0.1260549343650684,0.0971061383853753,-0.00031199643432646486,-0.0007183441103627582,0.0019396821887522455,0.003893187178398539,0.1271047494942011,0.0019476900389627646,3,6,1,6,0,0,reversing_negative,reversing_negative,-0.6839945280437743,-1.7591339648173387,-0.13755158184319827,-0.9549795361528002,19.999999999999996,-0.995492197789638,7.609285838318169,-3.6924662157007737,0.040512661636837866,12.390714161681828,62.19,87.87,78.62,91.53,78.62,91.53,True,-276000,-600643,0,split,Q2,unconfirmed_accumulation,9.0,12.98,6.0,0.0,5.0,17.02,50.0,,,,B_V1_strong_V2_weak,價格未確認（Q2、RS20 +0.04）；近期flow已轉負
2328,廣宇,電子零組件,2026-08-10,excluded,0,9,42,283,-241,94.58930899608866,63.23337679269883,192,18,-379,-169,1,0,外資鎖碼,True,True,1707.275,-344.677,191.86,1807.429,1707275,-344677,191860,1807429,0.0,18.0,18.0,24.0,0,18000,18000,24000,0.5330237277552294,-0.027809988704211714,0.012414105467486251,0.05631672586776344,0.0,0.0014523156365983541,0.0011646716273050793,0.0007478033277248083,0.01625068610823615,0.0011627570920742802,2,5,1,2,1,0,reversing_negative,decelerating,4.208194905869322,6.689342403628107,10.18735362997656,-2.989690721649485,-9.169884169884169,-0.995492197789638,7.609285838318169,6.632438996118984,-1.994198523859847,-16.77917000820234,47.72,27.9,50.59,90.87,50.59,90.87,True,-458000,77984,0,split,Q2,unconfirmed_accumulation,9.0,3.39,3.5,1.75,5.0,14.15,36.79,,,,,實際介入強度低（強度分 3.4/25）；價格未確認（Q2、RS20 -1.99）；近期flow已轉負
2330,台積電,半導體業,2026-08-10,buy_candidates,52,0,555,460,95,19.621903520208605,40.15645371577575,-3429,-640,-2318,-6387,2,2,強勢雙雄,True,True,119.096,-3250.696,-3428.975,-29193.505,119096,-3250696,-3428975,-29193505,152.629,131.267,-639.52,9687.894,152629,131267,-639520,9687894,0.00553986417341148,-0.04549736871570933,-0.022974552934318698,-0.07492795562867505,0.007099683691506186,0.0018372382711902362,-0.0042848624129821575,0.024864917445414903,-0.0199835250676189,-0.00446841748282226,3,4,3,8,2,2,reversing_positive,reversing_positive,0.42194092827003704,-1.039501039501034,0.42194092827003704,-2.4590163934426257,4.8458149779735615,-0.995492197789638,7.609285838318169,-3.1329737055875384,-1.4635241956529876,-2.763470860344608,51.63,68.45,39.24,8.47,39.24,8.47,False,-551654,-1766489,0,split,Q4,confirmed_distribution,0.0,0.0,6.0,6.0,0.0,0.0,12.0,13.0,31.0,-18.0,,差異主要來自V1離散加分與V2連續型強度／排名分數
2342,茂矽,半導體業,2026-08-10,excluded,0,0,556,577,-21,19.621903520208605,23.598435462842243,-348,0,-3,-351,0,0,主力佈局,True,True,-77.851,-102.781,-349.099,280.043,-77851,-102781,-349099,280043,0.0,0.0,0.0,0.0,0,0,0,0,-0.048809404388714735,-0.024076130241274304,-0.035611445475874734,0.012092188781899046,0.0,0.0,0.0,0.0,-0.03583392271883106,0.0,2,5,0,0,0,0,stable,neutral,2.063273727647874,-1.4608233731739584,10.252600297176828,-25.352112676056336,-11.981020166073542,-0.995492197789638,7.609285838318169,6.697685663319253,-24.3566204782667,-19.59030600439171,3.52,22.95,35.85,51.76,35.85,51.76,False,-4683,0,0,split,Q4,confirmed_distribution,0.0,0.0,2.5,4.5,0.0,0.0,7.0,,,,D_V1_weak_V2_weak,實際介入強度低（強度分 0.0/25）；全市場flow percentile偏低（外資P36、投信P52）；價格未確認（Q4、RS20 -24.36）
2347,聯強,電子通路,2026-08-10,other_watch,69,15,3,6,-3,99.21773142112124,99.34810951760105,1426,1452,-878,2000,0,3,投信鎖碼,True,True,-18.833,-197.969,1425.885,7742.728,-18833,-197969,1425885,7742728,148.0,1420.368,1451.864,2003.363,148000,1420368,1451864,2003363,-0.005667469154378574,-0.014512792317278792,0.06087282274590164,0.15888385455142412,0.044538068010833584,0.10412491752804047,0.06198189890710382,0.04110980464581794,0.06323160765584719,0.06115152884196804,3,5,4,8,0,3,reversing_negative,decelerating,-1.6059957173447548,-5.355303810504619,0.21810250817884125,11.393939393939402,10.324129651860758,-0.995492197789638,7.609285838318169,-3.336812125678734,12.38943159172904,2.714843813542589,95.7,78.88,63.89,98.7,63.89,98.7,True,-649713,-229081,0,split,Q1,confirmed_accumulation,9.0,25.0,6.5,1.75,25.0,16.26,83.51,,,,A_V1_strong_V2_strong,V1連買訊號高（外資0日／投信3日）；近期flow已轉負
2349,錸德,光電業,2026-08-10,excluded,0,0,557,739,-182,19.621903520208605,3.455019556714472,-103,0,-28,-131,0,0,主力佈局,True,True,-220.552,54.087,-103.639,646.575,-220552,54087,-103639,646575,0.0,0.0,0.0,0.0,0,0,0,0,-0.13897416509136737,0.014610210696920584,-0.015363029943670323,0.03998361263991095,0.0,0.0,0.0,0.0,-0.015921336991930796,0.0,2,5,0,0,0,0,neutral,neutral,1.3698630136986356,1.83486238532109,3.738317757009346,-10.121457489878537,-11.904761904761907,-0.995492197789638,7.609285838318169,0.18340312315177076,-9.1259652920889,-19.514047743080077,23.21,23.08,41.85,51.76,41.85,51.76,False,-28000,0,0,split,Q4,confirmed_distribution,0.0,0.0,2.5,2.0,0.0,0.0,4.5,,,,D_V1_weak_V2_weak,實際介入強度低（強度分 0.0/25）；全市場flow percentile偏低（外資P42、投信P52）；價格未確認（Q4、RS20 -9.13）
2351,順德,半導體業,2026-08-10,excluded,0,3,407,406,1,45.436766623207305,47.196870925684486,-1434,223,32,-1179,0,0,主力佈局,True,True,-661.0,-912.772,-1434.767,2686.698,-661000,-912772,-1434767,2686698,0.0,118.0,223.0,-556.0,0,118000,223000,-556000,-0.2239159891598916,-0.08677364768514118,-0.08106028248587571,0.07140915373166064,0.0,0.01121779636847609,0.012598870056497175,-0.014777801403359558,-0.08107273605880629,0.012773656346564223,1,4,2,3,0,0,stable,decelerating,-0.8823529411764675,-0.295857988165682,7.667731629392982,-19.95249406175772,-7.417582417582413,-0.995492197789638,7.609285838318169,4.112816995535407,-18.95700186396808,-15.026868255900583,7.3,32.07,24.51,94.92,24.51,94.92,False,-96377,129872,0,split,Q4,confirmed_distribution,3.5,3.15,3.5,5.25,0.0,9.49,24.89,,,,,連買天數不長，但V2不只依賴連買
2353,宏碁,電腦週邊,2026-08-10,excluded,0,15,4,88,-84,99.21773142112124,88.65710560625814,14102,99,-543,13658,1,4,強勢雙雄,True,True,9892.191,4216.224,14101.788,16073.885,9892191,4216224,14101788,16073885,100.497,324.868,100.297,-1151.197,100497,324868,100297,-1151197,0.4759064274030598,0.0741822788373566,0.13334898015148794,0.06484699887846244,0.004834840758202636,0.005715884298683933,0.0009484260196121077,-0.0046442829824830355,0.1356769179708852,0.0010914584164192602,3,6,4,8,1,4,accelerating,decelerating,2.4793388429751984,2.4793388429751984,7.638888888888884,-2.9733959311424085,10.71428571428572,-0.995492197789638,7.609285838318169,4.0839742550313085,-1.9779037333527705,3.1049998759675512,47.85,80.31,80.7,90.74,80.7,90.74,True,-348081,-196887,0,split,Q2,unconfirmed_accumulation,9.0,12.74,7.0,6.75,5.0,17.14,57.63,,,,B_V1_strong_V2_weak,V1連買訊號高（外資1日／投信4日）；價格未確認（Q2、RS20 -1.98）；近期flow正在減速
2354,鴻準,其他電子,2026-08-10,excluded,0,7,69,33,36,88.33116036505866,95.82790091264668,17432,-22,941,18351,8,0,外資鎖碼,True,True,10063.548,16436.287,17434.671,21629.891,10063548,16436287,17434671,21629891,-1.0,-7.0,-22.0,61.0,-1000,-7000,-22000,61000,0.26776149425287354,0.11022262085985018,0.11107362150797949,0.11525492087174295,-2.6607066836951895e-05,-4.6942374881805807e-05,-0.00014015863409040232,0.0003250386316406458,0.11190866636894638,-0.00013114173528219742,5,8,0,5,8,0,accelerating,stable,2.1035598705501757,13.693693693693687,11.879432624113484,11.484098939929321,6.949152542372894,-0.995492197789638,7.609285838318169,8.32451799025591,12.479591137718959,-0.6601332959452755,95.83,71.84,76.14,14.34,76.14,14.34,False,-40950,981258,0,split,Q1,confirmed_accumulation,3.5,12.5,6.5,8.5,25.0,7.61,63.61,,,,,價格與RS同步確認（RS20 +12.48）；動能較佳（外資 accelerating／投信 stable）
2355,敬鵬,電子零組件,2026-08-10,excluded,0,5,203,374,-171,64.27640156453715,51.36897001303781,316,0,257,573,1,0,外資鎖碼,True,True,434.614,36.245,317.062,1632.68,434614,36245,317062,1632680,0.0,0.0,0.0,0.0,0,0,0,0,0.15362813715093673,0.004263114561279699,0.020178323681028447,0.041367183541096586,0.0,0.0,0.0,0.0,0.020753112207353302,0.0,3,7,0,0,1,0,accelerating,neutral,3.9555006180469476,2.6862026862026767,9.934640522875803,-14.27115188583079,-21.985157699443413,-0.995492197789638,7.609285838318169,6.379725889018228,-13.275659688041152,-29.59444353776158,13.56,10.04,53.06,51.76,53.06,51.76,False,242000,16566,0,split,Q2,unconfirmed_accumulation,4.5,5.04,3.5,6.0,5.0,5.31,29.35,,,,,實際介入強度低（強度分 5.0/25）；全市場flow percentile偏低（外資P53、投信P52）；價格未確認（Q2、RS20 -13.28）
2356,英業達,電腦週邊,2026-08-10,excluded,0,14,19,18,1,97.78357235984355,97.78357235984355,14176,401,-567,14010,3,0,外資鎖碼,True,True,7193.927,10426.137,14178.423,35390.49,7193927,10426137,14178423,35390490,-24.122,-226.122,400.764,1351.737,-24122,-226122,400764,1351737,0.3863755840807777,0.20475524351924587,0.10825620175458689,0.11539988326480304,-0.0012955583006606156,-0.004440730557737627,0.0030599445678814396,0.0044076895235051865,0.10863292171739822,0.003223125368233261,4,8,2,6,3,0,accelerating,reversing_negative,3.125,0.45662100456620447,3.2863849765258246,2.0092735703245657,24.06015037593985,-0.995492197789638,7.609285838318169,-0.2685296573317508,3.0047657681142037,16.45086453762168,78.88,90.61,75.62,92.31,75.62,92.31,True,-32001,-535642,0,split,Q1,confirmed_accumulation,9.0,13.26,7.0,5.0,25.0,16.79,76.05,,,,A_V1_strong_V2_strong,橫向強度高（外資P76、投信P92）；價格與RS同步確認（RS20 +3.00）
2357,華碩,電腦週邊,2026-08-10,other_watch,47,5,204,28,176,64.27640156453715,96.47979139504564,5157,-261,-133,4763,2,1,強勢雙雄,True,True,613.587,2246.032,5159.789,10484.747,613587,2246032,5159789,10484747,462.559,-456.859,-260.206,450.327,462559,-456859,-260206,450327,0.22320371044016005,0.19652043048385687,0.24861660402813915,0.2109946671496418,0.16826445980356494,-0.039973663487619215,-0.012537631299990363,0.009062364163245592,0.24937106811724383,-0.012719510820135449,4,8,3,7,2,1,accelerating,neutral,0.1223990208078396,-2.3866348448687402,2.377972465581979,16.193181818181813,20.47128129602356,-0.995492197789638,7.609285838318169,-1.1769421682755965,17.18867401597145,12.86199545770539,97.0,88.14,91.79,6.52,91.79,6.52,False,33194,-167755,0,split,Q1,confirmed_accumulation,4.5,12.5,7.5,6.0,25.0,9.18,64.68,,,,C_V1_weak_V2_strong,價格與RS同步確認（RS20 +17.19）
2364,倫飛,電腦週邊,2026-08-10,excluded,0,7,70,59,11,88.33116036505866,92.4380704041721,369,0,-17,352,3,0,外資鎖碼,True,True,276.773,355.805,369.421,475.367,276773,355805,369421,475367,0.0,0.0,0.0,0.0,0,0,0,0,0.3812300275482094,0.272230298393267,0.2381824629271438,0.1861993732863298,0.0,0.0,0.0,0.0,0.24245663284052135,0.0,4,7,0,0,3,0,accelerating,neutral,5.694444444444446,7.790368271954673,7.637906647807635,9.812409812409806,10.28985507246376,-0.995492197789638,7.609285838318169,4.08299201395006,10.807902010199443,2.680569234145591,94.26,78.75,91.53,51.76,91.53,51.76,False,-17000,0,0,split,Q1,confirmed_accumulation,3.5,12.5,3.5,6.0,25.0,9.15,59.65,,,,,價格與RS同步確認（RS20 +10.81）；連買天數不長，但V2不只依賴連買
2365,昆盈,電腦週邊,2026-08-10,excluded,0,7,71,227,-156,88.33116036505866,70.46936114732725,648,0,-2,646,3,0,外資鎖碼,True,True,337.018,626.841,648.018,1412.918,337018,626841,648018,1412918,0.0,0.0,0.0,0.0,0,0,0,0,0.3111892890120037,0.16508849091387937,0.1111141975308642,0.10541017606684572,0.0,0.0,0.0,0.0,0.11274563186525344,0.0,4,8,0,0,3,0,accelerating,neutral,3.305785123966931,3.993344425956735,9.841827768014056,-3.8461538461538436,-11.47308781869688,-0.995492197789638,7.609285838318169,6.286913134156481,-2.8506616483642055,-19.08237365701505,44.2,24.12,76.27,51.76,76.27,51.76,False,-8000,5511,0,split,Q2,unconfirmed_accumulation,3.5,12.5,4.0,6.0,5.0,7.63,38.63,,,,,V1連買訊號高（外資3日／投信0日）；價格未確認（Q2、RS20 -2.85）
2367,燿華,電子零組件,2026-08-10,excluded,0,5,205,450,-245,64.27640156453715,41.46023468057366,217,0,169,386,1,0,外資鎖碼,True,True,561.48,697.556,216.988,7775.6,561480,697556,216988,7775600,0.0,0.0,0.0,0.0,0,0,0,0,0.051164570803717876,0.030717160597120083,0.005378045455672045,0.08672511097726918,0.0,0.0,0.0,0.0,0.006452572633029021,0.0,3,7,0,0,1,0,reversing_negative,neutral,6.884057971014501,6.370192307692313,16.447368421052634,-12.376237623762377,-31.92307692307692,-0.995492197789638,7.609285838318169,12.892453787195059,-11.380745425972739,-39.53236276139509,16.95,3.78,48.63,51.76,48.63,51.76,False,-16000,184983,0,split,Q2,unconfirmed_accumulation,3.5,1.34,3.5,1.0,5.0,4.86,19.2,,,,,實際介入強度低（強度分 1.3/25）；全市場flow percentile偏低（外資P49、投信P52）；價格未確認（Q2、RS20 -11.38）；近期flow已轉負
2371,大同,電機機械,2026-08-10,excluded,0,7,72,218,-146,88.33116036505866,71.70795306388527,6849,-530,-256,6063,9,0,外資鎖碼,True,True,362.201,3110.838,6851.137,14277.19,362201,3110838,6851137,14277190,0.0,0.0,-530.0,-1024.0,0,0,-530000,-1024000,0.04119665605095541,0.15533220152793728,0.20743420733922732,0.17129407671357785,0.0,0.0,-0.016046990432360422,-0.012285690290225438,0.20517519068394052,-0.015651679830397638,5,9,1,4,9,0,decelerating,neutral,3.2755298651252485,5.098039215686279,6.138613861386144,-4.626334519572961,-7.586206896551717,-0.995492197789638,7.609285838318169,2.5836992275285686,-3.6308423217833226,-15.195492734869887,40.94,31.42,88.66,5.08,88.66,5.08,False,-133000,-124657,0,split,Q2,unconfirmed_accumulation,3.5,12.5,6.5,2.75,5.0,8.87,39.12,,,,,V1連買訊號高（外資9日／投信0日）；價格未確認（Q2、RS20 -3.63）；近期flow正在減速
2373,震旦行,其他電子,2026-08-10,excluded,0,0,558,632,-74,19.621903520208605,16.558018252933508,-25,0,-10,-35,0,0,主力佈局,True,True,-1.0,-14.0,-25.0,58.1,-1000,-14000,-25000,58100,0.0,0.0,0.0,0.0,0,0,0,0,-0.09090909090909091,-0.2413793103448276,-0.16233766233766234,0.14136253041362531,0.0,0.0,0.0,0.0,-0.16215033902836173,0.0,1,4,0,0,0,0,stable,neutral,0.18761726078799779,0.0,0.0,-0.743494423791824,-4.129263913824066,-0.995492197789638,7.609285838318169,-3.5549146338575754,0.2519977739978141,-11.738549752142236,63.62,40.55,11.6,51.76,11.6,51.76,False,-7000,-3000,0,split,Q4,confirmed_distribution,0.0,0.0,2.0,4.5,0.0,0.0,6.5,,,,D_V1_weak_V2_weak,實際介入強度低（強度分 0.0/25）；全市場flow percentile偏低（外資P12、投信P52）；價格未確認（Q4、RS20 +0.25）
2374,佳能,光電業,2026-08-10,excluded,0,5,206,215,-9,64.27640156453715,72.09908735332465,1764,0,148,1912,1,0,外資鎖碼,True,True,1442.745,880.924,1763.566,3643.626,1442745,880924,1763566,3643626,0.0,0.0,0.0,9.0,0,0,0,9000,0.33288994000922933,0.08821590226316843,0.11360255088894615,0.1083090871258286,0.0,0.0,0.0,0.00026753069171546625,0.11654409457258115,0.0,2,5,0,4,1,0,accelerating,neutral,3.4285714285714475,4.473304473304496,7.578008915304624,-4.105960264900654,-9.838107098381066,-0.995492197789638,7.609285838318169,4.023094281447048,-3.110468067111016,-17.447392936699234,43.55,26.73,77.05,51.76,77.05,51.76,False,-18661,167103,0,split,Q2,unconfirmed_accumulation,3.5,12.5,4.5,6.0,5.0,7.71,39.21,,,,,價格未確認（Q2、RS20 -3.11）
2375,凱美,電子零組件,2026-08-10,excluded,0,12,25,150,-125,96.08865710560626,80.57366362451108,1138,74,23,1235,0,0,主力佈局,True,True,-81.99,351.62,1138.619,982.299,-81990,351620,1138619,982299,0.0,-6.0,74.0,204.0,0,-6000,74000,204000,-0.02301150715689026,0.042776155717761555,0.06709203936126333,0.020899978723404256,0.0,-0.00072992700729927,0.004360379470862059,0.004340425531914893,0.0672030156957263,0.004347235299049506,4,6,1,4,0,0,reversing_negative,neutral,5.531914893617018,0.4048582995951344,2.4793388429751984,-32.97297297297297,22.77227722772277,-0.995492197789638,7.609285838318169,-1.075575790882377,-31.97748077518333,15.162991389404603,0.52,89.83,65.71,93.22,65.71,93.22,True,10848,11424,0,split,Q2,unconfirmed_accumulation,10.0,13.59,5.0,1.0,5.0,15.89,50.48,,,,B_V1_strong_V2_weak,價格未確認（Q2、RS20 -31.98）；近期flow已轉負
2377,微星,電腦週邊,2026-08-10,wait_pullback,33,15,5,14,-9,99.21773142112124,98.30508474576271,17426,107,1800,19333,1,1,黃金滿貫,True,True,3568.449,7240.111,17427.398,20251.925,3568449,7240111,17427398,20251925,15.0,421.893,106.26,-117.684,15000,421893,106260,-117684,0.3129943864573283,0.1820495599698265,0.22151970205409802,0.1357485906948997,0.0013156740636786246,0.01060832285642444,0.0013506711409395974,-0.0007888354883468398,0.22110286928474213,0.0014858141457244481,4,7,2,5,1,1,accelerating,decelerating,1.3071895424836555,2.6490066225165476,8.391608391608397,3.678929765886285,32.47863247863248,-0.995492197789638,7.609285838318169,4.8366937577508216,4.674421963675924,24.86934664031431,84.35,93.74,89.57,91.13,89.57,91.13,True,1333202,468010,0,split,Q1,confirmed_accumulation,10.0,12.84,6.0,6.75,25.0,18.07,78.66,,,,A_V1_strong_V2_strong,近期flow正在減速
2385,群光,電子零組件,2026-08-10,excluded,0,2,449,457,-8,41.19947848761408,40.547588005215125,109,-476,-191,-558,1,1,強勢雙雄,True,True,485.754,244.415,108.482,4306.941,485754,244415,108482,4306941,4.917,-197.19,-475.901,-613.551,4917,-197190,-475901,-613551,0.17134179894179893,0.019742730210016154,0.005817977046015231,0.10450189256078032,0.0017343915343915343,-0.0159281098546042,-0.02552295398476885,-0.01488695588877566,0.00649011161823428,-0.025605266887110536,3,6,1,5,1,1,reversing_negative,neutral,1.4778325123152802,-0.9615384615384581,-2.8301886792452824,-2.8301886792452824,-18.577075098814234,-0.995492197789638,7.609285838318169,-6.385103313102858,-1.8346964814556443,-26.186360937132402,49.02,12.52,48.76,3.78,48.76,3.78,False,-38367,-156136,0,split,Q4,confirmed_distribution,3.5,1.45,5.5,1.0,0.0,4.88,16.33,,,,,實際介入強度低（強度分 1.4/25）；全市場flow percentile偏低（外資P49、投信P4）；價格未確認（Q4、RS20 -1.83）；近期flow已轉負
2395,研華,電腦週邊,2026-08-10,excluded,0,5,207,86,121,64.27640156453715,88.91786179921773,2052,-148,25,1929,0,1,投信鎖碼,True,True,-188.197,1915.145,2052.667,1682.702,-188197,1915145,2052667,1682702,119.0,96.207,-148.111,80.557,119000,96207,-148111,80557,-0.025518237288135594,0.07811816772719857,0.06290542735435628,0.029178116871857118,0.016135593220338983,0.003924253548702888,-0.00453896601391315,0.0013968614530951969,0.06131286179239857,-0.003716733235446935,3,5,2,6,0,2,decelerating,reversing_positive,5.205047318611977,5.371248025276465,15.798611111111116,24.44029850746268,43.44086021505375,-0.995492197789638,7.609285838318169,12.24369647725354,25.435790705252316,35.83157437673558,99.48,96.48,64.54,8.34,64.54,8.34,False,-24690,49940,0,split,Q1,confirmed_accumulation,3.5,12.5,5.5,4.75,25.0,6.45,57.7,,,,C_V1_weak_V2_strong,價格與RS同步確認（RS20 +25.44）
2399,映泰,電腦週邊,2026-08-10,excluded,0,0,559,578,-19,19.621903520208605,23.598435462842243,-1741,0,-1,-1742,0,0,主力佈局,True,True,-1339.743,-363.523,-1743.514,796.519,-1339743,-363523,-1743514,796519,0.0,0.0,0.0,0.0,0,0,0,0,-0.13840320247933885,-0.012765494960845595,-0.03806134299685644,0.01360710319968567,0.0,0.0,0.0,0.0,-0.0373234185074186,0.0,1,5,0,0,0,0,stable,neutral,2.585193889541726,10.927573062261754,19.917582417582413,-0.7954545454545436,-7.521186440677974,-0.995492197789638,7.609285838318169,16.362667783724838,0.2000376523350944,-15.130472278996145,63.36,31.68,34.94,51.76,34.94,51.76,False,-9000,7071,0,split,Q3,absorption_divergence,0.0,0.0,2.5,4.5,0.0,0.0,7.0,,,,D_V1_weak_V2_weak,實際介入強度低（強度分 0.0/25）；全市場flow percentile偏低（外資P35、投信P52）
2409,友達,光電業,2026-08-10,high_priority_watch,47,3,408,429,-21,45.436766623207305,44.19817470664928,-10495,692,5418,-4385,2,0,外資鎖碼,True,True,4574.634,7893.663,-10493.503,10988.315,4574634,7893663,-10493503,10988315,-10.476,-41.476,691.079,2522.768,-10476,-41476,691079,2522768,0.02115868199772439,0.015576206102486893,-0.012443115171263983,0.005965814819640802,-4.8453789441551116e-05,-8.184270399011794e-05,0.0008194761643887596,0.001369670119660347,-0.011536538230899939,0.0007956348868010259,3,6,1,6,2,0,reversing_positive,reversing_negative,9.979633401221989,10.429447852760742,12.970711297071148,-7.692307692307687,38.107416879795394,-0.995492197789638,7.609285838318169,9.415796663213573,-6.696815494518049,30.498131041477226,30.57,95.05,43.42,90.61,43.42,90.61,False,2333000,3085160,0,split,Q4,confirmed_distribution,4.5,0.2,6.0,3.0,0.0,9.06,22.76,32.0,27.0,5.0,,實際介入強度低（強度分 0.2/25）；價格未確認（Q4、RS20 -6.70）；近期flow已轉負
2412,中華電,通信網路,2026-08-10,excluded,0,3,409,418,-9,45.436766623207305,45.63233376792699,-3660,4,-626,-4282,0,0,主力佈局,True,True,-2511.971,-1844.475,-3660.172,35076.93,-2511971,-1844475,-3660172,35076930,-62.713,861.162,3.949,585.795,-62713,861162,3949,585795,-0.2632541395933766,-0.07354952548050084,-0.0695717924348983,0.2199787402167369,-0.006572311884300985,0.03433934125528351,7.506177532788443e-05,0.0036737093618302227,-0.06918587377740165,0.0001646572640399853,2,7,2,5,0,0,stable,decelerating,-0.727272727272732,-0.36496350364964014,-1.7985611510791366,2.2471910112359605,-0.727272727272732,-0.995492197789638,7.609285838318169,-5.3534757849367125,3.2426832090255986,-8.336558565590902,79.66,52.02,28.16,89.31,28.16,89.31,False,-406611,-219760,0,split,Q4,confirmed_distribution,3.5,0.02,6.0,5.25,0.0,8.93,23.7,,,,,實際介入強度低（強度分 0.0/25）；價格未確認（Q4、RS20 +3.24）；近期flow正在減速
2413,環科,電子零組件,2026-08-10,excluded,0,5,208,256,-48,64.27640156453715,66.68839634941331,365,0,-2,363,1,0,外資鎖碼,True,True,528.0,356.992,363.994,1155.595,528000,356992,363994,1155595,0.0,0.0,0.0,0.0,0,0,0,0,0.2678843226788432,0.0901722657236676,0.06917407829722538,0.11907212776919114,0.0,0.0,0.0,0.0,0.07666133748962795,0.0,3,8,0,0,1,0,accelerating,neutral,9.926470588235304,11.152416356877314,12.265331664580724,-1.967213114754096,2.2805017103762815,-0.995492197789638,7.609285838318169,8.71041703072315,-0.9717209169644581,-5.328784127941888,54.63,61.8,66.75,51.76,66.75,51.76,False,-4015,1021,0,split,Q2,unconfirmed_accumulation,3.5,12.5,4.0,6.0,5.0,6.67,37.67,,,,,全市場flow percentile偏低（外資P67、投信P52）；價格未確認（Q2、RS20 -0.97）
2414,精技,電子通路,2026-08-10,excluded,0,2,450,408,42,41.19947848761408,46.870925684485,72,-5,-72,-5,1,0,外資鎖碼,True,True,258.844,-272.241,73.585,400.885,258844,-272241,73585,400885,0.0,-7.0,-5.0,3.0,0,-7000,-5000,3000,0.5105404339250493,-0.07207863383637808,0.0159724332537443,0.06234603421461898,0.0,-0.0018533227429176596,-0.0010853049706967658,0.00046656298600311044,0.020750038516888666,-0.0010510830949090374,3,7,1,3,1,0,neutral,neutral,1.795332136445249,-6.435643564356431,-1.0471204188481575,-11.128526645768023,16.427104722792606,-0.995492197789638,7.609285838318169,-4.602035052705733,-10.133034447978385,8.817818884474438,21.12,86.18,51.89,12.13,51.89,12.13,False,-72000,0,0,split,Q2,unconfirmed_accumulation,3.5,3.99,5.0,2.0,5.0,5.19,24.68,,,,,差異主要來自V1離散加分與V2連續型強度／排名分數
2415,錩新,電子零組件,2026-08-10,excluded,0,0,560,527,33,19.621903520208605,29.85658409387223,-82,-3,-2,-87,0,0,主力佈局,True,True,-41.0,-61.95,-82.98,-4.8,-41000,-61950,-82980,-4800,0.0,-5.0,-3.0,3.0,0,-5000,-3000,3000,-0.22404371584699453,-0.1084938704028021,-0.08652763295099061,-0.002035623409669211,0.0,-0.008756567425569177,-0.0031282586027111575,0.001272264631043257,-0.08621198126003778,-0.003212089439215784,0,3,1,3,0,0,stable,neutral,-1.7432646592710044,-0.9584664536741228,1.1419249592169667,-14.36464088397791,16.322701688555362,-0.995492197789638,7.609285838318169,-2.4129896746406088,-13.369148686188272,8.713415850237194,13.43,85.79,23.21,9.78,23.21,9.78,False,-2000,0,0,split,Q4,confirmed_distribution,0.0,0.0,3.0,4.5,0.0,0.0,7.5,,,,,連買天數不長，但V2不只依賴連買
2417,圓剛,電腦週邊,2026-08-10,excluded,0,5,209,371,-162,64.27640156453715,51.76010430247718,264,0,-3,261,1,0,外資鎖碼,True,True,267.8,-332.911,263.685,1062.573,267800,-332911,263685,1062573,0.0,0.0,0.0,0.0,0,0,0,0,0.14554347826086955,-0.06957387669801463,0.04256416464891041,0.10097624251639266,0.0,0.0,0.0,0.0,0.04183165687189588,0.0,3,8,0,0,1,0,reversing_negative,neutral,3.7252619324796177,6.071428571428572,11.375000000000002,-1.655629139072845,-9.266802443991862,-0.995492197789638,7.609285838318169,7.820085366142426,-0.660136941283207,-16.876088282310032,57.11,27.77,58.8,51.76,58.8,51.76,False,-3552,0,0,split,Q2,unconfirmed_accumulation,3.5,10.64,4.0,1.0,5.0,5.88,30.02,,,,,全市場flow percentile偏低（外資P59、投信P52）；價格未確認（Q2、RS20 -0.66）；近期flow已轉負
2419,仲琦,通信網路,2026-08-10,excluded,0,7,73,197,-124,88.33116036505866,74.44589308996089,634,0,-20,614,7,0,外資鎖碼,True,True,160.095,235.095,635.161,1214.157,160095,235095,635161,1214157,0.0,0.0,0.0,0.0,0,0,0,0,0.39923940149625936,0.1931758422350041,0.2315570543200875,0.16498940073379537,0.0,0.0,0.0,0.0,0.23227401456902738,0.0,5,8,0,0,7,0,accelerating,neutral,3.0991735537190035,0.6048387096774244,3.9583333333333304,-8.941605839416056,-14.991482112436127,-0.995492197789638,7.609285838318169,0.4034186994757549,-7.946113641626418,-22.600767950754296,26.08,17.73,90.87,51.76,90.87,51.76,False,-18000,-2312,0,split,Q2,unconfirmed_accumulation,3.5,12.5,4.0,6.0,5.0,9.09,40.09,,,,,V1連買訊號高（外資7日／投信0日）；價格未確認（Q2、RS20 -7.95）
2421,建準,電子零組件,2026-08-10,high_priority_watch,33,5,210,39,171,64.27640156453715,95.04563233376793,7909,-138,84,7855,0,0,主力佈局,True,True,-386.529,6611.676,7911.106,9512.577,-386529,6611676,7911106,9512577,-77.0,-138.0,-138.0,-130.0,-77000,-138000,-138000,-130000,-0.07891567986933443,0.2892752887644382,0.296207353601917,0.2515423486791655,-0.015720702327480605,-0.006037801890094505,-0.005166991163696271,-0.0034376074252320385,0.298577523614354,-0.005158753536964024,4,7,0,4,0,0,decelerating,stable,-1.320132013201325,6.4056939501779375,9.523809523809534,8.333333333333325,2.7491408934707806,-0.995492197789638,7.609285838318169,5.968894889951959,9.328825531122963,-4.860144944847389,92.57,63.1,94.78,7.95,94.78,7.95,False,-53000,137771,0,split,Q1,confirmed_accumulation,3.5,12.5,5.5,5.25,25.0,9.48,61.23,34.0,12.0,22.0,C_V1_weak_V2_strong,價格與RS同步確認（RS20 +9.33）
2423,固緯,其他電子,2026-08-10,excluded,0,0,561,491,70,19.621903520208605,36.17992177314211,-153,0,-6,-159,0,0,主力佈局,True,True,-193.25,-157.422,-152.458,33.027,-193250,-157422,-152458,33027,0.0,0.0,0.0,1.0,0,0,0,1000,-0.5019480519480519,-0.26368844221105525,-0.17226892655367232,0.014850269784172662,0.0,0.0,0.0,0.0004496402877697842,-0.16699763614454868,0.0,3,7,0,1,0,0,stable,neutral,-5.228758169934644,-2.2911051212938016,0.41551246537396835,-7.4074074074074066,-1.2261580381471515,-0.995492197789638,7.609285838318169,-3.139402168483607,-6.411915209617769,-8.835443876465321,31.81,49.67,10.56,51.76,10.56,51.76,False,-6000,0,0,split,Q4,confirmed_distribution,0.0,0.0,4.0,4.5,0.0,0.0,8.5,,,,,連買天數不長，但V2不只依賴連買
2424,隴華,通信網路,2026-08-10,excluded,0,5,211,306,-95,64.27640156453715,60.234680573663624,9,0,0,9,2,0,外資鎖碼,True,True,4.0,9.0,9.0,17.0,4000,9000,9000,17000,0.0,0.0,0.0,0.0,0,0,0,0,0.19047619047619047,0.23076923076923078,0.1836734693877551,0.07391304347826087,0.0,0.0,0.0,0.0,0.18546598955725627,0.0,2,6,0,0,1,0,decelerating,neutral,0.9269988412514474,6.219512195121979,8.468244084682453,-9.365244536940676,-63.093220338983045,-0.995492197789638,7.609285838318169,4.913329450824878,-8.369752339151038,-70.70250617730122,24.77,0.13,85.79,51.76,85.79,51.76,False,0,0,0,mixed,Q2,unconfirmed_accumulation,3.5,12.5,3.0,2.75,5.0,8.58,35.33,,,,,價格未確認（Q2、RS20 -8.37）；近期flow正在減速
2425,承啟,電腦週邊,2026-08-10,other_watch,24,0,562,528,34,19.621903520208605,29.85658409387223,-4189,-4,-9,-4202,0,0,主力佈局,True,True,-2609.94,-3632.802,-4191.416,-3015.347,-2609940,-3632802,-4191416,-3015347,0.0,-5.0,-4.0,2.0,0,-5000,-4000,2000,-0.21236289666395444,-0.11868411251592668,-0.07398400790778953,-0.03538433645868782,0.0,-0.00016335064850207456,-7.060526362240305e-05,2.3469495523193728e-05,-0.07352001560946134,-6.669618029522868e-05,1,3,1,3,0,0,stable,neutral,-6.332703213610591,0.9164969450101701,2.5879917184264967,12.485811577752548,40.76704545454544,-0.995492197789638,7.609285838318169,-0.9669229154310788,13.481303775542186,33.15775961622727,96.35,95.96,26.99,14.47,26.99,14.47,False,-10135,0,0,split,Q3,absorption_divergence,0.0,0.0,3.0,4.5,0.0,0.0,7.5,,,,,連買天數不長，但V2不只依賴連買
2427,三商電,資訊服務,2026-08-10,excluded,0,0,563,724,-161,19.621903520208605,5.215123859191656,-149,0,-2,-151,1,0,外資鎖碼,True,True,34.0,-235.0,-148.925,118.575,34000,-235000,-148925,118575,0.0,0.0,0.0,0.0,0,0,0,0,0.11371237458193979,-0.19357495881383854,-0.054312545587162656,0.021200607902735563,0.0,0.0,0.0,0.0,-0.051440435769494336,0.0,3,6,0,0,1,0,neutral,neutral,0.4587155963302614,-2.2321428571428603,-3.947368421052644,-13.779527559055115,4.2857142857142705,-0.995492197789638,7.609285838318169,-7.502283054910219,-12.784035361265477,-3.323571552603899,14.34,66.88,31.94,51.76,31.94,51.76,False,-2000,0,0,split,Q4,confirmed_distribution,0.0,0.0,3.0,2.0,0.0,0.0,5.0,,,,D_V1_weak_V2_weak,實際介入強度低（強度分 0.0/25）；全市場flow percentile偏低（外資P32、投信P52）；價格未確認（Q4、RS20 -12.78）
2428,興勤,電子零組件,2026-08-10,excluded,0,3,410,352,58,45.436766623207305,54.23728813559322,-298,122,-3,-179,0,0,主力佈局,True,True,-58.78,-300.601,-300.524,-41.442,-58780,-300601,-300524,-41442,0.0,122.0,122.0,122.0,0,122000,122000,122000,-0.16746438746438747,-0.1856707844348363,-0.11060875966139123,-0.0050385410334346506,0.0,0.0753551575046325,0.04490246595509753,0.014832826747720365,-0.11048353422924084,0.045684181303445356,1,3,1,1,0,0,stable,decelerating,2.0044543429844186,0.2188183807439792,2.2321428571428603,-22.504230118443314,8.018867924528305,-0.995492197789638,7.609285838318169,-1.3227717767147151,-21.508737920653676,0.40958208621013537,5.74,74.32,18.9,97.91,18.9,97.91,False,-8937,4847,0,split,Q4,confirmed_distribution,3.5,11.23,2.0,5.25,0.0,9.79,31.77,,,,,連買天數不長，但V2不只依賴連買
2429,銘旺科,光電業,2026-08-10,excluded,0,0,564,529,35,19.621903520208605,29.85658409387223,-9,0,-3,-12,1,0,外資鎖碼,True,True,43.81,-68.19,-7.191,349.309,43810,-68190,-7191,349309,0.0,0.0,0.0,0.0,0,0,0,0,0.18965367965367966,-0.07661797752808988,-0.003689584402257568,0.06369602479941648,0.0,0.0,0.0,0.0,-0.0030734414033266495,0.0,3,7,0,0,1,0,reversing_positive,neutral,1.453957996768973,-2.3328149300155476,0.15948963317382603,-27.733026467203693,-41.85185185185185,-0.995492197789638,7.609285838318169,-3.3954250006837494,-26.737534269414056,-49.46113769017002,2.09,0.65,45.76,51.76,45.76,51.76,False,-3000,0,0,split,Q4,confirmed_distribution,0.0,0.0,3.5,4.0,0.0,0.0,7.5,,,,,連買天數不長，但V2不只依賴連買
2430,燦坤,電子通路,2026-08-10,excluded,0,7,74,315,-241,88.33116036505866,59.0612777053455,88,0,-44,44,4,0,外資鎖碼,True,True,9.0,66.0,88.0,72.18,9000,66000,88000,72180,0.0,0.0,0.0,0.0,0,0,0,0,0.18,0.2357142857142857,0.1368584758942457,0.049202453987730065,0.0,0.0,0.0,0.0,0.13820352972166125,0.0,4,6,0,0,4,0,decelerating,neutral,0.8771929824561209,3.603603603603611,3.293413173652704,-4.1666666666666625,-7.9999999999999964,-0.995492197789638,7.609285838318169,-0.2615014602048715,-3.1711744688770245,-15.609285838318165,43.16,29.86,80.83,51.76,80.83,51.76,False,-44000,0,0,split,Q2,unconfirmed_accumulation,3.5,12.5,3.0,2.75,5.0,8.08,34.83,,,,,V1連買訊號高（外資4日／投信0日）；價格未確認（Q2、RS20 -3.17）；近期flow正在減速
2432,倚天酷碁-創,電腦週邊,2026-08-10,excluded,0,5,212,132,80,64.27640156453715,82.85528031290742,30,0,3,33,0,0,主力佈局,True,True,-3.0,6.0,30.0,65.1,-3000,6000,30000,65100,0.0,0.0,0.0,0.0,0,0,0,0,-0.06976744186046512,0.02127659574468085,0.0847457627118644,0.10251968503937008,0.0,0.0,0.0,0.0,0.08538182325146013,0.0,3,8,0,0,0,0,reversing_negative,neutral,0.7117437722419906,-0.7017543859649145,0.1769911504424737,1.0714285714285676,7.809523809523822,-0.995492197789638,7.609285838318169,-3.3779234834151017,2.0669207692182057,0.20023797120565234,73.92,74.05,71.06,51.76,71.06,51.76,False,0,3000,0,split,Q1,confirmed_accumulation,3.5,12.5,4.0,1.0,25.0,7.11,53.11,,,,C_V1_weak_V2_strong,價格與RS同步確認（RS20 +2.07）；連買天數不長，但V2不只依賴連買
2433,互盛電,其他電子,2026-08-10,excluded,0,2,451,125,326,41.19947848761408,83.83311603650587,9,0,-12,-3,2,0,外資鎖碼,True,True,2.0,8.0,9.0,50.5,2000,8000,9000,50500,0.0,0.0,0.0,0.0,0,0,0,0,0.06896551724137931,0.1095890410958904,0.06474820143884892,0.1563467492260062,0.0,0.0,0.0,0.0,0.06489454957974528,0.0,3,8,0,0,2,0,decelerating,neutral,-0.11918951132301459,0.3592814371257358,0.23923444976077235,-0.23809523809523725,-7.198228128460682,-0.995492197789638,7.609285838318169,-3.315680184096803,0.7573969596944008,-14.807513966778853,66.88,33.25,64.93,51.76,64.93,51.76,False,-12000,0,0,split,Q1,confirmed_accumulation,3.5,12.5,4.0,2.75,25.0,6.49,54.24,,,,C_V1_weak_V2_strong,價格與RS同步確認（RS20 +0.76）；連買天數不長，但V2不只依賴連買
2434,統懋,半導體業,2026-08-10,excluded,0,0,565,492,73,19.621903520208605,36.17992177314211,-301,0,5,-296,0,0,主力佈局,True,True,-71.0,-426.919,-301.919,-189.619,-71000,-426919,-301919,-189619,0.0,0.0,0.0,0.0,0,0,0,0,-0.13123844731977818,-0.1560376461988304,-0.07985162655382173,-0.029720846394984325,0.0,0.0,0.0,0.0,-0.08036903965394994,0.0,1,6,0,0,0,0,stable,neutral,-0.5639097744360999,-11.980033277870216,6.331658291457276,-22.547584187408486,74.01315789473684,-0.995492197789638,7.609285838318169,2.7767436575997007,-21.552091989618848,66.40387205641866,5.61,99.22,25.16,51.76,25.16,51.76,False,5000,0,0,split,Q4,confirmed_distribution,1.0,0.0,3.0,4.5,0.0,0.0,8.5,,,,,連買天數不長，但V2不只依賴連買
2438,翔耀,光電業,2026-08-10,excluded,0,0,566,754,-188,19.621903520208605,1.7601043024771839,-35,0,0,-35,0,0,主力佈局,True,True,0.0,-11.0,-35.0,-3.9,0,-11000,-35000,-3900,0.0,0.0,0.0,0.0,0,0,0,0,0.0,-0.1134020618556701,-0.16203703703703703,-0.00471584038694075,0.0,0.0,0.0,0.0,-0.16183115338882284,0.0,0,4,0,0,0,0,neutral,neutral,1.156069364161838,-0.2849002849002913,-2.777777777777779,-12.060301507537686,-17.840375586854464,-0.995492197789638,7.609285838318169,-6.332692411635355,-11.064809309748048,-25.449661425172632,18.25,12.91,11.73,51.76,11.73,51.76,False,0,0,0,split,Q4,confirmed_distribution,0.0,0.0,2.0,2.0,0.0,0.0,4.0,,,,D_V1_weak_V2_weak,實際介入強度低（強度分 0.0/25）；全市場flow percentile偏低（外資P12、投信P52）；價格未確認（Q4、RS20 -11.06）
2442,新美齊,建材營建,2026-08-10,excluded,0,0,567,503,64,19.621903520208605,33.96349413298566,-1095,0,69,-1026,2,0,外資鎖碼,True,True,614.344,731.344,-1094.656,684.351,614344,731344,-1094656,684351,0.0,0.0,0.0,0.0,0,0,0,0,0.41849046321525885,0.19266174920969442,-0.13502602689034168,0.04089584080315525,0.0,0.0,0.0,0.0,-0.1294676900789081,0.0,2,6,0,0,2,0,reversing_positive,neutral,1.2886597938144284,3.693931398416872,2.34375,2.0779220779220786,7.967032967032961,-0.995492197789638,7.609285838318169,-1.2111646338575754,3.0734142757117167,0.35774712871479153,79.14,74.19,14.6,51.76,14.6,51.76,False,69000,0,0,split,Q3,absorption_divergence,1.0,0.0,3.0,4.0,0.0,0.0,8.0,,,,,連買天數不長，但V2不只依賴連買
2450,神腦,通信網路,2026-08-10,excluded,0,0,568,725,-157,19.621903520208605,5.215123859191656,-306,0,-21,-327,1,0,外資鎖碼,True,True,5.8,-153.2,-305.2,-163.2,5800,-153200,-305200,-163200,0.0,0.0,0.0,0.0,0,0,0,0,0.05918367346938776,-0.3015748031496063,-0.3912820512820513,-0.10529032258064516,0.0,0.0,0.0,0.0,-0.39153380084024686,0.0,1,6,0,0,1,0,neutral,neutral,0.17667844522968323,-0.35149384885764245,-1.0471204188481575,-1.9031141868511958,-3.5714285714285587,-0.995492197789638,7.609285838318169,-4.602035052705733,-0.9076219890615578,-11.180714409746727,54.89,41.72,1.69,51.76,1.69,51.76,False,-21000,0,0,split,Q4,confirmed_distribution,0.0,0.0,3.0,2.0,0.0,0.0,5.0,,,,D_V1_weak_V2_weak,實際介入強度低（強度分 0.0/25）；全市場flow percentile偏低（外資P2、投信P52）；價格未確認（Q4、RS20 -0.91）
2451,創見,半導體業,2026-08-10,excluded,0,5,213,75,138,64.27640156453715,90.48239895697523,4883,-177,-111,4595,0,0,主力佈局,True,True,-1526.805,4942.392,4883.156,2688.967,-1526805,4942392,4883156,2688967,-16.0,-21.0,-178.176,-3.176,-16000,-21000,-178176,-3176,-0.2449550778116477,0.18446579330422125,0.10592988849841642,0.023992353403047933,-0.002566982191561046,-0.0007837868099876833,-0.003865156839776129,-2.8337913558656627e-05,0.10778550276595128,-0.0038039321628061556,3,6,0,3,0,0,decelerating,stable,-0.5050505050505083,4.6017699115044275,5.160142348754437,17.029702970297024,-14.223512336719878,-0.995492197789638,7.609285838318169,1.605227714896862,18.02519516808666,-21.832798175038047,97.52,18.9,74.84,8.87,74.84,8.87,False,-57411,-54621,0,split,Q1,confirmed_accumulation,3.5,12.5,4.5,5.25,25.0,7.48,58.23,,,,C_V1_weak_V2_strong,價格與RS同步確認（RS20 +18.03）；連買天數不長，但V2不只依賴連買
2453,凌群,資訊服務,2026-08-10,excluded,0,5,214,314,-100,64.27640156453715,59.19165580182529,213,0,-7,206,0,0,主力佈局,True,True,-23.0,-0.944,212.637,345.703,-23000,-944,212637,345703,0.0,0.0,0.0,0.0,0,0,0,0,-0.11274509803921569,-0.0017321100917431192,0.21011561264822134,0.11151709677419355,0.0,0.0,0.0,0.0,0.2113008033406466,0.0,3,6,0,0,0,0,neutral,neutral,-0.37878787878786735,-2.0484171322160183,0.0,-3.4862385321100864,-4.014598540145975,-0.995492197789638,7.609285838318169,-3.5549146338575754,-2.4907463343204483,-11.623884378464144,45.5,40.81,88.92,51.76,88.92,51.76,False,-7000,0,0,split,Q2,unconfirmed_accumulation,3.5,12.5,3.0,2.0,5.0,8.89,34.89,,,,,價格未確認（Q2、RS20 -2.49）
2458,義隆,半導體業,2026-08-10,excluded,0,0,569,475,94,19.621903520208605,38.200782268578884,-5706,-834,-67,-6607,1,0,外資鎖碼,True,True,699.227,-6302.993,-5705.907,-4732.699,699227,-6302993,-5705907,-4732699,-188.0,-687.227,-834.642,-799.056,-188000,-687227,-834642,-799056,0.1971319424866084,-0.33164919757958433,-0.22536067775188592,-0.11618547159620955,-0.0530025373555117,-0.03616032622993949,-0.032965046012875705,-0.019616438356164383,-0.2187980451026594,-0.03213402248693564,3,6,1,5,1,0,neutral,stable,2.8268551236749095,-9.345794392523366,-7.028753993610226,-20.491803278688526,-2.6755852842809347,-0.995492197789638,7.609285838318169,-10.583668627467802,-19.496311080898888,-10.284871122599103,6.78,44.46,6.78,3.13,6.78,3.13,False,-14000,-54054,0,split,Q4,confirmed_distribution,0.0,0.0,5.5,4.5,0.0,0.0,10.0,,,,,差異主要來自V1離散加分與V2連續型強度／排名分數
2460,建通,電子零組件,2026-08-10,excluded,0,5,215,413,-198,64.27640156453715,46.28422425032595,51,0,-13,38,1,0,外資鎖碼,True,True,66.0,-86.0,50.953,343.515,66000,-86000,50953,343515,0.0,0.0,0.0,0.0,0,0,0,0,0.13360323886639677,-0.0701468189233279,0.02565609264853978,0.07132786544850499,0.0,0.0,0.0,0.0,0.028401153699219108,0.0,2,4,0,0,1,0,neutral,neutral,5.123966942148761,0.4739336492891155,4.6052631578947345,-4.932735426008971,-5.35714285714286,-0.995492197789638,7.609285838318169,1.050348524037159,-3.9372432282193333,-12.96642869546103,39.63,37.29,54.5,51.76,54.5,51.76,False,-13000,0,0,split,Q2,unconfirmed_accumulation,3.5,6.41,2.0,2.0,5.0,5.45,24.36,,,,,全市場flow percentile偏低（外資P54、投信P52）；價格未確認（Q2、RS20 -3.94）
2461,光群雷,其他電子,2026-08-10,excluded,0,5,216,169,47,64.27640156453715,78.09647979139504,111,0,-35,76,0,0,主力佈局,True,True,-52.933,-145.343,110.657,590.878,-52933,-145343,110657,590878,0.0,0.0,0.0,0.0,0,0,0,0,-0.09032935153583618,-0.03589602370955792,0.019581843921429837,0.057974686028257456,0.0,0.0,0.0,0.0,0.021170750585066754,0.0,2,5,0,0,0,0,neutral,neutral,0.8645533141210304,3.550295857988184,8.024691358024704,3.244837758112107,8.695652173913038,-0.995492197789638,7.609285838318169,4.4697767241671285,4.240329955901744,1.0863663355948683,82.4,75.62,52.67,51.76,52.67,51.76,False,-35000,0,0,split,Q1,confirmed_accumulation,3.5,4.9,2.5,2.0,25.0,5.27,43.17,,,,C_V1_weak_V2_strong,價格與RS同步確認（RS20 +4.24）；連買天數不長，但V2不只依賴連買
2464,盟立,其他電子,2026-08-10,excluded,0,12,26,19,7,96.08865710560626,97.65319426336376,5709,406,288,6403,1,0,外資鎖碼,True,True,2816.894,3760.606,5711.213,7101.529,2816894,3760606,5711213,7101529,0.0,62.0,406.0,836.0,0,62000,406000,836000,0.16861570693164132,0.05475069155286376,0.0577432638741444,0.05654939043326618,0.0,0.0009026584747983577,0.004104866187428595,0.0066570579944418345,0.05840087966241982,0.003889518314988706,4,8,2,4,1,0,accelerating,decelerating,3.746397694524495,5.882352941176472,22.033898305084755,8.43373493975903,56.52173913043479,-0.995492197789638,7.609285838318169,18.47898367122718,9.429227137548668,48.912453292116616,92.83,98.31,62.84,93.09,62.84,93.09,True,-52200,342529,0,split,Q1,confirmed_accumulation,9.0,13.53,6.0,6.75,25.0,15.59,75.87,,,,A_V1_strong_V2_strong,橫向強度高（外資P63、投信P93）；價格與RS同步確認（RS20 +9.43）
2467,志聖,電子零組件,2026-08-10,excluded,0,5,217,172,45,64.27640156453715,77.64015645371578,664,-129,15,550,1,0,外資鎖碼,True,True,440.511,356.529,664.824,438.323,440511,356529,664824,438323,-0.853,-44.07,-130.608,-105.09,-853,-44070,-130608,-105090,0.287539817232376,0.11179962370649106,0.12909203883495146,0.029504779213785675,-0.0005567885117493472,-0.013819379115710254,-0.025360776699029128,-0.007073909531502423,0.13326116695586976,-0.024784817265964217,4,6,0,4,1,0,accelerating,stable,10.000000000000009,6.382978723404253,10.552763819095468,-7.563025210084029,-9.836065573770492,-0.995492197789638,7.609285838318169,6.997849185237892,-6.5675330122943905,-17.445351412088662,31.29,26.86,79.66,3.91,79.66,3.91,False,-9500,22983,0,split,Q2,unconfirmed_accumulation,3.5,12.5,5.0,8.5,5.0,7.97,42.47,,,,C_V1_weak_V2_strong,動能較佳（外資 accelerating／投信 stable）
2468,華經,資訊服務,2026-08-10,excluded,0,5,218,409,-191,64.27640156453715,46.870925684485,17,0,3,20,1,0,外資鎖碼,True,True,129.96,99.01,16.116,226.117,129960,99010,16116,226117,0.0,0.0,0.0,0.0,0,0,0,0,0.3867857142857143,0.11200226244343892,0.007056042031523642,0.03570456339807358,0.0,0.0,0.0,0.0,0.0055481731614689484,0.0,2,5,0,0,1,0,accelerating,neutral,1.0115606936416333,-2.1008403361344574,5.909090909090908,-8.026315789473681,6.392694063926951,-0.995492197789638,7.609285838318169,2.354176275233333,-7.030823591684044,-1.216591774391218,29.34,71.32,49.15,51.76,49.15,51.76,False,3069,0,0,split,Q2,unconfirmed_accumulation,4.5,1.76,2.5,6.0,5.0,4.92,24.68,,,,,實際介入強度低（強度分 1.8/25）；全市場flow percentile偏低（外資P49、投信P52）；價格未確認（Q2、RS20 -7.03）
2472,立隆電,電子零組件,2026-08-10,excluded,0,5,219,276,-57,64.27640156453715,64.14602346805736,1228,-970,-24,234,1,1,強勢雙雄,True,True,173.01,932.04,1227.205,4208.864,173010,932040,1227205,4208864,78.0,-841.0,-970.14,-2520.14,78000,-841000,-970140,-2520140,0.07380972696245734,0.11401100917431192,0.08099293822597677,0.10844513153487413,0.033276450511945395,-0.10287461773700306,-0.06402719112988384,-0.06493365283038315,0.08113605793296773,-0.06404044072660935,3,6,2,3,1,1,decelerating,reversing_positive,4.793028322440085,0.0,4.338394793926237,-29.88338192419825,3.88768898488121,-0.995492197789638,7.609285838318169,0.7834801600686614,-28.887889726408613,-3.7215968534369592,1.43,66.23,69.1,1.43,69.1,1.43,False,-13000,-11235,0,split,Q2,unconfirmed_accumulation,3.5,12.5,4.5,4.75,5.0,6.91,37.16,,,,,全市場flow percentile偏低（外資P69、投信P1）；價格未確認（Q2、RS20 -28.89）；近期flow正在減速
2477,美隆電,其他電子,2026-08-10,excluded,0,5,220,98,122,64.27640156453715,87.35332464146023,183,-2,-25,156,0,0,主力佈局,True,True,-38.0,145.0,183.4,346.2,-38000,145000,183400,346200,0.0,0.0,-2.796,-6.268,0,0,-2796,-6268,-0.20320855614973263,0.19515477792732167,0.17754114230396903,0.20767846430713857,0.0,0.0,-0.0027066795740561473,-0.0037600479904019196,0.178166836493884,-0.002665480081693508,4,9,0,0,0,0,decelerating,neutral,-1.342281879194629,2.3201856148491906,0.2272727272727204,4.009433962264164,6.265060240963849,-0.995492197789638,7.609285838318169,-3.327641906584855,5.004926160053802,-1.3442255973543205,85.4,70.93,84.75,10.17,84.75,10.17,False,-19000,-6000,0,split,Q1,confirmed_accumulation,3.5,12.5,4.5,2.75,25.0,8.47,56.72,,,,C_V1_weak_V2_strong,價格與RS同步確認（RS20 +5.00）；連買天數不長，但V2不只依賴連買
2478,大毅,電子零組件,2026-08-10,excluded,0,0,570,468,102,19.621903520208605,38.85267275097783,-379,-132,-16,-527,1,0,外資鎖碼,True,True,337.383,187.581,-379.085,-304.325,337383,187581,-379085,-304325,0.0,-8.0,-132.0,-248.0,0,-8000,-132000,-248000,0.08382186335403727,0.016676831436699856,-0.013490089320664745,-0.005964583904982165,0.0,-0.0007112375533428165,-0.004697341731610975,-0.00486064834777155,-0.012705114859404525,-0.004738864569467447,3,7,0,2,1,0,accelerating,neutral,7.017543859649122,1.6666666666666607,3.3898305084745672,-25.382262996941897,48.599269183922054,-0.995492197789638,7.609285838318169,-0.1650841253830082,-24.38677079915226,40.98998334560388,3.26,97.26,42.89,8.21,42.89,8.21,False,-33957,17812,0,split,Q4,confirmed_distribution,0.0,0.0,4.5,6.0,0.0,0.0,10.5,,,,,連買天數不長，但V2不只依賴連買
2480,敦陽科,資訊服務,2026-08-10,excluded,0,5,221,394,-173,64.27640156453715,48.76140808344198,47,-7,-11,29,0,0,主力佈局,True,True,-19.412,261.849,46.955,-343.942,-19412,261849,46955,-343942,0.0,-0.217,-7.65,-11.081,0,-217,-7650,-11081,-0.15406349206349207,0.3800420899854862,0.026028270509977827,-0.053324341085271315,0.0,-0.00031494920174165455,-0.004240576496674058,-0.001717984496124031,0.030957048567712808,-0.004193523822615975,3,7,0,0,0,0,decelerating,neutral,-1.2779552715655007,0.9803921568627416,1.3114754098360715,-5.5045871559633035,3.0000000000000027,-0.995492197789638,7.609285838318169,-2.243439224021504,-4.509094958173666,-4.609285838318167,37.94,64.02,54.76,8.6,54.76,8.6,False,-10136,0,0,split,Q2,unconfirmed_accumulation,3.5,6.51,3.5,2.75,5.0,5.48,26.74,,,,,全市場flow percentile偏低（外資P55、投信P9）；價格未確認（Q2、RS20 -4.51）；近期flow正在減速
2483,百容,電子零組件,2026-08-10,excluded,0,0,571,633,-62,19.621903520208605,16.558018252933508,-2563,0,-322,-2885,0,0,主力佈局,True,True,-89.365,-372.365,-2563.365,-2365.865,-89365,-372365,-2563365,-2365865,0.0,0.0,0.0,0.0,0,0,0,0,-0.06694007490636704,-0.06471411192214112,-0.2296716244064152,-0.17912363718958207,0.0,0.0,0.0,0.0,-0.2332592530379184,0.0,1,4,0,0,0,0,stable,neutral,1.128349788434413,-7.003891050583643,-5.657894736842106,-41.42156862745098,47.530864197530875,-0.995492197789638,7.609285838318169,-9.21280937069968,-40.42607642966134,39.9215783592127,0.13,96.74,6.65,51.76,6.65,51.76,False,-6000,-316000,0,split,Q4,confirmed_distribution,0.0,0.0,2.0,4.5,0.0,0.0,6.5,,,,D_V1_weak_V2_weak,實際介入強度低（強度分 0.0/25）；全市場flow percentile偏低（外資P7、投信P52）；價格未確認（Q4、RS20 -40.43）
2484,希華,電子零組件,2026-08-10,buy_candidates,55,0,572,463,109,19.621903520208605,39.70013037809648,-2505,-6,18,-2493,1,0,外資鎖碼,True,True,468.002,35.067,-2504.724,-201.799,468002,35067,-2504724,-201799,0.0,-9.0,-6.0,5.0,0,-9000,-6000,5000,0.01707351063441684,0.0005850447955421345,-0.019290998852424926,-0.0009144085768143261,0.0,-0.00015015265519945277,-4.6211076795107784e-05,2.2656419923149423e-05,-0.01906440593242908,-4.6302342193140365e-05,3,6,1,3,1,0,accelerating,neutral,3.6262203626220346,5.390070921985801,16.823899371069185,-11.86239620403321,93.99477806788512,-0.995492197789638,7.609285838318169,13.26898473721161,-10.866904006243573,86.38549222956695,18.51,99.61,40.16,14.73,40.16,14.73,False,3827,14635,0,split,Q4,confirmed_distribution,1.0,0.0,4.5,6.0,0.0,0.0,11.5,12.0,32.0,-20.0,,連買天數不長，但V2不只依賴連買
2485,兆赫,通信網路,2026-08-10,excluded,0,0,573,504,69,19.621903520208605,33.96349413298566,-1361,0,120,-1241,1,0,外資鎖碼,True,True,940.417,986.965,-1362.034,3074.639,940417,986965,-1362034,3074639,0.0,0.0,0.0,0.0,0,0,0,0,0.10192012571800152,0.05492904051647373,-0.03628317216761235,0.04525454438409797,0.0,0.0,0.0,0.0,-0.03368143015128782,0.0,2,6,0,0,1,0,reversing_positive,neutral,8.64197530864197,7.186358099878198,14.882506527415163,-11.200807265388491,-37.76520509193777,-0.995492197789638,7.609285838318169,11.327591893557589,-10.205315067598853,-45.374490930255945,20.86,1.3,35.46,51.76,35.46,51.76,False,37000,82280,0,split,Q4,confirmed_distribution,1.0,0.0,3.0,4.0,0.0,0.0,8.0,,,,,連買天數不長，但V2不只依賴連買
2486,一詮,光電業,2026-08-10,excluded,0,3,411,391,20,45.436766623207305,49.152542372881356,-1877,850,-246,-1273,0,0,主力佈局,True,True,-1881.233,-2555.637,-1878.092,1616.64,-1881233,-2555637,-1878092,1616640,0.0,0.0,850.0,1255.0,0,0,850000,1255000,-0.1654267499120647,-0.10175334448160535,-0.044555228696147274,0.019552975326560234,0.0,0.0,0.020165116720440312,0.015179003386550557,-0.046282217825189265,0.01960768307202315,1,4,2,5,0,0,stable,neutral,0.8658008658008587,6.636155606407312,12.832929782082324,-7.171314741035861,-10.038610038610042,-0.995492197789638,7.609285838318169,9.27801514822475,-6.175822543246223,-17.64789587692821,33.12,26.21,33.77,95.96,33.77,95.96,False,-212053,-32920,0,split,Q4,confirmed_distribution,3.5,5.04,4.5,4.5,0.0,9.6,27.14,,,,,連買天數不長，但V2不只依賴連買
2488,漢平,其他電子,2026-08-10,excluded,0,0,574,634,-60,19.621903520208605,16.558018252933508,-247,0,-5,-252,2,0,外資鎖碼,True,True,16.0,1.0,-247.19,-159.177,16000,1000,-247190,-159177,0.0,0.0,0.0,0.0,0,0,0,0,0.024691358024691357,0.0012091898428053204,-0.1713028413028413,-0.06878867761452032,0.0,0.0,0.0,0.0,-0.16859930910606136,0.0,2,5,0,0,2,0,reversing_positive,neutral,1.3265306122449028,2.3711340206185483,-2.263779527559051,1.0172939979654183,-4.150579150579148,-0.995492197789638,7.609285838318169,-5.8186941614166265,2.0127861957550564,-11.759864988897316,73.53,40.16,10.69,51.76,10.69,51.76,False,-5019,0,0,split,Q4,confirmed_distribution,0.0,0.0,2.5,4.0,0.0,0.0,6.5,,,,D_V1_weak_V2_weak,實際介入強度低（強度分 0.0/25）；全市場flow percentile偏低（外資P11、投信P52）；價格未確認（Q4、RS20 +2.01）
2489,瑞軒,光電業,2026-08-10,excluded,0,3,412,422,-10,45.436766623207305,45.11082138200782,-9667,13,252,-9402,1,0,外資鎖碼,True,True,1655.0,-2772.835,-9667.875,-2150.026,1655000,-2772835,-9667875,-2150026,-3.0,12.0,13.05,-1759.95,-3000,12000,13050,-1759950,0.10763527575442247,-0.05088424201273558,-0.11038781242506937,-0.015076263936610336,-0.0001951092611862643,0.00022021177031912356,0.0001490049211586988,-0.01234099992987869,-0.11115063794599525,0.00013817628906555852,1,4,2,6,1,0,reversing_positive,decelerating,8.265802269043743,0.9063444108761143,19.713261648745515,-12.679738562091503,-17.63255240443896,-0.995492197789638,7.609285838318169,16.15834701488794,-11.684246364301865,-25.24183824275713,16.43,13.43,19.17,89.96,19.17,89.96,False,198000,56857,0,split,Q4,confirmed_distribution,4.5,0.04,5.0,4.75,0.0,9.0,23.29,,,,,實際介入強度低（強度分 0.0/25）；價格未確認（Q4、RS20 -11.68）；近期flow正在減速
2491,吉祥全,光電業,2026-08-10,excluded,0,0,575,579,-4,19.621903520208605,23.598435462842243,-447,-3,-7,-457,0,0,主力佈局,True,True,-28.0,-406.0,-447.0,42.4,-28000,-406000,-447000,42400,0.0,-3.0,-3.0,1.0,0,-3000,-3000,1000,-0.0924092409240924,-0.20588235294117646,-0.18916631400761744,0.008558740411788454,0.0,-0.0015212981744421906,-0.0012695725772323319,0.00020185708518368994,-0.1903019330174456,-0.001290248761576567,0,3,0,2,0,0,stable,neutral,9.921259842519682,20.137693631669528,45.11434511434511,-0.5698005698005826,72.77227722772277,-0.995492197789638,7.609285838318169,41.559430480487535,0.42569162798905547,65.1629913894046,64.15,99.09,9.65,11.99,9.65,11.99,False,-6244,0,0,split,Q3,absorption_divergence,0.0,0.0,2.5,4.5,0.0,0.0,7.0,,,,D_V1_weak_V2_weak,實際介入強度低（強度分 0.0/25）；全市場flow percentile偏低（外資P10、投信P12）
2493,揚博,電子零組件,2026-08-10,excluded,0,3,413,404,9,45.436766623207305,47.45762711864407,-3005,51,86,-2868,0,2,投信鎖碼,True,True,-711.591,-1013.344,-3009.222,-2545.371,-711591,-1013344,-3009222,-2545371,44.0,42.0,51.0,53.0,44000,42000,51000,53000,-0.20284806157354618,-0.08924209599295464,-0.1310408465424142,-0.0653933562840407,0.012542759407069556,0.0036988110964332895,0.002220867444696046,0.0013616277874833008,-0.13039296260817881,0.0022520026897512994,0,3,3,4,0,2,stable,accelerating,1.3953488372093092,6.082725060827254,9.000000000000007,-15.339805825242713,55.714285714285715,-0.995492197789638,7.609285838318169,5.445085366142432,-14.344313627453076,48.10499987596754,11.99,98.04,15.78,91.66,15.78,91.66,False,-26677,114746,0,split,Q4,confirmed_distribution,3.5,0.56,3.5,8.5,0.0,9.17,25.23,,,,,動能較佳（外資 stable／投信 accelerating）；連買天數不長，但V2不只依賴連買
2495,普安,電腦週邊,2026-08-10,excluded,0,12,27,319,-292,96.08865710560626,58.53976531942634,13,15,102,130,1,0,外資鎖碼,True,True,635.72,43.326,14.307,849.686,635720,43326,14307,849686,0.0,15.0,15.0,30.0,0,15000,15000,30000,0.36306110793832097,0.006911150103684798,0.0012463629235996167,0.037731959678493715,0.0,0.002392726112617642,0.0013067340360658594,0.0013322083573870953,0.0048392866994002755,0.00126791001749842,3,6,1,3,1,0,reversing_negative,decelerating,5.834464043419274,1.8276762402088753,10.481586402266307,-17.721518987341767,7.14285714285714,-0.995492197789638,7.609285838318169,6.926671768408732,-16.72602678955213,-0.4664286954610297,9.52,72.49,47.07,91.0,47.07,91.0,True,-16000,120420,0,split,Q2,unconfirmed_accumulation,9.0,0.64,4.5,1.75,5.0,13.81,34.7,,,,B_V1_strong_V2_weak,實際介入強度低（強度分 0.6/25）；價格未確認（Q2、RS20 -16.73）；近期flow已轉負
2504,國產,建材營建,2026-08-10,excluded,0,2,452,464,-12,41.19947848761408,39.70013037809648,-290,-58,-113,-461,3,0,外資鎖碼,True,True,454.0,3706.149,-289.851,226.084,454000,3706149,-289851,226084,-5.0,-5.0,-58.878,423.477,-5000,-5000,-58878,423477,0.3685064935064935,0.41335590006691947,-0.017064111621335216,0.007950905574116407,-0.004058441558441558,-0.0005576622797233995,-0.003466266336983398,0.014892808158959029,-0.01591446188978569,-0.003451460186209489,3,7,0,3,3,0,reversing_positive,stable,0.6504065040650486,1.9769357495881268,-1.746031746031751,-0.8012820512820484,-9.502923976608201,-0.995492197789638,7.609285838318169,-5.300946379889327,0.1942101465075896,-17.11220981492637,63.23,27.38,40.94,9.52,40.94,9.52,False,-97449,-16000,0,split,Q4,confirmed_distribution,0.0,0.0,5.0,6.5,0.0,0.0,11.5,,,,,V1連買訊號高（外資3日／投信0日）；實際介入強度低（強度分 0.0/25）；全市場flow percentile偏低（外資P41、投信P10）；價格未確認（Q4、RS20 +0.19）
2505,國揚,建材營建,2026-08-10,excluded,0,5,222,53,169,64.27640156453715,93.22033898305084,231,0,-26,205,2,0,外資鎖碼,True,True,35.001,71.161,231.161,756.038,35001,71161,231161,756038,0.0,0.0,0.0,0.0,0,0,0,0,0.23026973684210525,0.09788308115543329,0.19774251497005987,0.2795998520710059,0.0,0.0,0.0,0.0,0.19885671232745444,0.0,4,9,0,0,2,0,accelerating,neutral,0.5555555555555536,2.259887005649719,1.6853932584269593,1.1173184357541999,2.5495750708215414,-0.995492197789638,7.609285838318169,-1.8695213754306161,2.112810633543838,-5.059710767496628,74.19,62.58,88.14,51.76,88.14,51.76,False,-26188,0,0,split,Q1,confirmed_accumulation,3.5,12.5,4.5,6.0,25.0,8.81,60.31,,,,C_V1_weak_V2_strong,價格與RS同步確認（RS20 +2.11）；連買天數不長，但V2不只依賴連買
2509,全坤建,建材營建,2026-08-10,excluded,0,0,576,493,83,19.621903520208605,36.17992177314211,-28,0,23,-5,2,0,外資鎖碼,True,True,31.0,-15.0,-28.0,73.9,31000,-15000,-28000,73900,0.0,0.0,0.0,0.0,0,0,0,0,0.09480122324159021,-0.02857142857142857,-0.038356164383561646,0.05263532763532763,0.0,0.0,0.0,0.0,-0.03532808318050354,0.0,2,7,0,0,2,0,reversing_positive,neutral,5.000000000000004,4.198473282442761,4.597701149425282,3.409090909090917,4.597701149425282,-0.995492197789638,7.609285838318169,1.0427865155677063,4.404583106880555,-3.0115846888928877,83.31,68.19,34.81,51.76,34.81,51.76,False,23000,0,0,split,Q3,absorption_divergence,1.0,0.0,3.5,4.0,0.0,0.0,8.5,,,,,連買天數不長，但V2不只依賴連買
2511,太子,建材營建,2026-08-10,excluded,0,0,577,677,-100,19.621903520208605,11.147327249022164,-2963,0,-290,-3253,0,0,主力佈局,True,True,-60.0,-819.2,-2963.2,-3884.75,-60000,-819200,-2963200,-3884750,0.0,0.0,0.0,0.0,0,0,0,0,-0.07009345794392523,-0.2641728474685585,-0.411898804559355,-0.15448779129881493,0.0,0.0,0.0,0.0,-0.4113702130483839,0.0,0,3,0,0,0,0,stable,neutral,0.0,0.24009603841537164,-1.764705882352946,-1.764705882352946,9.293193717277482,-0.995492197789638,7.609285838318169,-5.319620516210522,-0.769213684563308,1.683907878959313,56.19,76.92,1.3,51.76,1.3,51.76,False,-290000,0,0,split,Q4,confirmed_distribution,0.0,0.0,1.5,4.5,0.0,0.0,6.0,,,,D_V1_weak_V2_weak,實際介入強度低（強度分 0.0/25）；全市場flow percentile偏低（外資P1、投信P52）；價格未確認（Q4、RS20 -0.77）
2514,龍邦,其他,2026-08-10,excluded,0,0,578,530,48,19.621903520208605,29.85658409387223,-69,0,-28,-97,2,0,外資鎖碼,True,True,35.0,-13.0,-69.0,83.9,35000,-13000,-69000,83900,0.0,0.0,0.0,0.0,0,0,0,0,0.4268292682926829,-0.02040816326530612,-0.0750816104461371,0.061782032400589104,0.0,0.0,0.0,0.0,-0.07535111146543362,0.0,2,7,0,0,2,0,reversing_positive,neutral,0.0,-1.6064257028112428,-2.777777777777779,-3.9215686274509776,-6.130268199233724,-0.995492197789638,7.609285838318169,-6.332692411635355,-2.9260764296613395,-13.739554037551894,43.94,34.81,26.08,51.76,26.08,51.76,False,-27426,0,0,split,Q4,confirmed_distribution,0.0,0.0,3.5,4.0,0.0,0.0,7.5,,,,,連買天數不長，但V2不只依賴連買
2516,新建,建材營建,2026-08-10,excluded,0,0,579,505,74,19.621903520208605,33.96349413298566,-24,0,-14,-38,2,0,外資鎖碼,True,True,45.0,-6.0,-24.0,88.89,45000,-6000,-24000,88890,0.0,0.0,0.0,0.0,0,0,0,0,0.3358208955223881,-0.019230769230769232,-0.03927986906710311,0.07238599348534203,0.0,0.0,0.0,0.0,-0.037292388506838796,0.0,3,8,0,0,2,0,reversing_positive,neutral,0.3558718861209842,1.0752688172043001,1.0752688172043001,2.9197080291970767,10.588235294117654,-0.995492197789638,7.609285838318169,-2.4796458166532753,3.9152002269867148,2.9789494557994844,80.83,79.66,34.42,51.76,34.42,51.76,False,-14000,0,0,split,Q3,absorption_divergence,0.0,0.0,4.0,4.0,0.0,0.0,8.0,,,,,連買天數不長，但V2不只依賴連買
2524,京城,建材營建,2026-08-10,excluded,0,0,580,635,-55,19.621903520208605,16.558018252933508,-93,0,-21,-114,0,0,主力佈局,True,True,-3.0,-66.0,-93.0,97.546,-3000,-66000,-93000,97546,0.0,0.0,0.0,0.0,0,0,0,0,-0.08571428571428572,-0.22448979591836735,-0.20993227990970656,0.09074046511627908,0.0,0.0,0.0,0.0,-0.20946147663336778,0.0,1,5,0,0,0,0,reversing_positive,neutral,0.2928257686676483,-2.002861230329045,-3.7921348314606806,-3.38504936530325,0.0,-0.995492197789638,7.609285838318169,-7.347049465318256,-2.389557167513612,-7.609285838318169,45.63,54.69,7.82,51.76,7.82,51.76,False,-21000,0,0,split,Q4,confirmed_distribution,0.0,0.0,2.5,4.0,0.0,0.0,6.5,,,,D_V1_weak_V2_weak,實際介入強度低（強度分 0.0/25）；全市場flow percentile偏低（外資P8、投信P52）；價格未確認（Q4、RS20 -2.39）
2527,宏璟,建材營建,2026-08-10,other_watch,23,2,453,580,-127,41.19947848761408,23.598435462842243,-668,0,-86,-754,3,0,外資鎖碼,True,True,197.0,390.198,-668.789,-722.664,197000,390198,-668789,-722664,0.0,0.0,0.0,1.0,0,0,0,1000,0.17699910152740342,0.09667938553022795,-0.09933001633744244,-0.054639649175865716,0.0,0.0,0.0,7.560864962951762e-05,-0.08765206438342465,0.0,3,5,0,1,3,0,reversing_positive,neutral,1.0615711252653925,11.345029239766081,5.660377358490565,4.271631982475355,42.728635682158924,-0.995492197789638,7.609285838318169,2.1054627246329893,5.267124180264993,35.11934984384075,86.31,96.22,20.47,51.76,20.47,51.76,False,-82478,-5599,0,split,Q3,absorption_divergence,0.0,0.0,3.0,4.0,0.0,0.0,7.0,,,,D_V1_weak_V2_weak,V1連買訊號高（外資3日／投信0日）；實際介入強度低（強度分 0.0/25）；全市場flow percentile偏低（外資P20、投信P52）
2530,華建,建材營建,2026-08-10,excluded,0,2,454,453,1,41.19947848761408,41.06910039113429,12,-31,-371,-390,2,0,外資鎖碼,True,True,171.0,195.0,11.731,574.599,171000,195000,11731,574599,0.0,0.0,-32.886,-41.884,0,0,-32886,-41884,0.28691275167785235,0.13780918727915195,0.0038186848958333334,0.05630011757789535,0.0,0.0,-0.010705078125,-0.004103860474230845,0.004774681011178784,-0.010792461984099957,2,5,0,2,2,0,accelerating,neutral,-0.25706940874036244,-1.0204081632653184,-1.2722646310432517,-1.0204081632653184,-7.838479809976262,-0.995492197789638,7.609285838318169,-4.827179264900828,-0.024915965475680313,-15.447765648294432,61.02,30.64,47.59,6.65,47.59,6.65,False,-4000,-367000,0,split,Q4,confirmed_distribution,3.5,0.95,3.5,6.0,0.0,4.76,18.71,,,,,連買天數不長，但V2不只依賴連買
2534,宏盛,建材營建,2026-08-10,excluded,0,7,75,192,-117,88.33116036505866,75.09778357235984,284,0,-78,206,4,0,外資鎖碼,True,True,128.0,318.2,284.51,1552.81,128000,318200,284510,1552810,0.0,0.0,0.0,0.0,0,0,0,0,0.5224489795918368,0.4558739255014327,0.19675656984785617,0.3390414847161572,0.0,0.0,0.0,0.0,0.19847103004291847,0.0,4,9,0,0,4,0,accelerating,neutral,0.586510263929596,0.8823529411764675,0.0,3.3132530120481674,-3.6516853932584414,-0.995492197789638,7.609285838318169,-3.5549146338575754,4.308745209837806,-11.260971231576612,82.66,41.59,88.01,51.76,88.01,51.76,False,-78895,0,0,split,Q2,unconfirmed_accumulation,3.5,12.5,4.5,6.0,5.0,8.8,40.3,,,,,V1連買訊號高（外資4日／投信0日）；價格未確認（Q2、RS20 +4.31）
2535,達欣工,建材營建,2026-08-10,excluded,0,3,414,347,67,45.436766623207305,54.88917861799217,-224,85,-48,-187,1,0,外資鎖碼,True,True,20.177,31.165,-223.607,-81.57,20177,31165,-223607,-81570,0.0,0.0,85.0,244.0,0,0,85000,244000,0.05281937172774869,0.015420583869371599,-0.08101702898550725,-0.016386098834873443,0.0,0.0,0.030797101449275364,0.04901566894335074,-0.0758704904678761,0.029926319571067384,2,5,1,5,1,0,accelerating,neutral,0.4439511653718142,2.9579067121729086,1.230425055928408,1.3437849944009095,20.505992010652463,-0.995492197789638,7.609285838318169,-2.3244895779291674,2.3392771921905475,12.896706172334294,75.49,88.27,24.64,97.39,24.64,97.39,False,-49872,0,0,split,Q3,absorption_divergence,3.5,7.7,5.0,6.0,0.0,9.74,31.94,,,,,差異主要來自V1離散加分與V2連續型強度／排名分數
2536,宏普,建材營建,2026-08-10,excluded,0,0,581,581,0,19.621903520208605,23.598435462842243,-334,0,60,-274,2,0,外資鎖碼,True,True,218.0,565.0,-334.0,-450.458,218000,565000,-334000,-450458,0.0,0.0,0.0,0.0,0,0,0,0,0.09441316587267215,0.12127065893968662,-0.05140834231183623,-0.04455128078330531,0.0,0.0,0.0,0.0,-0.038234134017285565,0.0,2,4,0,0,2,0,reversing_positive,neutral,4.6391752577319645,13.407821229050288,12.465373961218829,3.8363171355498826,0.995024875621886,-0.995492197789638,7.609285838318169,8.910459327361252,4.831809333339521,-6.614260962696283,85.14,58.6,32.46,51.76,32.46,51.76,False,60068,0,0,split,Q3,absorption_divergence,1.0,0.0,2.0,4.0,0.0,0.0,7.0,,,,D_V1_weak_V2_weak,實際介入強度低（強度分 0.0/25）；全市場flow percentile偏低（外資P32、投信P52）
2537,聯上發,建材營建,2026-08-10,excluded,0,5,223,442,-219,64.27640156453715,42.503259452411996,1,0,4,5,0,0,主力佈局,True,True,-258.089,107.91,0.91,1441.514,-258089,107910,910,1441514,0.0,0.0,0.0,0.0,0,0,0,0,-0.29940719257540604,0.05925864909390445,0.0002993421052631579,0.14836496500617538,0.0,0.0,0.0,0.0,0.0016071074191875382,0.0,2,6,0,0,0,0,decelerating,neutral,-0.4524886877828149,0.4566210045662267,-0.4524886877828149,0.0,10.110110110110115,-0.995492197789638,7.609285838318169,-4.007403321640391,0.995492197789638,2.500824271791946,68.12,78.23,46.81,51.76,46.81,51.76,False,4000,39,0,split,Q2,unconfirmed_accumulation,4.5,0.07,3.0,2.75,5.0,4.68,20.0,,,,,實際介入強度低（強度分 0.1/25）；全市場flow percentile偏低（外資P47、投信P52）；價格未確認（Q2、RS20 +1.00）；近期flow正在減速
2538,基泰,建材營建,2026-08-10,excluded,0,0,582,706,-124,19.621903520208605,7.496740547588006,-1002,0,-13,-1015,0,0,主力佈局,True,True,-56.0,-506.0,-1002.0,-1266.9,-56000,-506000,-1002000,-1266900,0.0,0.0,0.0,0.0,0,0,0,0,-0.16519174041297935,-0.42343096234309624,-0.5538971807628524,-0.28190921228304405,0.0,0.0,0.0,0.0,-0.5553186191420488,0.0,0,2,0,0,0,0,stable,neutral,0.10917030567685337,-1.2917115177610294,-3.270042194092837,-6.523955147808369,-4.379562043795615,-0.995492197789638,7.609285838318169,-6.8249568279504125,-5.5284629500187314,-11.988847882113784,35.46,39.63,0.26,51.76,0.26,51.76,False,-13000,0,0,split,Q4,confirmed_distribution,0.0,0.0,1.0,4.5,0.0,0.0,5.5,,,,D_V1_weak_V2_weak,實際介入強度低（強度分 0.0/25）；全市場flow percentile偏低（外資P0、投信P52）；價格未確認（Q4、RS20 -5.53）
2539,櫻花建,建材營建,2026-08-10,high_priority_watch,51,5,224,165,59,64.27640156453715,78.6179921773142,168,0,-76,92,0,0,主力佈局,True,True,-415.0,-469.921,167.079,2300.751,-415000,-469921,167079,2300751,0.0,0.0,0.0,0.0,0,0,0,0,-0.37454873646209386,-0.1527205069873253,0.02492600328211249,0.14489268845645192,0.0,0.0,0.0,0.0,0.02995288462749499,0.0,2,6,0,0,0,0,reversing_negative,neutral,-1.0392609699768962,-1.1534025374855816,1.0613207547169878,4.6398046398046455,10.866752910737398,-0.995492197789638,7.609285838318169,-2.4935938791405876,5.635296837594284,3.257467072419229,86.96,80.44,54.37,51.76,54.37,51.76,False,-64350,-11000,0,split,Q1,confirmed_accumulation,3.5,6.23,3.0,1.0,25.0,5.44,44.17,19.0,19.0,0.0,C_V1_weak_V2_strong,價格與RS同步確認（RS20 +5.64）；連買天數不長，但V2不只依賴連買
2540,愛山林,建材營建,2026-08-10,excluded,0,0,583,636,-53,19.621903520208605,16.558018252933508,-3169,0,-1331,-4500,0,0,主力佈局,True,True,-986.0,-2416.0,-3170.41,110.397,-986000,-2416000,-3170410,110397,0.0,0.0,0.0,0.0,0,0,0,0,-0.21314310419368784,-0.2790160526619702,-0.18645083509762408,0.0027870288556209135,0.0,0.0,0.0,0.0,-0.1818983155523361,0.0,0,4,0,0,0,0,stable,neutral,-17.668488160291428,-21.7993079584775,-24.666666666666657,-15.355805243445687,-17.668488160291428,-0.995492197789638,7.609285838318169,-28.22158130052423,-14.36031304565605,-25.277773998609597,11.86,13.3,9.78,51.76,9.78,51.76,False,-1322000,-9000,0,split,Q4,confirmed_distribution,0.0,0.0,2.0,4.5,0.0,0.0,6.5,,,,D_V1_weak_V2_weak,實際介入強度低（強度分 0.0/25）；全市場flow percentile偏低（外資P10、投信P52）；價格未確認（Q4、RS20 -14.36）
2542,興富發,建材營建,2026-08-10,buy_candidates,61,9,43,176,-133,94.58930899608866,77.18383311603651,-3240,2010,1706,476,0,5,投信鎖碼,True,True,-647.1,-1317.012,-3241.204,735.034,-647100,-1317012,-3241204,735034,452.0,1455.0,2010.0,2095.0,452000,1455000,2010000,2095000,-0.1890999415546464,-0.09853449049827921,-0.13332252889638435,0.0123909979770735,0.13208649912331968,0.10885829717192877,0.08267862284562544,0.03531692515171949,-0.13323761832061637,0.08270497211110052,1,5,5,8,0,5,stable,accelerating,0.11286681715576563,0.6810442678774287,1.1402508551881407,2.543352601156079,2.780996523754342,-0.995492197789638,7.609285838318169,-2.4146637786694347,3.5388447989457172,-4.828289314563827,80.44,63.36,14.99,99.22,14.99,99.22,False,1592000,116732,0,split,Q3,absorption_divergence,4.5,12.5,6.5,8.5,0.0,9.92,41.92,7.0,20.0,-13.0,,V1連買訊號高（外資0日／投信5日）
2543,皇昌,建材營建,2026-08-10,excluded,0,5,225,411,-186,64.27640156453715,46.544980443285525,66,0,-53,13,0,0,主力佈局,True,True,-375.0,50.65,65.724,1136.749,-375000,50650,65724,1136749,0.0,0.0,0.0,9.0,0,0,0,9000,-0.3633720930232558,0.01193730850813104,0.011092658227848102,0.08075795680591077,0.0,0.0,0.0,0.0006393861892583121,0.012188266577795407,0.0,3,7,0,4,0,0,decelerating,neutral,-0.8917197452229297,3.871829105473945,3.871829105473945,-2.1383647798742134,-2.2613065326633097,-0.995492197789638,7.609285838318169,0.31691447161636965,-1.1428725820845753,-9.870592370981479,53.72,45.76,49.93,51.76,49.93,51.76,False,-62000,8678,0,split,Q2,unconfirmed_accumulation,3.5,2.77,5.5,2.75,5.0,4.99,24.51,,,,,實際介入強度低（強度分 2.8/25）；全市場flow percentile偏低（外資P50、投信P52）；價格未確認（Q2、RS20 -1.14）；近期flow正在減速
2545,皇翔,建材營建,2026-08-10,excluded,0,0,584,582,2,19.621903520208605,23.598435462842243,-355,0,-53,-408,2,0,外資鎖碼,True,True,121.0,92.177,-354.823,-91.087,121000,92177,-354823,-91087,0.0,0.0,0.0,0.0,0,0,0,0,0.30788804071246817,0.07898628963153385,-0.16511074918566776,-0.024969024122807017,0.0,0.0,0.0,0.0,-0.1628148039115482,0.0,2,6,0,0,2,0,reversing_positive,neutral,3.1104199066874116,3.4321372854914323,1.2213740458015154,-4.741379310344829,-12.532981530343012,-0.995492197789638,7.609285838318169,-2.33354058805606,-3.745887112555191,-20.14226736866118,40.42,21.64,11.34,51.76,11.34,51.76,False,-54683,0,0,split,Q4,confirmed_distribution,0.0,0.0,3.0,4.0,0.0,0.0,7.0,,,,D_V1_weak_V2_weak,連買天數不長，但V2不只依賴連買
2546,根基,建材營建,2026-08-10,excluded,0,3,415,392,23,45.436766623207305,49.02216427640156,-512,57,-5,-460,1,0,外資鎖碼,True,True,46.16,-211.841,-512.543,-20.042,46160,-211841,-512543,-20042,0.0,0.0,57.0,164.0,0,0,57000,164000,0.14030395136778115,-0.21099701195219123,-0.28177185266630017,-0.005952479952479953,0.0,0.0,0.031335898845519516,0.04870804870804871,-0.28727852304876156,0.03185634852835787,1,5,1,3,1,0,neutral,neutral,-6.5590312815338,-6.653225806451624,-10.961538461538467,0.0,9.069493521790317,-0.995492197789638,7.609285838318169,-14.516453095396042,0.995492197789638,1.4602076834721478,68.12,76.4,5.22,97.65,5.22,97.65,False,-4290,0,0,split,Q4,confirmed_distribution,3.5,7.83,4.0,2.0,0.0,9.77,27.1,,,,,連買天數不長，但V2不只依賴連買
2547,日勝生,建材營建,2026-08-10,excluded,0,7,76,219,-143,88.33116036505866,71.57757496740548,4373,-19,31,4385,5,0,外資鎖碼,True,True,496.0,3574.508,4374.368,10309.397,496000,3574508,4374368,10309397,0.0,0.0,-20.888,-46.82,0,0,-20888,-46820,0.23903614457831326,0.4733820686001854,0.39447813148164845,0.3893423845311379,0.0,0.0,-0.0018836685003156281,-0.0017681936629026776,0.39611159269451274,-0.0018452526297326936,5,9,0,0,5,0,decelerating,neutral,0.9389671361502261,4.3689320388349495,4.3689320388349495,-4.867256637168149,7.499999999999996,-0.995492197789638,7.609285838318169,0.8140174049773741,-3.8717644393785107,-0.10928583831817384,39.77,73.27,97.91,10.95,97.91,10.95,False,30379,0,0,split,Q2,unconfirmed_accumulation,4.5,12.5,4.5,2.75,5.0,9.79,39.04,,,,,V1連買訊號高（外資5日／投信0日）；價格未確認（Q2、RS20 -3.87）；近期flow正在減速
2597,潤弘,建材營建,2026-08-10,excluded,0,7,77,37,40,88.33116036505866,95.30638852672752,234,0,-27,207,4,0,外資鎖碼,True,True,85.285,203.622,234.689,553.085,85285,203622,234689,553085,0.0,0.0,0.0,22.827,0,0,0,22827,0.41400485436893203,0.35228719723183394,0.285857490864799,0.2361592655849701,0.0,0.0,0.0,0.009746797608881298,0.28838264997044916,0.0,4,7,0,4,4,0,accelerating,neutral,1.2048192771084265,2.752293577981657,3.703703703703698,-0.29673590504450953,6.329113924050622,-0.995492197789638,7.609285838318169,0.1487890698461225,0.6987562927451285,-1.2801719142675472,66.36,71.19,94.65,51.76,94.65,51.76,False,-22595,-4071,0,split,Q1,confirmed_accumulation,3.5,12.5,5.5,6.0,25.0,9.46,61.96,,,,,價格與RS同步確認（RS20 +0.70）
2601,益航,航運業,2026-08-10,excluded,0,0,585,506,79,19.621903520208605,33.96349413298566,-739,0,10,-729,1,0,外資鎖碼,True,True,473.0,-1060.353,-739.355,845.606,473000,-1060353,-739355,845606,0.0,0.0,0.0,0.0,0,0,0,0,0.3198106828938472,-0.19916472577009767,-0.07157357212003872,0.03690024437074533,0.0,0.0,0.0,0.0,-0.0694626587025154,0.0,3,6,0,0,1,0,reversing_positive,neutral,1.1200000000000099,-2.7692307692307683,1.2820512820512775,-13.543091655266748,32.7731092436975,-0.995492197789638,7.609285838318169,-2.272863351806298,-12.54759945747711,25.16382340537933,14.6,93.87,27.38,51.76,27.38,51.76,False,10000,0,0,split,Q4,confirmed_distribution,1.0,0.0,3.0,4.0,0.0,0.0,8.0,,,,,連買天數不長，但V2不只依賴連買
2603,長榮,航運業,2026-08-10,high_priority_watch,63,14,20,1,19,97.78357235984355,100.0,10666,1672,-158,12180,3,2,強勢雙雄,True,True,9011.878,11882.005,10666.897,22671.972,9011878,11882005,10666897,22671972,620.648,1800.648,1672.593,1615.808,620648,1800648,1672593,1615808,0.6156916034706565,0.48626989973398815,0.29878426374611355,0.293861105350477,0.0424026781444285,0.07369134438305709,0.046850032211982855,0.02094317710493571,0.30439333798636553,0.047053416978996544,3,8,2,6,3,2,accelerating,decelerating,3.1325301204819356,4.390243902439028,3.1325301204819356,9.743589743589753,1.1820330969267046,-0.995492197789638,7.609285838318169,-0.42238451337563987,10.739081941379391,-6.427252741391465,94.13,59.32,95.05,98.17,95.05,98.17,True,-338000,178951,0,split,Q1,confirmed_accumulation,9.0,24.21,7.0,6.75,25.0,19.32,91.28,33.0,1.0,32.0,A_V1_strong_V2_strong,5日資金強度分 24.2/25；橫向強度高（外資P95、投信P98）；價格與RS同步確認（RS20 +10.74）
2605,新興,航運業,2026-08-10,other_watch,23,5,226,35,191,64.27640156453715,95.5671447196871,4230,0,473,4703,2,0,外資鎖碼,True,True,1255.0,1724.423,4230.423,7647.479,1255000,1724423,4230423,7647479,0.0,0.0,0.0,23.0,0,0,0,23000,0.18900602409638553,0.11938680420936029,0.1913525872987154,0.16777041879648114,0.0,0.0,0.0,0.0005045740736678147,0.19145119878205832,0.0,4,8,0,5,2,0,accelerating,neutral,1.6897081413210557,3.4375000000000044,6.08974358974359,8.169934640522868,6.602254428341392,-0.995492197789638,7.609285838318169,2.534828955886015,9.165426838312506,-1.0070314099767774,92.05,71.58,87.09,51.76,87.09,51.76,False,695000,-222231,0,split,Q1,confirmed_accumulation,4.5,12.5,6.5,6.0,25.0,8.71,63.21,,,,C_V1_weak_V2_strong,價格與RS同步確認（RS20 +9.17）
2606,裕民,航運業,2026-08-10,buy_candidates,60,5,227,62,165,64.27640156453715,92.11212516297263,8694,-629,306,8371,0,0,主力佈局,True,True,-316.542,5511.478,8695.651,14479.866,-316542,5511478,8695651,14479866,0.0,-28.0,-629.0,-876.0,0,-28000,-629000,-876000,-0.08856799104644655,0.373532904100305,0.4112780116350565,0.36240435489926165,0.0,-0.0018976618095560827,-0.029749798987844675,-0.021924665248404456,0.41295314457732546,-0.028657070839920456,4,8,0,2,0,0,decelerating,neutral,-1.0370370370370363,3.56589147286821,6.0317460317460325,4.538341158059467,3.4055727554179516,-0.995492197789638,7.609285838318169,2.476831397888457,5.533833355849104,-4.203713082900218,86.7,65.32,98.31,3.39,98.31,3.39,False,211771,94266,0,split,Q1,confirmed_accumulation,4.5,12.5,5.0,2.75,25.0,9.83,59.58,8.0,14.0,-6.0,C_V1_weak_V2_strong,價格與RS同步確認（RS20 +5.53）
2607,榮運,航運業,2026-08-10,excluded,0,0,586,637,-51,19.621903520208605,16.558018252933508,-122,0,-29,-151,0,0,主力佈局,True,True,-7.0,41.0,-122.152,411.868,-7000,41000,-122152,411868,0.0,0.0,0.0,0.0,0,0,0,0,-0.012658227848101266,0.03132161955691368,-0.060923690773067335,0.09100044189129475,0.0,0.0,0.0,0.0,-0.05945422771835728,0.0,1,5,0,0,0,0,reversing_positive,neutral,1.2526096033403045,3.1914893617021267,2.8632025450689325,3.743315508021383,3.1914893617021267,-0.995492197789638,7.609285838318169,-0.691712088788643,4.738807705811022,-4.417796476616043,84.75,64.67,29.99,51.76,29.99,51.76,False,-29000,0,0,split,Q3,absorption_divergence,0.0,0.0,2.5,4.0,0.0,0.0,6.5,,,,D_V1_weak_V2_weak,實際介入強度低（強度分 0.0/25）；全市場flow percentile偏低（外資P30、投信P52）
2608,嘉里大榮,航運業,2026-08-10,excluded,0,0,587,678,-91,19.621903520208605,11.147327249022164,-534,0,-5,-539,0,0,主力佈局,True,True,-81.0,-151.83,-534.83,-270.968,-81000,-151830,-534830,-270968,0.0,0.0,0.0,0.0,0,0,0,0,-0.3665158371040724,-0.2677777777777778,-0.43659591836734696,-0.0729978448275862,0.0,0.0,0.0,0.0,-0.4366924561213496,0.0,0,3,0,0,0,0,stable,neutral,-0.17452006980801515,0.0,-0.8665511265164683,-2.555366269165249,-3.378378378378377,-0.995492197789638,7.609285838318169,-4.421465760374044,-1.559874071375611,-10.987664216696547,50.98,42.63,1.04,51.76,1.04,51.76,False,-2000,-4418,0,split,Q4,confirmed_distribution,0.0,0.0,1.5,4.5,0.0,0.0,6.0,,,,D_V1_weak_V2_weak,實際介入強度低（強度分 0.0/25）；全市場flow percentile偏低（外資P1、投信P52）；價格未確認（Q4、RS20 -1.56）
2609,陽明,航運業,2026-08-10,high_priority_watch,66,15,6,16,-10,99.21773142112124,98.04432855280312,5166,177,-209,5134,2,5,強勢雙雄,True,True,12116.291,8835.162,5166.577,22070.525,12116291,8835162,5166577,22070525,42.962,142.962,178.335,116.055,42962,142962,178335,116055,0.5117757550158395,0.2101558478628006,0.07513709607050406,0.1470064875810115,0.0018146568109820487,0.0034005375704669254,0.0025935109508158577,0.0007730145937268955,0.07852379724260486,0.00258322289794983,3,8,5,7,2,5,accelerating,decelerating,2.17821782178218,1.976284584980248,1.5748031496063186,2.9940119760478945,6.172839506172845,-0.995492197789638,7.609285838318169,-1.9801114842512568,3.9895041738375325,-1.4364463321453247,81.29,70.8,67.93,91.92,67.93,91.92,True,-165387,-45154,0,split,Q1,confirmed_accumulation,9.0,13.15,7.5,6.75,25.0,15.98,77.38,30.0,7.0,23.0,A_V1_strong_V2_strong,V1連買訊號高（外資2日／投信5日）；近期flow正在減速
2610,華航,航運業,2026-08-10,excluded,0,3,416,320,96,45.436766623207305,58.40938722294654,-52496,8298,-3211,-47409,0,2,投信鎖碼,True,True,-78294.809,-72245.095,-52496.243,63283.862,-78294809,-72245095,-52496243,63283862,138.008,7039.008,8298.033,7863.046,138008,7039008,8298033,7863046,-0.6198574075100347,-0.4001500733889058,-0.2048497972817413,0.1115910845434267,0.0010926047612638645,0.03898755434933119,0.03238041964045312,0.013865238359739377,-0.18533157371317482,0.033906450297265606,3,8,4,8,0,2,stable,decelerating,-9.111111111111114,-9.513274336283196,-8.908685968819597,-2.8503562945368266,10.242587601078167,-0.995492197789638,7.609285838318169,-12.463600602677172,-1.8548640967471886,2.6333017627599977,48.89,78.62,8.08,97.78,8.08,97.78,False,-793000,-2419935,0,split,Q4,confirmed_distribution,3.5,8.1,8.0,5.25,0.0,9.78,34.63,,,,,差異主要來自V1離散加分與V2連續型強度／排名分數
2613,中櫃,航運業,2026-08-10,excluded,0,0,588,638,-50,19.621903520208605,16.558018252933508,-31,0,-12,-43,2,0,外資鎖碼,True,True,6.0,-22.0,-31.0,159.6,6000,-22000,-31000,159600,0.0,0.0,0.0,0.0,0,0,0,0,0.0425531914893617,-0.05128205128205128,-0.03884711779448621,0.05782608695652174,0.0,0.0,0.0,0.0,-0.038713775209740724,0.0,3,5,0,0,2,0,reversing_positive,neutral,0.4901960784313708,0.9852216748768461,2.499999999999991,-4.651162790697672,-4.651162790697672,-0.995492197789638,7.609285838318169,-1.0549146338575843,-3.655670592908034,-12.26044862901584,40.81,38.33,34.55,51.76,34.55,51.76,False,-12000,0,0,split,Q4,confirmed_distribution,0.0,0.0,2.5,4.0,0.0,0.0,6.5,,,,D_V1_weak_V2_weak,實際介入強度低（強度分 0.0/25）；全市場flow percentile偏低（外資P35、投信P52）；價格未確認（Q4、RS20 -3.66）
2614,東森,其他,2026-08-10,excluded,0,0,589,531,58,19.621903520208605,29.85658409387223,-220,0,-8,-228,2,0,外資鎖碼,True,True,66.799,63.573,-217.958,268.138,66799,63573,-217958,268138,0.0,0.0,0.0,0.0,0,0,0,0,0.22798293515358362,0.05980526810912512,-0.07523576113220573,0.04023075768942236,0.0,0.0,0.0,0.0,-0.0733125477795372,0.0,3,7,0,0,2,0,reversing_positive,neutral,0.8310249307479145,1.392757660167132,0.0,-0.8174386920981047,-1.0869565217391242,-0.995492197789638,7.609285838318169,-3.5549146338575754,0.17805350569153333,-8.696242360057294,62.84,50.46,25.95,51.76,25.95,51.76,False,-8000,0,0,split,Q4,confirmed_distribution,0.0,0.0,3.5,4.0,0.0,0.0,7.5,,,,,連買天數不長，但V2不只依賴連買
2615,萬海,航運業,2026-08-10,high_priority_watch,22,5,228,26,202,64.27640156453715,96.74054758800521,11754,-34,702,12422,2,0,外資鎖碼,True,True,10228.809,10379.224,11755.322,23439.94,10228809,10379224,11755322,23439940,-4.407,-9.407,-34.671,126.186,-4407,-9407,-34671,126186,0.5628265103994717,0.38504318148093186,0.30327705683547895,0.28002365393575207,-0.00024248927038626609,-0.00034897610921501705,-0.0008944815665230515,0.0015074724933398641,0.30689793689061323,-0.0008894938155211921,4,9,0,3,2,0,accelerating,stable,3.062426383981154,2.4590163934426146,1.6260162601626105,10.479797979797967,16.97860962566846,-0.995492197789638,7.609285838318169,-1.928898373694965,11.475290177587604,9.369323787350293,94.92,86.31,95.57,12.26,95.57,12.26,False,-22739,724509,0,split,Q1,confirmed_accumulation,3.5,12.5,6.0,8.5,25.0,9.56,65.06,25.0,10.0,15.0,C_V1_weak_V2_strong,價格與RS同步確認（RS20 +11.48）；動能較佳（外資 accelerating／投信 stable）
2616,山隆,油電燃氣,2026-08-10,excluded,0,0,590,639,-49,19.621903520208605,16.558018252933508,-34,0,-30,-64,2,0,外資鎖碼,True,True,27.0,5.0,-34.0,-3.6,27000,5000,-34000,-3600,0.0,0.0,0.0,0.0,0,0,0,0,0.24107142857142858,0.011848341232227487,-0.05206738131699847,-0.0020930232558139536,0.0,0.0,0.0,0.0,-0.05155967736367925,0.0,2,5,0,0,2,0,reversing_positive,neutral,0.7518796992481258,0.7518796992481258,0.3745318352059934,-1.1070110701107083,-1.831501831501836,-0.995492197789638,7.609285838318169,-3.180382798651582,-0.11151887232107027,-9.440787669820006,60.1,47.46,32.07,51.76,32.07,51.76,False,-29841,0,0,split,Q4,confirmed_distribution,0.0,0.0,2.5,4.0,0.0,0.0,6.5,,,,D_V1_weak_V2_weak,實際介入強度低（強度分 0.0/25）；全市場flow percentile偏低（外資P32、投信P52）；價格未確認（Q4、RS20 -0.11）
2617,台航,航運業,2026-08-10,excluded,0,0,591,532,59,19.621903520208605,29.85658409387223,-331,0,-31,-362,0,0,主力佈局,True,True,-22.0,-304.895,-330.935,273.034,-22000,-304895,-330935,273034,0.0,0.0,0.0,0.0,0,0,0,0,-0.026731470230862697,-0.13568980863373387,-0.09200305810397554,0.04067242663488753,0.0,0.0,0.0,0.0,-0.0905590909265608,0.0,2,6,0,0,0,0,stable,neutral,1.384083044982698,1.384083044982698,2.626970227670755,-2.657807308970106,0.5145797598627766,-0.995492197789638,7.609285838318169,-0.9279444061868203,-1.662315111180468,-7.094706078455393,49.93,56.45,21.9,51.76,21.9,51.76,False,-29172,-831,0,split,Q4,confirmed_distribution,0.0,0.0,3.0,4.5,0.0,0.0,7.5,,,,,連買天數不長，但V2不只依賴連買
2618,長榮航,航運業,2026-08-10,high_priority_watch,56,5,229,177,52,64.27640156453715,77.05345501955672,58401,-1797,-3423,53181,0,2,投信鎖碼,True,True,-356.193,23318.069,58403.023,189917.054,-356193,23318069,58403023,189917054,244.585,277.585,-1797.344,-6994.668,244585,277585,-1797344,-6994668,-0.008824303232998884,0.23844800646276243,0.30333087322568414,0.3999390437282175,0.006059333581072712,0.002838553650131403,-0.009334960709258903,-0.014729803207227317,0.30610478273270714,-0.009392090999393374,4,9,2,4,0,2,decelerating,reversing_positive,-3.94144144144144,-2.6255707762557035,-2.40274599542335,4.66257668711656,21.857142857142865,-0.995492197789638,7.609285838318169,-5.957660629280925,5.658068884906198,14.247857018824696,87.09,89.31,95.7,6.91,95.7,6.91,False,-353548,-3071728,0,split,Q2,unconfirmed_accumulation,3.5,12.5,6.5,4.75,5.0,9.57,41.82,16.0,21.0,-5.0,C_V1_weak_V2_strong,差異主要來自V1離散加分與V2連續型強度／排名分數
2630,亞航,航運業,2026-08-10,excluded,0,0,592,583,9,19.621903520208605,23.598435462842243,-549,0,42,-507,0,0,主力佈局,True,True,-82.087,-334.077,-548.968,721.436,-82087,-334077,-548968,721436,0.0,0.0,0.0,0.0,0,0,0,0,-0.08779358288770053,-0.08028767123287671,-0.05023039619361332,0.026582998636648366,0.0,0.0,0.0,0.0,-0.04928294245788101,0.0,2,5,0,0,0,0,stable,neutral,0.20746887966804906,-3.206412825651306,0.8350730688935215,-14.814814814814826,12.45634458672873,-0.995492197789638,7.609285838318169,-2.719841564964054,-13.819322617025188,4.84705874841056,12.65,82.14,32.72,51.76,32.72,51.76,False,-6000,48059,0,split,Q4,confirmed_distribution,0.0,0.0,2.5,4.5,0.0,0.0,7.0,,,,D_V1_weak_V2_weak,連買天數不長，但V2不只依賴連買
2633,台灣高鐵,航運業,2026-08-10,other_watch,53,6,141,401,-260,81.42112125162973,47.84876140808344,-10202,216,-448,-10434,0,4,投信鎖碼,True,True,-3242.0,-6112.293,-10202.693,355.053,-3242000,-6112293,-10202693,355053,435.0,1394.0,216.0,-1111.0,435000,1394000,216000,-1111000,-0.7081695063346439,-0.525879118988213,-0.4571713491956804,0.006280233483682674,0.09501965923984272,0.11993461240643552,0.009678720258099207,-0.019651543291766164,-0.45758396637590604,0.009972480734605814,0,4,4,6,0,4,stable,decelerating,0.3875968992248069,0.0,0.0,-2.07939508506616,0.0,-0.995492197789638,7.609285838318169,-3.5549146338575754,-1.0839028872765222,-7.609285838318169,54.11,54.69,0.78,94.39,0.78,94.39,False,-165247,-283855,0,split,Q4,confirmed_distribution,3.5,2.42,5.0,5.25,0.0,9.44,25.61,,,,,V1連買訊號高（外資0日／投信4日）；實際介入強度低（強度分 2.4/25）；價格未確認（Q4、RS20 -1.08）；近期flow正在減速
2636,台驊控股,航運業,2026-08-10,excluded,0,0,593,533,60,19.621903520208605,29.85658409387223,-83,0,-8,-91,2,0,外資鎖碼,True,True,104.062,192.996,-83.985,524.29,104062,192996,-83985,524290,0.0,0.0,0.0,0.0,0,0,0,0,0.47300909090909093,0.3754785992217899,-0.07184345594525235,0.19829425113464447,0.0,0.0,0.0,0.0,-0.06890324305575628,0.0,2,7,0,0,2,0,reversing_positive,neutral,0.9202453987730008,2.0155038759689825,-0.45385779122540937,-5.595408895265431,-2.8064992614475703,-0.995492197789638,7.609285838318169,-4.008772425082984,-4.599916697475793,-10.41578509976574,37.55,43.68,27.25,51.76,27.25,51.76,False,-6911,0,0,split,Q4,confirmed_distribution,0.0,0.0,3.5,4.0,0.0,0.0,7.5,,,,,連買天數不長，但V2不只依賴連買
2637,慧洋-KY,航運業,2026-08-10,high_priority_watch,20,5,230,52,178,64.27640156453715,93.35071707953064,4766,-40,-102,4624,2,0,外資鎖碼,True,True,308.291,2490.378,4767.737,5109.21,308291,2490378,4767737,5109210,-1.0,205.0,-40.0,1807.0,-1000,205000,-40000,1807000,0.14385954269715354,0.303150091296409,0.3072193440298988,0.18550613608307312,-0.0004666355576294914,0.024954351795496044,-0.002577485662736001,0.06560888824341006,0.30873841857963175,-0.0024255749677428635,4,8,1,6,2,0,decelerating,neutral,0.22753128555175195,3.1615925058547933,6.144578313253013,4.014167650531286,17.623497997329764,-0.995492197789638,7.609285838318169,2.5896636793954375,5.009659848320924,10.014212159011596,85.53,86.57,95.96,10.43,95.96,10.43,False,-57296,-45296,0,split,Q1,confirmed_accumulation,3.5,12.5,7.0,2.75,25.0,9.6,60.35,26.0,13.0,13.0,C_V1_weak_V2_strong,價格與RS同步確認（RS20 +5.01）
2640,大車隊,數位雲端,2026-08-10,excluded,0,0,594,640,-46,19.621903520208605,16.558018252933508,0,0,0,0,1,0,外資鎖碼,True,True,7.0,5.555,-0.558,31.322,7000,5555,-558,31322,0.0,0.0,0.0,0.0,0,0,0,0,0.22580645161290322,0.1354878048780488,-0.007643835616438356,0.1110709219858156,0.0,0.0,0.0,0.0,-0.006498241830371794,0.0,1,5,0,0,1,0,reversing_positive,neutral,1.730103806228378,1.379310344827589,0.0,-6.666666666666665,-10.909090909090914,-0.995492197789638,7.609285838318169,-3.5549146338575754,-5.671174468877027,-18.518376747409082,35.07,25.03,44.59,51.76,44.59,51.76,False,0,-38,0,split,Q4,confirmed_distribution,0.0,0.0,2.5,4.0,0.0,0.0,6.5,,,,D_V1_weak_V2_weak,實際介入強度低（強度分 0.0/25）；全市場flow percentile偏低（外資P45、投信P52）；價格未確認（Q4、RS20 -5.67）
2642,宅配通,航運業,2026-08-10,excluded,0,5,231,344,-113,64.27640156453715,55.28031290743155,18,0,-5,13,1,0,外資鎖碼,True,True,1.0,-2.0,18.0,12.7,1000,-2000,18000,12700,0.0,0.0,0.0,0.0,0,0,0,0,0.041666666666666664,-0.02040816326530612,0.09,0.02247787610619469,0.0,0.0,0.0,0.0,0.09005663013900125,0.0,4,6,0,0,1,0,reversing_negative,neutral,0.24630541871921707,-0.7317073170731603,1.750000000000007,-2.863961813842475,-3.32541567695962,-0.995492197789638,7.609285838318169,-1.8049146338575683,-1.868469616052837,-10.934701515277789,48.76,43.02,71.58,51.76,71.58,51.76,False,-5000,0,0,split,Q2,unconfirmed_accumulation,3.5,12.5,3.0,1.0,5.0,7.16,32.16,,,,,價格未確認（Q2、RS20 -1.87）；近期flow已轉負
2645,長榮航太,航運業,2026-08-10,excluded,0,0,595,461,134,19.621903520208605,40.15645371577575,-86,-222,-48,-356,0,0,主力佈局,True,True,-397.277,-402.129,-87.61,904.533,-397277,-402129,-87610,904533,-2.0,-150.0,-222.0,-846.0,-2000,-150000,-222000,-846000,-0.30073959121877364,-0.09990782608695652,-0.009448878343399482,0.03952860201896605,-0.001514004542013626,-0.037267080745341616,-0.023943054357204487,-0.03697067692173229,-0.007579657695856351,-0.023769597944541334,2,6,0,2,0,0,stable,stable,-1.813471502590669,-3.562340966921118,2.7100271002709952,-24.65208747514911,23.8562091503268,-0.995492197789638,7.609285838318169,-0.8448875335865802,-23.65659527735947,16.246923312008633,4.17,90.48,43.94,4.04,43.94,4.04,False,149,-48626,0,split,Q4,confirmed_distribution,1.0,0.0,4.0,7.0,0.0,0.0,12.0,,,,,動能較佳（外資 stable／投信 stable）；連買天數不長，但V2不只依賴連買
2646,星宇航空,航運業,2026-08-10,excluded,0,0,596,477,119,19.621903520208605,37.809647979139505,-5306,-894,-277,-6477,0,0,主力佈局,True,True,-6592.0,-6439.735,-5306.926,6204.952,-6592000,-6439735,-5306926,6204952,0.0,0.0,-894.0,-1753.0,0,0,-894000,-1753000,-0.5522325542431097,-0.3564955159433127,-0.19474243147040476,0.10091486005171825,0.0,0.0,-0.03280613555465854,-0.028510091564070455,-0.1909391630614164,-0.0330273412117833,2,6,0,4,0,0,stable,neutral,-2.5821596244131495,-2.5821596244131495,-2.810304449648715,-2.1226415094339535,2.722772277227725,-0.995492197789638,7.609285838318169,-6.3652190835062905,-1.1271493116443154,-4.886513561090444,53.85,62.97,9.26,3.26,9.26,3.26,False,-159480,-118788,0,split,Q4,confirmed_distribution,0.0,0.0,5.0,4.5,0.0,0.0,9.5,,,,,差異主要來自V1離散加分與V2連續型強度／排名分數
2701,萬企,觀光餐旅,2026-08-10,excluded,0,0,597,641,-44,19.621903520208605,16.558018252933508,-64,0,-27,-91,0,0,主力佈局,True,True,-19.0,-33.0,-64.0,100.9,-19000,-33000,-64000,100900,0.0,0.0,0.0,0.0,0,0,0,0,-0.37254901960784315,-0.39285714285714285,-0.29767441860465116,0.12141997593261131,0.0,0.0,0.0,0.0,-0.29787748817771914,0.0,0,4,0,0,0,0,stable,neutral,-0.46948356807512415,0.4739336492890933,0.0,-1.3953488372093092,1.9230769230769162,-0.995492197789638,7.609285838318169,-3.5549146338575754,-0.3998566394196712,-5.686208915241253,58.54,61.28,4.3,51.76,4.3,51.76,False,-27000,0,0,split,Q4,confirmed_distribution,0.0,0.0,2.0,4.5,0.0,0.0,6.5,,,,D_V1_weak_V2_weak,實際介入強度低（強度分 0.0/25）；全市場flow percentile偏低（外資P4、投信P52）；價格未確認（Q4、RS20 -0.40）
2702,華園,觀光餐旅,2026-08-10,excluded,0,5,232,301,-69,64.27640156453715,60.88657105606258,12,0,2,14,2,0,外資鎖碼,True,True,11.0,13.0,12.0,67.2,11000,13000,12000,67200,0.0,0.0,0.0,0.0,0,0,0,0,0.3142857142857143,0.06280193236714976,0.04597701149425287,0.11448040885860307,0.0,0.0,0.0,0.0,0.04599258084873859,0.0,2,6,0,0,2,0,accelerating,neutral,0.0,-0.7968127490039945,-1.1904761904761973,-4.230769230769238,-4.230769230769238,-0.995492197789638,7.609285838318169,-4.745390824333773,-3.2352770329796,-11.840055069087407,42.63,40.03,59.32,51.76,59.32,51.76,False,2000,0,0,split,Q2,unconfirmed_accumulation,4.5,11.49,3.0,6.0,5.0,5.93,35.92,,,,,全市場flow percentile偏低（外資P59、投信P52）；價格未確認（Q2、RS20 -3.24）
2704,國賓,觀光餐旅,2026-08-10,excluded,0,0,598,707,-109,19.621903520208605,7.496740547588006,-177,0,-19,-196,0,0,主力佈局,True,True,-10.0,-74.0,-177.0,-118.6,-10000,-74000,-177000,-118600,0.0,0.0,0.0,0.0,0,0,0,0,-0.12658227848101267,-0.34101382488479265,-0.3619631901840491,-0.08978046934140803,0.0,0.0,0.0,0.0,-0.36099594356379533,0.0,0,2,0,0,0,0,stable,neutral,0.872410032715365,0.872410032715365,-2.4261603375527407,1.4254385964912242,9.597156398104257,-0.995492197789638,7.609285838318169,-5.981074971410316,2.420930794280862,1.9878705597860877,75.88,77.44,2.09,51.76,2.09,51.76,False,-19000,0,0,split,Q4,confirmed_distribution,0.0,0.0,1.0,4.5,0.0,0.0,5.5,,,,D_V1_weak_V2_weak,實際介入強度低（強度分 0.0/25）；全市場flow percentile偏低（外資P2、投信P52）；價格未確認（Q4、RS20 +2.42）
2705,六福,觀光餐旅,2026-08-10,excluded,0,2,455,145,310,41.19947848761408,81.22555410691004,14,0,-14,0,2,0,外資鎖碼,True,True,2.001,-1.998,14.002,3251.303,2001,-1998,14002,3251303,0.0,0.0,0.0,0.0,0,0,0,0,0.11116666666666666,-0.012645569620253165,0.040703488372093026,3.3041697154471543,0.0,0.0,0.0,0.0,0.04085706569684748,0.0,4,9,0,0,2,0,neutral,neutral,0.0,0.6211180124223503,0.3095975232198178,-0.3076923076923088,5.882352941176472,-0.995492197789638,7.609285838318169,-3.2453171106377576,0.6877998900973292,-1.7269328971416975,66.23,69.88,58.28,51.76,58.28,51.76,False,-14000,0,0,split,Q1,confirmed_accumulation,3.5,10.18,4.5,2.0,25.0,5.83,51.01,,,,C_V1_weak_V2_strong,價格與RS同步確認（RS20 +0.69）；連買天數不長，但V2不只依賴連買
2706,第一店,觀光餐旅,2026-08-10,excluded,0,0,599,584,15,19.621903520208605,23.598435462842243,-75,0,-53,-128,0,0,主力佈局,True,True,-6.0,-69.0,-75.0,224.8,-6000,-69000,-75000,224800,0.0,0.0,0.0,0.0,0,0,0,0,-0.08,-0.3382352941176471,-0.14204545454545456,0.15600277585010408,0.0,0.0,0.0,0.0,-0.14230046197989207,0.0,1,5,0,0,0,0,stable,neutral,0.40160642570281624,0.8064516129032251,-0.3984063745020028,-0.3984063745020028,2.8806584362139898,-0.995492197789638,7.609285838318169,-3.9533210083595782,0.5970858232876353,-4.72862740210418,65.19,63.62,13.69,51.76,13.69,51.76,False,-53000,0,0,split,Q4,confirmed_distribution,0.0,0.0,2.5,4.5,0.0,0.0,7.0,,,,D_V1_weak_V2_weak,連買天數不長，但V2不只依賴連買
2707,晶華,觀光餐旅,2026-08-10,excluded,0,0,600,679,-79,19.621903520208605,11.147327249022164,-301,0,-7,-308,0,0,主力佈局,True,True,-3.0,45.19,-301.605,225.254,-3000,45190,-301605,225254,0.0,0.0,0.0,0.0,0,0,0,0,-0.023809523809523808,0.12313351498637602,-0.34587729357798164,0.08935105117017057,0.0,0.0,0.0,0.0,-0.34192871853066026,0.0,1,4,0,0,0,0,reversing_positive,neutral,0.278551532033422,2.2727272727272707,0.5586592178770999,-0.27700831024930483,4.347826086956519,-0.995492197789638,7.609285838318169,-2.9962554159804755,0.7184838875403332,-3.2614597513616506,66.49,67.28,2.61,51.76,2.61,51.76,False,-6931,-1000,0,split,Q3,absorption_divergence,0.0,0.0,2.0,4.0,0.0,0.0,6.0,,,,D_V1_weak_V2_weak,實際介入強度低（強度分 0.0/25）；全市場flow percentile偏低（外資P3、投信P52）
2712,遠雄來,觀光餐旅,2026-08-10,excluded,0,5,233,118,115,64.27640156453715,84.7457627118644,4,0,-2,2,2,0,外資鎖碼,True,True,1.0,8.0,4.0,21.785,1000,8000,4000,21785,0.0,0.0,0.0,0.0,0,0,0,0,0.3333333333333333,0.5714285714285714,0.12903225806451613,0.2656707317073171,0.0,0.0,0.0,0.0,0.13279192273924495,0.0,2,7,0,0,1,0,decelerating,neutral,0.6734006734006703,2.397260273972601,0.6734006734006703,0.6734006734006703,-9.93975903614459,-0.995492197789638,7.609285838318169,-2.881513960456905,1.6688928711903084,-17.54904487446276,71.58,26.6,79.53,51.76,79.53,51.76,False,-2000,0,0,mixed,Q1,confirmed_accumulation,3.5,12.5,3.5,2.75,25.0,7.95,55.2,,,,C_V1_weak_V2_strong,價格與RS同步確認（RS20 +1.67）；連買天數不長，但V2不只依賴連買
2722,夏都,觀光餐旅,2026-08-10,excluded,0,0,601,680,-79,19.621903520208605,11.147327249022164,-24,0,-8,-32,0,0,主力佈局,True,True,-3.0,-10.0,-24.0,8.5,-3000,-10000,-24000,8500,0.0,0.0,0.0,0.0,0,0,0,0,-0.15789473684210525,-0.10869565217391304,-0.12244897959183673,0.016159695817490494,0.0,0.0,0.0,0.0,-0.12171613486899335,0.0,0,3,0,0,0,0,stable,neutral,0.4566210045662267,1.382488479262678,-0.6772009029345272,-3.083700440528636,-5.579399141630903,-0.995492197789638,7.609285838318169,-4.232115536792103,-2.088208242738998,-13.188684979949073,47.2,36.64,17.08,51.76,17.08,51.76,False,-8000,0,0,split,Q4,confirmed_distribution,0.0,0.0,1.5,4.5,0.0,0.0,6.0,,,,D_V1_weak_V2_weak,實際介入強度低（強度分 0.0/25）；全市場flow percentile偏低（外資P17、投信P52）；價格未確認（Q4、RS20 -2.09）
2723,美食-KY,觀光餐旅,2026-08-10,excluded,0,0,602,585,17,19.621903520208605,23.598435462842243,-119,0,-23,-142,2,0,外資鎖碼,True,True,12.0,-2.0,-119.286,240.061,12000,-2000,-119286,240061,0.0,0.0,0.0,0.0,0,0,0,0,0.11214953271028037,-0.004048582995951417,-0.1444140435835351,0.09985898502495841,0.0,0.0,0.0,0.0,-0.142228157036118,0.0,2,6,0,0,2,0,reversing_positive,neutral,1.2882447665056418,2.777777777777768,1.12540192926045,-3.527607361963192,-3.379416282642078,-0.995492197789638,7.609285838318169,-2.4295127045971254,-2.532115164173554,-10.988702120960248,45.24,42.5,13.56,51.76,13.56,51.76,False,-23591,0,0,split,Q4,confirmed_distribution,0.0,0.0,3.0,4.0,0.0,0.0,7.0,,,,D_V1_weak_V2_weak,連買天數不長，但V2不只依賴連買
2727,王品,觀光餐旅,2026-08-10,wait_pullback,14,7,78,81,-3,88.33116036505866,89.56975228161669,1281,0,-67,1214,3,0,外資鎖碼,True,True,577.0,1740.109,1279.828,3615.879,577000,1740109,1279828,3615879,0.0,0.0,0.0,2.0,0,0,0,2000,0.4756801319043693,0.5699669177857845,0.30625221344819337,0.41967026462395546,0.0,0.0,0.0,0.00023212627669452182,0.31736370772668926,0.0,3,7,0,2,3,0,decelerating,neutral,2.330508474576276,7.8125,5.921052631578938,1.0460251046025215,1.8987341772152,-0.995492197789638,7.609285838318169,2.3661379977213626,2.0415173023921596,-5.710551661102969,73.79,61.15,95.83,51.76,95.83,51.76,False,-83024,14799,0,split,Q1,confirmed_accumulation,3.5,12.5,4.5,2.75,25.0,9.58,57.83,,,,,V1連買訊號高（外資3日／投信0日）；近期flow正在減速
2729,瓦城,觀光餐旅,2026-08-10,excluded,0,0,603,708,-105,19.621903520208605,7.496740547588006,-15,0,0,-15,0,0,主力佈局,True,True,-0.969,-3.969,-15.525,-38.974,-969,-3969,-15525,-38974,0.0,0.0,0.0,0.0,0,0,0,0,-0.1615,-0.14175,-0.1940625,-0.08274734607218684,0.0,0.0,0.0,0.0,-0.19468270910149427,0.0,2,3,0,0,0,0,reversing_positive,neutral,0.0,0.0,-1.2345679012345734,1.9108280254777066,-2.4390243902439046,-0.995492197789638,7.609285838318169,-4.789482535092149,2.9063202232673446,-10.048310228562073,78.49,45.24,9.39,51.76,9.39,51.76,False,0,0,0,split,Q4,confirmed_distribution,0.0,0.0,1.5,4.0,0.0,0.0,5.5,,,,D_V1_weak_V2_weak,實際介入強度低（強度分 0.0/25）；全市場flow percentile偏低（外資P9、投信P52）；價格未確認（Q4、RS20 +2.91）
2731,雄獅,觀光餐旅,2026-08-10,excluded,0,0,604,740,-136,19.621903520208605,3.455019556714472,-924,0,-28,-952,1,0,外資鎖碼,True,True,17.0,-297.0,-924.816,-237.727,17000,-297000,-924816,-237727,0.0,0.0,0.0,2.29,0,0,0,2290,0.05448717948717949,-0.20454545454545456,-0.3430326409495549,-0.04677823691460055,0.0,0.0,0.0,0.00045060999606454154,-0.3433600851224144,0.0,1,4,0,1,1,0,neutral,neutral,0.34482758620688614,-0.3424657534246589,-0.6825938566552892,0.34482758620688614,-9.627329192546586,-0.995492197789638,7.609285838318169,-4.237508490512864,1.3403197839965242,-17.236615030864755,69.49,27.25,2.74,51.76,2.74,51.76,False,-23207,-5207,0,split,Q4,confirmed_distribution,0.0,0.0,2.5,2.0,0.0,0.0,4.5,,,,D_V1_weak_V2_weak,實際介入強度低（強度分 0.0/25）；全市場flow percentile偏低（外資P3、投信P52）；價格未確認（Q4、RS20 +1.34）
2736,富野,觀光餐旅,2026-08-10,excluded,0,5,234,446,-212,64.27640156453715,41.916558018252935,1,0,0,1,2,0,外資鎖碼,True,True,1.0,14.0,1.0,43.0,1000,14000,1000,43000,0.0,0.0,0.0,0.0,0,0,0,0,0.017857142857142856,0.09395973154362416,0.0038314176245210726,0.06030855539971949,0.0,0.0,0.0,0.0,0.003501342181169448,0.0,2,5,0,0,1,0,decelerating,neutral,-0.43478260869566077,-0.43478260869566077,-1.2931034482758674,-2.9661016949152685,-7.287449392712553,-0.995492197789638,7.609285838318169,-4.848018082133443,-1.9706094971256305,-14.896735231030721,47.98,32.46,47.72,51.76,47.72,51.76,False,0,-362,0,mixed,Q2,unconfirmed_accumulation,3.5,0.96,2.5,2.75,5.0,4.77,19.48,,,,,實際介入強度低（強度分 1.0/25）；全市場flow percentile偏低（外資P48、投信P52）；價格未確認（Q2、RS20 -1.97）；近期flow正在減速
2739,寒舍,觀光餐旅,2026-08-10,excluded,0,0,605,507,98,19.621903520208605,33.96349413298566,-83,0,1,-82,0,0,主力佈局,True,True,0.22,-6.06,-84.059,56.541,220,-6060,-84059,56541,0.0,0.0,0.0,0.0,0,0,0,0,0.006111111111111111,-0.04391304347826087,-0.2465073313782991,0.05274347014925373,0.0,0.0,0.0,0.0,-0.24550418659514658,0.0,2,6,0,0,2,0,reversing_positive,neutral,0.5847953216374213,1.027900146842886,-0.4341534008682979,1.027900146842886,-0.8645533141210526,-0.995492197789638,7.609285838318169,-3.9890680347258733,2.023392344632524,-8.473839152439222,73.66,51.11,6.13,51.76,6.13,51.76,False,1000,0,0,split,Q4,confirmed_distribution,1.0,0.0,3.0,4.0,0.0,0.0,8.0,,,,,連買天數不長，但V2不只依賴連買
2743,山富,觀光餐旅,2026-08-10,excluded,0,5,235,316,-81,64.27640156453715,58.865710560625814,110,0,0,110,0,0,主力佈局,True,True,-12.0,35.8,110.8,187.8,-12000,35800,110800,187800,0.0,0.0,0.0,0.0,0,0,0,0,-0.10619469026548672,0.14094488188976378,0.25827505827505826,0.19281314168377822,0.0,0.0,0.0,0.0,0.25761010720884214,0.0,4,7,0,0,0,0,reversing_negative,neutral,-1.3864818024263537,0.707964601769917,0.8865248226950451,-12.05564142194746,-16.812865497076036,-0.995492197789638,7.609285838318169,-2.6683898111625304,-11.060149224157822,-24.422151335394204,18.38,14.99,92.83,51.76,92.83,51.76,False,0,-425,0,split,Q2,unconfirmed_accumulation,3.5,12.5,3.5,1.0,5.0,9.28,34.78,,,,,價格未確認（Q2、RS20 -11.06）；近期flow已轉負
2748,雲品,觀光餐旅,2026-08-10,excluded,0,0,606,681,-75,19.621903520208605,11.147327249022164,-148,0,-25,-173,2,0,外資鎖碼,True,True,26.0,-42.0,-148.0,-176.02,26000,-42000,-148000,-176020,0.0,0.0,0.0,0.0,0,0,0,0,0.38235294117647056,-0.175,-0.3224400871459695,-0.1153473132372215,0.0,0.0,0.0,0.0,-0.3203429951828765,0.0,2,4,0,0,2,0,reversing_positive,neutral,0.39113428943937656,0.785340314136107,0.785340314136107,-3.1446540880503138,-3.749999999999998,-0.995492197789638,7.609285838318169,-2.7695743197214684,-2.1491618902606757,-11.359285838318167,46.94,41.33,3.26,51.76,3.26,51.76,False,-25000,0,0,split,Q4,confirmed_distribution,0.0,0.0,2.0,4.0,0.0,0.0,6.0,,,,D_V1_weak_V2_weak,實際介入強度低（強度分 0.0/25）；全市場flow percentile偏低（外資P3、投信P52）；價格未確認（Q4、RS20 -2.15）
2753,八方雲集,觀光餐旅,2026-08-10,excluded,0,5,236,76,160,64.27640156453715,90.22164276401564,152,-2,-5,145,2,0,外資鎖碼,True,True,150.391,249.525,151.766,829.189,150391,249525,151766,829189,0.0,-1.0,-3.591,-7.566,0,-1000,-3591,-7566,0.43718313953488375,0.36857459379615953,0.14371780303030304,0.2998875226039783,0.0,-0.0014771048744460858,-0.0034005681818181817,-0.002736347197106691,0.14777225885532233,-0.0033651766882806314,2,6,0,0,2,0,accelerating,neutral,1.9337016574585641,3.0726256983240274,2.785515320334264,4.237288135593231,3.9436619718309807,-0.995492197789638,7.609285838318169,-0.7693993135233113,5.23278033338287,-3.6656238664871887,86.18,66.75,81.88,9.65,81.88,9.65,False,-6980,1069,0,split,Q1,confirmed_accumulation,3.5,12.5,3.0,6.0,25.0,8.19,58.19,,,,C_V1_weak_V2_strong,價格與RS同步確認（RS20 +5.23）；連買天數不長，但V2不只依賴連買
2755,揚秦,觀光餐旅,2026-08-10,excluded,0,0,607,709,-102,19.621903520208605,7.496740547588006,-56,0,-6,-62,0,0,主力佈局,True,True,-15.0,-50.0,-56.0,-41.987,-15000,-50000,-56000,-41987,0.0,0.0,0.0,0.0,0,0,0,0,-0.26785714285714285,-0.33783783783783783,-0.3111111111111111,-0.11928125,0.0,0.0,0.0,0.0,-0.3109940572663425,0.0,0,2,0,0,0,0,stable,neutral,0.4878048780487809,0.0,0.9803921568627416,-25.36231884057971,-22.55639097744361,-0.995492197789638,7.609285838318169,-2.574522476994834,-24.366826642790073,-30.165676815761778,3.39,9.0,3.39,51.76,3.39,51.76,False,-6287,397,0,split,Q4,confirmed_distribution,0.0,0.0,1.0,4.5,0.0,0.0,5.5,,,,D_V1_weak_V2_weak,實際介入強度低（強度分 0.0/25）；全市場flow percentile偏低（外資P3、投信P52）；價格未確認（Q4、RS20 -24.37）
2762,世界健身-KY,37,2026-08-10,excluded,0,0,608,586,22,19.621903520208605,23.598435462842243,-89,0,2,-87,1,0,外資鎖碼,True,True,6.0,-19.0,-89.054,-2.225,6000,-19000,-89054,-2225,0.0,0.0,0.0,0.0,0,0,0,0,0.0759493670886076,-0.11728395061728394,-0.24945098039215685,-0.002127151051625239,0.0,0.0,0.0,0.0,-0.24924663575934772,0.0,1,4,0,0,1,0,reversing_positive,neutral,2.7878787878787836,-0.7025761124121899,-1.1655011655011704,3.4146341463414664,1.0727056019070202,-0.995492197789638,7.609285838318169,-4.7204157993587454,4.410126344131104,-6.536580236411149,83.44,58.8,5.87,51.76,5.87,51.76,False,2000,0,0,split,Q4,confirmed_distribution,1.0,0.0,2.0,4.0,0.0,0.0,7.0,,,,D_V1_weak_V2_weak,連買天數不長，但V2不只依賴連買
2801,彰銀,金融保險,2026-08-10,excluded,0,3,417,436,-19,45.436766623207305,43.285528031290745,-63603,1271,-9546,-71878,0,0,主力佈局,True,True,-3302.214,-10056.137,-63604.521,-85742.717,-3302214,-10056137,-63604521,-85742717,-289.338,-1576.338,1270.635,6518.195,-289338,-1576338,1270635,6518195,-0.2133075382727214,-0.14294234623530583,-0.3087328340242115,-0.19470033357327599,-0.01868987791486338,-0.022406760387201317,0.006167592152142046,0.014801195777312022,-0.3150239690117114,0.0071906498891940625,0,2,1,5,0,0,stable,reversing_negative,0.2159827213823018,-1.9027484143763207,-8.661417322834641,-2.7253668763102867,13.725490196078427,-0.995492197789638,7.609285838318169,-12.216331956692215,-1.7298746785206487,6.116204357760258,49.54,83.44,3.52,93.48,3.52,93.48,False,-9088000,-457578,0,split,Q4,confirmed_distribution,3.5,1.54,3.5,3.5,0.0,9.35,21.39,,,,,實際介入強度低（強度分 1.5/25）；價格未確認（Q4、RS20 -1.73）；近期flow已轉負
2812,台中銀,金融保險,2026-08-10,excluded,0,3,418,397,21,45.436766623207305,48.37027379400261,-65636,2587,-2178,-65227,0,0,主力佈局,True,True,-6399.897,-26473.314,-65638.583,-61442.226,-6399897,-26473314,-65638583,-61442226,-8.151,-8.151,2586.395,6502.349,-8151,-8151,2586395,6502349,-0.4505700506899465,-0.4688778803067604,-0.5705867068856108,-0.22836646583733194,-0.0005738524359335398,-0.00014436513699721932,0.0224831575927745,0.02416771913131711,-0.5709022581035227,0.02268828391933743,1,3,1,5,0,0,stable,reversing_negative,0.2680965147453085,-0.5319148936170248,-9.443099273607746,-9.443099273607746,-1.5789473684210575,-0.995492197789638,7.609285838318169,-12.998013907465321,-8.447607075818109,-9.188233206739227,24.51,48.44,0.13,96.48,0.13,96.48,False,-551482,-1628282,0,split,Q4,confirmed_distribution,3.5,5.62,4.0,3.5,0.0,9.65,26.27,,,,,連買天數不長，但V2不只依賴連買
2816,旺旺保,金融保險,2026-08-10,excluded,0,5,237,318,-81,64.27640156453715,58.670143415906125,37,0,28,65,2,0,外資鎖碼,True,True,100.0,83.0,37.0,240.879,100000,83000,37000,240879,0.0,0.0,0.0,0.0,0,0,0,0,0.37174721189591076,0.14768683274021352,0.03969957081545064,0.11664842615012107,0.0,0.0,0.0,0.0,0.040250157301656896,0.0,3,7,0,0,2,0,accelerating,neutral,-0.5882352941176561,0.4457652303120341,0.1481481481481417,-2.4531024531024626,8.15999999999999,-0.995492197789638,7.609285838318169,-3.4067664857094337,-1.4576102553128245,0.5507141616818201,51.76,74.71,57.89,51.76,57.89,51.76,False,28000,0,0,split,Q2,unconfirmed_accumulation,4.5,9.92,3.5,6.0,5.0,5.79,34.71,,,,,全市場flow percentile偏低（外資P58、投信P52）；價格未確認（Q2、RS20 -1.46）
2820,華票,金融保險,2026-08-10,excluded,0,0,609,534,75,19.621903520208605,29.85658409387223,-5249,0,127,-5122,0,0,主力佈局,True,True,-1255.58,-1221.58,-5250.39,-3974.948,-1255580,-1221580,-5250390,-3974948,0.0,0.0,0.0,0.0,0,0,0,0,-0.6512344398340248,-0.2759385588434606,-0.47931257987949605,-0.17742927286524127,0.0,0.0,0.0,0.0,-0.4791618555005086,0.0,1,4,0,0,0,0,stable,neutral,0.0,0.30674846625766694,-0.9090909090909038,-1.8018018018017834,-2.3880597014925287,-0.995492197789638,7.609285838318169,-4.464005542948479,-0.8063096040121454,-9.997345539810699,55.41,45.5,0.52,51.76,0.52,51.76,False,126600,0,0,split,Q4,confirmed_distribution,1.0,0.0,2.0,4.5,0.0,0.0,7.5,,,,,連買天數不長，但V2不只依賴連買
2832,台產,金融保險,2026-08-10,excluded,0,0,610,508,102,19.621903520208605,33.96349413298566,-99,-3,1,-101,0,0,主力佈局,True,True,-13.0,84.0,-99.0,462.909,-13000,84000,-99000,462909,0.0,0.0,-3.625,-8.125,0,0,-3625,-8125,-0.19117647058823528,0.15300546448087432,-0.10291060291060292,0.18231941709334384,0.0,0.0,-0.0037681912681912684,-0.003200078771169752,-0.10445104174834097,-0.0037933717291668157,2,6,0,0,0,0,reversing_positive,neutral,-0.17064846416382506,-0.17064846416382506,-2.985074626865669,2.992957746478875,8.534322820037099,-0.995492197789638,7.609285838318169,-6.539989260723244,3.988449944268513,0.9250369817189297,80.96,75.49,19.95,9.13,19.95,9.13,False,1864,-1634,0,split,Q4,confirmed_distribution,1.0,0.0,3.0,4.0,0.0,0.0,8.0,,,,,連買天數不長，但V2不只依賴連買
2834,臺企銀,金融保險,2026-08-10,excluded,0,3,419,398,21,45.436766623207305,48.23989569752282,-101425,3270,-4828,-102983,0,0,主力佈局,True,True,-13574.0,-47779.697,-101426.782,-106460.298,-13574000,-47779697,-101426782,-106460298,0.894,-4.106,3270.576,8254.997,894,-4106,3270576,8254997,-0.5006454468336222,-0.48857992903377545,-0.46255937575533695,-0.19829366229450793,3.297311252904511e-05,-4.1986645260908244e-05,0.014915543637383536,0.015375812562164498,-0.4622396476537845,0.015095744707723657,0,2,2,7,0,1,stable,neutral,0.0,-1.4925373134328401,-9.340659340659341,-7.042253521126762,3.125,-0.995492197789638,7.609285838318169,-12.895573974516918,-6.046761323337124,-4.484285838318169,33.9,64.28,0.65,95.31,0.65,95.31,False,-947420,-3882088,0,split,Q4,confirmed_distribution,3.5,3.73,4.5,4.5,0.0,9.53,25.76,,,,,連買天數不長，但V2不只依賴連買
2836,高雄銀,金融保險,2026-08-10,excluded,0,0,611,642,-31,19.621903520208605,16.558018252933508,-4648,0,133,-4515,0,0,主力佈局,True,True,-815.0,-1997.0,-4648.817,-1797.883,-815000,-1997000,-4648817,-1797883,0.0,0.0,0.0,0.0,0,0,0,0,-0.4657142857142857,-0.4845911186605193,-0.4842517708333333,-0.03522153002252914,0.0,0.0,0.0,0.0,-0.4839381358451885,0.0,0,2,0,0,0,0,stable,neutral,0.42194092827005925,0.8474576271186418,-0.4184100418409997,-5.1792828685259025,0.8474576271186418,-0.995492197789638,7.609285838318169,-3.973324675698575,-4.183790670736265,-6.761828211199528,38.59,57.63,0.39,51.76,0.39,51.76,False,132692,0,0,split,Q4,confirmed_distribution,1.0,0.0,1.0,4.5,0.0,0.0,6.5,,,,D_V1_weak_V2_weak,實際介入強度低（強度分 0.0/25）；全市場flow percentile偏低（外資P0、投信P52）；價格未確認（Q4、RS20 -4.18）
2845,遠東銀,金融保險,2026-08-10,other_watch,38,3,420,438,-18,45.436766623207305,43.02477183833116,-5911,1,-317,-6227,0,0,主力佈局,True,True,-1156.493,-4038.922,-5912.905,16091.636,-1156493,-4038922,-5912905,16091636,0.0,0.0,1.0,2052.0,0,0,1000,2052000,-0.17403957863054928,-0.2097269706096168,-0.20331837562753594,0.15660959610705597,0.0,0.0,3.4385530568736674e-05,0.019970802919708028,-0.20298140851428345,3.46239249499092e-05,1,4,1,5,0,0,reversing_positive,neutral,-0.37878787878786735,-1.1278195488721776,-1.4981273408239626,-1.4981273408239626,9.12863070539418,-0.995492197789638,7.609285838318169,-5.053041974681538,-0.5026351430343245,1.5193448670760104,58.15,76.53,8.34,88.92,8.34,88.92,False,-294519,-22481,0,split,Q4,confirmed_distribution,3.5,0.01,4.5,4.0,0.0,8.89,20.9,,,,,實際介入強度低（強度分 0.0/25）；價格未確認（Q4、RS20 -0.50）
2849,安泰銀,金融保險,2026-08-10,excluded,0,0,612,535,77,19.621903520208605,29.85658409387223,-231,0,-24,-255,2,0,外資鎖碼,True,True,13.0,-67.0,-231.0,762.3,13000,-67000,-231000,762300,0.0,0.0,0.0,0.0,0,0,0,0,0.40625,-0.15056179775280898,-0.2079207920792079,0.2357871945561398,0.0,0.0,0.0,0.0,-0.20736746530287029,0.0,2,7,0,0,2,0,reversing_positive,neutral,1.379310344827589,0.3412969283276279,-3.9215686274509887,0.3412969283276279,11.787072243346008,-0.995492197789638,7.609285838318169,-7.476483261308564,1.336789126117266,4.177786405027839,69.36,81.23,7.95,51.76,7.95,51.76,False,-24000,0,0,split,Q4,confirmed_distribution,0.0,0.0,3.5,4.0,0.0,0.0,7.5,,,,,連買天數不長，但V2不只依賴連買
2850,新產,金融保險,2026-08-10,other_watch,16,0,613,536,77,19.621903520208605,29.85658409387223,-70,0,-35,-105,0,0,主力佈局,True,True,-3.006,84.425,-70.69,408.126,-3006,84425,-70690,408126,0.0,0.0,0.0,27.0,0,0,0,27000,-0.018441717791411044,0.10921733505821475,-0.03768123667377399,0.07513365243004418,0.0,0.0,0.0,0.004970544918998527,-0.03505040977839131,0.0,1,4,0,3,0,0,reversing_positive,neutral,-0.9202453987730008,2.5396825396825307,-2.1212121212121238,11.379310344827577,22.34848484848484,-0.995492197789638,7.609285838318169,-5.676126755069699,12.374802542617214,14.739199010166672,95.57,89.7,35.07,51.76,35.07,51.76,False,-34464,-1000,0,split,Q4,confirmed_distribution,0.0,0.0,3.5,4.0,0.0,0.0,7.5,,,,,連買天數不長，但V2不只依賴連買
2851,中再保,金融保險,2026-08-10,excluded,0,5,238,379,-141,64.27640156453715,50.717079530638856,115,0,-76,39,2,0,外資鎖碼,True,True,254.0,458.912,114.329,1199.915,254000,458912,114329,1199915,0.0,0.0,0.0,0.0,0,0,0,0,0.19359756097560976,0.14394981179422836,0.022139620449264135,0.06658056819442904,0.0,0.0,0.0,0.0,0.024306961301229488,0.0,2,6,0,0,2,0,accelerating,neutral,1.5514809590973178,2.857142857142847,3.4482758620689724,-5.387647831800257,8.761329305135956,-0.995492197789638,7.609285838318169,-0.10663877178860304,-4.392155634010619,1.1520434668177861,38.07,75.75,53.59,51.76,53.59,51.76,False,-107000,29182,0,split,Q2,unconfirmed_accumulation,3.5,5.53,3.0,6.0,5.0,5.36,28.39,,,,,實際介入強度低（強度分 5.5/25）；全市場flow percentile偏低（外資P54、投信P52）；價格未確認（Q2、RS20 -4.39）
2852,第一保,金融保險,2026-08-10,excluded,0,0,614,509,105,19.621903520208605,33.96349413298566,-411,0,9,-402,0,0,主力佈局,True,True,-6.765,44.235,-411.765,755.784,-6765,44235,-411765,755784,0.0,0.0,0.0,0.0,0,0,0,0,-0.07434065934065934,0.06563056379821959,-0.2857494795281055,0.17799905793688178,0.0,0.0,0.0,0.0,-0.2839795983315992,0.0,1,6,0,0,0,0,reversing_positive,neutral,0.18621973929235924,1.1278195488721776,-0.37037037037037646,-0.37037037037037646,1.5094339622641506,-0.995492197789638,7.609285838318169,-3.925285004227952,0.6251218274192616,-6.099851876054019,65.71,60.23,5.08,51.76,5.08,51.76,False,9000,0,0,split,Q4,confirmed_distribution,1.0,0.0,3.0,4.0,0.0,0.0,8.0,,,,,連買天數不長，但V2不只依賴連買
2867,三商壽,金融保險,2026-08-10,high_priority_watch,57,7,79,254,-175,88.33116036505866,66.94915254237289,15349,0,-839,14510,10,0,外資鎖碼,True,True,992.075,13027.788,15350.221,64915.521,992075,13027788,15350221,64915521,0.0,0.0,0.0,0.0,0,0,0,0,0.0809262582592381,0.31416485000482297,0.21510658482924847,0.27949986652659137,0.0,0.0,0.0,0.0,0.21551382799566313,0.0,5,10,0,0,10,0,decelerating,neutral,-1.121304791029576,-0.7164790174002067,-1.2219959266802527,9.852774631936567,25.97402597402596,-0.995492197789638,7.609285838318169,-4.776910560537829,10.848266829726205,18.36474013570779,94.52,91.92,89.31,51.76,89.31,51.76,False,-839000,0,0,split,Q2,unconfirmed_accumulation,3.5,12.5,5.0,2.75,5.0,8.93,37.68,22.0,22.0,0.0,,V1連買訊號高（外資10日／投信0日）；價格未確認（Q2、RS20 +10.85）；近期flow正在減速
2880,華南金,金融保險,2026-08-10,other_watch,42,6,142,267,-125,81.42112125162973,65.31942633637549,-43458,38289,-2706,-7875,0,10,投信鎖碼,True,True,-10479.081,-32328.718,-43460.654,-66405.645,-10479081,-32328718,-43460654,-66405645,6747.0,24084.0,38289.085,62499.455,6747000,24084000,38289085,62499455,-0.40930712444340284,-0.4256354899017827,-0.3549952951170503,-0.2393375706418315,0.26353409889852353,0.31708665771387945,0.3127528874585464,0.22525897800011532,-0.35567836417364834,0.31273545940189257,0,0,5,10,0,10,stable,decelerating,-0.9009009009009028,0.4566210045662267,2.2067363530778206,12.82051282051282,34.96932515337423,-0.995492197789638,7.609285838318169,-1.3481782807797549,13.816005018302457,27.36003931505606,96.48,94.26,2.22,100.0,2.22,100.0,False,619623,-3326995,0,split,Q3,absorption_divergence,4.5,12.5,5.0,5.25,0.0,10.0,37.25,,,,,V1連買訊號高（外資0日／投信10日）；近期flow正在減速
2881,富邦金,金融保險,2026-08-10,high_priority_watch,60,12,28,105,-77,96.08865710560626,86.4406779661017,7152,779,-1882,6049,2,0,外資鎖碼,True,True,1901.269,3247.45,7151.898,6909.689,1901269,3247450,7151898,6909689,-50.563,-3374.795,778.232,16402.365,-50563,-3374795,778232,16402365,0.18263871277617674,0.07879673889306772,0.08328847430388149,0.03200471060140067,-0.004857156580211335,-0.08188666197559023,0.009063014591994783,0.07597345481157594,0.08414822136168705,0.009780638249946783,3,6,1,6,2,0,accelerating,reversing_negative,1.1811023622047223,-0.7722007722007707,-0.7722007722007707,1.1811023622047223,35.83509513742074,-0.995492197789638,7.609285838318169,-4.327115406058346,2.1765945599943604,28.22580929910257,74.84,94.52,70.4,93.87,70.4,93.87,True,-778659,-1104334,0,split,Q2,unconfirmed_accumulation,9.0,14.77,6.0,5.0,5.0,16.43,56.2,17.0,15.0,2.0,B_V1_strong_V2_weak,價格未確認（Q2、RS20 +2.18）；近期flow已轉負
2882,國泰金,金融保險,2026-08-10,buy_candidates,65,12,29,23,6,96.08865710560626,97.13168187744459,1010,3916,-2120,2806,2,0,外資鎖碼,True,True,2899.706,-955.191,1010.69,111.24,2899706,-955191,1010690,111240,-5.284,27.716,3915.204,22563.411,-5284,27716,3915204,22563411,0.20226743861607144,-0.021010294085300134,0.011950362995719725,0.0004756793739710504,-0.0003685825892857143,0.0006096386072190573,0.04629323432733464,0.09648462081204165,0.01479092841095378,0.04609073366076847,3,5,2,7,2,0,neutral,reversing_negative,1.609657947686105,0.4975124378109541,0.4975124378109541,4.446742502585321,31.6818774445893,-0.995492197789638,7.609285838318169,-3.0574021960466213,5.442234700374959,24.072591606271132,86.44,93.48,50.46,98.04,50.46,98.04,True,-660014,-1460885,0,split,Q1,confirmed_accumulation,9.0,14.56,6.0,1.0,25.0,14.85,70.41,4.0,9.0,-5.0,B_V1_strong_V2_weak,橫向強度高（外資P50、投信P98）；價格與RS同步確認（RS20 +5.44）
2883,凱基金,金融保險,2026-08-10,other_watch,41,15,7,2,5,99.21773142112124,99.86962190352021,26178,12006,-5651,32533,0,3,投信鎖碼,True,True,-1771.808,-25141.388,26176.219,51639.33,-1771808,-25141388,26176219,51639330,7178.434,15275.434,12005.551,31660.721,7178434,15275434,12005551,31660721,-0.0583349685576005,-0.2433916899008674,0.12705730539416268,0.10229316762311887,0.23634260692062029,0.14788020833333335,0.058273999000092225,0.06271722426146505,0.1311574465756339,0.05800509150853842,2,4,3,7,0,3,reversing_negative,accelerating,0.6482982171799101,-1.7405063291139222,2.1381578947368585,4.194630872483218,40.49773755656108,-0.995492197789638,7.609285838318169,-1.416756739120717,5.190123070272856,32.888451718242905,86.05,95.83,79.27,98.57,79.27,98.57,True,-1376781,-4275193,0,split,Q1,confirmed_accumulation,9.0,25.0,5.5,5.0,25.0,17.78,87.28,,,,A_V1_strong_V2_strong,5日資金強度分 25.0/25；橫向強度高（外資P79、投信P99）；價格與RS同步確認（RS20 +5.19）
2884,玉山金,金融保險,2026-08-10,high_priority_watch,57,6,143,393,-250,81.42112125162973,48.89178617992177,-18050,1586,-2660,-19124,0,3,投信鎖碼,True,True,-9388.677,-11307.114,-18052.243,27688.355,-9388677,-11307114,-18052243,27688355,357.067,2163.067,1585.295,4907.862,357067,2163067,1585295,4907862,-0.3553490405359373,-0.17008038386907537,-0.1268542165880807,0.06685618426263075,0.013514514969153325,0.03253661948526647,0.011139965005235161,0.011850502718834813,-0.12650336688702088,0.011151329855600354,1,5,3,7,0,3,stable,decelerating,-0.9174311926605561,-0.7874015748031593,-1.6905071521456594,9.248554913294793,18.681318681318658,-0.995492197789638,7.609285838318169,-5.245421786003234,10.24404711108443,11.072032843000489,93.74,87.48,16.43,94.52,16.43,94.52,False,-607262,-2054911,0,split,Q4,confirmed_distribution,3.5,2.78,6.0,5.25,0.0,9.45,26.98,21.0,24.0,-3.0,,V1連買訊號高（外資0日／投信3日）；實際介入強度低（強度分 2.8/25）；價格未確認（Q4、RS20 +10.24）；近期flow正在減速
2885,元大金,金融保險,2026-08-10,high_priority_watch,63,12,30,15,15,96.08865710560626,98.17470664928291,9753,1277,-1660,9370,2,0,外資鎖碼,True,True,6691.515,3982.488,9754.924,14807.296,6691515,3982488,9754924,14807296,-3964.51,-5434.51,1277.159,15121.255,-3964510,-5434510,1277159,15121255,0.33218402501985705,0.0654433233641174,0.08533222530332321,0.04832684179778655,-0.19680847895154885,-0.08930407204127913,0.01117208289230823,0.04935151550755714,0.08639180354125486,0.012144776955247323,4,6,3,8,2,0,accelerating,reversing_negative,0.7385524372230501,-1.729106628242083,0.2941176470588225,-0.14641288433381305,22.882882882882893,-0.995492197789638,7.609285838318169,-3.260796986798753,0.849079313455825,15.273597044564724,67.41,89.96,71.19,94.65,71.19,94.65,True,-277924,-1384436,0,split,Q1,confirmed_accumulation,9.0,15.29,7.0,5.0,25.0,16.58,77.87,23.0,6.0,17.0,A_V1_strong_V2_strong,5日資金強度分 15.3/25；橫向強度高（外資P71、投信P95）；價格與RS同步確認（RS20 +0.85）
2886,兆豐金,金融保險,2026-08-10,other_watch,52,6,144,241,-97,81.42112125162973,68.70925684485006,-56149,21237,10,-34902,0,10,投信鎖碼,True,True,-10581.58,-35959.015,-56151.273,-52459.062,-10581580,-35959015,-56151273,-52459062,2968.372,13337.372,21238.489,40141.758,2968372,13337372,21238489,40141758,-0.45465240182177535,-0.46606805868781914,-0.3922657496541992,-0.14879386320703877,0.12754025951705766,0.17286688959742852,0.1483694200326939,0.11385730169445374,-0.3918528383843067,0.14812615050989505,0,2,5,10,0,10,stable,decelerating,0.19646365422396617,-0.390625,-1.1627906976744207,8.51063829787233,29.77099236641223,-0.995492197789638,7.609285838318169,-4.717705331531996,9.506130495661967,22.16170652809406,93.09,93.09,1.56,99.87,1.56,99.87,False,2613671,-2603393,0,split,Q4,confirmed_distribution,4.5,12.5,6.0,5.25,0.0,9.99,38.24,,,,,V1連買訊號高（外資0日／投信10日）；價格未確認（Q4、RS20 +9.51）；近期flow正在減速
2887,台新新光金,金融保險,2026-08-10,high_priority_watch,61,12,31,12,19,96.08865710560626,98.56584093872229,24429,702,-4132,20999,2,2,強勢雙雄,True,True,6712.834,4970.068,24431.925,55458.536,6712834,4970068,24431925,55458536,4030.164,2774.164,701.382,7760.492,4030164,2774164,701382,7760492,0.18593562861812038,0.0395803741369287,0.1175668750270676,0.09693633250773885,0.1116296152674293,0.022092745821022705,0.0033750631577427782,0.013564613983601141,0.12041093222037931,0.0037774021850272817,4,7,2,5,2,2,accelerating,accelerating,2.1337126600284417,0.5602240896358524,1.6997167138810276,0.41958041958041203,55.4112554112554,-0.995492197789638,7.609285838318169,-1.8551979199765478,1.41507261737005,47.801969572937224,70.01,97.78,77.57,92.44,77.57,92.44,True,-1256657,-2874964,0,split,Q1,confirmed_accumulation,9.0,13.34,6.0,10.0,25.0,17.0,80.34,24.0,4.0,20.0,A_V1_strong_V2_strong,橫向強度高（外資P78、投信P92）；價格與RS同步確認（RS20 +1.42）；動能較佳（外資 accelerating／投信 accelerating）
2889,國票金,金融保險,2026-08-10,other_watch,48,3,421,403,18,45.436766623207305,47.58800521512386,-8334,1,-2,-8335,0,1,投信鎖碼,True,True,-579.251,-3489.251,-8334.251,-3194.714,-579251,-3489251,-8334251,-3194714,1.0,1.0,1.0,9.0,1000,1000,1000,9000,-0.15617444055001348,-0.2700449655599412,-0.34176375789387353,-0.04730526845736962,0.00026961445133459155,7.739339060444238e-05,4.1007135241532026e-05,0.00013326620665146444,-0.34208028540232743,4.1012991499623337e-05,2,4,1,3,0,1,stable,accelerating,0.32679738562091387,0.0,-1.2861736334405238,-3.154574132492116,5.136986301369872,-0.995492197789638,7.609285838318169,-4.841088267298099,-2.159081934702478,-2.472299536948297,46.81,68.84,2.87,89.05,2.87,89.05,False,44144,-45108,0,split,Q4,confirmed_distribution,4.5,0.01,3.5,8.5,0.0,8.9,25.41,,,,,動能較佳（外資 stable／投信 accelerating）；連買天數不長，但V2不只依賴連買
2890,永豐金,金融保險,2026-08-10,other_watch,47,5,239,178,61,64.27640156453715,76.92307692307693,19385,-3117,-3951,12317,2,0,外資鎖碼,True,True,311.678,1757.022,19386.6,46518.097,311678,1757022,19386600,46518097,-81.823,-1928.485,-3118.902,5563.162,-81823,-1928485,-3118902,5563162,0.029808530986993115,0.049609566027613856,0.22016466980864233,0.1699477458716937,-0.007825459066564651,-0.05445082869808284,-0.035419930725114984,0.020324280286424082,0.22162405177551847,-0.03521004931122238,4,8,1,5,2,0,decelerating,stable,-0.12836970474968679,-1.643489254108721,-2.871410736579272,-3.2338308457711573,27.54098360655737,-0.995492197789638,7.609285838318169,-6.426325370436848,-2.2383386479815193,19.9316977682392,46.41,92.31,89.44,3.0,89.44,3.0,False,-874603,-3077596,0,split,Q2,unconfirmed_accumulation,3.5,12.5,6.5,5.25,5.0,8.94,41.69,,,,C_V1_weak_V2_strong,差異主要來自V1離散加分與V2連續型強度／排名分數
2891,中信金,金融保險,2026-08-10,buy_candidates,71,14,21,8,13,97.78357235984355,99.08735332464146,34859,2444,-3369,33934,8,1,強勢雙雄,True,True,1602.937,9510.538,34862.268,68108.509,1602937,9510538,34862268,68108509,2891.311,2208.311,2443.67,15810.237,2891311,2208311,2443670,15810237,0.07051766310325107,0.12621145526448496,0.22896838261372143,0.18178460015053408,0.12719682372090976,0.02930582318125116,0.016049534343023027,0.0421982165448693,0.22969090239886922,0.01628510315012253,5,9,2,5,8,1,decelerating,accelerating,1.371951219512213,0.7575757575757569,2.6234567901234573,0.0,21.350364963503665,-0.995492197789638,7.609285838318169,-0.9314578437341181,0.995492197789638,13.741079125185497,68.12,89.05,90.35,95.7,90.35,95.7,True,-908000,-2462807,0,split,Q1,confirmed_accumulation,9.0,16.51,7.0,6.75,25.0,18.61,82.87,1.0,3.0,-2.0,A_V1_strong_V2_strong,5日資金強度分 16.5/25；橫向強度高（外資P90、投信P96）；價格與RS同步確認（RS20 +1.00）
2892,第一金,金融保險,2026-08-10,other_watch,37,6,145,246,-101,81.42112125162973,68.0573663624511,-84374,13239,5397,-65738,0,10,投信鎖碼,True,True,-17899.558,-52254.323,-84377.146,-91629.896,-17899558,-52254323,-84377146,-91629896,1718.341,10370.341,13240.208,19590.241,1718341,10370341,13240208,19590241,-0.3484505830364617,-0.38840113128730386,-0.35164470097937073,-0.1800679082582149,0.0334509334423485,0.07708170243130143,0.05517902896436758,0.03849806529458813,-0.3513617970651579,0.0552351115726169,0,2,5,10,0,10,stable,decelerating,-1.6877637130801482,-2.646239554317542,-2.781641168289295,3.8632986627043175,18.47457627118645,-0.995492197789638,7.609285838318169,-6.33655580214687,4.858790860493956,10.865290432868282,85.27,87.22,2.35,98.31,2.35,98.31,False,5772244,-374170,0,split,Q4,confirmed_distribution,4.5,12.5,6.0,5.25,0.0,9.83,38.08,,,,,V1連買訊號高（外資0日／投信10日）；價格未確認（Q4、RS20 +4.86）；近期flow正在減速
2897,王道銀行,金融保險,2026-08-10,excluded,0,0,615,537,78,19.621903520208605,29.85658409387223,-224,-1334,-456,-2014,0,0,主力佈局,True,True,-617.171,-893.171,-224.171,8434.103,-617171,-893171,-224171,8434103,0.0,0.0,-1334.0,-2669.0,0,0,-1334000,-2669000,-0.24005095293660053,-0.11138184312258387,-0.014848711664569119,0.17792340147248065,0.0,0.0,-0.0883619262105054,-0.05630445330464317,-0.014147311498168908,-0.08860393517433228,2,7,0,0,0,0,reversing_positive,neutral,0.0,-0.9756097560975618,-0.4901960784313597,-3.3333333333333326,0.995024875621886,-0.995492197789638,7.609285838318169,-4.045110712288935,-2.3378411355436945,-6.614260962696283,45.89,58.6,42.11,0.65,42.11,0.65,False,-439000,-17000,0,split,Q4,confirmed_distribution,0.0,0.0,3.5,4.0,0.0,0.0,7.5,,,,,連買天數不長，但V2不只依賴連買
2901,欣欣,貿易百貨,2026-08-10,excluded,0,5,240,308,-68,64.27640156453715,59.97392438070405,12,0,-7,5,0,0,主力佈局,True,True,0.0,3.0,12.0,30.3,0,3000,12000,30300,0.0,0.0,0.0,0.0,0,0,0,0,0.0,0.17647058823529413,0.23076923076923078,0.28317757009345795,0.0,0.0,0.0,0.0,0.23237410071942446,0.0,2,5,0,0,0,0,decelerating,neutral,-0.4166666666666763,0.20964360587001352,-1.6460905349794275,1.4861995753715496,4.366812227074246,-0.995492197789638,7.609285838318169,-5.201005168837003,2.4816917731611876,-3.2424736112439234,76.27,67.41,90.61,51.76,90.61,51.76,False,-7000,0,0,mixed,Q2,unconfirmed_accumulation,3.5,12.5,2.5,2.75,5.0,9.06,35.31,,,,,價格未確認（Q2、RS20 +2.48）；近期flow正在減速
2903,遠百,貿易百貨,2026-08-10,excluded,0,0,616,469,147,19.621903520208605,38.85267275097783,-1892,0,142,-1750,2,0,外資鎖碼,True,True,20.114,-299.521,-1892.331,1890.222,20114,-299521,-1892331,1890222,0.0,0.0,0.0,373.0,0,0,0,373000,0.03444178082191781,-0.10115535292131037,-0.2900568669527897,0.09475271943455812,0.0,0.0,0.0,0.018697679081658227,-0.2897546127780139,0.0,2,6,0,5,2,0,reversing_positive,neutral,0.2272727272727204,0.2272727272727204,-1.342281879194629,0.2272727272727204,-1.342281879194629,-0.995492197789638,7.609285838318169,-4.897196513052204,1.2227649250623585,-8.951567717512798,68.97,49.41,4.82,51.76,4.82,51.76,False,157782,-15000,0,split,Q4,confirmed_distribution,1.0,0.0,5.5,4.0,0.0,0.0,10.5,,,,,差異主要來自V1離散加分與V2連續型強度／排名分數
2904,匯僑,其他,2026-08-10,excluded,0,2,456,351,105,41.19947848761408,54.367666232073006,5,0,-10,-5,1,0,外資鎖碼,True,True,10.0,12.0,5.0,12.4,10000,12000,5000,12400,0.0,0.0,0.0,0.0,0,0,0,0,0.37037037037037035,0.14814814814814814,0.034482758620689655,0.04025974025974026,0.0,0.0,0.0,0.0,0.033533873921004445,0.0,3,6,0,0,1,0,accelerating,neutral,-1.1363636363636243,-1.1363636363636243,-1.8796992481203034,-6.451612903225801,-15.533980582524265,-0.995492197789638,7.609285838318169,-5.434613881977879,-5.456120705436163,-23.143266420842433,35.59,16.82,56.71,51.76,56.71,51.76,False,-10000,0,0,split,Q2,unconfirmed_accumulation,3.5,8.62,3.0,6.0,5.0,5.67,31.79,,,,,連買天數不長，但V2不只依賴連買
2905,三商,貿易百貨,2026-08-10,excluded,0,2,457,538,-81,41.19947848761408,29.85658409387223,-132,0,-39,-171,3,0,外資鎖碼,True,True,18.829,330.961,-131.788,2907.94,18829,330961,-131788,2907940,0.0,0.0,0.0,0.0,0,0,0,0,0.029374414976599064,0.12381631126075571,-0.024665543702040053,0.20829023708903374,0.0,0.0,0.0,0.0,-0.02461154119440274,0.0,3,7,0,0,3,0,reversing_positive,neutral,0.6097560975609762,0.917431192660545,-3.2258064516129115,7.491856677524433,23.59550561797754,-0.995492197789638,7.609285838318169,-6.780721085470487,8.487348875314071,15.986219779659372,91.66,90.35,38.59,51.76,38.59,51.76,False,-39000,0,0,split,Q4,confirmed_distribution,0.0,0.0,3.5,4.0,0.0,0.0,7.5,,,,,V1連買訊號高（外資3日／投信0日）；實際介入強度低（強度分 0.0/25）；全市場flow percentile偏低（外資P39、投信P52）；價格未確認（Q4、RS20 +8.49）
2906,高林,貿易百貨,2026-08-10,excluded,0,5,241,309,-68,64.27640156453715,59.843546284224246,63,0,-43,20,2,0,外資鎖碼,True,True,2.0,10.0,63.0,340.7,2000,10000,63000,340700,0.0,0.0,0.0,0.0,0,0,0,0,0.016,0.02824858757062147,0.09767441860465116,0.1654686741136474,0.0,0.0,0.0,0.0,0.09722601560366223,0.0,4,8,0,0,2,0,decelerating,neutral,2.6615969581748944,4.6511627906976605,5.46875,-2.877697841726623,10.20408163265305,-0.995492197789638,7.609285838318169,1.9138353661424246,-1.882205643936985,2.594795794334881,48.63,78.36,73.14,51.76,73.14,51.76,False,-43000,0,0,split,Q2,unconfirmed_accumulation,3.5,12.5,4.0,2.75,5.0,7.31,35.06,,,,,價格未確認（Q2、RS20 -1.88）；近期flow正在減速
2908,特力,貿易百貨,2026-08-10,excluded,0,0,617,726,-109,19.621903520208605,5.215123859191656,-256,0,-33,-289,1,0,外資鎖碼,True,True,4.0,-156.998,-256.998,13.759,4000,-156998,-256998,13759,0.0,0.0,0.0,0.0,0,0,0,0,0.038461538461538464,-0.34354048140043764,-0.3041396449704142,0.006637240713941148,0.0,0.0,0.0,0.0,-0.30247232263094476,0.0,1,6,0,0,1,0,neutral,neutral,1.3953488372093092,-0.9090909090909038,0.4608294930875667,0.0,5.060240963855422,-0.995492197789638,7.609285838318169,-3.0940851407700087,0.995492197789638,-2.549044874462747,68.12,68.71,3.78,51.76,3.78,51.76,False,-33000,0,0,split,Q3,absorption_divergence,0.0,0.0,3.0,2.0,0.0,0.0,5.0,,,,D_V1_weak_V2_weak,實際介入強度低（強度分 0.0/25）；全市場flow percentile偏低（外資P4、投信P52）
2910,統領,貿易百貨,2026-08-10,excluded,0,5,242,303,-61,64.27640156453715,60.625814863103,40,0,-9,31,0,0,主力佈局,True,True,0.0,36.0,40.0,76.1,0,36000,40000,76100,0.0,0.0,0.0,0.0,0,0,0,0,0.0,0.391304347826087,0.26143790849673204,0.0810436634717785,0.0,0.0,0.0,0.0,0.2595768329959112,0.0,3,5,0,0,0,0,decelerating,neutral,1.2371134020618513,-0.6072874493927016,-1.9960079840319334,9.843400447427285,10.5855855855856,-0.995492197789638,7.609285838318169,-5.550922617889508,10.838892645216923,2.97629974726743,94.39,79.53,93.09,51.76,93.09,51.76,False,-9128,0,0,split,Q2,unconfirmed_accumulation,3.5,12.5,2.5,2.75,5.0,9.31,35.56,,,,,價格未確認（Q2、RS20 +10.84）；近期flow正在減速
2912,統一超,貿易百貨,2026-08-10,excluded,0,5,243,184,59,64.27640156453715,76.14080834419818,4063,-778,-102,3183,0,0,主力佈局,True,True,-428.46,1100.98,4064.69,9114.641,-428460,1100980,4064690,9114641,-1.31,-371.31,-779.241,-304.223,-1310,-371310,-779241,-304223,-0.2820671494404213,0.18401805114491057,0.309549158479933,0.24819979304523052,-0.0008624094799210007,-0.06206083904395788,-0.05934361434772675,-0.008284263268251504,0.31014496385847823,-0.05942312526573381,4,7,0,3,0,0,decelerating,stable,-0.6787330316742057,-0.9029345372460473,-0.45351473922902175,-8.350730688935283,-3.0905077262693204,-0.995492197789638,7.609285838318169,-4.008429373086598,-7.355238491145645,-10.69979356458749,27.38,43.29,96.22,1.69,96.22,1.69,False,-69000,-33661,0,split,Q2,unconfirmed_accumulation,3.5,12.5,5.0,5.25,5.0,9.62,40.87,,,,C_V1_weak_V2_strong,差異主要來自V1離散加分與V2連續型強度／排名分數
2915,潤泰全,貿易百貨,2026-08-10,other_watch,28,12,32,21,11,96.08865710560626,97.39243807040417,1096,1,-138,959,2,0,外資鎖碼,True,True,1654.57,1607.373,1096.02,7159.605,1654570,1607373,1096020,7159605,0.0,0.0,1.0,1.0,0,0,1000,1000,0.5589763513513514,0.2533690100882724,0.11209040703620372,0.28397608281770587,0.0,0.0,0.00010227040294538761,3.966365222909726e-05,0.11737179772101212,0.00010151655542960709,3,8,1,1,2,0,accelerating,neutral,2.8901734104046284,3.0888030888030826,1.7142857142857126,5.952380952380953,24.912280701754376,-0.995492197789638,7.609285838318169,-1.8406289195718628,6.947873150170592,17.302994863436208,88.66,91.53,76.53,89.7,76.53,89.7,True,-66000,-72685,0,split,Q1,confirmed_accumulation,9.0,12.53,4.5,6.0,25.0,16.62,73.65,,,,B_V1_strong_V2_weak,橫向強度高（外資P77、投信P90）；價格與RS同步確認（RS20 +6.95）；連買天數不長，但V2不只依賴連買
2916,滿心,38,2026-08-10,excluded,0,0,618,539,79,19.621903520208605,29.85658409387223,-2,0,0,-2,0,0,主力佈局,True,True,0.0,-2.0,-2.0,73.0,0,-2000,-2000,73000,0.0,0.0,0.0,0.0,0,0,0,0,0.0,-0.013605442176870748,-0.008368200836820083,0.13984674329501914,0.0,0.0,0.0,0.0,-0.008476528308840468,0.0,2,7,0,0,0,0,reversing_positive,neutral,-0.3640776699029291,1.3580246913580174,2.4968789013732895,1.7348203221809078,-11.815252416756172,-0.995492197789638,7.609285838318169,-1.058035732484286,2.730312519970546,-19.424538255074342,77.44,23.21,44.33,51.76,44.33,51.76,False,0,0,0,split,Q3,absorption_divergence,0.0,0.0,3.5,4.0,0.0,0.0,7.5,,,,,連買天數不長，但V2不只依賴連買
2923,鼎固-KY,建材營建,2026-08-10,excluded,0,0,619,510,109,19.621903520208605,33.96349413298566,-311,0,-105,-416,0,0,主力佈局,True,True,-7.0,-102.448,-309.681,368.749,-7000,-102448,-309681,368749,0.0,0.0,0.0,0.0,0,0,0,0,-0.1111111111111111,-0.17074666666666666,-0.22424402606806662,0.09265050251256281,0.0,0.0,0.0,0.0,-0.22712714966615768,0.0,2,7,0,0,0,0,stable,neutral,1.2867647058823595,-5.972696245733788,-16.515151515151516,-4.173913043478262,25.799086757990874,-0.995492197789638,7.609285838318169,-20.07006614900909,-3.1784208456886236,18.189800919672706,42.76,91.79,6.91,51.76,6.91,51.76,False,-86000,-19000,0,split,Q4,confirmed_distribution,0.0,0.0,3.5,4.5,0.0,0.0,8.0,,,,,連買天數不長，但V2不只依賴連買
2926,誠品生活,文化創意,2026-08-10,excluded,0,5,244,358,-114,64.27640156453715,53.38983050847458,3,0,0,3,0,0,主力佈局,True,True,0.0,3.0,3.0,5.0,0,3000,3000,5000,0.0,0.0,0.0,0.0,0,0,0,0,0.0,0.08571428571428572,0.047619047619047616,0.03164556962025317,0.0,0.0,0.0,0.0,0.04754713050723883,0.0,2,4,0,0,0,0,decelerating,neutral,-0.6578947368421018,-1.3071895424836666,-1.788617886178867,-7.07692307692308,-16.227461858529814,-0.995492197789638,7.609285838318169,-5.343532520036442,-6.081430879133443,-23.836747696847983,33.51,15.91,59.97,51.76,59.97,51.76,False,0,0,0,mixed,Q2,unconfirmed_accumulation,3.5,11.9,2.0,2.75,5.0,6.0,31.15,,,,,全市場flow percentile偏低（外資P60、投信P52）；價格未確認（Q2、RS20 -6.08）；近期flow正在減速
2939,永邑-KY,貿易百貨,2026-08-10,excluded,0,0,620,643,-23,19.621903520208605,16.558018252933508,-10,0,-1,-11,0,0,主力佈局,True,True,-7.0,-8.0,-10.0,2.0,-7000,-8000,-10000,2000,0.0,0.0,0.0,0.0,0,0,0,0,-0.059322033898305086,-0.053691275167785234,-0.04716981132075472,0.0039447731755424065,0.0,0.0,0.0,0.0,-0.0478241497103817,0.0,1,4,0,0,0,0,stable,neutral,3.70370370370372,7.692307692307709,3.4300791556728383,3.70370370370372,-17.29957805907172,-0.995492197789638,7.609285838318169,-0.12483547818473717,4.699195901493358,-24.90886389738989,84.49,14.08,33.12,51.76,33.12,51.76,False,-1000,0,0,split,Q3,absorption_divergence,0.0,0.0,2.0,4.5,0.0,0.0,6.5,,,,D_V1_weak_V2_weak,實際介入強度低（強度分 0.0/25）；全市場flow percentile偏低（外資P33、投信P52）
2945,三商家購,貿易百貨,2026-08-10,excluded,0,5,245,322,-77,64.27640156453715,58.148631029986966,5,0,3,8,1,0,外資鎖碼,True,True,2.0,3.0,5.0,26.2,2000,3000,5000,26200,0.0,0.0,0.0,0.0,0,0,0,0,0.047619047619047616,0.05172413793103448,0.06578947368421052,0.2062992125984252,0.0,0.0,0.0,0.0,0.06599685423554714,0.0,3,8,0,0,1,0,decelerating,neutral,-2.877697841726623,-2.644230769230771,-1.4598540145985384,-0.9779951100244433,-0.49140049140049546,-0.995492197789638,7.609285838318169,-5.014768648456114,0.017497087765194763,-8.100686329718664,61.8,53.06,65.06,51.76,65.06,51.76,False,-2000,5000,0,split,Q2,unconfirmed_accumulation,3.5,12.5,4.0,2.75,5.0,6.51,34.26,,,,,全市場flow percentile偏低（外資P65、投信P52）；價格未確認（Q2、RS20 +0.02）；近期flow正在減速
3002,歐格,電腦週邊,2026-08-10,excluded,0,5,246,452,-206,64.27640156453715,41.19947848761408,5,0,-1,4,1,0,外資鎖碼,True,True,15.0,-43.0,5.0,31.633,15000,-43000,5000,31633,0.0,0.0,0.0,0.0,0,0,0,0,0.07352941176470588,-0.10776942355889724,0.007530120481927711,0.01744787644787645,0.0,0.0,0.0,0.0,0.007063869531508579,0.0,3,5,0,0,1,0,reversing_negative,neutral,2.114803625377637,2.4242424242424176,3.9999999999999813,-14.646464646464652,-1.1695906432748648,-0.995492197789638,7.609285838318169,0.4450853661424059,-13.650972448675015,-8.778876481593034,13.04,49.8,49.41,51.76,49.41,51.76,False,-2000,-235,0,split,Q2,unconfirmed_accumulation,3.5,1.88,2.5,1.0,5.0,4.94,18.82,,,,,實際介入強度低（強度分 1.9/25）；全市場flow percentile偏低（外資P49、投信P52）；價格未確認（Q2、RS20 -13.65）；近期flow已轉負
3003,健和興,電子零組件,2026-08-10,excluded,0,7,80,45,35,88.33116036505866,94.26336375488917,1832,0,44,1876,4,0,外資鎖碼,True,True,1392.0,1632.0,1832.146,2017.044,1392000,1632000,1832146,2017044,0.0,0.0,0.0,0.0,0,0,0,0,0.2917015926236379,0.2644628099173554,0.26502907565456385,0.20832927081181574,0.0,0.0,0.0,0.0,0.2676809774283286,0.0,4,7,0,0,4,0,accelerating,neutral,9.919999999999995,15.462184873949592,20.315236427320492,7.176287051482078,12.62295081967213,-0.995492197789638,7.609285838318169,16.760321793462918,8.171779249271715,5.013664981353961,91.13,82.4,93.61,51.76,93.61,51.76,False,24593,19199,0,split,Q1,confirmed_accumulation,4.5,12.5,3.5,6.0,25.0,9.36,60.86,,,,,價格與RS同步確認（RS20 +8.17）；連買天數不長，但V2不只依賴連買
3005,神基,電腦週邊,2026-08-10,other_watch,48,2,458,390,68,41.19947848761408,49.34810951760104,324,-195,-353,-224,0,0,主力佈局,True,True,-208.216,88.371,323.664,6282.465,-208216,88371,323664,6282465,0.0,-12.82,-197.334,-410.84,0,-12820,-197334,-410840,-0.05923641536273115,0.009987680831826402,0.022492286309937458,0.167304865383079,0.0,-0.0014489150090415913,-0.013713273106323837,-0.010940853772203137,0.02274597789248468,-0.013638562466626225,2,7,0,3,0,0,decelerating,neutral,-0.43478260869564966,-0.43478260869564966,0.0,-0.43478260869564966,10.6280193236715,-0.995492197789638,7.609285838318169,-3.5549146338575754,0.5607095890939884,3.018733485353331,64.93,79.92,53.85,6.0,53.85,6.0,False,-46391,-308903,0,split,Q2,unconfirmed_accumulation,3.5,5.62,5.0,2.75,5.0,5.38,27.25,,,,,差異主要來自V1離散加分與V2連續型強度／排名分數
3013,晟銘電,電腦週邊,2026-08-10,excluded,0,5,247,419,-172,64.27640156453715,45.5019556714472,73,0,21,94,1,0,外資鎖碼,True,True,191.06,39.392,72.401,1585.856,191060,39392,72401,1585856,0.0,0.0,0.0,7.0,0,0,0,7000,0.18731372549019606,0.012852202283849918,0.014157411028549081,0.10595683837776441,0.0,0.0,0.0,0.0004676955969800227,0.015031382558476148,0.0,3,7,0,4,1,0,reversing_negative,neutral,2.4676850763807323,3.073286052009472,9.000000000000007,-12.361809045226124,-17.345971563981045,-0.995492197789638,7.609285838318169,5.445085366142432,-11.366316847436487,-24.955257402299214,17.21,13.95,51.5,51.76,51.5,51.76,False,-12032,34596,0,split,Q2,unconfirmed_accumulation,3.5,3.54,5.5,1.0,5.0,5.15,23.69,,,,,實際介入強度低（強度分 3.5/25）；全市場flow percentile偏低（外資P52、投信P52）；價格未確認（Q2、RS20 -11.37）；近期flow已轉負
3017,奇鋐,電腦週邊,2026-08-10,wait_pullback,42,15,8,5,3,99.21773142112124,99.47848761408083,3077,2606,30,5713,0,8,投信鎖碼,True,True,-294.723,1775.852,3076.613,3072.685,-294723,1775852,3076613,3072685,120.179,1555.379,2606.789,4153.543,120179,1555379,2606789,4153543,-0.08861184606133493,0.10517957829898128,0.10888738276411254,0.06304107424960506,0.03613319302465424,0.09212147595356551,0.09225938771898778,0.08521661434931577,0.11170136943589275,0.0923569656755164,3,4,5,9,0,8,reversing_negative,decelerating,-0.7181328545781018,1.2820512820512775,8.4313725490196,24.269662921348313,8.219178082191792,-0.995492197789638,7.609285838318169,4.876457915162024,25.26515511913795,0.609892243873623,99.35,75.1,75.88,99.48,75.88,99.48,True,97328,-66478,0,split,Q1,confirmed_accumulation,10.0,25.0,6.5,1.75,25.0,17.54,85.79,,,,A_V1_strong_V2_strong,5日資金強度分 25.0/25；橫向強度高（外資P76、投信P99）；價格與RS同步確認（RS20 +25.27）
3018,隆銘綠能,其他電子,2026-08-10,excluded,0,5,248,311,-63,64.27640156453715,59.58279009126467,93,0,-1,92,1,0,外資鎖碼,True,True,3.0,30.0,93.0,168.0,3000,30000,93000,168000,0.0,0.0,0.0,0.0,0,0,0,0,0.031914893617021274,0.14285714285714285,0.22518159806295399,0.0740414279418246,0.0,0.0,0.0,0.0,0.22748062941598116,0.0,4,8,0,0,1,0,reversing_negative,neutral,-1.7543859649122862,-0.3558718861210064,-2.4390243902439046,16.666666666666675,32.07547169811322,-0.995492197789638,7.609285838318169,-5.99393902410148,17.662158864456313,24.46618585979505,97.39,93.61,89.96,51.76,89.96,51.76,False,-1000,0,0,mixed,Q2,unconfirmed_accumulation,3.5,12.5,4.0,1.0,5.0,9.0,35.0,,,,,價格未確認（Q2、RS20 +17.66）；近期flow已轉負
3021,鴻名,電子零組件,2026-08-10,excluded,0,5,249,431,-182,64.27640156453715,43.9374185136897,3,0,-1,2,1,0,外資鎖碼,True,True,24.0,47.0,3.0,116.05,24000,47000,3000,116050,0.0,0.0,0.0,0.0,0,0,0,0,0.2696629213483146,0.12239583333333333,0.002849002849002849,0.04536747458952307,0.0,0.0,0.0,0.0,0.002127760391164943,0.0,2,5,0,0,1,0,accelerating,neutral,1.449275362318847,-0.23752969121140222,4.218362282878418,-15.662650602409634,23.529411764705888,-0.995492197789638,7.609285838318169,0.663447649020843,-14.667158404619997,15.920125926387719,11.08,90.22,47.2,51.76,47.2,51.76,False,-1000,0,0,split,Q2,unconfirmed_accumulation,3.5,0.71,2.5,6.0,5.0,4.72,22.43,,,,,實際介入強度低（強度分 0.7/25）；全市場flow percentile偏低（外資P47、投信P52）；價格未確認（Q2、RS20 -14.67）
3023,信邦,電子零組件,2026-08-10,other_watch,51,6,146,194,-48,81.42112125162973,74.83702737940025,-142,753,-587,24,1,0,外資鎖碼,True,True,593.843,-647.073,-141.384,313.482,593843,-647073,-141384,313482,0.0,544.0,753.0,1052.0,0,544000,753000,1052000,0.3607794653705954,-0.13243409742120343,-0.01839261090152205,0.016640938528506212,0.0,0.11133851821530905,0.09795759073760894,0.05584456948720671,-0.019495131001022712,0.09813816165438918,2,4,4,9,1,0,neutral,decelerating,-1.1006289308176154,-1.1006289308176154,5.008347245409017,-2.9320987654321007,7.337883959044378,-0.995492197789638,7.609285838318169,1.4534326115514418,-1.9366065676424626,-0.27140187927379156,48.11,72.75,40.29,99.61,40.29,99.61,False,-541230,-46049,0,split,Q2,unconfirmed_accumulation,3.5,12.5,6.5,2.75,5.0,9.96,40.21,,,,,價格未確認（Q2、RS20 -1.94）；近期flow正在減速
3027,盛達,通信網路,2026-08-10,excluded,0,7,81,258,-177,88.33116036505866,66.49282920469362,223,0,-51,172,9,0,外資鎖碼,True,True,33.0,134.0,223.306,493.109,33000,134000,223306,493109,0.0,0.0,0.0,0.0,0,0,0,0,0.20625,0.3182897862232779,0.2719926918392205,0.17990113097409705,0.0,0.0,0.0,0.0,0.2720427911949395,0.0,5,9,0,0,9,0,decelerating,neutral,0.0,0.8130081300813163,2.197802197802212,-6.999999999999995,5.982905982905984,-0.995492197789638,7.609285838318169,-1.3571124360553632,-6.004507802210357,-1.6263798554121855,34.16,70.01,94.13,51.76,94.13,51.76,False,-51414,0,0,split,Q2,unconfirmed_accumulation,3.5,12.5,4.5,2.75,5.0,9.41,37.66,,,,,V1連買訊號高（外資9日／投信0日）；價格未確認（Q2、RS20 -6.00）；近期flow正在減速
3029,零壹,資訊服務,2026-08-10,high_priority_watch,53,5,250,137,113,64.27640156453715,82.26857887874837,612,-5,-5,602,0,0,主力佈局,True,True,-275.055,20.878,614.413,2687.877,-275055,20878,614413,2687877,0.0,-0.82,-5.98,2.863,0,-820,-5980,2863,-0.23408936170212766,0.0034401054539462844,0.0721650223161851,0.14913593741330522,0.0,-0.00013511286867688252,-0.0007023725628376791,0.00015885257726238694,0.07105028295595081,-0.000691105341198257,4,7,0,1,0,0,reversing_negative,neutral,-0.45662100456621557,1.869158878504673,4.807692307692313,6.8627450980392135,12.139917695473246,-0.995492197789638,7.609285838318169,1.2527776738347374,7.858237295828852,4.530631857155076,90.22,81.62,67.28,12.52,67.28,12.52,False,-2600,-4337,0,split,Q1,confirmed_accumulation,3.5,12.5,4.0,1.0,25.0,6.73,52.73,20.0,17.0,3.0,C_V1_weak_V2_strong,價格與RS同步確認（RS20 +7.86）；連買天數不長，但V2不只依賴連買
3031,佰鴻,光電業,2026-08-10,excluded,0,0,621,587,34,19.621903520208605,23.598435462842243,-32,0,-8,-40,1,0,外資鎖碼,True,True,283.0,243.653,-33.867,475.096,283000,243653,-33867,475096,0.0,0.0,0.0,0.0,0,0,0,0,0.4913194444444444,0.1550942075111394,-0.009332322953981812,0.048827954779033914,0.0,0.0,0.0,0.0,-0.009017331734392455,0.0,2,6,0,0,1,0,reversing_positive,neutral,2.643171806167399,0.4310344827586299,7.870370370370372,-19.793459552495698,-22.33333333333333,-0.995492197789638,7.609285838318169,4.315455736512797,-18.79796735470606,-29.942619171651497,7.69,9.52,44.07,51.76,44.07,51.76,False,-8000,0,0,split,Q4,confirmed_distribution,0.0,0.0,3.0,4.0,0.0,0.0,7.0,,,,D_V1_weak_V2_weak,連買天數不長，但V2不只依賴連買
3032,偉訓,電子零組件,2026-08-10,excluded,0,5,251,152,99,64.27640156453715,80.3129074315515,365,0,-11,354,0,0,主力佈局,True,True,-211.0,-388.091,364.909,245.23,-211000,-388091,364909,245230,0.0,0.0,0.0,0.0,0,0,0,0,-0.46271929824561403,-0.143471719038817,0.06683315018315018,0.028531704479348458,0.0,0.0,0.0,0.0,0.07187240775994588,0.0,2,3,0,0,0,0,reversing_negative,neutral,-1.0948905109489093,-6.659012629161875,2.9113924050632844,1.7521902377972465,1.4981273408239737,-0.995492197789638,7.609285838318169,-0.643522228794291,2.7476824355868845,-6.111158497494196,77.71,59.97,65.58,51.76,65.58,51.76,False,-28251,16581,0,split,Q1,confirmed_accumulation,3.5,12.5,1.5,1.0,25.0,6.56,50.06,,,,C_V1_weak_V2_strong,價格與RS同步確認（RS20 +2.75）；連買天數不長，但V2不只依賴連買
3034,聯詠,半導體業,2026-08-10,other_watch,54,7,82,34,48,88.33116036505866,95.69752281616688,5691,-809,-434,4448,10,1,強勢雙雄,True,True,636.858,1077.445,5694.594,8867.716,636858,1077445,5694594,8867716,12.436,-125.049,-809.937,-524.765,12436,-125049,-809937,-524765,0.21200332889480691,0.11367851867482591,0.2638584931887684,0.19268846830794636,0.0041398135818908124,-0.013193606246043469,-0.03752835696413678,-0.011402729188848569,0.26313169527053526,-0.037393952491930366,5,10,1,4,10,1,accelerating,neutral,0.36900369003689537,-1.0909090909090868,4.816955684007707,16.36363636363636,10.344827586206895,-0.995492197789638,7.609285838318169,1.2620410501501311,17.359128561425997,2.7355417478887256,97.13,79.2,93.48,2.61,93.48,2.61,False,-127410,-309811,0,split,Q1,confirmed_accumulation,3.5,12.5,7.0,6.0,25.0,9.35,63.35,,,,,價格與RS同步確認（RS20 +17.36）
3042,晶技,電子零組件,2026-08-10,excluded,0,12,33,296,-263,96.08865710560626,61.53846153846154,1065,121,-389,797,0,0,主力佈局,True,True,-137.623,-1453.023,1063.946,10879.3,-137623,-1453023,1063946,10879300,0.0,-9.0,120.9,-119.1,0,-9000,120900,-119100,-0.009728757245864555,-0.04119713637652396,0.013754957983193277,0.07045266157233519,0.0,-0.00025517436915225406,0.0015630252100840335,-0.0007712731511462246,0.013965760250492818,0.0015211155575253214,2,6,1,2,0,0,reversing_negative,reversing_negative,7.440476190476186,1.9774011299435124,16.828478964401295,-6.718346253229979,20.735785953177267,-0.995492197789638,7.609285838318169,13.27356433054372,-5.72285405544034,13.126500114859098,34.94,88.53,51.37,91.4,51.37,91.4,True,-266506,-123329,0,split,Q2,unconfirmed_accumulation,9.0,3.83,4.0,0.0,5.0,14.28,36.11,,,,B_V1_strong_V2_weak,實際介入強度低（強度分 3.8/25）；價格未確認（Q2、RS20 -5.72）；近期flow已轉負
3045,台灣大,通信網路,2026-08-10,excluded,0,0,622,458,164,19.621903520208605,40.41720990873533,-3832,-897,-86,-4815,0,0,主力佈局,True,True,-2005.204,-1349.718,-3832.561,16276.106,-2005204,-1349718,-3832561,16276106,-73.239,78.824,-898.659,410.363,-73239,78824,-898659,410363,-0.20665814696485624,-0.06294739296707397,-0.09951602098047362,0.14864838255977497,-0.007548077914047202,0.0036761496129092434,-0.023334519110926464,0.0037478126655341847,-0.09912872546702954,-0.023353281569444675,2,7,2,6,0,0,stable,reversing_positive,-0.8968609865470878,0.0,-1.3392857142857095,0.9132420091324311,-3.913043478260869,-0.995492197789638,7.609285838318169,-4.8942003481432845,1.9087342069220692,-11.52232931657904,72.88,40.94,20.34,4.3,20.34,4.3,False,332428,-417354,0,split,Q4,confirmed_distribution,1.0,0.0,6.5,6.5,0.0,0.0,14.0,,,,,差異主要來自V1離散加分與V2連續型強度／排名分數
3048,益登,電子通路,2026-08-10,excluded,0,0,623,588,35,19.621903520208605,23.598435462842243,-8368,0,155,-8213,0,0,主力佈局,True,True,-316.0,-1422.791,-8368.751,-6842.359,-316000,-1422791,-8368751,-6842359,0.0,0.0,0.0,0.0,0,0,0,0,-0.09324284449690175,-0.08614100623599927,-0.17451986319938273,-0.11193310867182515,0.0,0.0,0.0,0.0,-0.17408919465286726,0.0,1,5,0,0,0,0,stable,neutral,-0.3478260869565264,-1.715265866209259,12.795275590551181,-0.17421602787456303,12.352941176470589,-0.995492197789638,7.609285838318169,9.240360956693607,0.821276169915075,4.743655338152419,67.28,81.88,10.43,51.76,10.43,51.76,False,-33430,191873,0,split,Q3,absorption_divergence,0.0,0.0,2.5,4.5,0.0,0.0,7.0,,,,D_V1_weak_V2_weak,連買天數不長，但V2不只依賴連買
3049,精金,光電業,2026-08-10,excluded,0,0,624,589,35,19.621903520208605,23.598435462842243,-575,0,-20,-595,0,0,主力佈局,True,True,-194.19,-366.694,-575.181,912.679,-194190,-366694,-575181,912679,0.0,0.0,0.0,0.0,0,0,0,0,-0.08388336933045357,-0.06586922938746183,-0.05772012042147516,0.035046425005759926,0.0,0.0,0.0,0.0,-0.059185723299790334,0.0,2,5,0,0,0,0,stable,neutral,3.2863849765258246,2.3255813953488413,8.374384236453203,-9.090909090909083,-13.043478260869568,-0.995492197789638,7.609285838318169,4.819469602595627,-8.095416893119445,-20.65276409918774,25.81,21.12,30.77,51.76,30.77,51.76,False,-21000,638,0,split,Q4,confirmed_distribution,0.0,0.0,2.5,4.5,0.0,0.0,7.0,,,,D_V1_weak_V2_weak,連買天數不長，但V2不只依賴連買
3050,鈺德,光電業,2026-08-10,excluded,0,5,252,435,-183,64.27640156453715,43.41590612777054,24,0,-8,16,0,0,主力佈局,True,True,-1.0,-81.0,24.0,-1.082,-1000,-81000,24000,-1082,0.0,0.0,0.0,0.0,0,0,0,0,-0.0016863406408094434,-0.06367924528301887,0.011840157868771583,-0.00016285370258880194,0.0,0.0,0.0,0.0,0.012181362580848301,0.0,3,6,0,0,0,0,neutral,neutral,0.8888888888888946,0.4424778761061843,1.3392857142857206,-6.198347107438018,-6.584362139917699,-0.995492197789638,7.609285838318169,-2.215628919571855,-5.20285490964838,-14.19364797823587,36.11,34.29,50.33,51.76,50.33,51.76,False,-8000,0,0,split,Q2,unconfirmed_accumulation,3.5,2.96,3.0,2.0,5.0,5.03,21.49,,,,,實際介入強度低（強度分 3.0/25）；全市場flow percentile偏低（外資P50、投信P52）；價格未確認（Q2、RS20 -5.20）
3054,立萬利,食品工業,2026-08-10,excluded,0,0,625,540,85,19.621903520208605,29.85658409387223,-28,0,-16,-44,0,0,主力佈局,True,True,-25.0,-25.0,-28.0,65.0,-25000,-25000,-28000,65000,0.0,0.0,0.0,0.0,0,0,0,0,-0.16447368421052633,-0.10121457489878542,-0.07017543859649122,0.07620164126611957,0.0,0.0,0.0,0.0,-0.0691572266818793,0.0,2,6,0,0,0,0,stable,neutral,-3.685258964143434,-2.323232323232316,-0.20639834881320818,-19.817578772802648,-28.370370370370367,-0.995492197789638,7.609285838318169,-3.7613129826707836,-18.82208657501301,-35.97965620868854,7.56,5.08,28.03,51.76,28.03,51.76,False,-15092,0,0,split,Q4,confirmed_distribution,0.0,0.0,3.0,4.5,0.0,0.0,7.5,,,,,連買天數不長，但V2不只依賴連買
3055,蔚華科,電子通路,2026-08-10,excluded,0,0,626,710,-84,19.621903520208605,7.496740547588006,-500,0,30,-470,0,0,主力佈局,True,True,-297.759,-413.759,-500.759,-229.915,-297759,-413759,-500759,-229915,0.0,0.0,0.0,0.0,0,0,0,0,-0.2639707446808511,-0.21651439037153322,-0.16866251263051532,-0.016843589743589744,0.0,0.0,0.0,0.0,-0.1705200105841106,0.0,0,2,0,0,0,0,stable,neutral,9.661835748792269,1.3392857142857206,21.911922663802375,-30.368098159509206,7.0754716981132,-0.995492197789638,7.609285838318169,18.3570080299448,-29.372605961719568,-0.533814140204969,1.04,72.23,10.82,51.76,10.82,51.76,False,-4005,33536,0,split,Q4,confirmed_distribution,0.0,0.0,1.0,4.5,0.0,0.0,5.5,,,,D_V1_weak_V2_weak,實際介入強度低（強度分 0.0/25）；全市場flow percentile偏低（外資P11、投信P52）；價格未確認（Q4、RS20 -29.37）
3056,富華新,建材營建,2026-08-10,excluded,0,7,83,252,-169,88.33116036505866,67.27509778357236,1026,0,-63,963,9,0,外資鎖碼,True,True,262.48,832.3,1028.021,2636.521,262480,832300,1028021,2636521,0.0,0.0,0.0,0.0,0,0,0,0,0.3905952380952381,0.4003367003367003,0.298930212271009,0.2904297202026878,0.0,0.0,0.0,0.0,0.2996248299854066,0.0,5,9,0,0,9,0,decelerating,neutral,1.0638297872340496,2.1505376344086002,1.7857142857142794,-2.7303754266211677,2.8880866425992746,-0.995492197789638,7.609285838318169,-1.769200348143296,-1.7348832288315297,-4.721199195718895,49.41,63.75,95.18,51.76,95.18,51.76,False,-61000,-1501,0,split,Q2,unconfirmed_accumulation,3.5,12.5,4.5,2.75,5.0,9.52,37.77,,,,,V1連買訊號高（外資9日／投信0日）；價格未確認（Q2、RS20 -1.73）；近期flow正在減速
3059,華晶科,光電業,2026-08-10,excluded,0,5,253,239,14,64.27640156453715,68.97001303780965,1020,0,-50,970,2,0,外資鎖碼,True,True,337.859,267.859,1021.806,1994.343,337859,267859,1021806,1994343,0.0,0.0,0.0,0.0,0,0,0,0,0.24715362106803218,0.061043527803099365,0.12624240177909563,0.10373156142723396,0.0,0.0,0.0,0.0,0.12588994192591174,0.0,4,7,0,0,2,0,accelerating,neutral,1.6189290161892966,2.0000000000000018,6.388526727509758,-11.20783460282917,2.2556390977443552,-0.995492197789638,7.609285838318169,2.8336120936521825,-10.212342405039532,-5.353646740573814,20.73,61.54,78.75,51.76,78.75,51.76,False,-25311,-27030,0,split,Q2,unconfirmed_accumulation,3.5,12.5,3.5,6.0,5.0,7.88,38.38,,,,,連買天數不長，但V2不只依賴連買
3073,天方能源,綠能環保,2026-08-10,excluded,0,5,254,123,131,64.27640156453715,84.09387222946545,21,0,0,21,0,0,主力佈局,True,True,-1.0,19.0,21.0,50.0,-1000,19000,21000,50000,0.0,0.0,0.0,0.0,0,0,0,0,-0.041666666666666664,0.12837837837837837,0.12280701754385964,0.09345794392523364,0.0,0.0,0.0,0.0,0.12287294572207373,0.0,3,6,0,0,0,0,decelerating,neutral,0.0,0.454545454545463,1.3761467889908285,-0.45045045045044585,10.499999999999998,-0.995492197789638,7.609285838318169,-2.178767844866747,0.5450417473391922,2.890714161681829,64.54,79.4,78.23,51.76,78.23,51.76,False,0,-248,0,split,Q1,confirmed_accumulation,3.5,12.5,3.0,2.75,25.0,7.82,54.57,,,,C_V1_weak_V2_strong,價格與RS同步確認（RS20 +0.55）；連買天數不長，但V2不只依賴連買
3078,僑威,電子零組件,2026-08-10,excluded,0,14,22,109,-87,97.78357235984355,85.91916558018254,1277,4,94,1375,8,0,外資鎖碼,True,True,471.139,1066.262,1279.148,1543.542,471139,1066262,1279148,1543542,0.0,10.0,2.52,23.234,0,10000,2520,23234,0.4697298105682951,0.48911100917431194,0.37577790834312574,0.223766599014207,0.0,0.0045871559633027525,0.0007403055229142186,0.00336822267323862,0.37749018633363784,0.0007960138455827158,5,8,1,4,8,0,decelerating,decelerating,1.109057301293892,3.598484848484862,4.588910133843216,-1.0849909584086714,-0.7259528130671433,-0.995492197789638,7.609285838318169,1.0339954999856404,-0.08949876061903339,-8.335238651385312,60.37,52.15,97.65,90.35,97.65,90.35,True,93000,1596,0,split,Q2,unconfirmed_accumulation,10.0,12.69,6.0,3.5,5.0,18.8,55.99,,,,B_V1_strong_V2_weak,V1連買訊號高（外資8日／投信0日）；價格未確認（Q2、RS20 -0.09）；近期flow正在減速
3083,網龍,文化創意,2026-08-10,excluded,0,5,255,312,-57,64.27640156453715,59.45241199478487,26,0,0,26,0,0,主力佈局,True,True,-9.0,31.0,26.0,213.0,-9000,31000,26000,213000,0.0,0.0,0.0,0.0,0,0,0,0,-0.28125,0.19254658385093168,0.09386281588447654,0.2897959183673469,0.0,0.0,0.0,0.0,0.09393669669241998,0.0,3,8,0,0,0,0,decelerating,neutral,0.0,0.5928853754940677,0.19685039370078705,-4.502814258911814,-2.6768642447418722,-0.995492197789638,7.609285838318169,-3.3580642401567884,-3.5073220611221756,-10.286150083060042,41.72,44.33,72.36,51.76,72.36,51.76,False,0,206,0,split,Q2,unconfirmed_accumulation,3.5,12.5,4.0,2.75,5.0,7.24,34.99,,,,,價格未確認（Q2、RS20 -3.51）；近期flow正在減速
3086,華義*,文化創意,2026-08-10,excluded,0,7,84,202,-118,88.33116036505866,73.72881355932203,133,0,-1,132,5,0,外資鎖碼,True,True,59.0,109.0,133.0,375.0,59000,109000,133000,375000,0.0,0.0,0.0,0.0,0,0,0,0,0.3155080213903743,0.27386934673366836,0.1933139534883721,0.18292682926829268,0.0,0.0,0.0,0.0,0.19338447243662166,0.0,5,8,0,0,5,0,accelerating,neutral,1.4732965009208288,0.36429872495447047,-1.0771992818671472,-11.414790996784562,-27.404479578392625,-0.995492197789638,7.609285838318169,-4.632113915724723,-10.419298798994925,-35.0137654167108,20.08,6.13,87.61,51.76,87.61,51.76,False,0,-2374,0,split,Q2,unconfirmed_accumulation,3.5,12.5,4.0,6.0,5.0,8.76,39.76,,,,,V1連買訊號高（外資5日／投信0日）；價格未確認（Q2、RS20 -10.42）
3092,鴻碩,電子零組件,2026-08-10,excluded,0,5,256,259,-3,64.27640156453715,66.36245110821382,43,0,-3,40,1,0,外資鎖碼,True,True,49.0,41.05,44.288,145.166,49000,41050,44288,145166,0.0,0.0,0.0,0.0,0,0,0,0,0.3006134969325153,0.12515243902439024,0.06720485584218513,0.06850684285040114,0.0,0.0,0.0,0.0,0.0674340738538307,0.0,4,8,0,0,1,0,accelerating,neutral,-0.42194092827003704,0.0,3.2822757111597323,-11.111111111111105,-19.591141396933565,-0.995492197789638,7.609285838318169,-0.2726389226978432,-10.115618913321468,-27.200427235251734,21.25,11.73,65.97,51.76,65.97,51.76,False,-2000,321,0,split,Q2,unconfirmed_accumulation,3.5,12.5,4.0,6.0,5.0,6.6,37.6,,,,,全市場flow percentile偏低（外資P66、投信P52）；價格未確認（Q2、RS20 -10.12）
3093,港建*,其他電子,2026-08-10,excluded,0,0,627,741,-114,19.621903520208605,3.455019556714472,-169,0,1,-168,1,0,外資鎖碼,True,True,42.0,-74.0,-169.938,283.082,42000,-74000,-169938,283082,0.0,0.0,0.0,0.0,0,0,0,0,0.1794871794871795,-0.07692307692307693,-0.0940442722744881,0.04541665329696775,0.0,0.0,0.0,0.0,-0.09366030116045093,0.0,2,5,0,0,1,0,neutral,neutral,1.2658227848101333,3.2258064516129004,9.714285714285719,-11.602209944751374,-7.335907335907333,-0.995492197789638,7.609285838318169,6.159371080428143,-10.606717746961737,-14.945193174225501,19.56,32.33,20.99,51.76,20.99,51.76,False,0,1514,0,split,Q4,confirmed_distribution,0.0,0.0,2.5,2.0,0.0,0.0,4.5,,,,D_V1_weak_V2_weak,實際介入強度低（強度分 0.0/25）；全市場flow percentile偏低（外資P21、投信P52）；價格未確認（Q4、RS20 -10.61）
3094,聯傑,半導體業,2026-08-10,excluded,0,5,257,243,14,64.27640156453715,68.44850065189048,705,0,-6,699,2,0,外資鎖碼,True,True,455.654,373.671,706.745,1149.375,455654,373671,706745,1149375,0.0,0.0,0.0,0.0,0,0,0,0,0.2769933130699088,0.11907934990439771,0.1131697357886309,0.05713451309837451,0.0,0.0,0.0,0.0,0.11497781106673408,0.0,4,7,0,0,2,0,accelerating,neutral,6.025824964131998,2.4965325936199934,5.1209103840683,-3.776041666666652,12.652439024390262,-0.995492197789638,7.609285838318169,1.5659957502107247,-2.780549468877014,5.043153186072092,44.46,82.53,76.92,51.76,76.92,51.76,False,-5979,0,0,split,Q2,unconfirmed_accumulation,3.5,12.5,3.5,6.0,5.0,7.69,38.19,,,,,連買天數不長，但V2不只依賴連買
3095,及成,通信網路,2026-08-10,excluded,0,5,258,154,104,64.27640156453715,80.05215123859192,2,0,0,2,0,0,主力佈局,True,True,-2.0,-2.0,2.0,4.0,-2000,-2000,2000,4000,0.0,0.0,0.0,0.0,0,0,0,0,-0.6666666666666666,-0.18181818181818182,0.04878048780487805,0.05555555555555555,0.0,0.0,0.0,0.0,0.047856049004594184,0.0,1,3,0,0,0,0,reversing_negative,neutral,-2.2842639593908642,1.3157894736842035,2.941176470588247,0.917431192660545,-13.966480446927376,-0.995492197789638,7.609285838318169,-0.6137381632693284,1.912923390450183,-21.575766285245546,73.01,19.3,60.23,51.76,60.23,51.76,False,0,412,0,mixed,Q1,confirmed_accumulation,3.5,12.2,1.5,1.0,25.0,6.02,49.22,,,,C_V1_weak_V2_strong,價格與RS同步確認（RS20 +1.91）；連買天數不長，但V2不只依賴連買
3105,穩懋,半導體業,2026-08-10,excluded,0,6,147,425,-278,81.42112125162973,44.71968709256845,-1565,1342,103,-120,1,3,強勢雙雄,True,True,1908.929,-2732.536,-1564.291,-269.951,1908929,-2732536,-1564291,-269951,256.591,1225.527,1343.527,20.476,256591,1225527,1343527,20476,0.07426872349531183,-0.030166101807182363,-0.013909754579406011,-0.0012144910583736363,0.009982920281679181,0.013529326694854443,0.011946709941312467,9.212012147115061e-05,-0.014414137825614596,0.01207591090480125,2,4,4,5,1,3,neutral,decelerating,5.327868852459017,2.5265957446808596,23.954983922829577,-4.342431761786603,-20.26887280248191,-0.995492197789638,7.609285838318169,20.400069288972002,-3.346939563996965,-27.878158640800077,42.24,11.21,42.76,94.78,42.76,94.78,False,-7429,111093,0,split,Q4,confirmed_distribution,3.5,2.99,4.5,2.75,0.0,9.48,23.22,,,,,V1連買訊號高（外資1日／投信3日）；實際介入強度低（強度分 3.0/25）；價格未確認（Q4、RS20 -3.35）；近期flow正在減速
3114,好德,電子零組件,2026-08-10,excluded,0,0,628,590,38,19.621903520208605,23.598435462842243,-1030,0,14,-1016,0,0,主力佈局,True,True,-179.9,-1008.835,-1031.939,-937.463,-179900,-1008835,-1031939,-937463,0.0,0.0,0.0,0.0,0,0,0,0,-0.10922890103217972,-0.10788525291412683,-0.09740787238059279,-0.06986086891720694,0.0,0.0,0.0,0.0,-0.09854868584937604,0.0,1,3,0,0,0,0,stable,neutral,-3.350515463917514,11.773472429210141,23.152709359605915,-2.2164276401564598,38.12154696132597,-0.995492197789638,7.609285838318169,19.59779472574834,-1.2209354423668217,30.5122611230078,53.32,95.18,20.6,51.76,20.6,51.76,False,9000,6516,0,split,Q4,confirmed_distribution,1.0,0.0,1.5,4.5,0.0,0.0,7.0,,,,D_V1_weak_V2_weak,連買天數不長，但V2不只依賴連買
3128,昇銳,光電業,2026-08-10,excluded,0,5,259,280,-21,64.27640156453715,63.6245110821382,49,0,0,49,2,0,外資鎖碼,True,True,28.0,56.0,49.0,126.0,28000,56000,49000,126000,0.0,0.0,0.0,0.0,0,0,0,0,0.45901639344262296,0.21052631578947367,0.10629067245119306,0.09224011713030747,0.0,0.0,0.0,0.0,0.10625065354758076,0.0,2,5,0,0,2,0,accelerating,neutral,1.6203703703703498,0.22831050228311334,1.385681293302543,-6.794055201698523,-4.148471615720517,-0.995492197789638,7.609285838318169,-2.1692333405550324,-5.798563003908885,-11.757757454038686,34.81,40.29,74.97,51.76,74.97,51.76,False,0,-677,0,split,Q2,unconfirmed_accumulation,3.5,12.5,2.5,6.0,5.0,7.5,37.0,,,,,價格未確認（Q2、RS20 -5.80）
3138,耀登,通信網路,2026-08-10,excluded,0,5,260,338,-78,64.27640156453715,56.0625814863103,53,0,3,56,1,0,外資鎖碼,True,True,65.0,78.314,52.769,500.71,65000,78314,52769,500710,0.0,0.0,0.0,0.0,0,0,0,0,0.23465703971119134,0.1193810975609756,0.03801801152737752,0.11995927168183997,0.0,0.0,0.0,0.0,0.04058213147594447,0.0,3,7,0,0,1,0,accelerating,neutral,4.3933054393305415,2.358974358974364,10.643015521064303,-12.070484581497798,-34.77124183006536,-0.995492197789638,7.609285838318169,7.0881008872067275,-11.07499238370816,-42.38052766838353,18.12,2.35,57.37,51.76,57.37,51.76,False,-2000,5212,0,split,Q2,unconfirmed_accumulation,3.5,9.5,3.5,6.0,5.0,5.74,33.24,,,,,全市場flow percentile偏低（外資P57、投信P52）；價格未確認（Q2、RS20 -11.07）
3141,晶宏,半導體業,2026-08-10,excluded,0,7,85,67,18,88.33116036505866,91.39504563233378,2999,0,118,3117,9,0,外資鎖碼,True,True,255.216,2299.561,3000.14,3655.958,255216,2299561,3000140,3655958,0.0,0.0,0.0,0.0,0,0,0,0,0.17588973121984838,0.3266421875,0.34743949044585987,0.29590918656414406,0.0,0.0,0.0,0.0,0.34561489047519406,0.0,5,9,0,0,9,0,decelerating,neutral,1.2658227848101333,7.526881720430101,13.475177304964546,11.265646731571621,27.795527156549515,-0.995492197789638,7.609285838318169,9.920262671106972,12.261138929361259,20.186241318231346,95.44,92.44,96.87,51.76,96.87,51.76,False,79984,39674,0,split,Q1,confirmed_accumulation,4.5,12.5,4.5,2.75,25.0,9.69,58.94,,,,,價格與RS同步確認（RS20 +12.26）；連買天數不長，但V2不只依賴連買
3147,大綜,資訊服務,2026-08-10,excluded,0,0,629,711,-82,19.621903520208605,7.496740547588006,-133,0,-122,-255,1,0,外資鎖碼,True,True,67.43,-219.75,-131.706,-26.801,67430,-219750,-131706,-26801,0.0,0.0,0.0,0.0,0,0,0,0,0.06058400718778077,-0.05874097834803529,-0.018051809210526317,-0.0022788028228892102,0.0,0.0,0.0,0.0,-0.013681635624515473,0.0,4,7,0,0,1,0,neutral,neutral,4.035874439461873,-14.548802946592998,-2.3157894736842155,-3.534303534303529,34.4927536231884,-0.995492197789638,7.609285838318169,-5.8707041075417905,-2.538811336513891,26.88346778487023,45.11,94.13,40.55,51.76,40.55,51.76,False,-1660,-121810,0,split,Q4,confirmed_distribution,0.0,0.0,3.5,2.0,0.0,0.0,5.5,,,,D_V1_weak_V2_weak,實際介入強度低（強度分 0.0/25）；全市場flow percentile偏低（外資P41、投信P52）；價格未確認（Q4、RS20 -2.54）
3149,正達,光電業,2026-08-10,excluded,0,5,261,294,-33,64.27640156453715,61.799217731421116,3380,0,-3,3377,1,0,外資鎖碼,True,True,4304.0,3006.674,3378.244,6796.28,4304000,3006674,3378244,6796280,0.0,0.0,0.0,0.0,0,0,0,0,0.3419672652153186,0.09769541200935794,0.0557834214002642,0.06913392875307713,0.0,0.0,0.0,0.0,0.060543718920443794,0.0,2,6,0,0,1,0,accelerating,neutral,9.872611464968163,5.504587155963292,4.229607250755274,-25.243770314192847,28.014842300556598,-0.995492197789638,7.609285838318169,0.6746926168976985,-24.24827811640321,20.40555646223843,3.65,92.57,62.06,51.76,62.06,51.76,False,-12000,7753,0,split,Q2,unconfirmed_accumulation,3.5,12.5,3.0,6.0,5.0,6.21,36.21,,,,,全市場flow percentile偏低（外資P62、投信P52）；價格未確認（Q2、RS20 -24.25）
3150,鈺寶-創,半導體業,2026-08-10,excluded,0,5,262,226,36,64.27640156453715,70.66492829204694,35,0,-23,12,1,0,外資鎖碼,True,True,19.0,13.0,35.0,50.8,19000,13000,35000,50800,0.0,0.0,0.0,0.0,0,0,0,0,0.23170731707317074,0.08666666666666667,0.14112903225806453,0.08728522336769759,0.0,0.0,0.0,0.0,0.14307474573018614,0.0,3,7,0,0,1,0,accelerating,neutral,6.606606606606613,9.23076923076922,10.59190031152648,-1.6620498614958512,-2.73972602739726,-0.995492197789638,7.609285838318169,7.036985677668905,-0.6665576637062132,-10.349011865715429,56.84,44.07,81.49,51.76,81.49,51.76,False,-4000,-18134,0,split,Q2,unconfirmed_accumulation,3.5,12.5,3.5,6.0,5.0,8.15,38.65,,,,,連買天數不長，但V2不只依賴連買
3162,精確,電機機械,2026-08-10,excluded,0,0,630,755,-125,19.621903520208605,1.7601043024771839,-336,0,-45,-381,1,0,外資鎖碼,True,True,91.871,-346.129,-335.129,50.089,91871,-346129,-335129,50089,0.0,0.0,0.0,0.0,0,0,0,0,0.13256998556998556,-0.14666483050847456,-0.08666382208430308,0.0061158730158730155,0.0,0.0,0.0,0.0,-0.08488226637502409,0.0,2,4,0,0,1,0,neutral,neutral,4.3408360128617485,-0.7645259938837912,8.710217755443894,-20.172201722017213,-22.46117084826762,-0.995492197789638,7.609285838318169,5.155303121586319,-19.176709524227576,-30.07045668658579,6.91,9.26,23.08,51.76,23.08,51.76,False,-47000,3853,0,split,Q4,confirmed_distribution,0.0,0.0,2.0,2.0,0.0,0.0,4.0,,,,D_V1_weak_V2_weak,實際介入強度低（強度分 0.0/25）；全市場flow percentile偏低（外資P23、投信P52）；價格未確認（Q4、RS20 -19.18）
3164,景岳,生技醫療,2026-08-10,excluded,0,5,263,83,180,64.27640156453715,89.30899608865711,18,0,-12,6,2,0,外資鎖碼,True,True,3.0,3.0,18.0,20.5,3000,3000,18000,20500,0.0,0.0,0.0,0.0,0,0,0,0,0.046875,0.02608695652173913,0.0967741935483871,0.06083086053412463,0.0,0.0,0.0,0.0,0.09611247064233744,0.0,4,7,0,0,2,0,accelerating,neutral,1.2195121951219745,2.4691358024691468,2.153846153846173,1.2195121951219745,-3.48837209302324,-0.995492197789638,7.609285838318169,-1.4010684800114026,2.2150043929116126,-11.09765793134141,75.1,41.98,72.75,51.76,72.75,51.76,False,-12126,0,0,split,Q1,confirmed_accumulation,3.5,12.5,3.5,6.0,25.0,7.28,57.78,,,,C_V1_weak_V2_strong,價格與RS同步確認（RS20 +2.22）；連買天數不長，但V2不只依賴連買
3178,公準,半導體業,2026-08-10,excluded,0,5,264,382,-118,64.27640156453715,50.32594524119948,14,0,0,14,1,0,外資鎖碼,True,True,2.0,16.0,14.0,73.9,2000,16000,14000,73900,0.0,0.0,0.0,0.0,0,0,0,0,0.03076923076923077,0.0784313725490196,0.04216867469879518,0.06906542056074766,0.0,0.0,0.0,0.0,0.044409760158160345,0.0,2,4,0,0,1,0,reversing_negative,neutral,1.0471204188481797,0.5208333333333259,5.464480874316946,-10.510046367851633,-14.475627769571641,-0.995492197789638,7.609285838318169,1.9095662404593705,-9.514554170061995,-22.08491360788981,21.64,18.38,58.54,51.76,58.54,51.76,False,-50,1360,0,split,Q2,unconfirmed_accumulation,3.5,10.54,2.0,1.0,5.0,5.85,27.89,,,,,全市場flow percentile偏低（外資P59、投信P52）；價格未確認（Q2、RS20 -9.51）；近期flow已轉負
3188,鑫龍騰,建材營建,2026-08-10,excluded,0,5,265,335,-70,64.27640156453715,56.45371577574967,49,0,-8,41,1,0,外資鎖碼,True,True,21.0,64.0,49.0,167.255,21000,64000,49000,167255,0.0,0.0,0.0,0.0,0,0,0,0,0.11170212765957446,0.12475633528265107,0.05561861520998865,0.08616950025759917,0.0,0.0,0.0,0.0,0.05565393372122439,0.0,3,7,0,0,1,0,decelerating,neutral,-0.4319654427645703,-0.21645021645021467,-0.21645021645021467,-4.356846473029052,-7.799999999999995,-0.995492197789638,7.609285838318169,-3.77136485030779,-3.3613542752394143,-15.409285838318166,42.11,30.77,61.93,51.76,61.93,51.76,False,-8000,-193,0,split,Q2,unconfirmed_accumulation,3.5,12.5,3.5,2.75,5.0,6.19,33.44,,,,,全市場flow percentile偏低（外資P62、投信P52）；價格未確認（Q2、RS20 -3.36）；近期flow正在減速
3206,志豐,電子零組件,2026-08-10,excluded,0,5,266,187,79,64.27640156453715,75.68448500651891,54,0,-2,52,1,0,外資鎖碼,True,True,13.0,29.0,54.0,114.0,13000,29000,54000,114000,0.0,0.0,0.0,0.0,0,0,0,0,0.5,0.37662337662337664,0.3375,0.24152542372881355,0.0,0.0,0.0,0.0,0.3382053184794146,0.0,4,8,0,0,1,0,accelerating,neutral,1.199400299850062,2.427921092564489,1.6566265060240948,-10.119840213049258,-11.184210526315786,-0.995492197789638,7.609285838318169,-1.8982881278334807,-9.12434801525962,-18.793496364633956,23.34,24.77,96.61,51.76,96.61,51.76,False,-2000,-185,0,split,Q2,unconfirmed_accumulation,3.5,12.5,4.0,6.0,5.0,9.66,40.66,,,,C_V1_weak_V2_strong,連買天數不長，但V2不只依賴連買
3207,耀勝,電子零組件,2026-08-10,excluded,0,5,267,232,35,64.27640156453715,69.88265971316818,115,0,2,117,1,0,外資鎖碼,True,True,108.0,88.0,114.229,574.229,108000,88000,114229,574229,0.0,0.0,0.0,0.0,0,0,0,0,0.6242774566473989,0.16356877323420074,0.1314487917146145,0.18559437621202327,0.0,0.0,0.0,0.0,0.13388121152663687,0.0,3,7,0,0,1,0,accelerating,neutral,2.4154589371980784,2.2919179734619988,5.341614906832293,-29.917355371900832,-26.003490401396157,-0.995492197789638,7.609285838318169,1.7867002729747172,-28.921863174111195,-33.61277623971433,1.3,6.65,80.44,51.76,80.44,51.76,False,0,2682,0,split,Q2,unconfirmed_accumulation,3.5,12.5,3.5,6.0,5.0,8.04,38.54,,,,,連買天數不長，但V2不只依賴連買
3209,全科,電子通路,2026-08-10,excluded,0,0,631,541,90,19.621903520208605,29.85658409387223,-1143,0,14,-1129,0,0,主力佈局,True,True,-897.35,-1168.913,-1143.798,-233.365,-897350,-1168913,-1143798,-233365,0.0,0.0,0.0,0.0,0,0,0,0,-0.33862264150943394,-0.24316892032452672,-0.1329070415988845,-0.013994063324538258,0.0,0.0,0.0,0.0,-0.13009708069321752,0.0,1,4,0,0,0,0,stable,neutral,-3.125000000000011,-4.940374787052826,0.540540540540535,-6.844741235392327,-12.125984251968514,-0.995492197789638,7.609285838318169,-3.0143740933170404,-5.849249037602689,-19.735270090286683,34.68,22.43,15.12,51.76,15.12,51.76,False,12000,3468,0,split,Q4,confirmed_distribution,1.0,0.0,2.0,4.5,0.0,0.0,7.5,,,,,連買天數不長，但V2不只依賴連買
3218,大學光,生技醫療,2026-08-10,excluded,0,5,268,44,224,64.27640156453715,94.39374185136897,779,-3,-3,773,2,0,外資鎖碼,True,True,166.483,444.24,780.22,873.281,166483,444240,780220,873281,0.0,-2.0,-3.0,-6.0,0,-2000,-3000,-6000,0.48965588235294116,0.43897233201581026,0.47343446601941747,0.2933426268055089,0.0,-0.001976284584980237,-0.0018203883495145632,-0.002015451797111186,0.47393732910282205,-0.0018100053311320917,4,8,0,0,2,0,accelerating,neutral,1.7543859649122862,3.571428571428581,9.022556390977442,3.2028469750889688,12.4031007751938,-0.995492197789638,7.609285838318169,5.467641757119867,4.198339172878606,4.79381493687563,82.27,82.01,99.22,11.08,99.22,11.08,False,-3000,794,0,split,Q1,confirmed_accumulation,3.5,12.5,4.0,6.0,25.0,9.92,60.92,,,,C_V1_weak_V2_strong,價格與RS同步確認（RS20 +4.20）；連買天數不長，但V2不只依賴連買
3227,原相,半導體業,2026-08-10,excluded,0,5,269,36,233,64.27640156453715,95.4367666232073,3400,-574,50,2876,2,0,外資鎖碼,True,True,1016.102,1826.199,3401.838,4683.14,1016102,1826199,3401838,4683140,-300.0,-513.8,-574.8,-1382.059,-300000,-513800,-574800,-1382059,0.5549437465865648,0.38979701173959447,0.450216781365802,0.33585341365461846,-0.1638448935008192,-0.10966915688367129,-0.076071995764955,-0.09911495983935743,0.4515847213056342,-0.07628855775717597,4,7,0,0,2,0,accelerating,stable,2.1897810218978186,0.23866348448686736,6.598984771573613,4.477611940298498,-7.8947368421052655,-0.995492197789638,7.609285838318169,3.0440701377160373,5.473104138088136,-15.504022680423436,86.57,30.25,98.83,1.04,98.83,1.04,False,-1000,52326,0,split,Q1,confirmed_accumulation,3.5,12.5,3.5,8.5,25.0,9.88,62.88,,,,C_V1_weak_V2_strong,價格與RS同步確認（RS20 +5.47）；動能較佳（外資 accelerating／投信 stable）；連買天數不長，但V2不只依賴連買
3228,金麗科,半導體業,2026-08-10,excluded,0,7,86,299,-213,88.33116036505866,61.14732724902217,176,-100,0,76,3,0,外資鎖碼,True,True,23.481,79.481,175.723,243.051,23481,79481,175723,243051,0.0,-100.0,-100.0,0.0,0,-100000,-100000,0,0.09136575875486382,0.11880568011958147,0.14474711696869852,0.07650330500472144,0.0,-0.14947683109118087,-0.08237232289950576,0.0,0.14480013860448668,-0.08071002002064807,4,7,0,1,3,0,decelerating,neutral,2.1201413427561766,-0.6872852233676952,3.214285714285725,-15.49707602339181,-30.193236714975846,-0.995492197789638,7.609285838318169,-0.3406289195718504,-14.501583825602172,-37.80252255329402,11.6,4.82,82.01,0.78,82.01,0.78,False,0,2143,0,split,Q2,unconfirmed_accumulation,3.5,12.5,4.0,2.75,5.0,8.2,35.95,,,,,V1連買訊號高（外資3日／投信0日）；價格未確認（Q2、RS20 -14.50）；近期flow正在減速
3229,晟鈦,電子零組件,2026-08-10,excluded,0,5,270,66,204,64.27640156453715,91.52542372881356,497,0,1,498,2,0,外資鎖碼,True,True,272.0,404.0,497.92,1278.42,272000,404000,497920,1278420,0.0,0.0,0.0,0.0,0,0,0,0,0.19484240687679083,0.1597469355476473,0.10742610571736785,0.14209403134378126,0.0,0.0,0.0,0.0,0.11175276698424207,0.0,3,7,0,0,2,0,accelerating,neutral,9.344790547798066,15.028248587570614,7.2708113804004215,32.8981723237598,26.14622057001239,-0.995492197789638,7.609285838318169,3.715896746542846,33.89366452154944,18.53693473169422,99.74,92.05,75.23,51.76,75.23,51.76,False,199,0,0,split,Q1,confirmed_accumulation,4.5,12.5,3.5,6.0,25.0,7.52,59.02,,,,C_V1_weak_V2_strong,價格與RS同步確認（RS20 +33.89）；連買天數不長，但V2不只依賴連買
3230,錦明,光電業,2026-08-10,excluded,0,5,271,427,-156,64.27640156453715,44.393741851368965,19,0,0,19,1,0,外資鎖碼,True,True,130.0,118.0,18.001,-120.589,130000,118000,18001,-120589,0.0,0.0,0.0,0.0,0,0,0,0,0.25793650793650796,0.06677985285795134,0.005033836689038031,-0.014989310130515849,0.0,0.0,0.0,0.0,0.006570170003731173,0.0,3,5,0,0,1,0,accelerating,neutral,1.3664596273291751,-0.487804878048792,3.9490445859872603,-26.486486486486495,30.559999999999988,-0.995492197789638,7.609285838318169,0.3941299521296848,-25.490994288696857,22.95071416168182,2.87,93.35,48.5,51.76,48.5,51.76,False,0,-98,0,split,Q2,unconfirmed_accumulation,3.5,1.26,2.5,6.0,5.0,4.85,23.11,,,,,實際介入強度低（強度分 1.3/25）；全市場flow percentile偏低（外資P48、投信P52）；價格未確認（Q2、RS20 -25.49）
3231,緯創,電腦週邊,2026-08-10,excluded,0,12,34,20,14,96.08865710560626,97.52281616688396,70763,6,-3230,67539,2,0,外資鎖碼,True,True,9681.522,16697.053,70763.174,108878.895,9681522,16697053,70763174,108878895,-1074.567,-11388.567,6.342,18820.535,-1074567,-11388567,6342,18820535,0.13903241186185109,0.07647166613997243,0.12221407920415882,0.09084718277423812,-0.015431420980828607,-0.05215906623981534,1.095317870157683e-05,0.01570361807082948,0.12206438458841469,0.0009907798875697605,4,8,2,7,2,0,accelerating,reversing_negative,5.177111716621252,0.0,3.7634408602150504,34.49477351916377,39.85507246376812,-0.995492197789638,7.609285838318169,0.20852622635747498,35.49026571695341,32.245786625449945,99.87,95.7,78.1,88.66,78.1,88.66,True,-825400,-2404893,0,split,Q1,confirmed_accumulation,9.0,12.5,7.5,5.0,25.0,16.68,75.68,,,,A_V1_strong_V2_strong,橫向強度高（外資P78、投信P89）；價格與RS同步確認（RS20 +35.49）
3232,昱捷,電子通路,2026-08-10,excluded,0,5,272,327,-55,64.27640156453715,57.49674054758801,11,0,-1,10,2,0,外資鎖碼,True,True,2.0,0.0,11.0,30.0,2000,0,11000,30000,0.0,0.0,0.0,0.0,0,0,0,0,0.09090909090909091,0.0,0.10091743119266056,0.06382978723404255,0.0,0.0,0.0,0.0,0.10104554066381306,0.0,4,7,0,0,2,0,neutral,neutral,0.2557544757033181,0.0,0.0,-9.259259259259256,-5.995203836930452,-0.995492197789638,7.609285838318169,-3.5549146338575754,-8.263767061469618,-13.604489675248622,25.16,35.2,73.92,51.76,73.92,51.76,False,-1000,373,0,split,Q2,unconfirmed_accumulation,3.5,12.5,3.5,2.0,5.0,7.39,33.89,,,,,價格未確認（Q2、RS20 -8.26）
3236,千如,電子零組件,2026-08-10,excluded,0,0,632,727,-95,19.621903520208605,5.215123859191656,-1198,0,-15,-1213,1,0,外資鎖碼,True,True,137.788,-181.818,-1199.156,-538.504,137788,-181818,-1199156,-538504,0.0,0.0,0.0,0.0,0,0,0,0,0.0736440406199893,-0.029641017280730354,-0.07946693174287607,-0.01626114265007851,0.0,0.0,0.0,0.0,-0.07831449209139221,0.0,2,6,0,0,1,0,neutral,neutral,5.01222493887532,0.5854800936768045,0.8215962441314506,-24.912587412587406,6.840796019900508,-0.995492197789638,7.609285838318169,-2.733318389726125,-23.91709521479777,-0.7684898184176614,4.04,71.71,25.42,51.76,25.42,51.76,False,0,-15588,0,split,Q4,confirmed_distribution,0.0,0.0,3.0,2.0,0.0,0.0,5.0,,,,D_V1_weak_V2_weak,實際介入強度低（強度分 0.0/25）；全市場flow percentile偏低（外資P25、投信P52）；價格未確認（Q4、RS20 -23.92）
3260,威剛,半導體業,2026-08-10,other_watch,52,5,273,112,161,64.27640156453715,85.52803129074316,3651,-137,181,3695,0,0,主力佈局,True,True,-3909.719,2615.143,3651.971,4979.961,-3909719,2615143,3651971,4979961,-3.3,-20.8,-139.17,162.895,-3300,-20800,-139170,162895,-0.3344784840448285,0.04886473709779887,0.04687603167879651,0.0279740086843687,-0.0002823167080160835,-0.000388654284539781,-0.0017863606607878624,0.0009150324961661827,0.048295743251517746,-0.0017434128740550885,4,7,0,3,0,0,reversing_negative,stable,-1.2019230769230727,3.7878787878787845,4.980842911877392,1.4814814814814836,-8.053691275167784,-0.995492197789638,7.609285838318169,1.4259282780198168,2.4769736792711217,-15.662977113485955,76.14,29.6,59.84,11.21,59.84,11.21,False,143608,38331,0,split,Q1,confirmed_accumulation,4.5,11.72,5.0,3.5,25.0,5.98,55.7,,,,C_V1_weak_V2_strong,價格與RS同步確認（RS20 +2.48）
3266,昇陽,建材營建,2026-08-10,excluded,0,0,633,542,91,19.621903520208605,29.85658409387223,-4,0,-4,-8,0,0,主力佈局,True,True,0.0,-4.0,-4.0,143.0,0,-4000,-4000,143000,0.0,0.0,0.0,0.0,0,0,0,0,0.0,-0.06557377049180328,-0.02127659574468085,0.286,0.0,0.0,0.0,0.0,-0.02047100747569431,0.0,2,7,0,0,0,0,reversing_positive,neutral,-0.3597122302158362,-0.3597122302158362,-0.7168458781361964,1.8382352941176405,9.055118110236226,-0.995492197789638,7.609285838318169,-4.271760511993772,2.8337274919072786,1.4458322719180563,77.97,76.27,39.57,51.76,39.57,51.76,False,-4000,0,0,split,Q4,confirmed_distribution,0.0,0.0,3.5,4.0,0.0,0.0,7.5,,,,,連買天數不長，但V2不只依賴連買
3268,海德威,半導體業,2026-08-10,excluded,0,7,87,279,-192,88.33116036505866,63.754889178617994,78,0,-1,77,8,0,外資鎖碼,True,True,4.0,16.0,78.0,103.0,4000,16000,78000,103000,0.0,0.0,0.0,0.0,0,0,0,0,0.09302325581395349,0.13114754098360656,0.26262626262626265,0.08699324324324324,0.0,0.0,0.0,0.0,0.2642583866940518,0.0,5,8,0,0,8,0,decelerating,neutral,0.0,-2.3866348448687402,-4.66200466200466,-0.24390243902439046,20.64896755162242,-0.995492197789638,7.609285838318169,-8.216919295862235,0.7515897587652476,13.039681713304251,66.75,88.4,93.22,51.76,93.22,51.76,False,-1000,81,0,split,Q2,unconfirmed_accumulation,3.5,12.5,4.0,2.75,5.0,9.32,37.07,,,,,V1連買訊號高（外資8日／投信0日）；價格未確認（Q2、RS20 +0.75）；近期flow正在減速
3272,東碩,電腦週邊,2026-08-10,excluded,0,0,634,756,-122,19.621903520208605,1.7601043024771839,-1,0,0,-1,1,0,外資鎖碼,True,True,3.0,-3.0,-1.0,32.0,3000,-3000,-1000,32000,0.0,0.0,0.0,0.0,0,0,0,0,0.13636363636363635,-0.02857142857142857,-0.006024096385542169,0.04685212298682284,0.0,0.0,0.0,0.0,-0.006037298040563768,0.0,2,4,0,0,1,0,neutral,neutral,2.5270758122743597,1.0676156583629748,2.1582733812949506,-9.554140127388532,-20.67039106145251,-0.995492197789638,7.609285838318169,-1.3966412525626248,-8.558647929598894,-28.279676899770678,24.25,10.69,44.85,51.76,44.85,51.76,False,0,0,0,split,Q4,confirmed_distribution,0.0,0.0,2.0,2.0,0.0,0.0,4.0,,,,D_V1_weak_V2_weak,實際介入強度低（強度分 0.0/25）；全市場flow percentile偏低（外資P45、投信P52）；價格未確認（Q4、RS20 -8.56）
3276,宇環,電子零組件,2026-08-10,excluded,0,0,635,757,-122,19.621903520208605,1.7601043024771839,-207,0,0,-207,1,0,外資鎖碼,True,True,37.0,-84.223,-210.209,-103.179,37000,-84223,-210209,-103179,0.0,0.0,0.0,0.0,0,0,0,0,0.2846153846153846,-0.1220623188405797,-0.1587681268882175,-0.03123796548592189,0.0,0.0,0.0,0.0,-0.15826980889392891,0.0,1,4,0,0,1,0,neutral,neutral,1.730103806228378,-2.3255813953488413,-3.60655737704918,-10.091743119266072,-4.545454545454552,-0.995492197789638,7.609285838318169,-7.161472010906755,-9.096250921476434,-12.154740383772722,23.47,38.72,11.99,51.76,11.99,51.76,False,0,-274,0,split,Q4,confirmed_distribution,0.0,0.0,2.0,2.0,0.0,0.0,4.0,,,,D_V1_weak_V2_weak,實際介入強度低（強度分 0.0/25）；全市場flow percentile偏低（外資P12、投信P52）；價格未確認（Q4、RS20 -9.10）
3284,太普高,其他,2026-08-10,excluded,0,0,636,682,-46,19.621903520208605,11.147327249022164,-222,0,0,-222,0,0,主力佈局,True,True,-20.888,-148.887,-223.887,-215.861,-20888,-148887,-223887,-215861,0.0,0.0,0.0,0.0,0,0,0,0,-0.09201762114537444,-0.19642084432717677,-0.1957054195804196,-0.07226682289922999,0.0,0.0,0.0,0.0,-0.196397288307436,0.0,0,3,0,0,0,0,stable,neutral,-3.0660377358490476,-1.2019230769230727,-0.4842615012106477,-19.883040935672504,28.437500000000004,-0.995492197789638,7.609285838318169,-4.039176135068223,-18.887548737882867,20.828214161681835,7.43,92.83,9.13,51.76,9.13,51.76,False,0,214,0,split,Q4,confirmed_distribution,0.0,0.0,1.5,4.5,0.0,0.0,6.0,,,,D_V1_weak_V2_weak,實際介入強度低（強度分 0.0/25）；全市場flow percentile偏低（外資P9、投信P52）；價格未確認（Q4、RS20 -18.89）
3285,微端,其他電子,2026-08-10,excluded,0,0,637,758,-121,19.621903520208605,1.7601043024771839,-5,0,0,-5,0,0,主力佈局,True,True,-15.0,2.0,-5.0,33.0,-15000,2000,-5000,33000,0.0,0.0,0.0,0.0,0,0,0,0,-0.2542372881355932,0.014492753623188406,-0.028409090909090908,0.06653225806451613,0.0,0.0,0.0,0.0,-0.025508805464796662,0.0,1,4,0,0,0,0,neutral,neutral,-3.5532994923857864,0.39630118890356947,4.53920220082531,-3.307888040712459,34.03880070546737,-0.995492197789638,7.609285838318169,0.9842875669677342,-2.312395842922821,26.429514867149198,46.02,94.0,38.07,51.76,38.07,51.76,False,0,-658,0,split,Q4,confirmed_distribution,0.0,0.0,2.0,2.0,0.0,0.0,4.0,,,,D_V1_weak_V2_weak,實際介入強度低（強度分 0.0/25）；全市場flow percentile偏低（外資P38、投信P52）；價格未確認（Q4、RS20 -2.31）
3287,廣寰科,電腦週邊,2026-08-10,excluded,0,0,638,511,127,19.621903520208605,33.96349413298566,0,0,-2,-2,1,0,外資鎖碼,True,True,48.0,37.0,0.0,75.0,48000,37000,0,75000,0.0,0.0,0.0,0.0,0,0,0,0,0.23880597014925373,0.13309352517985612,0.0,0.07095553453169347,0.0,0.0,0.0,0.0,0.004318287079458481,0.0,1,4,0,0,1,0,accelerating,neutral,5.236486486486469,4.882154882154888,8.916083916083917,2.1311475409836023,-0.6379585326953818,-0.995492197789638,7.609285838318169,5.361169282226341,3.1266397387732403,-8.24724437101355,79.27,52.54,46.41,51.76,46.41,51.76,False,-2000,-326,0,split,,neutral,0.0,0.0,2.0,6.0,0.0,0.0,8.0,,,,,連買天數不長，但V2不只依賴連買
3293,鈊象,文化創意,2026-08-10,other_watch,44,7,88,25,63,88.33116036505866,96.87092568448502,3306,-158,17,3165,10,1,強勢雙雄,True,True,205.058,2308.624,3308.14,8252.03,205058,2308624,3308140,8252030,3.0,10.8,-158.2,-175.4,3000,10800,-158200,-175400,0.18325111706881145,0.4412507645259939,0.41848703352308664,0.428076464180111,0.002680965147453083,0.0020642201834862386,-0.020012650221378873,-0.009098926181459771,0.4191401178377184,-0.01968612164954813,5,10,2,6,10,1,decelerating,accelerating,-0.8760951188986232,1.9305019305019266,2.7237354085603016,8.64197530864197,9.392265193370175,-0.995492197789638,7.609285838318169,-0.8311792252972738,9.637467506431607,1.7829793550520057,93.22,77.05,98.57,4.69,98.57,4.69,False,6814,9787,0,split,Q1,confirmed_accumulation,4.5,12.5,8.0,6.75,25.0,9.86,66.61,,,,,價格與RS同步確認（RS20 +9.64）
3294,英濟,電子零組件,2026-08-10,excluded,0,5,274,250,24,64.27640156453715,67.53585397653194,253,0,3,256,1,0,外資鎖碼,True,True,140.0,155.0,253.0,534.236,140000,155000,253000,534236,0.0,0.0,0.0,0.0,0,0,0,0,0.32558139534883723,0.17613636363636365,0.1628056628056628,0.11403116328708644,0.0,0.0,0.0,0.0,0.16381033508480436,0.0,4,5,0,0,1,0,accelerating,neutral,2.1523178807947074,0.8169934640522847,4.5762711864406835,-16.846361185983827,-7.078313253012047,-0.995492197789638,7.609285838318169,1.021356552583108,-15.85086898819419,-14.687599091330217,10.17,33.38,83.44,51.76,83.44,51.76,False,0,3390,0,split,Q2,unconfirmed_accumulation,3.5,12.5,2.5,6.0,5.0,8.34,37.84,,,,,連買天數不長，但V2不只依賴連買
3296,勝德,電子零組件,2026-08-10,excluded,0,5,275,329,-54,64.27640156453715,57.23598435462842,29,0,-8,21,1,0,外資鎖碼,True,True,5.0,-20.0,29.015,214.315,5000,-20000,29015,214315,0.0,0.0,0.0,0.0,0,0,0,0,0.20833333333333334,-0.145985401459854,0.10005172413793104,0.21156465942744324,0.0,0.0,0.0,0.0,0.09855499025602119,0.0,3,7,0,0,1,0,neutral,neutral,1.9565217391304346,1.9565217391304346,3.532008830022071,-14.102564102564108,10.093896713615024,-0.995492197789638,7.609285838318169,-0.022905803835504557,-13.10707190477447,2.4846108752968545,13.95,78.1,73.53,51.76,73.53,51.76,False,-8000,0,0,split,Q2,unconfirmed_accumulation,3.5,12.5,3.5,2.0,5.0,7.35,33.85,,,,,價格未確認（Q2、RS20 -13.11）
3303,岱稜,其他電子,2026-08-10,excluded,0,5,276,313,-37,64.27640156453715,59.32203389830508,451,0,0,451,0,0,主力佈局,True,True,-43.936,411.064,450.174,1145.186,-43936,411064,450174,1145186,0.0,0.0,0.0,0.0,0,0,0,0,-0.09614004376367614,0.2442448009506833,0.14745299705207993,0.15320214046822742,0.0,0.0,0.0,0.0,0.14568562623751322,0.0,3,6,0,0,0,0,decelerating,neutral,2.1897810218978186,2.0036429872495543,-0.5328596802841923,0.0,11.111111111111116,-0.995492197789638,7.609285838318169,-4.087774314141768,0.995492197789638,3.5018252727929466,68.12,80.7,82.27,51.76,82.27,51.76,False,0,223,0,split,Q2,unconfirmed_accumulation,3.5,12.5,3.0,2.75,5.0,8.23,34.98,,,,,價格未確認（Q2、RS20 +1.00）；近期flow正在減速
3310,佳穎,電子零組件,2026-08-10,excluded,0,7,89,114,-25,88.33116036505866,85.26727509778357,5,0,0,5,8,0,外資鎖碼,True,True,1.0,5.0,5.0,16.0,1000,5000,5000,16000,0.0,0.0,0.0,0.0,0,0,0,0,0.09090909090909091,0.13513513513513514,0.11904761904761904,0.14285714285714285,0.0,0.0,0.0,0.0,0.11904927859482818,0.0,3,8,0,0,3,0,decelerating,neutral,2.35294117647058,3.8805970149253577,3.5714285714285587,0.5780346820809079,-0.7132667617689048,-0.995492197789638,7.609285838318169,0.016513937570983295,1.573526879870546,-8.322552600087075,70.93,52.28,77.84,51.76,77.84,51.76,False,0,0,0,mixed,Q1,confirmed_accumulation,3.5,12.5,4.0,2.75,25.0,7.78,55.53,,,,,V1連買訊號高（外資8日／投信0日）；近期flow正在減速
3312,弘憶股,電子通路,2026-08-10,excluded,0,0,639,683,-44,19.621903520208605,11.147327249022164,-278,0,4,-274,1,0,外資鎖碼,True,True,249.0,7.975,-278.393,297.506,249000,7975,-278393,297506,0.0,0.0,0.0,0.0,0,0,0,0,0.1182897862232779,0.0022792226350385825,-0.033565589582830964,0.02053181504485852,0.0,0.0,0.0,0.0,-0.03144407110198172,0.0,1,4,0,0,1,0,reversing_positive,neutral,5.208333333333326,5.427974947807934,14.253393665158365,-9.009009009009006,3.696098562628336,-0.995492197789638,7.609285838318169,10.698479031300788,-8.013516811219368,-3.9131872756898334,25.95,65.71,36.77,51.76,36.77,51.76,False,-37422,40587,0,split,Q4,confirmed_distribution,0.0,0.0,2.0,4.0,0.0,0.0,6.0,,,,D_V1_weak_V2_weak,實際介入強度低（強度分 0.0/25）；全市場flow percentile偏低（外資P37、投信P52）；價格未確認（Q4、RS20 -8.01）
3313,斐成,建材營建,2026-08-10,excluded,0,2,459,451,8,41.19947848761408,41.329856584093875,1,0,-2,-1,0,0,主力佈局,True,True,0.0,0.0,1.0,127.0,0,0,1000,127000,0.0,0.0,0.0,0.0,0,0,0,0,0.0,0.0,0.0034602076124567475,0.09163059163059163,0.0,0.0,0.0,0.0,0.003450355085086426,0.0,2,6,0,0,0,0,neutral,neutral,0.9708737864077666,0.9708737864077666,1.9607843137255054,-10.344827586206895,-7.964601769911505,-0.995492197789638,7.609285838318169,-1.59413032013207,-9.349335388417257,-15.573887608229676,22.29,29.99,47.46,51.76,47.46,51.76,False,-2000,-206,0,split,Q2,unconfirmed_accumulation,3.5,0.87,3.0,2.0,5.0,4.75,19.12,,,,,連買天數不長，但V2不只依賴連買
3317,尼克森,半導體業,2026-08-10,excluded,0,5,277,277,0,64.27640156453715,64.01564537157758,292,0,2,294,1,0,外資鎖碼,True,True,145.404,34.539,292.286,1014.504,145404,34539,292286,1014504,0.0,0.0,0.0,0.0,0,0,0,0,0.29795901639344263,0.02073169267707083,0.08722351536854671,0.10948672566371681,0.0,0.0,0.0,0.0,0.08834603278344191,0.0,3,6,0,0,1,0,accelerating,neutral,2.377414561664204,-1.147776183644189,5.190839694656502,-25.108695652173907,-6.891891891891888,-0.995492197789638,7.609285838318169,1.6359250607989262,-24.11320345438427,-14.501177730210056,3.78,33.64,71.45,51.76,71.45,51.76,False,0,1258,0,split,Q2,unconfirmed_accumulation,3.5,12.5,3.0,6.0,5.0,7.15,37.15,,,,,價格未確認（Q2、RS20 -24.11）
3323,加百裕,電腦週邊,2026-08-10,excluded,0,5,278,285,-7,64.27640156453715,62.97262059973925,186,0,1,187,2,0,外資鎖碼,True,True,148.0,112.0,187.03,529.779,148000,112000,187030,529779,0.0,0.0,0.0,0.0,0,0,0,0,0.1791767554479419,0.04315992292870906,0.05609778044391122,0.08279090482887952,0.0,0.0,0.0,0.0,0.05808701712906523,0.0,4,7,0,0,2,0,accelerating,neutral,3.7459283387622166,8.517887563884162,11.754385964912295,-8.345323741007194,-10.155148095909738,-0.995492197789638,7.609285838318169,8.19947133105472,-7.349831543217556,-17.764433934227906,27.51,25.81,62.19,51.76,62.19,51.76,False,0,1140,0,split,Q2,unconfirmed_accumulation,3.5,12.5,3.5,6.0,5.0,6.22,36.72,,,,,全市場flow percentile偏低（外資P62、投信P52）；價格未確認（Q2、RS20 -7.35）
3338,泰碩,電子零組件,2026-08-10,excluded,0,0,640,684,-44,19.621903520208605,11.147327249022164,-292,0,-10,-302,0,0,主力佈局,True,True,-102.0,-248.369,-293.159,-14.716,-102000,-248369,-293159,-14716,0.0,0.0,0.0,0.0,0,0,0,0,-0.2073170731707317,-0.19358456742010913,-0.13277128623188406,-0.0025713786475624672,0.0,0.0,0.0,0.0,-0.1321956142619515,0.0,1,3,0,0,0,0,stable,neutral,-1.0937500000000044,-0.4716981132075526,-0.7836990595611271,-7.184750733137834,-7.860262008733631,-0.995492197789638,7.609285838318169,-4.3386136934187025,-6.189258535348197,-15.4695478470518,32.99,30.38,15.25,51.76,15.25,51.76,False,-9183,0,0,split,Q4,confirmed_distribution,0.0,0.0,1.5,4.5,0.0,0.0,6.0,,,,D_V1_weak_V2_weak,實際介入強度低（強度分 0.0/25）；全市場flow percentile偏低（外資P15、投信P52）；價格未確認（Q4、RS20 -6.19）
3339,泰谷,光電業,2026-08-10,excluded,0,0,641,644,-3,19.621903520208605,16.558018252933508,-1110,0,5,-1105,0,0,主力佈局,True,True,-78.684,-945.474,-1110.474,-702.922,-78684,-945474,-1110474,-702922,0.0,0.0,0.0,0.0,0,0,0,0,-0.02860196292257361,-0.08152746399931017,-0.06370318953648463,-0.033255523489615364,0.0,0.0,0.0,0.0,-0.06610820898603383,0.0,2,5,0,0,0,0,reversing_positive,neutral,4.497354497354511,-0.7537688442211032,16.176470588235304,8.665749656121037,-18.974358974358974,-0.995492197789638,7.609285838318169,12.62155595437773,9.661241853910674,-26.583644812677143,93.35,12.26,29.6,51.76,29.6,51.76,False,0,5163,0,split,Q3,absorption_divergence,0.0,0.0,2.5,4.0,0.0,0.0,6.5,,,,D_V1_weak_V2_weak,實際介入強度低（強度分 0.0/25）；全市場flow percentile偏低（外資P30、投信P52）
3354,律勝,電子零組件,2026-08-10,excluded,0,5,279,212,67,64.27640156453715,72.49022164276401,82,0,-4,78,1,0,外資鎖碼,True,True,37.0,25.0,82.0,265.0,37000,25000,82000,265000,0.0,0.0,0.0,0.0,0,0,0,0,0.3523809523809524,0.10504201680672269,0.1663286004056795,0.18454038997214484,0.0,0.0,0.0,0.0,0.16570741764953048,0.0,3,8,0,0,1,0,accelerating,neutral,2.6960784313725616,-0.7109004739336622,3.970223325062028,-17.193675889328063,-37.648809523809526,-0.995492197789638,7.609285838318169,0.41530869120445235,-16.198183691538425,-45.2580953621277,9.91,1.43,83.57,51.76,83.57,51.76,False,-4000,-305,0,split,Q2,unconfirmed_accumulation,3.5,12.5,4.0,6.0,5.0,8.36,39.36,,,,,連買天數不長，但V2不只依賴連買
3357,臺慶科,電子零組件,2026-08-10,excluded,0,0,642,591,51,19.621903520208605,23.598435462842243,-527,-131,-25,-683,0,0,主力佈局,True,True,-51.98,-500.025,-527.882,-771.696,-51980,-500025,-527882,-771696,0.0,-114.835,-132.015,-307.015,0,-114835,-132015,-307015,-0.02622603430877901,-0.09223851687880465,-0.05674930122554289,-0.0342200345882666,0.0,-0.02118336100350489,-0.014192109223822833,-0.013614252139594697,-0.05614879734801523,-0.014138848826336205,2,3,0,2,0,0,stable,neutral,5.31400966183575,3.809523809523818,6.8627450980392135,-15.503875968992254,-5.831533477321815,-0.995492197789638,7.609285838318169,3.307830464181638,-14.508383771202617,-13.440819315639985,11.47,35.98,31.29,5.87,31.29,5.87,False,-61000,35943,0,split,Q4,confirmed_distribution,0.0,0.0,2.5,4.5,0.0,0.0,7.0,,,,D_V1_weak_V2_weak,連買天數不長，但V2不只依賴連買
3360,尚立,電子通路,2026-08-10,excluded,0,5,280,300,-20,64.27640156453715,61.016949152542374,228,0,-6,222,1,0,外資鎖碼,True,True,96.474,153.963,229.023,355.675,96474,153963,229023,355675,0.0,0.0,0.0,0.0,0,0,0,0,0.14042794759825328,0.08664209341586944,0.06178122471000809,0.0384596669550173,0.0,0.0,0.0,0.0,0.06210127755975977,0.0,3,5,0,0,1,0,accelerating,neutral,1.2461059190031154,-0.30674846625767804,2.2012578616352085,-19.354838709677413,3.1746031746031855,-0.995492197789638,7.609285838318169,-1.353656772222367,-18.359346511887775,-4.434682663714984,8.21,64.41,64.28,51.76,64.28,51.76,False,-6000,585,0,split,Q2,unconfirmed_accumulation,3.5,12.5,2.5,6.0,5.0,6.43,35.93,,,,,全市場flow percentile偏低（外資P64、投信P52）；價格未確認（Q2、RS20 -18.36）
3362,先進光,光電業,2026-08-10,buy_candidates,67,7,90,399,-309,88.33116036505866,48.109517601043024,504,0,5,509,4,0,外資鎖碼,True,True,156.736,671.6,504.665,201.617,156736,671600,504665,201617,0.0,0.0,0.0,0.0,0,0,0,0,0.2271536231884058,0.25791090629800306,0.02065590209561231,0.0016446849992250402,0.0,0.0,0.0,0.0,0.020037352733223247,0.0,4,6,0,0,4,0,decelerating,neutral,2.5936599423631135,2.005730659025784,-1.1111111111111072,-5.57029177718833,59.64125560538116,-0.995492197789638,7.609285838318169,-4.666025744968683,-4.574799579398691,52.03196976706299,37.81,98.57,53.32,51.76,53.32,51.76,False,2000,3725,0,split,Q2,unconfirmed_accumulation,4.5,5.16,3.0,2.75,5.0,5.33,25.74,3.0,25.0,-22.0,,V1連買訊號高（外資4日／投信0日）；實際介入強度低（強度分 5.2/25）；全市場flow percentile偏低（外資P53、投信P52）；價格未確認（Q2、RS20 -4.57）
3379,彬台,電機機械,2026-08-10,excluded,0,0,643,543,100,19.621903520208605,29.85658409387223,-118,0,0,-118,0,0,主力佈局,True,True,-187.992,-203.992,-118.991,69.009,-187992,-203992,-118991,69009,0.0,0.0,0.0,0.0,0,0,0,0,-0.17471375464684014,-0.11104627109417528,-0.05704266538830297,0.020848640483383685,0.0,0.0,0.0,0.0,-0.06314564107626468,0.0,2,6,0,0,0,0,stable,neutral,1.5025041736226985,13.644859813084098,19.215686274509803,-9.253731343283588,-10.9809663250366,-0.995492197789638,7.609285838318169,15.660771640652229,-8.25823914549395,-18.59025216335477,25.29,24.9,31.16,51.76,31.16,51.76,False,0,-525,0,split,Q4,confirmed_distribution,0.0,0.0,3.0,4.5,0.0,0.0,7.5,,,,,連買天數不長，但V2不只依賴連買
3388,崇越電,電子零組件,2026-08-10,excluded,0,5,281,195,86,64.27640156453715,74.70664928292047,684,0,-54,630,1,0,外資鎖碼,True,True,230.573,397.395,686.325,765.627,230573,397395,686325,765627,0.0,0.0,0.0,0.0,0,0,0,0,0.5596432038834952,0.37703510436432636,0.30804533213644525,0.15464088063017573,0.0,0.0,0.0,0.0,0.30835709946243156,0.0,5,7,0,0,5,0,accelerating,neutral,0.688705234159781,-0.1366120218579403,2.524544179523147,-7.585335018963335,-32.31481481481482,-0.995492197789638,7.609285838318169,-1.0303704543344283,-6.589842821173697,-39.92410065313299,31.16,3.39,96.09,51.76,96.09,51.76,False,-56000,-148,0,split,Q2,unconfirmed_accumulation,3.5,12.5,3.5,6.0,5.0,9.61,40.11,,,,,連買天數不長，但V2不只依賴連買
3430,奇鈦科,化學工業,2026-08-10,excluded,0,0,644,645,-1,19.621903520208605,16.558018252933508,-348,0,0,-348,0,0,主力佈局,True,True,-79.406,-266.038,-350.594,-79.63,-79406,-266038,-350594,-79630,0.0,0.0,0.0,0.0,0,0,0,0,-0.06689637742207245,-0.09357650369328174,-0.08968892299820926,-0.012985975212002608,0.0,0.0,0.0,0.0,-0.08817656468907159,0.0,0,4,0,0,0,0,stable,neutral,7.762557077625565,3.5087719298245723,14.009661835748787,-2.0746887966805017,-33.333333333333336,-0.995492197789638,7.609285838318169,10.454747201891212,-1.0791965988908636,-40.94261917165151,54.24,2.87,22.56,51.76,22.56,51.76,False,0,-873,0,split,Q4,confirmed_distribution,0.0,0.0,2.0,4.5,0.0,0.0,6.5,,,,D_V1_weak_V2_weak,實際介入強度低（強度分 0.0/25）；全市場flow percentile偏低（外資P23、投信P52）；價格未確認（Q4、RS20 -1.08）
3432,台端,電子零組件,2026-08-10,excluded,0,5,282,333,-51,64.27640156453715,56.714471968709255,7,0,-1,6,1,0,外資鎖碼,True,True,1.0,3.0,7.0,23.132,1000,3000,7000,23132,0.0,0.0,0.0,0.0,0,0,0,0,0.023809523809523808,0.037037037037037035,0.05982905982905983,0.07320253164556963,0.0,0.0,0.0,0.0,0.05975862618959009,0.0,3,7,0,0,1,0,decelerating,neutral,2.515723270440251,1.8750000000000044,1.8750000000000044,-10.439560439560436,-14.88250652741513,-0.995492197789638,7.609285838318169,-1.679914633857571,-9.444068241770799,-22.4917923657333,22.03,17.99,63.36,51.76,63.36,51.76,False,-1000,0,0,split,Q2,unconfirmed_accumulation,3.5,12.5,3.5,2.75,5.0,6.34,33.59,,,,,全市場flow percentile偏低（外資P63、投信P52）；價格未確認（Q2、RS20 -9.44）；近期flow正在減速
3434,哲固,光電業,2026-08-10,excluded,0,7,91,95,-4,88.33116036505866,87.74445893089961,149,0,0,149,8,0,外資鎖碼,True,True,24.0,107.0,149.062,212.098,24000,107000,149062,212098,0.0,0.0,0.0,0.0,0,0,0,0,0.12,0.25295508274231676,0.25221996615905246,0.12924923826934795,0.0,0.0,0.0,0.0,0.25146524005637116,0.0,5,8,0,0,8,0,decelerating,neutral,2.4350649350649345,4.297520661157028,5.518394648829439,4.991680532445919,11.09154929577465,-0.995492197789638,7.609285838318169,1.9634800149718634,5.987172730235557,3.4822634574564804,87.48,80.57,92.18,51.76,92.18,51.76,False,0,-338,0,split,Q1,confirmed_accumulation,3.5,12.5,4.0,2.75,25.0,9.22,56.97,,,,,V1連買訊號高（外資8日／投信0日）；近期flow正在減速
3437,榮創,光電業,2026-08-10,excluded,0,5,283,230,53,64.27640156453715,70.14341590612777,296,0,-3,293,2,0,外資鎖碼,True,True,259.895,179.895,296.895,549.395,259895,179895,296895,549395,0.0,0.0,0.0,0.0,0,0,0,0,0.5056322957198444,0.15602341717259324,0.13719731977818855,0.10213701431492843,0.0,0.0,0.0,0.0,0.13905978185115178,0.0,4,7,0,0,2,0,accelerating,neutral,4.022988505747138,1.6853932584269593,7.41839762611276,-10.617283950617274,-25.667351129363446,-0.995492197789638,7.609285838318169,3.863482992255185,-9.621791752827637,-33.27663696768162,21.38,6.78,81.1,51.76,81.1,51.76,False,-3000,0,0,split,Q2,unconfirmed_accumulation,3.5,12.5,3.5,6.0,5.0,8.11,38.61,,,,,連買天數不長，但V2不只依賴連買
3438,類比科,半導體業,2026-08-10,excluded,0,5,284,359,-75,64.27640156453715,53.38983050847458,89,0,3,92,1,0,外資鎖碼,True,True,28.0,-67.039,89.011,164.011,28000,-67039,89011,164011,0.0,0.0,0.0,0.0,0,0,0,0,0.2545454545454545,-0.078962308598351,0.0540771567436209,0.06119813432835821,0.0,0.0,0.0,0.0,0.0562147021021522,0.0,2,6,0,0,1,0,reversing_negative,neutral,3.367003367003374,0.8210180623973828,7.53064798598948,-9.43952802359882,-2.2292993630573243,-0.995492197789638,7.609285838318169,3.975733352131905,-8.444035825809182,-9.838585201375494,24.64,45.89,61.54,51.76,61.54,51.76,False,0,3976,0,split,Q2,unconfirmed_accumulation,3.5,12.5,3.0,1.0,5.0,6.15,31.15,,,,,全市場flow percentile偏低（外資P62、投信P52）；價格未確認（Q2、RS20 -8.44）；近期flow已轉負
3441,聯一光,光電業,2026-08-10,high_priority_watch,58,0,645,685,-40,19.621903520208605,11.147327249022164,-1830,0,1,-1829,0,0,主力佈局,True,True,-370.775,-420.234,-1830.965,-1493.6,-370775,-420234,-1830965,-1493600,0.0,0.0,0.0,0.0,0,0,0,0,-0.04502975467573476,-0.010642337984653177,-0.016442298194096466,-0.005276731648378048,0.0,0.0,0.0,0.0,-0.016056951293048863,0.0,1,3,0,0,0,0,stable,neutral,-5.805687203791477,-6.908665105386424,-13.961038961038962,6.998654104979818,85.3146853146853,-0.995492197789638,7.609285838318169,-17.515953594896537,7.994146302769456,77.70539947636713,90.61,99.35,41.2,51.76,41.2,51.76,False,-10000,10248,0,split,Q4,confirmed_distribution,0.0,0.0,1.5,4.5,0.0,0.0,6.0,15.0,36.0,-21.0,D_V1_weak_V2_weak,實際介入強度低（強度分 0.0/25）；全市場flow percentile偏低（外資P41、投信P52）；價格未確認（Q4、RS20 +7.99）
3443,創意,半導體業,2026-08-10,excluded,0,12,35,24,11,96.08865710560626,97.0013037809648,246,179,6,431,0,0,主力佈局,True,True,-119.395,-118.59,246.486,422.3,-119395,-118590,246486,422300,-130.521,22.362,179.77,469.369,-130521,22362,179770,469369,-0.05829833984375,-0.020390302613480054,0.022415969443433974,0.02072943255448655,-0.06373095703125,0.003844910591471802,0.01634867224445253,0.02303990771647359,0.02067359680986779,0.015624944704927268,3,6,4,8,0,0,reversing_negative,reversing_negative,-0.330033003300334,3.1890660592255093,8.24372759856631,6.088992974238883,-10.738916256157637,-0.995492197789638,7.609285838318169,4.688812964708734,7.08448517202852,-18.348202094475806,89.05,25.55,53.72,95.83,53.72,95.83,True,14207,-8798,0,split,Q1,confirmed_accumulation,10.0,9.69,7.0,0.0,25.0,14.95,66.64,,,,B_V1_strong_V2_weak,橫向強度高（外資P54、投信P96）；價格與RS同步確認（RS20 +7.08）
3444,利機,電子通路,2026-08-10,excluded,0,0,646,646,0,19.621903520208605,16.558018252933508,-293,0,0,-293,0,0,主力佈局,True,True,-186.0,-330.945,-293.945,-182.985,-186000,-330945,-293945,-182985,0.0,0.0,0.0,0.0,0,0,0,0,-0.42081447963800905,-0.31639101338432124,-0.23591091492776886,-0.074353921170256,0.0,0.0,0.0,0.0,-0.24308763788853538,0.0,2,4,0,0,0,0,stable,neutral,-1.726427622841964,7.871720116618075,12.12121212121211,-13.247362250879247,-22.5130890052356,-0.995492197789638,7.609285838318169,8.566297487354536,-12.25187005308961,-30.122374843553768,14.99,9.13,6.52,51.76,6.52,51.76,False,0,-209,0,split,Q4,confirmed_distribution,0.0,0.0,2.0,4.5,0.0,0.0,6.5,,,,D_V1_weak_V2_weak,實際介入強度低（強度分 0.0/25）；全市場flow percentile偏低（外資P7、投信P52）；價格未確認（Q4、RS20 -12.25）
3447,展達,通信網路,2026-08-10,excluded,0,5,285,414,-129,64.27640156453715,46.15384615384615,19,0,-2,17,0,0,主力佈局,True,True,-33.0,-78.0,19.0,278.48,-33000,-78000,19000,278480,0.0,0.0,0.0,0.0,0,0,0,0,-0.13924050632911392,-0.15204678362573099,0.024484536082474227,0.11936562366052293,0.0,0.0,0.0,0.0,0.022829237950010562,0.0,2,6,0,0,0,0,reversing_negative,neutral,-3.008849557522131,-0.9041591320072317,2.238805970149249,-23.35664335664336,-24.517906336088156,-0.995492197789638,7.609285838318169,-1.3161086637083264,-22.361151158853723,-32.127192174406325,5.08,7.95,54.24,51.76,54.24,51.76,False,-2000,0,0,split,Q2,unconfirmed_accumulation,3.5,6.12,3.0,1.0,5.0,5.42,24.04,,,,,全市場flow percentile偏低（外資P54、投信P52）；價格未確認（Q2、RS20 -22.36）；近期flow已轉負
3450,聯鈞,半導體業,2026-08-10,excluded,0,15,9,3,6,99.21773142112124,99.73924380704041,4467,1682,246,6395,4,2,黃金滿貫,True,True,1485.071,5409.013,4468.517,8846.081,1485071,5409013,4468517,8846081,1768.0,1153.0,1682.0,56.0,1768000,1153000,1682000,56000,0.11361571417642108,0.10250361007409653,0.05739832500545915,0.0767942305021182,0.13526126539667968,0.02184994978112149,0.02160537436898691,0.0004861448711716091,0.061501322358428735,0.02231557934178784,4,8,3,7,4,2,accelerating,accelerating,9.85324947589099,10.315789473684212,28.117359413202927,1.747572815533971,24.17061611374407,-0.995492197789638,7.609285838318169,24.562444779345352,2.743065013323609,16.561330275425902,77.57,90.74,62.71,96.35,62.71,96.35,True,168106,80670,0,split,Q1,confirmed_accumulation,10.0,17.9,7.5,10.0,25.0,15.91,86.31,,,,A_V1_strong_V2_strong,5日資金強度分 17.9/25；橫向強度高（外資P63、投信P96）；價格與RS同步確認（RS20 +2.74）；動能較佳（外資 accelerating／投信 accelerating）
3455,由田,光電業,2026-08-10,excluded,0,0,647,742,-95,19.621903520208605,3.455019556714472,-522,0,29,-493,1,0,外資鎖碼,True,True,23.05,-258.973,-523.527,682.266,23050,-258973,-523527,682266,0.0,0.0,0.0,0.0,0,0,0,0,0.019836488812392427,-0.10219928966061563,-0.10640792682926829,0.06373934977578476,0.0,0.0,0.0,0.0,-0.10412381717007908,0.0,1,5,0,0,1,0,neutral,neutral,8.157894736842097,10.483870967741925,22.686567164179095,-6.164383561643838,-28.021015761821367,-0.995492197789638,7.609285838318169,19.13165253032152,-5.1688913638542004,-35.63030160013954,36.38,5.35,19.69,51.76,19.69,51.76,False,0,29743,0,split,Q4,confirmed_distribution,0.0,0.0,2.5,2.0,0.0,0.0,4.5,,,,D_V1_weak_V2_weak,實際介入強度低（強度分 0.0/25）；全市場flow percentile偏低（外資P20、投信P52）；價格未確認（Q4、RS20 -5.17）
3466,德晉,通信網路,2026-08-10,excluded,0,5,286,343,-57,64.27640156453715,55.41069100391134,95,0,0,95,0,0,主力佈局,True,True,-42.0,-4.0,95.01,377.103,-42000,-4000,95010,377103,0.0,0.0,0.0,0.0,0,0,0,0,-0.13815789473684212,-0.0071301247771836,0.07970637583892617,0.1226351219512195,0.0,0.0,0.0,0.0,0.07609595974056377,0.0,3,7,0,0,0,0,reversing_negative,neutral,5.5102040816326525,4.024144869215296,6.597938144329896,-21.90332326283988,-34.0561224489796,-0.995492197789638,7.609285838318169,3.0430235104723202,-20.907831065050242,-41.66540828729777,6.26,2.48,68.84,51.76,68.84,51.76,False,0,418,0,split,Q2,unconfirmed_accumulation,3.5,12.5,3.5,1.0,5.0,6.88,32.38,,,,,全市場flow percentile偏低（外資P69、投信P52）；價格未確認（Q2、RS20 -20.91）；近期flow已轉負
3467,台灣精材,半導體業,2026-08-10,excluded,0,0,648,743,-95,19.621903520208605,3.455019556714472,-62,0,0,-62,1,0,外資鎖碼,True,True,11.0,-66.0,-62.0,-26.0,11000,-66000,-62000,-26000,0.0,0.0,0.0,0.0,0,0,0,0,0.15942028985507245,-0.2323943661971831,-0.13276231263383298,-0.021346469622331693,0.0,0.0,0.0,0.0,-0.13144318968806976,0.0,3,5,0,0,1,0,neutral,neutral,1.2359550561797716,-3.533190578158474,1.2359550561797716,-19.982238010657195,-31.84568835098336,-0.995492197789638,7.609285838318169,-2.318959577677804,-18.986745812867557,-39.45497418930153,7.17,3.91,15.38,51.76,15.38,51.76,False,0,141,0,split,Q4,confirmed_distribution,0.0,0.0,2.5,2.0,0.0,0.0,4.5,,,,D_V1_weak_V2_weak,實際介入強度低（強度分 0.0/25）；全市場flow percentile偏低（外資P15、投信P52）；價格未確認（Q4、RS20 -18.99）
3481,群創,光電業,2026-08-10,excluded,0,0,649,465,184,19.621903520208605,39.70013037809648,-9108,-829,143,-9794,1,0,外資鎖碼,True,True,48103.66,34650.151,-9109.217,-7863.328,48103660,34650151,-9109217,-7863328,-23.908,-59.908,-830.3,-1271.639,-23908,-59908,-830300,-1271639,0.2186828203845979,0.04388078030198457,-0.00584128237108477,-0.0021310080307168893,-0.00010868754830204119,-7.586719568209937e-05,-0.0005324295988021456,-0.00034462163109217806,-0.0016172519991582508,-0.0005238353486933168,2,3,0,3,1,0,accelerating,stable,9.989484752891698,9.414225941422604,14.192139737991273,-14.262295081967213,47.740112994350284,-0.995492197789638,7.609285838318169,10.637225104133698,-13.266802884177576,40.13082715603211,13.69,96.87,45.11,13.04,45.11,13.04,False,-902568,1044531,0,split,Q4,confirmed_distribution,0.0,0.0,3.0,8.5,0.0,0.0,11.5,,,,,動能較佳（外資 accelerating／投信 stable）；連買天數不長，但V2不只依賴連買
3483,力致,電腦週邊,2026-08-10,excluded,0,0,650,512,138,19.621903520208605,33.96349413298566,-280,-1,-23,-304,1,0,外資鎖碼,True,True,13.54,-152.776,-280.199,-77.411,13540,-152776,-280199,-77411,0.0,1.294,-1.072,4.564,0,1294,-1072,4564,0.050522388059701495,-0.1338965819456617,-0.1645325895478567,-0.020430456584850883,0.0,0.0011340929009640665,-0.0006294773928361715,0.001204539456320929,-0.1634145026085016,-0.0006100969994765706,1,6,1,2,1,0,neutral,reversing_positive,-0.5376344086021612,0.6802721088435382,-3.141361256544506,-13.450292397660824,-14.942528735632187,-0.995492197789638,7.609285838318169,-6.696275890402081,-12.454800199871187,-22.551814573950356,14.86,17.86,11.47,12.78,11.47,12.78,False,-8000,-16925,0,split,Q4,confirmed_distribution,0.0,0.0,4.0,4.0,0.0,0.0,8.0,,,,,連買天數不長，但V2不只依賴連買
3485,敘豐,電子零組件,2026-08-10,excluded,0,0,651,483,168,19.621903520208605,37.222946544980445,-15,0,-1,-16,1,0,外資鎖碼,True,True,8.0,1.76,-13.945,33.054,8000,1760,-13945,33054,0.0,0.0,0.0,0.0,0,0,0,0,0.07142857142857142,0.004743935309973046,-0.01969632768361582,0.022021319120586275,0.0,0.0,0.0,0.0,-0.019571626318554743,0.0,3,6,0,0,1,0,accelerating,neutral,-0.9501187648456089,0.0,3.731343283582089,-25.0,-27.47826086956522,-0.995492197789638,7.609285838318169,0.17642864972451378,-24.004507802210362,-35.08754670788339,3.91,6.0,40.03,51.76,40.03,51.76,False,-1199,-57,0,split,Q4,confirmed_distribution,0.0,0.0,3.0,6.0,0.0,0.0,9.0,,,,,連買天數不長，但V2不只依賴連買
3491,昇達科,通信網路,2026-08-10,excluded,0,3,422,417,5,45.436766623207305,45.76271186440678,-740,9,190,-541,0,0,主力佈局,True,True,-396.882,-646.759,-740.345,-331.967,-396882,-646759,-740345,-331967,-7.74,-1.74,8.225,127.796,-7740,-1740,8225,127796,-0.2206125625347415,-0.08144553582672208,-0.07117333205152855,-0.014349124702831208,-0.004302390216787104,-0.000219115980355119,0.0007907133243606998,0.005523924789280312,-0.07231764509272065,0.00043187151064001943,2,5,2,6,0,0,stable,neutral,0.0,-3.891050583657585,15.962441314553999,-2.7559055118110187,-28.197674418604645,-0.995492197789638,7.609285838318169,12.407526680696424,-1.7604133140213807,-35.806960256922814,49.15,5.22,27.51,90.48,27.51,90.48,False,93469,98164,0,split,Q4,confirmed_distribution,4.5,0.2,5.5,4.5,0.0,9.05,23.75,,,,,差異主要來自V1離散加分與V2連續型強度／排名分數
3498,陽程,其他電子,2026-08-10,high_priority_watch,27,0,652,647,5,19.621903520208605,16.558018252933508,-593,0,418,-175,0,0,主力佈局,True,True,-66.89,-260.366,-595.203,418.317,-66890,-260366,-595203,418317,0.0,0.0,0.0,0.0,0,0,0,0,-0.03282139352306183,-0.05110225711481845,-0.07031340815121087,0.023990193267190457,0.0,0.0,0.0,0.0,-0.06747397390542591,0.0,0,4,0,0,0,0,stable,neutral,7.296137339055786,10.619469026548668,26.262626262626256,-4.580152671755721,-7.749077490774903,-0.995492197789638,7.609285838318169,22.70771162876868,-3.5846604739660832,-15.358363329093073,41.33,31.16,27.9,51.76,27.9,51.76,False,0,419531,0,split,Q4,confirmed_distribution,0.0,0.0,2.0,4.5,0.0,0.0,6.5,36.0,35.0,1.0,D_V1_weak_V2_weak,連買天數不長，但V2不只依賴連買
3518,柏騰,其他電子,2026-08-10,excluded,0,0,653,648,5,19.621903520208605,16.558018252933508,-458,0,3,-455,0,0,主力佈局,True,True,-241.0,-288.0,-458.0,-429.04,-241000,-288000,-458000,-429040,0.0,0.0,0.0,0.0,0,0,0,0,-0.16272788656313303,-0.11433108376339818,-0.1457206490614063,-0.07387052341597797,0.0,0.0,0.0,0.0,-0.14266917576388222,0.0,1,2,0,0,0,0,stable,neutral,0.355239786856143,10.1364522417154,9.07335907335909,-4.721753794266437,-22.1763085399449,-0.995492197789638,7.609285838318169,5.518444439501514,-3.726261596476799,-29.785594378263067,40.55,9.78,13.43,51.76,13.43,51.76,False,3069,0,0,split,Q4,confirmed_distribution,1.0,0.0,1.0,4.5,0.0,0.0,6.5,,,,D_V1_weak_V2_weak,連買天數不長，但V2不只依賴連買
3522,御嵿,觀光餐旅,2026-08-10,excluded,0,5,287,304,-17,64.27640156453715,60.495436766623214,21,0,0,21,1,0,外資鎖碼,True,True,29.0,26.0,21.0,57.0,29000,26000,21000,57000,0.0,0.0,0.0,0.0,0,0,0,0,0.35365853658536583,0.13402061855670103,0.08300395256916997,0.050487156775907885,0.0,0.0,0.0,0.0,0.08199696429749885,0.0,1,3,0,0,1,0,accelerating,neutral,0.8474576271186418,-1.2448132780083054,-2.0576131687242816,-4.799999999999994,-8.461538461538453,-0.995492197789638,7.609285838318169,-5.612527802581857,-3.8045078022103556,-16.07082429985662,39.9,28.81,70.27,51.76,70.27,51.76,False,0,-342,0,split,Q2,unconfirmed_accumulation,3.5,12.5,1.5,6.0,5.0,7.03,35.53,,,,,價格未確認（Q2、RS20 -3.80）
3532,台勝科,半導體業,2026-08-10,excluded,0,0,654,470,184,19.621903520208605,38.85267275097783,-1072,-531,-211,-1814,0,0,主力佈局,True,True,-1497.799,-1314.089,-1072.607,2363.027,-1497799,-1314089,-1072607,2363027,-535.0,-530.0,-531.0,-4969.0,-535000,-530000,-531000,-4969000,-0.17689842919570095,-0.13529177391125297,-0.09394823508802663,0.08041062374519345,-0.0631864887209165,-0.054566045506022856,-0.046509590960847856,-0.16908837240956887,-0.08722402361578631,-0.045299248465170035,3,6,1,1,0,0,stable,stable,-9.440000000000005,-10.584518167456558,6.792452830188678,-39.205155746509135,15.040650406504064,-0.995492197789638,7.609285838318169,3.2375381963311023,-38.2096635487195,7.431364568185894,0.26,84.22,21.12,2.22,21.12,2.22,False,-180839,-31491,0,split,Q4,confirmed_distribution,0.0,0.0,3.5,7.0,0.0,0.0,10.5,,,,,動能較佳（外資 stable／投信 stable）；連買天數不長，但V2不只依賴連買
3533,嘉澤,電子零組件,2026-08-10,excluded,0,3,423,386,37,45.436766623207305,49.80443285528031,-301,16,32,-253,1,2,強勢雙雄,True,True,77.146,147.408,-301.946,291.446,77146,147408,-301946,291446,30.358,42.358,16.808,-461.822,30358,42358,16808,-461822,0.09827515923566879,0.05762627052384676,-0.062039449352784055,0.02850327628361858,0.03867261146496815,0.016559030492572322,0.003453462091637559,-0.04516596577017115,-0.06206857554155968,0.003630028319107377,2,6,3,4,1,2,reversing_positive,accelerating,2.617801047120416,0.2557544757033181,-2.244389027431426,-1.0101010101010055,-19.999999999999996,-0.995492197789638,7.609285838318169,-5.799303661289001,-0.014608812311367458,-27.609285838318165,61.41,11.6,29.73,92.57,29.73,92.57,False,16056,17474,0,split,Q4,confirmed_distribution,4.5,0.86,5.0,8.0,0.0,9.26,27.62,,,,,動能較佳（外資 reversing_positive／投信 accelerating）
3535,晶彩科,光電業,2026-08-10,excluded,0,5,288,341,-53,64.27640156453715,55.67144719687093,136,0,20,156,1,0,外資鎖碼,True,True,239.995,238.045,135.816,1841.954,239995,238045,135816,1841954,0.0,0.0,0.0,0.0,0,0,0,0,0.2733428246013667,0.11030815569972197,0.036159744408945683,0.1633951920518052,0.0,0.0,0.0,0.0,0.04033017621524893,0.0,3,7,0,0,1,0,accelerating,neutral,5.868544600938974,5.99294947121034,12.749999999999995,-9.799999999999997,-26.065573770491802,-0.995492197789638,7.609285838318169,9.195085366142418,-8.80450780221036,-33.674859608809975,23.86,6.52,56.98,51.76,56.98,51.76,False,-4000,23181,0,split,Q2,unconfirmed_accumulation,3.5,9.04,3.5,6.0,5.0,5.7,32.74,,,,,全市場flow percentile偏低（外資P57、投信P52）；價格未確認（Q2、RS20 -8.80）
3537,堡達,電子零組件,2026-08-10,excluded,0,0,655,544,111,19.621903520208605,29.85658409387223,-86,0,-1,-87,0,0,主力佈局,True,True,-2.0,-26.0,-86.997,-210.277,-2000,-26000,-86997,-210277,0.0,0.0,0.0,0.0,0,0,0,0,-0.005494505494505495,-0.01683937823834197,-0.030740989399293286,-0.03154470447044704,0.0,0.0,0.0,0.0,-0.02906174828339215,0.0,1,4,0,0,0,0,stable,neutral,0.9727626459143934,0.7766990291262044,1.5655577299412915,-21.363636363636363,0.7766990291262044,-0.995492197789638,7.609285838318169,-1.989356903916284,-20.368144165846726,-6.832586809191965,6.39,57.24,37.29,51.76,37.29,51.76,False,4000,-5693,0,split,Q4,confirmed_distribution,1.0,0.0,2.0,4.5,0.0,0.0,7.5,,,,,連買天數不長，但V2不只依賴連買
3543,州巧,光電業,2026-08-10,excluded,0,7,92,133,-41,88.33116036505866,82.85528031290742,871,0,-10,861,4,0,外資鎖碼,True,True,34.488,858.739,871.411,947.02,34488,858739,871411,947020,0.0,0.0,0.0,0.0,0,0,0,0,0.014897624190064795,0.07204790670358252,0.060835730242948895,0.03503977503977504,0.0,0.0,0.0,0.0,0.06173204185627354,0.0,4,6,0,0,4,0,decelerating,neutral,4.861111111111116,13.363363363363367,14.393939393939403,22.764227642276413,0.8010680907877044,-0.995492197789638,7.609285838318169,10.839024760081827,23.75971984006605,-6.808217747530465,98.96,57.5,63.62,51.76,63.62,51.76,False,-10000,0,0,split,Q1,confirmed_accumulation,3.5,12.5,3.0,2.75,25.0,6.36,53.11,,,,,V1連買訊號高（外資4日／投信0日）；全市場flow percentile偏低（外資P64、投信P52）；近期flow正在減速
3545,敦泰,半導體業,2026-08-10,excluded,0,12,36,142,-106,96.08865710560626,81.61668839634942,296,5,-47,254,1,0,外資鎖碼,True,True,150.626,168.967,298.019,1611.92,150626,168967,298019,1611920,0.0,-5.0,5.0,11.0,0,-5000,5000,11000,0.18970528967254408,0.0838545905707196,0.08273709050527485,0.14281208469921147,0.0,-0.0024813895781637717,0.00138811771238201,0.0009745725170550191,0.08301269206837714,0.001389422049853342,4,6,1,2,1,0,accelerating,reversing_negative,1.388888888888884,1.1881188118811892,1.9960079840319445,-7.927927927927925,-11.591695501730094,-0.995492197789638,7.609285838318169,-1.558906649825631,-6.9324357301382875,-19.200981340048262,29.99,23.6,70.14,91.26,70.14,91.26,True,-18000,-30886,0,split,Q2,unconfirmed_accumulation,9.0,12.85,4.0,5.0,5.0,16.14,51.99,,,,B_V1_strong_V2_weak,價格未確認（Q2、RS20 -6.93）；近期flow已轉負
3546,宇峻,文化創意,2026-08-10,excluded,0,5,289,144,145,64.27640156453715,81.35593220338984,55,0,9,64,0,0,主力佈局,True,True,-1.0,-40.83,55.163,98.806,-1000,-40830,55163,98806,0.0,0.0,0.0,0.0,0,0,0,0,-0.006944444444444444,-0.10258793969849246,0.07747612359550562,0.06613520749665328,0.0,0.0,0.0,0.0,0.0782014694992175,0.0,2,5,0,0,0,0,reversing_negative,neutral,1.8766756032171594,0.26385224274407815,3.260869565217406,3.542234332425065,6.145251396648055,-0.995492197789638,7.609285838318169,-0.29404506864016966,4.537726530214703,-1.4640344416701145,83.57,70.53,68.19,51.76,68.19,51.76,False,0,10030,0,split,Q1,confirmed_accumulation,3.5,12.5,2.5,1.0,25.0,6.82,51.32,,,,C_V1_weak_V2_strong,價格與RS同步確認（RS20 +4.54）；連買天數不長，但V2不只依賴連買
3548,兆利,電子零組件,2026-08-10,excluded,0,7,93,298,-205,88.33116036505866,61.27770534550196,107,0,4,111,3,0,外資鎖碼,True,True,19.0,66.04,106.192,429.37,19000,66040,106192,429370,0.0,0.0,0.0,0.0,0,0,0,0,0.15966386554621848,0.19654761904761905,0.14893688639551192,0.19499091734786558,0.0,0.0,0.0,0.0,0.14922458676809394,0.0,4,8,0,0,3,0,decelerating,neutral,0.5256241787122251,0.2621231979030192,7.746478873239426,-5.321782178217815,-18.703506907545165,-0.995492197789638,7.609285838318169,4.191564239381851,-4.326289980428177,-26.312792745863334,38.33,12.39,82.53,51.76,82.53,51.76,False,0,5023,0,split,Q2,unconfirmed_accumulation,3.5,12.5,4.0,2.75,5.0,8.25,36.0,,,,,V1連買訊號高（外資3日／投信0日）；價格未確認（Q2、RS20 -4.33）；近期flow正在減速
3552,同致,其他電子,2026-08-10,excluded,0,0,656,712,-56,19.621903520208605,7.496740547588006,-7,0,2,-5,1,0,外資鎖碼,True,True,16.0,-39.0,-7.0,156.0,16000,-39000,-7000,156000,0.0,0.0,0.0,0.0,0,0,0,0,0.2711864406779661,-0.12828947368421054,-0.013182674199623353,0.11024734982332156,0.0,0.0,0.0,0.0,-0.010680315132121782,0.0,3,7,0,0,1,0,neutral,neutral,1.3574660633484115,-1.2127894156560237,-3.239740820734338,-4.17112299465241,-19.279279279279283,-0.995492197789638,7.609285838318169,-6.794655454591913,-3.1756307968627717,-26.88856511759745,42.89,11.86,43.02,51.76,43.02,51.76,False,0,1961,0,split,Q4,confirmed_distribution,0.0,0.0,3.5,2.0,0.0,0.0,5.5,,,,D_V1_weak_V2_weak,實際介入強度低（強度分 0.0/25）；全市場flow percentile偏低（外資P43、投信P52）；價格未確認（Q4、RS20 -3.18）
3556,禾瑞亞,半導體業,2026-08-10,excluded,0,5,290,367,-77,64.27640156453715,52.28161668839635,49,0,3,52,2,0,外資鎖碼,True,True,12.844,23.514,50.331,322.812,12844,23514,50331,322812,0.0,0.0,0.0,0.0,0,0,0,0,0.0311747572815534,0.018529550827423167,0.026987131367292225,0.07906245407788391,0.0,0.0,0.0,0.0,0.0271074207444559,0.0,4,7,0,0,2,0,accelerating,neutral,0.6269592476489061,2.5559105431310014,6.467661691542292,-8.806818181818187,18.669131238447314,-0.995492197789638,7.609285838318169,2.912747057684717,-7.811325984028549,11.059845400129145,26.47,87.35,55.28,51.76,55.28,51.76,False,0,5133,0,split,Q2,unconfirmed_accumulation,3.5,6.75,3.5,6.0,5.0,5.53,30.28,,,,,全市場flow percentile偏低（外資P55、投信P52）；價格未確認（Q2、RS20 -7.81）
3557,嘉威,38,2026-08-10,excluded,0,0,657,592,65,19.621903520208605,23.598435462842243,-33,0,-1,-34,0,0,主力佈局,True,True,-2.0,-9.0,-33.718,-4.218,-2000,-9000,-33718,-4218,0.0,0.0,0.0,0.0,0,0,0,0,-0.06451612903225806,-0.07563025210084033,-0.091625,-0.006017118402282454,0.0,0.0,0.0,0.0,-0.0900956985034069,0.0,2,5,0,0,0,0,stable,neutral,-0.19120458891012104,-1.8796992481203034,5.241935483870974,-0.3816793893129722,-7.936507936507942,-0.995492197789638,7.609285838318169,1.6870208500133987,0.6138128084766659,-15.545793774826112,65.58,30.12,22.03,51.76,22.03,51.76,False,-1000,0,0,split,Q3,absorption_divergence,0.0,0.0,2.5,4.5,0.0,0.0,7.0,,,,D_V1_weak_V2_weak,連買天數不長，但V2不只依賴連買
3558,神準,通信網路,2026-08-10,excluded,0,7,94,173,-79,88.33116036505866,77.64015645371578,191,0,-1,190,10,0,外資鎖碼,True,True,62.929,122.995,192.995,279.617,62929,122995,192995,279617,0.0,0.0,0.0,6.0,0,0,0,6000,0.6992111111111111,0.5590681818181819,0.5375905292479108,0.2974648936170213,0.0,0.0,0.0,0.006382978723404255,0.5376710372074849,0.0,5,10,0,1,10,0,accelerating,neutral,1.5625,1.5625,6.557377049180335,-9.090909090909093,18.181818181818187,-0.995492197789638,7.609285838318169,3.0024624153227597,-8.095416893119456,10.572532343500018,25.68,86.83,99.74,51.76,99.74,51.76,False,0,-434,0,split,Q2,unconfirmed_accumulation,3.5,12.5,5.5,6.0,5.0,9.97,42.47,,,,,V1連買訊號高（外資10日／投信0日）；價格未確認（Q2、RS20 -8.10）
3563,牧德,光電業,2026-08-10,excluded,0,5,291,201,90,64.27640156453715,73.92438070404172,518,0,32,550,1,0,外資鎖碼,True,True,173.014,34.377,516.977,669.249,173014,34377,516977,669249,0.0,0.0,0.0,9.0,0,0,0,9000,0.35023076923076923,0.02213586606567933,0.15381642368342754,0.10422815760784924,0.0,0.0,0.0,0.0014016508332035508,0.1550980596354889,0.0,3,6,0,3,1,0,accelerating,neutral,4.427480916030535,-0.14598540145985828,9.615384615384626,-1.013024602026047,-16.381418092909538,-0.995492197789638,7.609285838318169,6.06046998152705,-0.017532404236408894,-23.990703931227706,61.28,15.51,83.05,51.76,83.05,51.76,False,-4000,35654,0,split,Q2,unconfirmed_accumulation,3.5,12.5,4.5,6.0,5.0,8.3,39.8,,,,,連買天數不長，但V2不只依賴連買
3570,大塚,資訊服務,2026-08-10,excluded,0,0,658,649,9,19.621903520208605,16.558018252933508,-30,0,0,-30,0,0,主力佈局,True,True,-27.0,-24.0,-30.056,-6.89,-27000,-24000,-30056,-6890,0.0,0.0,0.0,0.0,0,0,0,0,-0.4909090909090909,-0.2608695652173913,-0.24435772357723579,-0.022814569536423843,0.0,0.0,0.0,0.0,-0.2450629736601743,0.0,1,4,0,0,0,0,stable,neutral,0.3030303030302939,0.9146341463414531,0.9146341463414531,1.5337423312883347,-5.428571428571427,-0.995492197789638,7.609285838318169,-2.6402804875161223,2.5292345290779727,-13.037857266889596,76.79,36.9,6.26,51.76,6.26,51.76,False,0,-370,0,split,Q3,absorption_divergence,0.0,0.0,2.0,4.5,0.0,0.0,6.5,,,,D_V1_weak_V2_weak,連買天數不長，但V2不只依賴連買
3580,友威科,其他電子,2026-08-10,excluded,0,0,659,593,66,19.621903520208605,23.598435462842243,-25,0,-1,-26,1,0,外資鎖碼,True,True,74.24,7.177,-25.165,432.3,74240,7177,-25165,432300,0.0,0.0,0.0,0.0,0,0,0,0,0.24103896103896105,0.010907294832826748,-0.021023391812865496,0.11518784972022382,0.0,0.0,0.0,0.0,-0.018163091998287483,0.0,1,6,0,0,1,0,reversing_positive,neutral,4.545454545454541,2.027883396704677,8.490566037735835,-13.16073354908307,-15.706806282722518,-0.995492197789638,7.609285838318169,4.93565140387826,-12.165241351293432,-23.316092121040686,15.12,16.56,39.77,51.76,39.77,51.76,False,0,1076,0,split,Q4,confirmed_distribution,0.0,0.0,3.0,4.0,0.0,0.0,7.0,,,,D_V1_weak_V2_weak,連買天數不長，但V2不只依賴連買
3581,博磊,半導體業,2026-08-10,excluded,0,0,660,759,-99,19.621903520208605,1.7601043024771839,-506,0,-36,-542,1,0,外資鎖碼,True,True,113.98,-385.81,-507.191,-182.241,113980,-385810,-507191,-182241,0.0,0.0,0.0,0.0,0,0,0,0,0.19996491228070176,-0.167017316017316,-0.1288267716535433,-0.02781031588585381,0.0,0.0,0.0,0.0,-0.12624789583232707,0.0,1,4,0,0,1,0,neutral,neutral,3.167420814479649,2.2421524663677195,5.555555555555558,-14.925373134328357,-49.557522123893804,-0.995492197789638,7.609285838318169,2.0006409216979826,-13.92988093653872,-57.166807962211976,12.52,0.39,15.91,51.76,15.91,51.76,False,0,-35624,0,split,Q4,confirmed_distribution,0.0,0.0,2.0,2.0,0.0,0.0,4.0,,,,D_V1_weak_V2_weak,實際介入強度低（強度分 0.0/25）；全市場flow percentile偏低（外資P16、投信P52）；價格未確認（Q4、RS20 -13.93）
3583,辛耘,半導體業,2026-08-10,excluded,0,2,460,420,40,41.19947848761408,45.371577574967404,97,-178,17,-64,1,0,外資鎖碼,True,True,75.407,-39.004,98.772,348.261,75407,-39004,98772,348261,-39.0,-79.0,-178.0,-181.0,-39000,-79000,-178000,-181000,0.11254776119402984,-0.01483041825095057,0.02258161865569273,0.03750387680379065,-0.058208955223880594,-0.03003802281368821,-0.04069501600365798,-0.01949170794744777,0.025971589134275275,-0.041867944997388294,4,7,1,3,1,0,reversing_negative,reversing_positive,0.43290043290042934,-0.9957325746799417,3.88059701492538,-12.342569269521409,-25.08073196986006,-0.995492197789638,7.609285838318169,0.32568238106780445,-11.347077071731771,-32.69001780817823,17.34,7.56,53.98,2.35,53.98,2.35,False,8501,10159,0,split,Q4,confirmed_distribution,4.5,5.65,5.0,3.0,0.0,5.4,23.55,,,,,差異主要來自V1離散加分與V2連續型強度／排名分數
3587,閎康,其他電子,2026-08-10,excluded,0,0,661,713,-52,19.621903520208605,7.496740547588006,-786,0,67,-719,0,0,主力佈局,True,True,-117.0,-655.484,-787.81,-365.02,-117000,-655484,-787810,-365020,0.0,0.0,0.0,0.0,0,0,0,0,-0.12717391304347825,-0.16666259852529874,-0.15060409099598548,-0.04738058151609553,0.0,0.0,0.0,0.0,-0.14920263904226347,0.0,0,2,0,0,0,0,stable,neutral,-0.7827788649706457,-8.318264014466548,10.698689956331876,-12.586206896551722,-35.984848484848484,-0.995492197789638,7.609285838318169,7.1437753224743,-11.590714698762085,-43.59413432316666,16.56,1.69,12.65,51.76,12.65,51.76,False,41,66854,0,mixed,Q4,confirmed_distribution,0.0,0.0,1.0,4.5,0.0,0.0,5.5,,,,D_V1_weak_V2_weak,實際介入強度低（強度分 0.0/25）；全市場flow percentile偏低（外資P13、投信P52）；價格未確認（Q4、RS20 -11.59）
3592,瑞鼎,半導體業,2026-08-10,excluded,0,0,662,594,68,19.621903520208605,23.598435462842243,-329,-63,1,-391,0,0,主力佈局,True,True,-133.874,-33.586,-329.283,-120.87,-133874,-33586,-329283,-120870,0.0,-12.0,-63.0,-67.0,0,-12000,-63000,-67000,-0.24429562043795622,-0.01994418052256532,-0.08041098901098902,-0.01849862258953168,0.0,-0.007125890736342043,-0.015384615384615385,-0.010254055708601164,-0.08086366614439533,-0.015252393298363861,2,4,0,1,0,0,stable,neutral,-0.2044989775051076,0.2053388090349051,4.946236559139794,-4.500978473581219,-7.224334600760452,-0.995492197789638,7.609285838318169,1.3913219252822184,-3.5054862757915806,-14.833620439078622,41.85,33.12,24.9,5.48,24.9,5.48,False,-5000,5755,0,split,Q4,confirmed_distribution,0.0,0.0,2.5,4.5,0.0,0.0,7.0,,,,D_V1_weak_V2_weak,連買天數不長，但V2不只依賴連買
3593,力銘,電子零組件,2026-08-10,excluded,0,5,292,287,5,64.27640156453715,62.71186440677966,14,0,0,14,2,0,外資鎖碼,True,True,13.0,15.0,14.0,21.0,13000,15000,14000,21000,0.0,0.0,0.0,0.0,0,0,0,0,0.24074074074074073,0.22388059701492538,0.12962962962962962,0.09767441860465116,0.0,0.0,0.0,0.0,0.1311344109509247,0.0,2,3,0,0,2,0,accelerating,neutral,3.200000000000003,3.200000000000003,1.17647058823529,-26.074498567335237,-26.074498567335237,-0.995492197789638,7.609285838318169,-2.3784440456222855,-25.0790063695456,-33.683784405653405,3.0,6.39,79.92,51.76,79.92,51.76,False,0,0,0,mixed,Q2,unconfirmed_accumulation,3.5,12.5,1.5,6.0,5.0,7.99,36.49,,,,,連買天數不長，但V2不只依賴連買
3596,智易,通信網路,2026-08-10,excluded,0,0,663,478,185,19.621903520208605,37.809647979139505,-2461,-98,-28,-2587,0,0,主力佈局,True,True,-1868.7,-2991.675,-2461.364,-1725.178,-1868700,-2991675,-2461364,-1725178,0.0,0.671,-97.557,-196.784,0,671,-97557,-196784,-0.8160262008733624,-0.6461501079913607,-0.4081187199469408,-0.1570914223274449,0.0,0.0001449244060475162,-0.016175924390648317,-0.01791877617920233,-0.3970114965839926,-0.016316246582256208,2,5,1,1,0,0,stable,reversing_positive,-2.5210084033613467,-7.199999999999996,-4.395604395604391,-11.675126903553302,-2.7932960893854775,-0.995492197789638,7.609285838318169,-7.950519029461966,-10.679634705763664,-10.402581927703647,19.3,43.81,1.43,4.95,1.43,4.95,False,-9577,-18230,0,split,Q4,confirmed_distribution,0.0,0.0,3.0,6.5,0.0,0.0,9.5,,,,,連買天數不長，但V2不只依賴連買
3597,映興,電子零組件,2026-08-10,excluded,0,7,95,121,-26,88.33116036505866,84.35462842242504,6,0,0,6,4,0,外資鎖碼,True,True,2.0,4.0,6.0,13.0,2000,4000,6000,13000,0.0,0.0,0.0,0.0,0,0,0,0,0.05,0.038461538461538464,0.04411764705882353,0.04377104377104377,0.0,0.0,0.0,0.0,0.04393656203617173,0.0,4,7,0,0,4,0,accelerating,neutral,0.927643784786647,3.6190476190476106,2.6415094339622636,1.6822429906542036,-1.090909090909098,-0.995492197789638,7.609285838318169,-0.9134051998953119,2.6777351884438416,-8.700194929227267,77.05,50.33,58.93,51.76,58.93,51.76,False,0,-715,0,split,Q1,confirmed_accumulation,3.5,11.03,3.5,6.0,25.0,5.89,54.92,,,,,V1連買訊號高（外資4日／投信0日）；全市場flow percentile偏低（外資P59、投信P52）
3609,三一東林,電子零組件,2026-08-10,excluded,0,0,664,686,-22,19.621903520208605,11.147327249022164,-48,0,0,-48,0,0,主力佈局,True,True,-2.0,-17.0,-48.0,7.0,-2000,-17000,-48000,7000,0.0,0.0,0.0,0.0,0,0,0,0,-0.015151515151515152,-0.041666666666666664,-0.06477732793522267,0.0035460992907801418,0.0,0.0,0.0,0.0,-0.06520232559369825,0.0,1,3,0,0,0,0,stable,neutral,-2.589641434262957,-5.961538461538463,-5.232558139534893,-13.60424028268552,-12.208258527827653,-0.995492197789638,7.609285838318169,-8.78747277339247,-12.608748084895883,-19.81754436614582,14.47,22.16,29.47,51.76,29.47,51.76,False,0,-834,0,split,Q4,confirmed_distribution,0.0,0.0,1.5,4.5,0.0,0.0,6.0,,,,D_V1_weak_V2_weak,實際介入強度低（強度分 0.0/25）；全市場flow percentile偏低（外資P29、投信P52）；價格未確認（Q4、RS20 -12.61）
3611,鼎翰,電腦週邊,2026-08-10,excluded,0,0,665,484,181,19.621903520208605,37.222946544980445,-5,0,0,-5,0,0,主力佈局,True,True,-19.861,-8.901,-4.86,67.578,-19861,-8901,-4860,67578,0.0,0.0,0.0,0.0,0,0,0,0,-0.2482625,-0.0754322033898305,-0.029815950920245398,0.1593820754716981,0.0,0.0,0.0,0.0,-0.03222430150295048,0.0,4,9,0,0,0,0,stable,neutral,1.8716577540107027,2.144772117962468,2.972972972972965,-4.749999999999998,0.0,-0.995492197789638,7.609285838318169,-0.5819416608846106,-3.75450780221036,-7.609285838318169,40.29,54.69,37.42,51.76,37.42,51.76,False,0,0,0,split,Q4,confirmed_distribution,0.0,0.0,4.5,4.5,0.0,0.0,9.0,,,,,連買天數不長，但V2不只依賴連買
3615,安可,光電業,2026-08-10,excluded,0,0,666,545,121,19.621903520208605,29.85658409387223,-34,0,0,-34,0,0,主力佈局,True,True,-89.377,-45.758,-33.816,833.336,-89377,-45758,-33816,833336,0.0,0.0,0.0,0.0,0,0,0,0,-0.10926283618581907,-0.030648359008707302,-0.012760754716981132,0.11049270750464067,0.0,0.0,0.0,0.0,-0.01339306514487208,0.0,3,6,0,0,0,0,stable,neutral,5.507246376811592,1.9607843137254832,5.2023121387283044,-23.44900105152471,0.6915629322268302,-0.995492197789638,7.609285838318169,1.647397504870729,-22.453508853735073,-6.917722906091339,4.95,56.84,43.16,51.76,43.16,51.76,False,0,-256,0,split,Q4,confirmed_distribution,0.0,0.0,3.0,4.5,0.0,0.0,7.5,,,,,連買天數不長，但V2不只依賴連買
3617,碩天,其他電子,2026-08-10,other_watch,39,5,293,60,233,64.27640156453715,92.3076923076923,477,-1,25,501,2,0,外資鎖碼,True,True,22.212,159.096,478.684,776.556,22212,159096,478684,776556,0.0,0.635,-0.432,5.502,0,635,-432,5502,0.06456976744186047,0.1259667458432304,0.20334919286321154,0.17685174219995445,0.0,0.0005027711797307996,-0.00018351741716227698,0.0012530175358688226,0.2037165811239938,-0.00018405306107377594,4,8,1,2,2,0,decelerating,reversing_positive,0.8620689655172376,1.0799136069114423,6.849315068493156,1.5184381778741818,20.93023255813953,-0.995492197789638,7.609285838318169,3.2944004346355804,2.51393037566382,13.320946719821361,76.66,88.79,88.4,13.82,88.4,13.82,False,-3700,29004,0,split,Q1,confirmed_accumulation,3.5,12.5,5.0,4.75,25.0,8.84,59.59,,,,C_V1_weak_V2_strong,價格與RS同步確認（RS20 +2.51）
3623,富晶通,光電業,2026-08-10,excluded,0,0,667,546,121,19.621903520208605,29.85658409387223,-17,0,0,-17,0,0,主力佈局,True,True,-4.0,-19.0,-17.0,-8.0,-4000,-19000,-17000,-8000,0.0,0.0,0.0,0.0,0,0,0,0,-0.05333333333333334,-0.041304347826086954,-0.03441295546558704,-0.011644832605531296,0.0,0.0,0.0,0.0,-0.034839220304137365,0.0,2,6,0,0,0,0,stable,neutral,2.1428571428571352,6.716417910447747,8.607594936708862,-5.921052631578949,-6.126914660831517,-0.995492197789638,7.609285838318169,5.052680302851287,-4.925560433789311,-13.736200499149685,36.9,34.94,36.25,51.76,36.25,51.76,False,0,-149,0,split,Q4,confirmed_distribution,0.0,0.0,3.0,4.5,0.0,0.0,7.5,,,,,連買天數不長，但V2不只依賴連買
3624,光頡,電子零組件,2026-08-10,excluded,0,0,668,547,121,19.621903520208605,29.85658409387223,-375,0,191,-184,0,0,主力佈局,True,True,-220.224,-390.224,-375.174,1622.05,-220224,-390224,-375174,1622050,0.0,0.0,0.0,-1082.0,0,0,0,-1082000,-0.0424896777927841,-0.056236345294711054,-0.03884190910032095,0.08760734539562517,0.0,0.0,0.0,-0.05843910342965163,-0.04078549582391116,0.0,1,6,0,0,0,0,stable,neutral,9.893048128342263,9.893048128342263,27.639751552795033,-36.76923076923077,12.295081967213118,-0.995492197789638,7.609285838318169,24.08483691893746,-35.77373857144113,4.685796128894949,0.39,81.75,34.68,51.76,34.68,51.76,False,-22895,215297,0,split,Q4,confirmed_distribution,0.0,0.0,3.0,4.5,0.0,0.0,7.5,,,,,連買天數不長，但V2不只依賴連買
3631,晟楠,電子零組件,2026-08-10,excluded,0,7,96,82,14,88.33116036505866,89.4393741851369,39,0,0,39,3,0,外資鎖碼,True,True,32.0,37.0,39.0,45.0,32000,37000,39000,45000,0.0,0.0,0.0,0.0,0,0,0,0,0.24615384615384617,0.21764705882352942,0.15234375,0.10948905109489052,0.0,0.0,0.0,0.0,0.15541577812423465,0.0,3,5,0,0,2,0,accelerating,neutral,8.333333333333325,6.793048973143745,6.2893081761006275,4.968944099378869,-14.213197969543156,-0.995492197789638,7.609285838318169,2.734393542243052,5.964436297168508,-21.822483807861325,87.35,19.04,82.92,51.76,82.92,51.76,False,0,71,0,mixed,Q1,confirmed_accumulation,3.5,12.5,2.5,6.0,25.0,8.29,57.79,,,,,價格與RS同步確認（RS20 +5.96）；連買天數不長，但V2不只依賴連買
3645,達邁,電子零組件,2026-08-10,excluded,0,5,294,240,54,64.27640156453715,68.83963494132985,567,0,29,596,1,0,外資鎖碼,True,True,289.785,235.633,568.056,2472.045,289785,235633,568056,2472045,0.0,0.0,0.0,0.0,0,0,0,0,0.21690494011976047,0.07725672131147542,0.09783947640372029,0.15130646345941975,0.0,0.0,0.0,0.0,0.0992454331808614,0.0,4,8,0,0,1,0,accelerating,neutral,5.409356725146175,3.890489913544659,6.814814814814807,-9.30817610062894,-35.62500000000001,-0.995492197789638,7.609285838318169,3.2599001809572314,-8.312683902839302,-43.23428583831818,24.9,1.96,73.27,51.76,73.27,51.76,False,0,31005,0,split,Q2,unconfirmed_accumulation,3.5,12.5,4.0,6.0,5.0,7.33,38.33,,,,,連買天數不長，但V2不只依賴連買
3663,鑫科,其他電子,2026-08-10,excluded,0,7,97,328,-231,88.33116036505866,57.36636245110821,129,0,7,136,3,0,外資鎖碼,True,True,45.0,125.0,129.0,423.343,45000,125000,129000,423343,0.0,0.0,0.0,0.0,0,0,0,0,0.08928571428571429,0.09600614439324116,0.05271761340416837,0.0682481057552797,0.0,0.0,0.0,0.0,0.0522015845461374,0.0,4,8,0,0,3,0,decelerating,neutral,3.5426731078904927,-0.15527950310559868,8.98305084745763,-17.984693877551027,-5.301914580265111,-0.995492197789638,7.609285838318169,5.428136213600054,-16.98920167976139,-12.911200418583281,9.13,37.42,61.28,51.76,61.28,51.76,False,0,6860,0,split,Q2,unconfirmed_accumulation,3.5,12.5,4.0,2.75,5.0,6.13,33.88,,,,,V1連買訊號高（外資3日／投信0日）；全市場flow percentile偏低（外資P61、投信P52）；價格未確認（Q2、RS20 -16.99）；近期flow正在減速
3665,貿聯-KY,其他電子,2026-08-10,other_watch,49,6,148,151,-3,81.42112125162973,80.4432855280313,-84,295,16,227,0,0,主力佈局,True,True,-529.95,-1067.506,-85.149,-2548.446,-529950,-1067506,-85149,-2548446,-76.977,-240.977,295.219,2717.517,-76977,-240977,295219,2717517,-0.1215202935106627,-0.07223127410514919,-0.0037538685359079487,-0.060667174518532624,-0.01765122678284797,-0.016305365721632045,0.013014989198959574,0.06469200371366678,-0.00141216005669695,0.015425526935209924,2,3,3,8,0,0,stable,reversing_negative,-0.4545454545454519,-7.006369426751591,4.534606205250591,17.42627345844503,-12.4,-0.995492197789638,7.609285838318169,0.9796915713930154,18.42176565623467,-20.00928583831817,97.91,21.9,45.63,95.05,45.63,95.05,False,-21380,37742,0,split,Q1,confirmed_accumulation,3.5,3.25,5.5,3.5,25.0,9.51,50.26,,,,,實際介入強度低（強度分 3.2/25）；近期flow已轉負
3673,TPK-KY,光電業,2026-08-10,excluded,0,5,295,372,-77,64.27640156453715,51.62972620599739,952,0,106,1058,1,0,外資鎖碼,True,True,469.03,164.452,953.146,3629.273,469030,164452,953146,3629273,0.0,0.0,0.0,0.0,0,0,0,0,0.0881966904851448,0.012377841336745446,0.03934555211558308,0.0655198043038706,0.0,0.0,0.0,0.0,0.0399521792043291,0.0,4,7,0,0,1,0,reversing_negative,neutral,4.801324503311255,2.759740259740262,9.705372616984388,-18.846153846153847,-1.5552099533437058,-0.995492197789638,7.609285838318169,6.150457983126812,-17.85066164836421,-9.164495791661874,8.34,48.76,57.76,51.76,57.76,51.76,False,129000,-22691,0,split,Q2,unconfirmed_accumulation,4.5,9.84,3.5,1.0,5.0,5.78,29.62,,,,,全市場flow percentile偏低（外資P58、投信P52）；價格未確認（Q2、RS20 -17.85）；近期flow已轉負
3675,德微,半導體業,2026-08-10,excluded,0,0,669,595,74,19.621903520208605,23.598435462842243,-648,0,-6,-654,0,0,主力佈局,True,True,-86.8,-252.215,-649.748,-552.279,-86800,-252215,-649748,-552279,0.0,0.0,0.0,0.0,0,0,0,0,-0.07239366138448708,-0.0934822090437361,-0.15566554863440346,-0.10265408921933085,0.0,0.0,0.0,0.0,-0.15427469220828824,0.0,1,3,0,0,0,0,stable,neutral,5.649717514124286,4.859813084112141,17.85714285714286,-21.31837307152875,10.216110019646374,-0.995492197789638,7.609285838318169,14.302228223285287,-20.322880873739113,2.6068241813282045,6.52,78.49,12.26,51.76,12.26,51.76,False,36629,-42765,0,split,Q4,confirmed_distribution,1.0,0.0,1.5,4.5,0.0,0.0,7.0,,,,D_V1_weak_V2_weak,連買天數不長，但V2不只依賴連買
3679,新至陞,電子零組件,2026-08-10,excluded,0,0,670,513,157,19.621903520208605,33.96349413298566,-25,0,-4,-29,0,0,主力佈局,True,True,-42.16,-40.23,-25.23,103.87,-42160,-40230,-25230,103870,0.0,0.0,-0.776,-1.739,0,0,-776,-1739,-0.34276422764227643,-0.27182432432432435,-0.11789719626168224,0.13685111989459817,0.0,0.0,-0.0036261682242990654,-0.0022911725955204218,-0.11845330656185919,-0.003609535201640465,3,7,0,0,0,0,stable,neutral,-0.9049773755656076,0.0,0.4587155963302836,-0.4545454545454519,-6.8085106382978715,-0.995492197789638,7.609285838318169,-3.096199037527292,0.5409467432441861,-14.41779647661604,64.28,33.9,17.99,9.39,17.99,9.39,False,-4000,0,0,split,Q3,absorption_divergence,0.0,0.0,3.5,4.5,0.0,0.0,8.0,,,,,連買天數不長，但V2不只依賴連買
3684,榮昌,通信網路,2026-08-10,excluded,0,0,671,650,21,19.621903520208605,16.558018252933508,-2,0,1,-1,0,0,主力佈局,True,True,-13.0,0.0,-2.0,3.015,-13000,0,-2000,3015,0.0,0.0,0.0,0.0,0,0,0,0,-0.41935483870967744,0.0,-0.006006006006006006,0.007481389578163772,0.0,0.0,0.0,0.0,-0.0067927098122049475,0.0,3,7,0,0,0,0,neutral,neutral,0.7619047619047636,5.800000000000005,9.865005192108,3.3203125,-8.000000000000007,-0.995492197789638,7.609285838318169,6.310090558250425,4.315804697789638,-15.609285838318176,82.79,29.73,44.98,51.76,44.98,51.76,False,1000,-27,0,split,Q3,absorption_divergence,1.0,0.0,3.5,2.0,0.0,0.0,6.5,,,,D_V1_weak_V2_weak,連買天數不長，但V2不只依賴連買
3686,達能,半導體業,2026-08-10,excluded,0,0,672,596,76,19.621903520208605,23.598435462842243,-71,0,-18,-89,2,0,外資鎖碼,True,True,7.0,-101.0,-71.0,-20.87,7000,-101000,-71000,-20870,0.0,0.0,0.0,0.0,0,0,0,0,0.1,-0.308868501529052,-0.12412587412587413,-0.015014388489208634,0.0,0.0,0.0,0.0,-0.1263784020292443,0.0,3,6,0,0,2,0,reversing_positive,neutral,1.3605442176870763,-0.6666666666666599,4.195804195804187,-8.024691358024683,-13.623188405797105,-0.995492197789638,7.609285838318169,0.6408895619466115,-7.029199160235045,-21.232474244115274,29.47,20.21,16.95,51.76,16.95,51.76,False,-18000,0,0,split,Q4,confirmed_distribution,0.0,0.0,3.0,4.0,0.0,0.0,7.0,,,,D_V1_weak_V2_weak,連買天數不長，但V2不只依賴連買
3691,碩禾,光電業,2026-08-10,excluded,0,0,673,548,125,19.621903520208605,29.85658409387223,-108,0,66,-42,0,0,主力佈局,True,True,-64.643,-22.719,-108.41,-42.464,-64643,-22719,-108410,-42464,0.0,0.0,0.0,0.0,0,0,0,0,-0.20327987421383648,-0.022583499005964215,-0.05480788675429727,-0.006518882407123119,0.0,0.0,0.0,0.0,-0.05505873776204436,0.0,2,4,0,0,0,0,stable,neutral,0.0,0.4366812227074135,4.072398190045257,-19.580419580419584,-17.266187050359715,-0.995492197789638,7.609285838318169,0.5174835561876812,-18.584927382629946,-24.875472888677884,7.95,14.21,31.81,51.76,31.81,51.76,False,66000,2541,0,split,Q4,confirmed_distribution,1.0,0.0,2.0,4.5,0.0,0.0,7.5,,,,,連買天數不長，但V2不只依賴連買
3693,營邦,電腦週邊,2026-08-10,excluded,0,12,37,43,-6,96.08865710560626,94.52411994784876,124,16,37,177,0,0,主力佈局,True,True,-151.955,-1.104,123.818,339.897,-151955,-1104,123818,339897,0.0,16.0,16.29,94.29,0,16000,16290,94290,-0.12599917081260364,-0.00022622950819672132,0.02012973500243863,0.03500123571207909,0.0,0.003278688524590164,0.0026483498618110877,0.00970960766141489,0.021628742947228937,0.0027416444063212164,3,6,2,4,0,0,reversing_negative,decelerating,-5.123339658444026,-0.1996007984031989,5.932203389830515,2.249488752556239,-9.747292418772568,-0.995492197789638,7.609285838318169,2.3772887559729394,3.244980950345877,-17.35657825709074,79.79,26.99,52.93,92.05,52.93,92.05,True,0,37847,0,split,Q1,confirmed_accumulation,9.0,5.69,5.0,1.75,25.0,14.5,60.94,,,,B_V1_strong_V2_weak,實際介入強度低（強度分 5.7/25）；近期flow已轉負
3701,大眾控,電腦週邊,2026-08-10,excluded,0,0,674,549,125,19.621903520208605,29.85658409387223,-2469,0,-1,-2470,0,0,主力佈局,True,True,-207.0,-2368.75,-2470.104,-1811.693,-207000,-2368750,-2470104,-1811693,0.0,0.0,0.0,0.0,0,0,0,0,-0.1770744225834046,-0.2202668774409522,-0.17553325753268903,-0.10113844693797801,0.0,0.0,0.0,0.0,-0.17794939172083568,0.0,1,6,0,0,0,0,stable,neutral,-3.290246768507632,-4.0792540792540795,13.517241379310342,1.2300123001230068,-27.55281690140845,-0.995492197789638,7.609285838318169,9.962326745452767,2.225504497912645,-35.16210273972662,75.23,5.87,10.3,51.76,10.3,51.76,False,-5171,3301,0,split,Q3,absorption_divergence,0.0,0.0,3.0,4.5,0.0,0.0,7.5,,,,,連買天數不長，但V2不只依賴連買
3702,大聯大,電子通路,2026-08-10,wait_pullback,32,9,44,141,-97,94.58930899608866,81.7470664928292,-355,609,728,982,1,3,強勢雙雄,True,True,1183.345,-931.427,-355.204,2513.092,1183345,-931427,-355204,2513092,360.0,1516.127,609.065,-70.495,360000,1516127,609065,-70495,0.1011233122543155,-0.02524876660341556,-0.005610108189212667,0.022932810147374184,0.030763971970603314,0.0410985904039035,0.009619600410645187,-0.0006432905963407401,-0.006726330970565955,0.009804091590615602,2,5,3,7,1,3,reversing_positive,decelerating,6.1224489795918435,0.7751937984496138,12.06896551724137,11.111111111111116,17.117117117117118,-0.995492197789638,7.609285838318169,8.514050883383796,12.106603308900754,9.50783127879895,95.31,86.44,45.24,94.26,45.24,94.26,False,308640,420012,0,split,Q1,confirmed_accumulation,4.5,2.4,6.0,4.75,25.0,9.43,52.08,,,,,V1連買訊號高（外資1日／投信3日）；實際介入強度低（強度分 2.4/25）；近期flow正在減速
3703,欣陸,建材營建,2026-08-10,excluded,0,3,424,380,44,45.436766623207305,50.58670143415907,-2025,1,42,-1982,0,1,投信鎖碼,True,True,-1624.0,-1231.0,-2025.95,-368.784,-1624000,-1231000,-2025950,-368784,1.0,1.0,1.0,13.0,1000,1000,1000,13000,-0.8484848484848485,-0.2867458653622176,-0.2901675737611,-0.023942348893072778,0.0005224660397074191,0.00023293733985557886,0.00014322543683758235,0.0008439914302408621,-0.2888035759129535,0.0001422926516059522,2,6,1,6,0,1,stable,accelerating,-0.9803921568627416,-0.7371007371007487,-1.4634146341463428,-1.7031630170316392,0.24813895781639062,-0.995492197789638,7.609285838318169,-5.018329268003918,-0.7076708192420011,-7.361146880501779,56.71,55.67,4.69,89.83,4.69,89.83,False,42000,-34,0,split,Q4,confirmed_distribution,4.5,0.04,6.0,8.5,0.0,8.98,28.02,,,,,動能較佳（外資 stable／投信 accelerating）
3707,漢磊,半導體業,2026-08-10,excluded,0,5,296,443,-147,64.27640156453715,42.3728813559322,210,0,30,240,1,0,外資鎖碼,True,True,378.777,54.738,211.184,847.491,378777,54738,211184,847491,0.0,0.0,0.0,0.0,0,0,0,0,0.1265542933511527,0.0059536654339786815,0.01001109267598957,0.016657317504618893,0.0,0.0,0.0,0.0,0.010306044966665965,0.0,3,6,0,0,1,0,reversing_negative,neutral,3.660565723793674,-0.1602564102564097,10.657193605683846,-27.134502923976612,-22.125000000000007,-0.995492197789638,7.609285838318169,7.10227897182627,-26.139010726186974,-29.734285838318176,2.35,9.91,49.67,51.76,49.67,51.76,False,0,31076,0,split,Q2,unconfirmed_accumulation,3.5,2.5,3.0,1.0,5.0,4.97,19.97,,,,,實際介入強度低（強度分 2.5/25）；全市場flow percentile偏低（外資P50、投信P52）；價格未確認（Q2、RS20 -26.14）；近期flow已轉負
3709,鑫聯大投控,電腦週邊,2026-08-10,wait_pullback,37,7,98,193,-95,88.33116036505866,74.96740547588006,952,0,121,1073,7,0,外資鎖碼,True,True,252.99,562.474,953.872,1563.722,252990,562474,953872,1563722,0.0,0.0,0.0,0.0,0,0,0,0,0.23231404958677687,0.20031125356125357,0.19626995884773663,0.1730738240177089,0.0,0.0,0.0,0.0,0.1965969690043823,0.0,5,9,0,0,7,0,accelerating,neutral,0.12594458438286438,1.1450381679389388,7.5778078484438405,-2.3341523341523396,-2.8117359413202925,-0.995492197789638,7.609285838318169,4.022893214586265,-1.3386601363627015,-10.421021779638462,52.67,43.55,87.87,51.76,87.87,51.76,False,-20000,142097,0,split,Q2,unconfirmed_accumulation,3.5,12.5,4.5,6.0,5.0,8.79,40.29,,,,,V1連買訊號高（外資7日／投信0日）；價格未確認（Q2、RS20 -1.34）
3714,富采,光電業,2026-08-10,excluded,0,5,297,375,-78,64.27640156453715,51.23859191655802,1901,0,442,2343,1,0,外資鎖碼,True,True,315.476,-174.646,1901.171,5462.222,315476,-174646,1901171,5462222,0.0,0.0,0.0,0.0,0,0,0,0,0.016733464170158596,-0.004562926192031352,0.037623110108446135,0.062035457126632595,0.0,0.0,0.0,0.0,0.034667366887654316,0.0,3,7,0,0,1,0,reversing_negative,neutral,-0.6734006734006703,7.078039927404722,17.06349206349207,-3.1198686371100126,-13.48973607038123,-0.995492197789638,7.609285838318169,13.508577429634496,-2.1243764393203746,-21.0990219086994,47.07,20.34,57.24,51.76,57.24,51.76,False,451962,-7796,0,split,Q2,unconfirmed_accumulation,4.5,9.41,3.5,1.0,5.0,5.72,29.13,,,,,全市場flow percentile偏低（外資P57、投信P52）；價格未確認（Q2、RS20 -2.12）；近期flow已轉負
3715,定穎投控,電子零組件,2026-08-10,excluded,0,5,298,384,-86,64.27640156453715,50.0651890482399,545,-44,192,693,2,0,外資鎖碼,True,True,1167.0,1023.769,545.121,3857.496,1167000,1023769,545121,3857496,0.0,0.0,-44.0,-208.0,0,0,-44000,-208000,0.23523483168715983,0.05220381418591607,0.01634790823211876,0.05898672701694293,0.0,0.0,-0.0013195381616434249,-0.003180622668053092,0.0201086063089406,-0.0012131614028399005,3,6,0,0,2,0,accelerating,neutral,9.606986899563319,14.61187214611872,20.095693779904302,-12.847222222222221,-30.66298342541437,-0.995492197789638,7.609285838318169,16.540779146046727,-11.851730024432584,-38.27226926373254,16.04,4.43,52.02,11.86,52.02,11.86,False,21000,172561,0,split,Q2,unconfirmed_accumulation,4.5,4.09,3.0,6.0,5.0,5.2,27.79,,,,,實際介入強度低（強度分 4.1/25）；全市場flow percentile偏低（外資P52、投信P12）；價格未確認（Q2、RS20 -11.85）
3716,中化控股,生技醫療,2026-08-10,excluded,0,5,299,93,206,64.27640156453715,88.00521512385919,331,0,-34,297,2,0,外資鎖碼,True,True,176.715,469.715,331.015,472.107,176715,469715,331015,472107,0.0,0.0,0.0,0.0,0,0,0,0,0.245778859527121,0.1711789358600583,0.107507307567392,0.10890588235294117,0.0,0.0,0.0,0.0,0.11609854255380138,0.0,2,5,0,0,2,0,accelerating,neutral,1.1444921316165813,9.953343701399708,9.104938271604945,1.1444921316165813,1.8731988472622474,-0.995492197789638,7.609285838318169,5.55002363774737,2.1399843294062193,-5.736086991055922,74.45,60.89,75.49,51.76,75.49,51.76,False,-34000,0,0,split,Q1,confirmed_accumulation,3.5,12.5,2.5,6.0,25.0,7.55,57.05,,,,C_V1_weak_V2_strong,價格與RS同步確認（RS20 +2.14）；連買天數不長，但V2不只依賴連買
4102,永日,生技醫療,2026-08-10,excluded,0,5,300,369,-69,64.27640156453715,52.02086049543677,5,0,0,5,0,0,主力佈局,True,True,-1.0,4.0,5.0,3.0,-1000,4000,5000,3000,0.0,0.0,0.0,0.0,0,0,0,0,-0.019230769230769232,0.047058823529411764,0.05,0.01327433628318584,0.0,0.0,0.0,0.0,0.050332033308738276,0.0,2,4,0,0,0,0,reversing_negative,neutral,-0.526315789473697,-1.0471204188481797,-1.0471204188481797,-7.125307125307135,9.883720930232553,-0.995492197789638,7.609285838318169,-4.602035052705755,-6.129814927517497,2.274435091914383,33.25,77.84,60.76,51.76,60.76,51.76,False,0,-562,0,split,Q2,unconfirmed_accumulation,3.5,12.5,2.0,1.0,5.0,6.08,30.08,,,,,全市場flow percentile偏低（外資P61、投信P52）；價格未確認（Q2、RS20 -6.13）；近期flow已轉負
4104,佳醫,生技醫療,2026-08-10,excluded,0,0,675,651,24,19.621903520208605,16.558018252933508,-169,0,-13,-182,2,0,外資鎖碼,True,True,2.001,-26.943,-169.893,72.047,2001,-26943,-169893,72047,0.0,0.0,0.0,0.0,0,0,0,0,0.009574162679425837,-0.058571739130434786,-0.21183665835411472,0.037156781846312534,0.0,0.0,0.0,0.0,-0.2100743913891754,0.0,2,5,0,0,2,0,reversing_positive,neutral,1.1363636363636243,2.152080344332852,1.7142857142857126,0.7072135785006983,3.9416058394160736,-0.995492197789638,7.609285838318169,-1.8406289195718628,1.7027057762903364,-3.667679998902096,71.71,66.62,7.69,51.76,7.69,51.76,False,-13100,0,0,split,Q3,absorption_divergence,0.0,0.0,2.5,4.0,0.0,0.0,6.5,,,,D_V1_weak_V2_weak,連買天數不長，但V2不只依賴連買
4109,加捷生醫,生技醫療,2026-08-10,excluded,0,0,676,597,79,19.621903520208605,23.598435462842243,-56,0,0,-56,2,0,外資鎖碼,True,True,34.0,39.0,-56.0,14.0,34000,39000,-56000,14000,0.0,0.0,0.0,0.0,0,0,0,0,0.2361111111111111,0.08297872340425531,-0.06542056074766354,0.00827912477823773,0.0,0.0,0.0,0.0,-0.06454114830045286,0.0,2,6,0,0,2,0,reversing_positive,neutral,0.4444444444444473,1.3452914798206317,0.0,-5.042016806722682,0.4444444444444473,-0.995492197789638,7.609285838318169,-3.5549146338575754,-4.046524608933044,-7.164841393873722,39.11,56.06,29.34,51.76,29.34,51.76,False,0,386,0,split,Q4,confirmed_distribution,0.0,0.0,3.0,4.0,0.0,0.0,7.0,,,,D_V1_weak_V2_weak,連買天數不長，但V2不只依賴連買
4113,聯上,建材營建,2026-08-10,excluded,0,5,301,78,223,64.27640156453715,89.96088657105607,138,0,0,138,1,0,外資鎖碼,True,True,202.0,160.0,138.0,335.0,202000,160000,138000,335000,0.0,0.0,0.0,0.0,0,0,0,0,0.3531468531468531,0.2077922077922078,0.11201298701298701,0.1566152407667134,0.0,0.0,0.0,0.0,0.11493765606496131,0.0,2,7,0,0,1,0,accelerating,neutral,1.3513513513513375,1.3513513513513375,2.7397260273972712,0.6711409395973034,3.806228373702436,-0.995492197789638,7.609285838318169,-0.8151886064603042,1.6666331373869414,-3.8030574646157334,71.45,66.1,76.4,51.76,76.4,51.76,False,0,134,0,split,Q1,confirmed_accumulation,3.5,12.5,3.5,6.0,25.0,7.64,58.14,,,,C_V1_weak_V2_strong,價格與RS同步確認（RS20 +1.67）；連買天數不長，但V2不只依賴連買
4116,明基醫,生技醫療,2026-08-10,excluded,0,5,302,134,168,64.27640156453715,82.65971316818775,53,0,0,53,0,0,主力佈局,True,True,-11.0,36.096,53.096,91.096,-11000,36096,53096,91096,0.0,0.0,0.0,0.0,0,0,0,0,-0.2894736842105263,0.15901321585903083,0.12950243902439024,0.13013714285714287,0.0,0.0,0.0,0.0,0.13192629261588235,0.0,3,6,0,0,0,0,reversing_negative,neutral,0.3783102143757766,-0.3754693366708528,4.73684210526315,3.780964797913944,3.9164490861618884,-0.995492197789638,7.609285838318169,1.181927471405575,4.776456995703581,-3.692836752156281,84.88,66.49,79.79,51.76,79.79,51.76,False,0,-171,0,split,Q1,confirmed_accumulation,3.5,12.5,3.0,1.0,25.0,7.98,52.98,,,,C_V1_weak_V2_strong,價格與RS同步確認（RS20 +4.78）；連買天數不長，但V2不只依賴連買
4120,友華,生技醫療,2026-08-10,excluded,0,7,99,102,-3,88.33116036505866,86.83181225554108,99,0,0,99,4,0,外資鎖碼,True,True,7.0,29.0,99.0,147.0,7000,29000,99000,147000,0.0,0.0,0.0,0.0,0,0,0,0,0.15555555555555556,0.17791411042944785,0.19298245614035087,0.15960912052117263,0.0,0.0,0.0,0.0,0.19382048336022226,0.0,4,8,0,0,4,0,decelerating,neutral,0.0,0.6147540983606703,3.5864978902953704,3.368421052631576,6.162162162162166,-0.995492197789638,7.609285838318169,0.031583256437794915,4.363913250421215,-1.4471236761560036,83.05,70.66,87.48,51.76,87.48,51.76,False,0,396,0,split,Q1,confirmed_accumulation,3.5,12.5,4.0,2.75,25.0,8.75,56.5,,,,,V1連買訊號高（外資4日／投信0日）；近期flow正在減速
4123,晟德,生技醫療,2026-08-10,high_priority_watch,51,3,425,405,20,45.436766623207305,47.327249022164274,-374,205,-72,-241,0,0,主力佈局,True,True,-41.0,-65.865,-373.865,1187.464,-41000,-65865,-373865,1187464,0.0,0.0,205.0,585.0,0,0,205000,585000,-0.014162348877374784,-0.010009878419452887,-0.028878804263865288,0.05126997970726652,0.0,0.0,0.01583500695195427,0.025257976771296577,-0.028710749372346543,0.01577418561118092,2,6,1,2,0,0,reversing_positive,neutral,0.7672634271099765,0.638569604086836,2.3376623376623273,3.547963206307503,-0.12674271229405898,-0.995492197789638,7.609285838318169,-1.217252296195248,4.543455404097141,-7.736028550612229,83.83,54.11,37.81,95.57,37.81,95.57,False,-32010,-39153,0,split,Q3,absorption_divergence,3.5,3.96,4.0,4.0,0.0,9.56,25.02,28.0,26.0,2.0,,連買天數不長，但V2不只依賴連買
4127,天良,生技醫療,2026-08-10,excluded,0,5,303,131,172,64.27640156453715,83.05084745762711,211,0,12,223,0,0,主力佈局,True,True,-58.0,86.0,211.0,1307.97,-58000,86000,211000,1307970,0.0,0.0,0.0,0.0,0,0,0,0,-0.24066390041493776,0.06724003127443315,0.11271367521367522,0.46746604717655466,0.0,0.0,0.0,0.0,0.10900555929344574,0.0,4,7,0,0,0,0,reversing_negative,neutral,0.0,5.1825677267373305,19.865771812080535,24.027777777777782,105.997693194925,-0.995492197789638,7.609285838318169,16.31085717822296,25.02326997556742,98.38840735660683,99.09,99.74,76.66,51.76,76.66,51.76,False,-2000,16209,0,split,Q1,confirmed_accumulation,3.5,12.5,3.5,1.0,25.0,7.67,53.17,,,,C_V1_weak_V2_strong,價格與RS同步確認（RS20 +25.02）；連買天數不長，但V2不只依賴連買
4133,亞諾法,生技醫療,2026-08-10,excluded,0,5,304,127,177,64.27640156453715,83.57235984354628,99,0,-15,84,0,0,主力佈局,True,True,-1.0,-40.997,98.604,185.754,-1000,-40997,98604,185754,0.0,0.0,0.0,0.0,0,0,0,0,-0.010638297872340425,-0.10845767195767196,0.1269034749034749,0.09154953178905866,0.0,0.0,0.0,0.0,0.1271852957495055,0.0,3,6,0,0,0,0,neutral,neutral,0.2358490566037874,-1.1627906976744207,1.1904761904761862,3.658536585365857,0.2358490566037874,-0.995492197789638,7.609285838318169,-2.364438443381389,4.6540287831554945,-7.373436781714382,84.22,55.54,79.14,51.76,79.14,51.76,False,-15000,0,0,split,Q1,confirmed_accumulation,3.5,12.5,3.0,2.0,25.0,7.91,53.91,,,,C_V1_weak_V2_strong,價格與RS同步確認（RS20 +4.65）；連買天數不長，但V2不只依賴連買
4137,麗豐-KY,生技醫療,2026-08-10,excluded,0,5,305,148,157,64.27640156453715,80.83441981747066,18,-1,3,20,0,0,主力佈局,True,True,0.0,32.0,17.041,193.451,0,32000,17041,193451,0.0,0.0,-1.678,-3.761,0,0,-1678,-3761,0.0,0.12213740458015267,0.038729545454545454,0.13937391930835735,0.0,0.0,-0.0038136363636363637,-0.0027096541786743515,0.039070981061374514,-0.0037999212382304856,2,6,0,0,0,0,decelerating,neutral,0.313807531380772,0.41884816753927634,0.8412197686645806,0.10438413361169019,-9.95305164319248,-0.995492197789638,7.609285838318169,-2.713694865192995,1.0998763314013282,-17.56233748151065,68.84,26.47,57.5,9.0,57.5,9.0,False,2447,0,0,split,Q1,confirmed_accumulation,4.5,9.68,3.0,2.75,25.0,5.75,50.68,,,,C_V1_weak_V2_strong,價格與RS同步確認（RS20 +1.10）；連買天數不長，但V2不只依賴連買
4138,曜亞,生技醫療,2026-08-10,excluded,0,0,677,652,25,19.621903520208605,16.558018252933508,-5,0,0,-5,1,0,外資鎖碼,True,True,2.0,-2.0,-5.0,3.0,2000,-2000,-5000,3000,0.0,0.0,0.0,0.0,0,0,0,0,0.125,-0.06060606060606061,-0.06097560975609756,0.013157894736842105,0.0,0.0,0.0,0.0,-0.06092967818831943,0.0,1,5,0,0,1,0,reversing_positive,neutral,-0.1953125,-0.1953125,0.19607843137254832,-0.1953125,-0.3898635477582735,-0.995492197789638,7.609285838318169,-3.358836202485027,0.800179697789638,-7.999149386076443,67.01,53.46,29.86,51.76,29.86,51.76,False,0,0,0,mixed,Q3,absorption_divergence,0.0,0.0,2.5,4.0,0.0,0.0,6.5,,,,D_V1_weak_V2_weak,連買天數不長，但V2不只依賴連買
4147,中裕,生技醫療,2026-08-10,excluded,0,5,306,244,62,64.27640156453715,68.31812255541068,236,0,-23,213,1,0,外資鎖碼,True,True,391.319,37.328,235.475,725.746,391319,37328,235475,725746,0.0,0.0,0.0,0.0,0,0,0,0,0.29202910447761193,0.015605351170568563,0.0690745086535641,0.08953195164075993,0.0,0.0,0.0,0.0,0.07589935003379863,0.0,3,7,0,0,1,0,accelerating,neutral,7.3943661971831,3.2148900169204797,7.205623901581726,-5.132192846034211,13.594040968342647,-0.995492197789638,7.609285838318169,3.6507092677241504,-4.136700648244574,5.984755130024477,38.85,83.31,66.62,51.76,66.62,51.76,False,649,-24014,0,split,Q2,unconfirmed_accumulation,4.5,12.5,3.5,6.0,5.0,6.66,38.16,,,,,連買天數不長，但V2不只依賴連買
4148,全宇生技-KY,生技醫療,2026-08-10,excluded,0,5,307,196,111,64.27640156453715,74.57627118644068,50,0,-6,44,2,0,外資鎖碼,True,True,38.0,39.0,50.0,84.2,38000,39000,50000,84200,0.0,0.0,0.0,0.0,0,0,0,0,0.5507246376811594,0.2215909090909091,0.18518518518518517,0.18505494505494505,0.0,0.0,0.0,0.0,0.1845826245370203,0.0,4,9,0,0,2,0,accelerating,neutral,1.1551155115511413,-0.9693053311793265,0.0,3.5472972972972805,-13.66197183098592,-0.995492197789638,7.609285838318169,-3.5549146338575754,4.542789495086918,-21.271257669304088,83.7,19.95,86.05,51.76,86.05,51.76,False,-6000,0,0,split,Q2,unconfirmed_accumulation,3.5,12.5,4.5,6.0,5.0,8.6,40.1,,,,,連買天數不長，但V2不只依賴連買
4155,訊映,生技醫療,2026-08-10,excluded,0,5,308,297,11,64.27640156453715,61.408083441981745,62,0,-34,28,2,0,外資鎖碼,True,True,77.0,77.0,62.0,78.812,77000,77000,62000,78812,0.0,0.0,0.0,0.0,0,0,0,0,0.28,0.11755725190839694,0.06645230439442658,0.04415238095238095,0.0,0.0,0.0,0.0,0.06801289000210888,0.0,3,5,0,0,2,0,accelerating,neutral,1.0344827586207028,1.736111111111116,1.736111111111116,-6.389776357827481,4.642857142857149,-0.995492197789638,7.609285838318169,-1.8188035227464594,-5.394284160037843,-2.966428695461021,35.85,68.32,65.32,51.76,65.32,51.76,False,-34000,0,0,split,Q2,unconfirmed_accumulation,3.5,12.5,2.5,6.0,5.0,6.53,36.03,,,,,連買天數不長，但V2不只依賴連買
4157,太景*-KY,生技醫療,2026-08-10,excluded,0,5,309,273,36,64.27640156453715,64.47196870925684,344,0,0,344,2,0,外資鎖碼,True,True,117.0,265.0,344.125,719.759,117000,265000,344125,719759,0.0,0.0,0.0,0.0,0,0,0,0,0.16883116883116883,0.1185682326621924,0.09245701235894681,0.08225817142857143,0.0,0.0,0.0,0.0,0.0925638031721693,0.0,3,6,0,0,2,0,accelerating,neutral,-0.7981755986317007,1.0452961672473782,5.968331303288643,-2.5755879059350506,-5.844155844155852,-0.995492197789638,7.609285838318169,2.4134166694310677,-1.5800957081454126,-13.453441682474022,50.72,35.72,71.97,51.76,71.97,51.76,False,0,753,0,split,Q2,unconfirmed_accumulation,3.5,12.5,3.0,6.0,5.0,7.2,37.2,,,,,連買天數不長，但V2不只依賴連買
4162,智擎,生技醫療,2026-08-10,excluded,0,5,310,221,89,64.27640156453715,71.31681877444589,335,0,1,336,2,0,外資鎖碼,True,True,213.0,384.0,335.0,714.21,213000,384000,335000,714210,0.0,0.0,0.0,0.0,0,0,0,0,0.4096153846153846,0.366412213740458,0.18020441097364173,0.15176583085422865,0.0,0.0,0.0,0.0,0.18158775237619823,0.0,3,7,0,0,2,0,accelerating,neutral,1.5698587127158659,1.5698587127158659,4.354838709677433,-1.9696969696969657,15.949820788530467,-0.995492197789638,7.609285838318169,0.7999240758198578,-0.9742047719073277,8.340534950212298,54.5,85.14,85.01,51.76,85.01,51.76,False,-2000,2326,0,split,Q2,unconfirmed_accumulation,3.5,12.5,3.5,6.0,5.0,8.5,39.0,,,,,連買天數不長，但V2不只依賴連買
4163,鐿鈦,生技醫療,2026-08-10,excluded,0,5,311,115,196,64.27640156453715,85.13689700130378,188,0,8,196,2,0,外資鎖碼,True,True,28.974,231.42,189.56,201.659,28974,231420,189560,201659,0.0,0.0,0.0,0.0,0,0,0,0,0.08597626112759645,0.1564705882352941,0.118475,0.09770300387596899,0.0,0.0,0.0,0.0,0.12473138056013179,0.0,3,6,0,0,2,0,decelerating,neutral,4.166666666666674,22.44897959183674,18.577075098814234,19.047619047619047,39.53488372093024,-0.995492197789638,7.609285838318169,15.02216046495666,20.043111245408685,31.92559788261207,98.31,95.44,77.71,51.76,77.71,51.76,False,7000,1123,0,split,Q1,confirmed_accumulation,4.5,12.5,3.0,2.75,25.0,7.77,55.52,,,,C_V1_weak_V2_strong,價格與RS同步確認（RS20 +20.04）；連買天數不長，但V2不只依賴連買
4164,承業醫,生技醫療,2026-08-10,excluded,0,5,312,334,-22,64.27640156453715,56.58409387222947,105,0,-17,88,2,0,外資鎖碼,True,True,209.261,156.449,105.325,453.113,209261,156449,105325,453113,0.0,0.0,0.0,0.0,0,0,0,0,0.234597533632287,0.08691611111111111,0.03916883599851246,0.07133391057934509,0.0,0.0,0.0,0.0,0.040744594827763714,0.0,3,7,0,0,2,0,accelerating,neutral,2.1072796934865856,2.303262955854124,3.696498054474695,-7.304347826086966,-4.480286738351258,-0.995492197789638,7.609285838318169,0.1415834206171196,-6.308855628297328,-12.089572576669427,32.07,38.92,57.63,51.76,57.63,51.76,False,-16788,0,0,split,Q2,unconfirmed_accumulation,3.5,9.79,3.5,6.0,5.0,5.76,33.55,,,,,全市場flow percentile偏低（外資P58、投信P52）；價格未確認（Q2、RS20 -6.31）
4168,醣聯,生技醫療,2026-08-10,excluded,0,0,678,653,25,19.621903520208605,16.558018252933508,-66,0,0,-66,0,0,主力佈局,True,True,-21.0,-46.0,-66.0,2.0,-21000,-46000,-66000,2000,0.0,0.0,0.0,0.0,0,0,0,0,-0.1891891891891892,-0.14285714285714285,-0.12110091743119267,0.00130718954248366,0.0,0.0,0.0,0.0,-0.12058916351404796,0.0,2,4,0,0,0,0,stable,neutral,-0.21739130434782483,0.4376367614879584,1.1013215859030812,-7.0850202429149745,1.324503311258285,-0.995492197789638,7.609285838318169,-2.4535930479544943,-6.089528045125336,-6.2847825270598845,33.38,59.71,17.21,51.76,17.21,51.76,False,0,525,0,split,Q4,confirmed_distribution,0.0,0.0,2.0,4.5,0.0,0.0,6.5,,,,D_V1_weak_V2_weak,連買天數不長，但V2不只依賴連買
4171,瑞基,農業科技,2026-08-10,excluded,0,5,313,357,-44,64.27640156453715,53.58539765319426,75,0,0,75,0,0,主力佈局,True,True,-1.0,51.139,74.139,187.14,-1000,51139,74139,187140,0.0,0.0,0.0,0.0,0,0,0,0,-0.021739130434782608,0.17634137931034483,0.07481231079717457,0.10786167146974063,0.0,0.0,0.0,0.0,0.07591625716073894,0.0,2,5,0,0,0,0,reversing_negative,neutral,0.8797653958944274,2.686567164179099,-0.28985507246377384,2.9940119760478945,-4.444444444444451,-0.995492197789638,7.609285838318169,-3.8447697063213493,3.9895041738375325,-12.05373028276262,81.29,39.24,67.54,51.76,67.54,51.76,False,0,452,0,split,Q2,unconfirmed_accumulation,3.5,12.5,2.5,1.0,5.0,6.75,31.25,,,,,全市場flow percentile偏低（外資P68、投信P52）；價格未確認（Q2、RS20 +3.99）；近期flow已轉負
4178,永笙-KY,生技醫療,2026-08-10,excluded,0,0,679,714,-35,19.621903520208605,7.496740547588006,-219,0,-5,-224,0,0,主力佈局,True,True,-36.95,-147.95,-220.354,-209.551,-36950,-147950,-220354,-209551,0.0,0.0,0.0,0.0,0,0,0,0,-0.2199404761904762,-0.24823825503355704,-0.25183314285714287,-0.1010858658948384,0.0,0.0,0.0,0.0,-0.2514646134955489,0.0,0,2,0,0,0,0,stable,neutral,-3.804347826086951,-1.939058171745156,-1.1173184357541888,-2.209944751381232,-6.842105263157894,-0.995492197789638,7.609285838318169,-4.672233069611764,-1.214452553591594,-14.451391101476062,53.46,33.77,5.74,51.76,5.74,51.76,False,-5000,0,0,split,Q4,confirmed_distribution,0.0,0.0,1.0,4.5,0.0,0.0,5.5,,,,D_V1_weak_V2_weak,實際介入強度低（強度分 0.0/25）；全市場flow percentile偏低（外資P6、投信P52）；價格未確認（Q4、RS20 -1.21）
4190,佐登-KY,生技醫療,2026-08-10,excluded,0,5,314,233,81,64.27640156453715,69.75228161668839,12,0,1,13,1,0,外資鎖碼,True,True,3.0,3.0,12.0,40.1,3000,3000,12000,40100,0.0,0.0,0.0,0.0,0,0,0,0,0.42857142857142855,0.16666666666666666,0.22641509433962265,0.2015075376884422,0.0,0.0,0.0,0.0,0.22650368934933293,0.0,2,5,0,0,1,0,accelerating,neutral,-0.39215686274510775,0.39525691699604515,-1.740812379110257,-1.5503875968992276,2.626262626262621,-0.995492197789638,7.609285838318169,-5.295727012967832,-0.5548953991095895,-4.983023212055548,57.89,62.71,90.22,51.76,90.22,51.76,False,1000,0,0,mixed,Q2,unconfirmed_accumulation,3.5,12.5,2.5,6.0,5.0,9.02,38.52,,,,,連買天數不長，但V2不只依賴連買
4195,基米-創,生技醫療,2026-08-10,excluded,0,0,680,654,26,19.621903520208605,16.558018252933508,-69,0,2,-67,0,0,主力佈局,True,True,-10.0,-15.0,-69.0,-1.3,-10000,-15000,-69000,-1300,0.0,0.0,0.0,0.0,0,0,0,0,-0.08928571428571429,-0.055350553505535055,-0.14935064935064934,-0.0011353711790393012,0.0,0.0,0.0,0.0,-0.1487867726003865,0.0,1,4,0,0,0,0,stable,neutral,-2.28013029315961,-0.990099009900991,0.0,-12.536443148688036,-24.242424242424242,-0.995492197789638,7.609285838318169,-3.5549146338575754,-11.540950950898399,-31.85171008074241,16.69,8.08,12.91,51.76,12.91,51.76,False,-2000,3623,0,split,Q4,confirmed_distribution,0.0,0.0,2.0,4.5,0.0,0.0,6.5,,,,D_V1_weak_V2_weak,連買天數不長，但V2不只依賴連買
4198,欣大健康,生技醫療,2026-08-10,excluded,0,0,681,764,-83,19.621903520208605,0.5867014341590613,-1,0,0,-1,0,0,主力佈局,True,True,0.0,0.0,-1.0,1.0,0,0,-1000,1000,0.0,0.0,0.0,0.0,0,0,0,0,0.0,0.0,-0.09090909090909091,0.018518518518518517,0.0,0.0,0.0,0.0,-0.09007187780772687,0.0,0,2,0,0,0,0,neutral,neutral,-0.7194244604316613,3.2418952618453734,3.499999999999992,-0.8383233532934131,8.947368421052637,-0.995492197789638,7.609285838318169,-0.05491463385758344,0.15716884449622492,1.3380825827344678,62.58,76.14,22.16,51.76,22.16,51.76,False,0,262,0,split,Q3,absorption_divergence,0.0,0.0,1.0,2.0,0.0,0.0,3.0,,,,D_V1_weak_V2_weak,實際介入強度低（強度分 0.0/25）；全市場flow percentile偏低（外資P22、投信P52）
4303,信立,塑膠工業,2026-08-10,excluded,0,7,100,262,-162,88.33116036505866,65.97131681877445,508,0,0,508,9,0,外資鎖碼,True,True,66.201,242.202,509.112,950.046,66201,242202,509112,950046,0.0,0.0,0.0,0.0,0,0,0,0,0.17989402173913044,0.19453975903614457,0.2504240039350713,0.20939960326206744,0.0,0.0,0.0,0.0,0.24951315977185284,0.0,5,9,0,0,9,0,decelerating,neutral,-0.11098779134294245,2.3890784982935065,6.888361045130642,-1.3157894736842146,-7.786885245901631,-0.995492197789638,7.609285838318169,3.3334464112730666,-0.32029727589457657,-15.396171084219802,58.93,30.9,92.05,51.76,92.05,51.76,False,0,-580,0,split,Q2,unconfirmed_accumulation,3.5,12.5,4.5,2.75,5.0,9.21,37.46,,,,,V1連買訊號高（外資9日／投信0日）；價格未確認（Q2、RS20 -0.32）；近期flow正在減速
4306,炎洲,塑膠工業,2026-08-10,excluded,0,5,315,356,-41,64.27640156453715,53.71577574967405,188,0,-70,118,0,0,主力佈局,True,True,-190.662,38.388,187.976,1042.397,-190662,38388,187976,1042397,0.0,0.0,0.0,0.0,0,0,0,0,-0.25730364372469633,0.020506410256410257,0.06073537964458805,0.1140727730356752,0.0,0.0,0.0,0.0,0.06074939731827804,0.0,2,6,0,0,0,0,reversing_negative,neutral,-0.34602076124566894,1.4084507042253502,1.7667844522968101,-2.3728813559321993,10.344827586206895,-0.995492197789638,7.609285838318169,-1.7881301815607653,-1.3773891581425612,2.7355417478887256,52.28,79.2,63.49,51.76,63.49,51.76,False,-70159,0,0,split,Q2,unconfirmed_accumulation,3.5,12.5,3.0,1.0,5.0,6.35,31.35,,,,,全市場flow percentile偏低（外資P63、投信P52）；價格未確認（Q2、RS20 -1.38）；近期flow已轉負
4414,如興,紡織纖維,2026-08-10,excluded,0,2,461,430,31,41.19947848761408,44.06779661016949,4,0,-8,-4,1,0,外資鎖碼,True,True,70.0,15.0,4.0,224.6,70000,15000,4000,224600,0.0,0.0,0.0,0.0,0,0,0,0,0.47619047619047616,0.02912621359223301,0.004842615012106538,0.11722338204592903,0.0,0.0,0.0,0.0,0.00441384001174311,0.0,1,4,0,0,1,0,accelerating,neutral,-0.48076923076924016,-0.8383233532934131,-0.8383233532934131,-2.243211334120443,-20.000000000000007,-0.995492197789638,7.609285838318169,-4.393237987150989,-1.247719136330805,-27.609285838318176,53.19,11.47,48.37,51.76,48.37,51.76,False,-8000,0,0,split,Q2,unconfirmed_accumulation,3.5,1.21,2.0,6.0,5.0,4.84,22.55,,,,,連買天數不長，但V2不只依賴連買
4426,利勤,紡織纖維,2026-08-10,excluded,0,0,682,598,84,19.621903520208605,23.598435462842243,-18,0,-11,-29,0,0,主力佈局,True,True,-8.0,-14.0,-18.0,110.0,-8000,-14000,-18000,110000,0.0,0.0,0.0,0.0,0,0,0,0,-0.09411764705882353,-0.0625,-0.05056179775280899,0.09243697478991597,0.0,0.0,0.0,0.0,-0.050675663690127756,0.0,2,6,0,0,0,0,reversing_positive,neutral,0.25316455696202667,0.0,-0.7518796992481258,-2.583025830258312,-0.7518796992481258,-0.995492197789638,7.609285838318169,-4.306794333105701,-1.587533632468674,-8.361165537566295,50.52,51.5,32.59,51.76,32.59,51.76,False,-11000,0,0,split,Q4,confirmed_distribution,0.0,0.0,3.0,4.0,0.0,0.0,7.0,,,,D_V1_weak_V2_weak,連買天數不長，但V2不只依賴連買
4438,廣越,紡織纖維,2026-08-10,excluded,0,5,316,54,262,64.27640156453715,93.08996088657105,200,0,-5,195,1,0,外資鎖碼,True,True,86.0,197.0,200.0,250.0,86000,197000,200000,250000,0.0,0.0,0.0,0.0,0,0,0,0,0.3926940639269406,0.37957610789980734,0.3502626970227671,0.31887755102040816,0.0,0.0,0.0,0.0,0.3521360887797419,0.0,3,7,0,0,1,0,accelerating,neutral,1.8425460636515734,0.49586776859502635,0.3300330033003229,-0.3278688524590234,6.2937062937062915,-0.995492197789638,7.609285838318169,-3.2248816305572525,0.6676233453306146,-1.3155795446118779,65.84,71.06,97.0,51.76,97.0,51.76,False,-4148,0,0,split,Q1,confirmed_accumulation,3.5,12.5,3.5,6.0,25.0,9.7,60.2,,,,C_V1_weak_V2_strong,價格與RS同步確認（RS20 +0.67）；連買天數不長，但V2不只依賴連買
4439,冠星-KY,紡織纖維,2026-08-10,excluded,0,3,426,514,-88,45.436766623207305,33.96349413298566,-2,0,3,1,0,0,主力佈局,True,True,-6.0,-8.0,-2.0,9.3,-6000,-8000,-2000,9300,0.0,0.0,0.0,0.0,0,0,0,0,-0.3,-0.10666666666666667,-0.015267175572519083,0.036758893280632414,0.0,0.0,0.0,0.0,-0.01646151564585496,0.0,2,5,0,0,0,0,stable,neutral,0.48076923076922906,2.9556650246305383,2.9556650246305383,0.48076923076922906,8.402489626556008,-0.995492197789638,7.609285838318169,-0.5992496092270372,1.476261428558867,0.7932037882378387,70.66,75.23,41.98,51.76,41.98,51.76,False,3000,0,0,split,Q3,absorption_divergence,1.0,0.0,2.5,4.5,0.0,0.0,8.0,,,,,實際介入強度低（強度分 0.0/25）；全市場flow percentile偏低（外資P42、投信P52）
4440,宜新實業,紡織纖維,2026-08-10,excluded,0,0,683,715,-32,19.621903520208605,7.496740547588006,0,0,-17,-17,1,0,外資鎖碼,True,True,8.0,-10.0,0.0,507.2,8000,-10000,0,507200,0.0,0.0,0.0,0.0,0,0,0,0,0.041666666666666664,-0.04184100418410042,0.0,0.9886939571150097,0.0,0.0,0.0,0.0,0.001235064606978115,0.0,3,7,0,0,1,0,neutral,neutral,4.871060171919783,4.871060171919783,4.871060171919783,6.08695652173914,-4.935064935064936,-0.995492197789638,7.609285838318169,1.3161455380622078,7.082448719528777,-12.544350773383105,88.92,37.94,46.41,51.76,46.41,51.76,False,-17140,0,0,split,,neutral,0.0,0.0,3.5,2.0,0.0,0.0,5.5,,,,D_V1_weak_V2_weak,實際介入強度低（強度分 0.0/25）；全市場flow percentile偏低（外資P46、投信P52）
4442,竣邦-KY,紡織纖維,2026-08-10,excluded,0,0,684,687,-3,19.621903520208605,11.147327249022164,-1113,0,0,-1113,2,0,外資鎖碼,True,True,26.0,-25.0,-1113.0,392.0,26000,-25000,-1113000,392000,0.0,0.0,0.0,0.0,0,0,0,0,0.3058823529411765,-0.04187604690117253,-0.32639296187683287,0.03970424389749823,0.0,0.0,0.0,0.0,-0.3337587024004668,0.0,2,4,0,0,2,0,reversing_positive,neutral,1.9569471624266255,-1.883239171374762,-20.336391437308876,5.040322580645151,1.5594541910331383,-0.995492197789638,7.609285838318169,-23.89130607116645,6.035814778434789,-6.049831647285031,87.61,60.5,3.13,51.76,3.13,51.76,False,0,229,0,split,Q4,confirmed_distribution,0.0,0.0,2.0,4.0,0.0,0.0,6.0,,,,D_V1_weak_V2_weak,實際介入強度低（強度分 0.0/25）；全市場flow percentile偏低（外資P3、投信P52）；價格未確認（Q4、RS20 +6.04）
4503,金雨,電機機械,2026-08-10,excluded,0,0,685,744,-59,19.621903520208605,3.455019556714472,-69,0,-1,-70,1,0,外資鎖碼,True,True,1.0,-71.0,-69.0,-41.0,1000,-71000,-69000,-41000,0.0,0.0,0.0,0.0,0,0,0,0,0.0033783783783783786,-0.05901911886949293,-0.04967602591792657,-0.017810599478714162,0.0,0.0,0.0,0.0,-0.047514895091940214,0.0,3,5,0,0,1,0,neutral,neutral,-9.950248756218905,-18.345864661654144,-17.602427921092577,-31.698113207547173,-38.43537414965987,-0.995492197789638,7.609285838318169,-21.15734255495015,-30.702621009757536,-46.044659987978044,0.91,0.91,32.86,51.76,32.86,51.76,False,-1000,-1613,0,split,Q4,confirmed_distribution,0.0,0.0,2.5,2.0,0.0,0.0,4.5,,,,D_V1_weak_V2_weak,實際介入強度低（強度分 0.0/25）；全市場flow percentile偏低（外資P33、投信P52）；價格未確認（Q4、RS20 -30.70）
4506,崇友,電機機械,2026-08-10,excluded,0,5,317,361,-44,64.27640156453715,53.063885267275104,18,0,-2,16,0,0,主力佈局,True,True,-18.004,-11.46,18.686,308.845,-18004,-11460,18686,308845,0.0,0.0,0.0,0.0,0,0,0,0,-0.16367272727272728,-0.07346153846153847,0.04659850374064838,0.3070029821073559,0.0,0.0,0.0,0.0,0.047258919843597265,0.0,3,8,0,0,0,0,reversing_negative,neutral,-0.8163265306122436,-1.2195121951219523,-2.0161290322580627,-0.8163265306122436,2.5316455696202445,-0.995492197789638,7.609285838318169,-5.571043666115639,0.17916566717739446,-5.077640268697925,62.97,62.45,59.71,51.76,59.71,51.76,False,0,-1422,0,split,Q2,unconfirmed_accumulation,3.5,11.65,4.0,1.0,5.0,5.97,31.12,,,,,全市場flow percentile偏低（外資P60、投信P52）；價格未確認（Q2、RS20 +0.18）；近期flow已轉負
4510,高鋒,電機機械,2026-08-10,excluded,0,5,318,245,73,64.27640156453715,68.1877444589309,416,0,12,428,1,0,外資鎖碼,True,True,241.0,136.017,416.017,831.017,241000,136017,416017,831017,0.0,0.0,0.0,0.0,0,0,0,0,0.19081551860649248,0.0347070681296249,0.08400989499192246,0.1037344900761453,0.0,0.0,0.0,0.0,0.08238135135080155,0.0,4,8,0,0,1,0,accelerating,neutral,1.8703241895261735,6.797385620915031,12.225274725274726,-4.107981220657275,-10.905125408942206,-0.995492197789638,7.609285838318169,8.670360091417152,-3.112489022867637,-18.514411247260377,43.42,25.16,70.93,51.76,70.93,51.76,False,0,12837,0,split,Q2,unconfirmed_accumulation,3.5,12.5,4.0,6.0,5.0,7.09,38.09,,,,,連買天數不長，但V2不只依賴連買
4513,福裕,電機機械,2026-08-10,excluded,0,0,686,599,87,19.621903520208605,23.598435462842243,-63,0,-13,-76,0,0,主力佈局,True,True,-32.0,-144.0,-62.813,783.189,-32000,-144000,-62813,783189,0.0,0.0,0.0,0.0,0,0,0,0,-0.047407407407407405,-0.062882096069869,-0.018117392558407844,0.07413754259750095,0.0,0.0,0.0,0.0,-0.018181857817885144,0.0,2,5,0,0,0,0,stable,neutral,-0.5602240896358635,0.8522727272727293,2.011494252873569,-4.054054054054057,21.575342465753433,-0.995492197789638,7.609285838318169,-1.5434203809840064,-3.058561856264419,13.966056627435265,43.81,89.18,40.42,51.76,40.42,51.76,False,-13000,-314,0,split,Q4,confirmed_distribution,0.0,0.0,2.5,4.5,0.0,0.0,7.0,,,,D_V1_weak_V2_weak,連買天數不長，但V2不只依賴連買
4523,永彰,電機機械,2026-08-10,excluded,0,5,319,149,170,64.27640156453715,80.70404172099087,9,0,0,9,1,0,外資鎖碼,True,True,20.0,41.0,9.0,190.0,20000,41000,9000,190000,0.0,0.0,0.0,0.0,0,0,0,0,0.36363636363636365,0.2265193370165746,0.030100334448160536,0.1926977687626775,0.0,0.0,0.0,0.0,0.03132342450243139,0.0,2,6,0,0,1,0,accelerating,neutral,-0.19379844961240345,1.7786561264822032,1.7786561264822032,3.621730382293764,-11.206896551724132,-0.995492197789638,7.609285838318169,-1.7762585073753723,4.617222580083402,-18.8161823900423,84.09,24.64,55.93,51.76,55.93,51.76,False,0,95,0,split,Q1,confirmed_accumulation,3.5,7.53,3.0,6.0,25.0,5.59,50.62,,,,C_V1_weak_V2_strong,價格與RS同步確認（RS20 +4.62）；連買天數不長，但V2不只依賴連買
4529,淳紳,其他,2026-08-10,excluded,0,5,320,456,-136,64.27640156453715,40.67796610169492,1,0,0,1,0,0,主力佈局,True,True,-2.0,-4.0,1.0,-2.0,-2000,-4000,1000,-2000,0.0,0.0,0.0,0.0,0,0,0,0,-0.07692307692307693,-0.08163265306122448,0.006802721088435374,-0.00684931506849315,0.0,0.0,0.0,0.0,0.004737880404902817,0.0,1,1,0,0,0,0,reversing_negative,neutral,1.6706443914080937,0.23529411764704466,3.9024390243902474,-12.164948453608249,-15.97633136094675,-0.995492197789638,7.609285838318169,0.3475243905326719,-11.169456255818611,-23.58561719926492,17.86,16.17,49.02,51.76,49.02,51.76,False,0,0,0,mixed,Q2,unconfirmed_accumulation,3.5,1.7,0.5,1.0,5.0,4.9,16.6,,,,,實際介入強度低（強度分 1.7/25）；全市場flow percentile偏低（外資P49、投信P52）；價格未確認（Q2、RS20 -11.17）；近期flow已轉負
4530,宏易,觀光餐旅,2026-08-10,excluded,0,0,687,766,-79,19.621903520208605,0.2607561929595828,-1,0,0,-1,0,0,主力佈局,True,True,0.0,0.0,-1.0,2.0,0,0,-1000,2000,0.0,0.0,0.0,0.0,0,0,0,0,0.0,0.0,-0.06666666666666667,0.04878048780487805,0.0,0.0,0.0,0.0,-0.06489007328447702,0.0,0,1,0,0,0,0,neutral,neutral,0.0,5.133470225872694,2.8112449799196915,-4.299065420560744,-6.909090909090909,-0.995492197789638,7.609285838318169,-0.743669653937884,-3.303573222771106,-14.518376747409079,42.37,33.51,29.07,51.76,29.07,51.76,False,0,0,0,split,Q4,confirmed_distribution,0.0,0.0,0.5,2.0,0.0,0.0,2.5,,,,D_V1_weak_V2_weak,實際介入強度低（強度分 0.0/25）；全市場flow percentile偏低（外資P29、投信P52）；價格未確認（Q4、RS20 -3.30）
4533,協易機,電機機械,2026-08-10,excluded,0,5,321,395,-74,64.27640156453715,48.63102998696219,66,0,-1,65,1,0,外資鎖碼,True,True,28.072,-67.928,66.111,902.111,28072,-67928,66111,902111,0.0,0.0,0.0,0.0,0,0,0,0,0.04725925925925926,-0.04987371512481645,0.031526466380543634,0.13579873551106428,0.0,0.0,0.0,0.0,0.03227733540548988,0.0,3,7,0,0,1,0,reversing_negative,neutral,3.658536585365857,1.7964071856287456,7.36842105263158,-12.371134020618557,-16.802610114192497,-0.995492197789638,7.609285838318169,3.813506418774004,-11.37564182282892,-24.411895952510665,17.08,15.12,56.19,51.76,56.19,51.76,False,0,-896,0,split,Q2,unconfirmed_accumulation,3.5,7.88,3.5,1.0,5.0,5.62,26.5,,,,,全市場flow percentile偏低（外資P56、投信P52）；價格未確認（Q2、RS20 -11.38）；近期flow已轉負
4536,拓凱,37,2026-08-10,other_watch,25,7,101,79,22,88.33116036505866,89.83050847457628,359,-120,-4,235,5,0,外資鎖碼,True,True,23.0,259.119,359.213,985.967,23000,259119,359213,985967,0.0,0.0,-120.0,-114.0,0,0,-120000,-114000,0.13372093023255813,0.35254285714285716,0.23355851755526658,0.3073463216957606,0.0,0.0,-0.07802340702210664,-0.035536159600997506,0.23402974067065793,-0.07724043800601793,5,9,0,1,5,0,decelerating,neutral,0.8823529411764675,3.3132530120481896,3.9393939393939315,0.0,13.201320132013205,-0.995492197789638,7.609285838318169,0.384479305536356,0.995492197789638,5.592034293695035,68.12,82.92,91.26,0.91,91.26,0.91,False,-5333,-404,0,split,Q1,confirmed_accumulation,3.5,12.5,5.0,2.75,25.0,9.13,57.88,,,,,價格與RS同步確認（RS20 +1.00）
4540,全球傳動,電機機械,2026-08-10,excluded,0,0,688,550,138,19.621903520208605,29.85658409387223,-849,0,-2,-851,0,0,主力佈局,True,True,-867.517,-1162.324,-850.103,-604.311,-867517,-1162324,-850103,-604311,0.0,0.0,0.0,0.0,0,0,0,0,-0.09329142918593397,-0.04345136448598131,-0.026491212215643503,-0.01535772192431828,0.0,0.0,0.0,0.0,-0.027934167633440532,0.0,3,6,0,0,0,0,stable,neutral,-0.33333333333334103,11.567164179104461,22.04081632653061,2.2222222222222143,-7.286821705426361,-0.995492197789638,7.609285838318169,18.485901692673036,3.2177144200118524,-14.896107543744531,79.53,32.59,38.33,51.76,38.33,51.76,False,-2107,0,0,split,Q3,absorption_divergence,0.0,0.0,3.0,4.5,0.0,0.0,7.5,,,,,連買天數不長，但V2不只依賴連買
4541,晟田,其他,2026-08-10,other_watch,44,5,322,388,-66,64.27640156453715,49.54367666232073,463,0,73,536,0,0,主力佈局,True,True,-202.773,46.801,464.425,1389.901,-202773,46801,464425,1389901,0.0,0.0,0.0,0.0,0,0,0,0,-0.1135983193277311,0.007039861612515042,0.0302045395421436,0.02981596447571649,0.0,0.0,0.0,0.0,0.03163280123148132,0.0,3,6,0,0,0,0,decelerating,neutral,-0.7587253414264028,-0.9090909090909038,8.099173553719009,-2.5335320417287477,48.131370328425845,-0.995492197789638,7.609285838318169,4.544258919861433,-1.5380398439391096,40.52208449010767,51.11,97.0,56.06,51.76,56.06,51.76,False,0,75720,0,split,Q2,unconfirmed_accumulation,3.5,7.55,3.0,2.75,5.0,5.61,27.41,,,,,全市場flow percentile偏低（外資P56、投信P52）；價格未確認（Q2、RS20 -1.54）；近期flow正在減速
4543,萬在,電機機械,2026-08-10,excluded,0,5,323,362,-39,64.27640156453715,52.9335071707953,45,0,-6,39,1,0,外資鎖碼,True,True,22.0,17.0,45.0,61.0,22000,17000,45000,61000,0.0,0.0,0.0,0.0,0,0,0,0,0.15714285714285714,0.03854875283446712,0.0662739322533137,0.051303616484440706,0.0,0.0,0.0,0.0,0.06662769225058694,0.0,3,5,0,0,1,0,reversing_negative,neutral,-0.31250000000000444,2.5723472668810254,2.4077046548956593,-7.936507936507942,-13.315217391304346,-0.995492197789638,7.609285838318169,-1.1472099789619161,-6.9410157387183045,-20.924503229622516,29.86,20.47,65.19,51.76,65.19,51.76,False,-6000,677,0,split,Q2,unconfirmed_accumulation,3.5,12.5,2.5,1.0,5.0,6.52,31.02,,,,,全市場flow percentile偏低（外資P65、投信P52）；價格未確認（Q2、RS20 -6.94）；近期flow已轉負
4549,桓達,電機機械,2026-08-10,excluded,0,7,102,205,-103,88.33116036505866,73.40286831812256,91,0,0,91,4,0,外資鎖碼,True,True,45.0,85.0,91.0,111.0,45000,85000,91000,111000,0.0,0.0,0.0,6.0,0,0,0,6000,0.625,0.2920962199312715,0.1868583162217659,0.09527896995708154,0.0,0.0,0.0,0.005150214592274678,0.1872313509984221,0.0,4,7,0,1,4,0,accelerating,neutral,0.6644518272425293,0.5530973451327359,-0.2195389681668325,-8.73493975903613,-7.244897959183671,-0.995492197789638,7.609285838318169,-3.774453602024408,-7.739447561246493,-14.85418379750184,26.6,32.99,86.18,51.76,86.18,51.76,False,0,-482,0,split,Q2,unconfirmed_accumulation,3.5,12.5,4.0,6.0,5.0,8.62,39.62,,,,,V1連買訊號高（外資4日／投信0日）；價格未確認（Q2、RS20 -7.74）
4551,智伸科,汽車工業,2026-08-10,excluded,0,6,149,222,-73,81.42112125162973,71.1864406779661,-1120,591,-4,-533,0,3,投信鎖碼,True,True,-405.233,-1089.991,-1122.012,-270.542,-405233,-1089991,-1122012,-270542,255.0,589.0,591.0,596.0,255000,589000,591000,596000,-0.40082393669634026,-0.33455831798649477,-0.2573422018348624,-0.03137446364374347,0.2522255192878338,0.18078575813382444,0.13555045871559632,0.06911747651629363,-0.25965814444753876,0.13721157699544229,0,3,4,6,0,3,stable,accelerating,3.88059701492538,5.1359516616314105,8.749999999999991,-18.691588785046733,11.897106109324751,-0.995492197789638,7.609285838318169,5.195085366142416,-17.696096587257095,4.287820271006582,8.47,81.36,5.61,99.74,5.61,99.74,False,-4000,766,0,split,Q4,confirmed_distribution,3.5,12.5,4.5,8.5,0.0,9.97,38.97,,,,,V1連買訊號高（外資0日／投信3日）；價格未確認（Q4、RS20 -17.70）
4552,力達-KY,電機機械,2026-08-10,excluded,0,7,103,189,-86,88.33116036505866,75.48891786179922,122,0,5,127,3,0,外資鎖碼,True,True,38.0,106.0,122.0,440.0,38000,106000,122000,440000,0.0,0.0,0.0,0.0,0,0,0,0,0.33043478260869563,0.3063583815028902,0.18456883509833585,0.18280016618196926,0.0,0.0,0.0,0.0,0.18470850235309708,0.0,4,8,0,0,3,0,accelerating,neutral,-0.5649717514124131,-0.5649717514124131,0.0,-9.51156812339331,-11.779448621553879,-0.995492197789638,7.609285838318169,-3.5549146338575754,-8.516075925603673,-19.388734459872047,24.38,23.34,85.92,51.76,85.92,51.76,False,5000,0,0,split,Q2,unconfirmed_accumulation,4.5,12.5,4.0,6.0,5.0,8.59,40.59,,,,,V1連買訊號高（外資3日／投信0日）；價格未確認（Q2、RS20 -8.52）
4555,氣立,電機機械,2026-08-10,excluded,0,5,324,211,113,64.27640156453715,72.6205997392438,2,0,11,13,1,0,外資鎖碼,True,True,88.0,-95.0,2.0,443.1,88000,-95000,2000,443100,0.0,0.0,0.0,0.0,0,0,0,0,0.14473684210526316,-0.04281207751239297,0.0007905138339920949,0.10524940617577197,0.0,0.0,0.0,0.0,-0.0013595850747771792,0.0,4,8,0,0,1,0,reversing_negative,neutral,4.17112299465241,13.785046728971984,19.80319803198034,0.4123711340206171,20.098643649815063,-0.995492197789638,7.609285838318169,16.248283398122766,1.4078633318102551,12.489357811496895,69.88,88.01,46.94,51.76,46.94,51.76,False,11423,0,0,split,Q1,confirmed_accumulation,4.5,0.2,4.0,1.0,25.0,4.69,39.39,,,,,價格與RS同步確認（RS20 +1.41）；連買天數不長，但V2不只依賴連買
4561,健椿,電機機械,2026-08-10,excluded,0,0,689,745,-56,19.621903520208605,3.455019556714472,-28,0,-9,-37,1,0,外資鎖碼,True,True,11.0,-94.0,-28.0,-22.0,11000,-94000,-28000,-22000,0.0,0.0,0.0,0.0,0,0,0,0,0.008339651250947688,-0.03802588996763754,-0.010115606936416185,-0.006107717934480844,0.0,0.0,0.0,0.0,-0.013669060724275211,0.0,3,5,0,0,1,0,neutral,neutral,-2.2805017103762815,18.044077134986235,21.73295454545454,6.327543424317628,-11.558307533539736,-0.995492197789638,7.609285838318169,18.178039911596965,7.323035622107266,-19.167593371857905,89.31,23.73,43.81,51.76,43.81,51.76,False,-10000,538,0,split,Q3,absorption_divergence,0.0,0.0,2.5,2.0,0.0,0.0,4.5,,,,D_V1_weak_V2_weak,實際介入強度低（強度分 0.0/25）；全市場flow percentile偏低（外資P44、投信P52）
4562,穎漢,電機機械,2026-08-10,excluded,0,0,690,728,-38,19.621903520208605,5.215123859191656,-57,0,-6,-63,1,0,外資鎖碼,True,True,34.1,-131.9,-56.9,64.624,34100,-131900,-56900,64624,0.0,0.0,0.0,0.0,0,0,0,0,0.05829059829059829,-0.05410172272354389,-0.02029243937232525,0.015858650306748465,0.0,0.0,0.0,0.0,-0.022900539087293337,0.0,4,6,0,0,1,0,neutral,neutral,-0.30674846625767804,4.669887278582929,9.427609427609429,-4.692082111436957,-8.450704225352112,-0.995492197789638,7.609285838318169,5.872694793751854,-3.6965899136473186,-16.05999006367028,40.68,28.94,39.9,51.76,39.9,51.76,False,-4814,0,0,split,Q4,confirmed_distribution,0.0,0.0,3.0,2.0,0.0,0.0,5.0,,,,D_V1_weak_V2_weak,實際介入強度低（強度分 0.0/25）；全市場flow percentile偏低（外資P40、投信P52）；價格未確認（Q4、RS20 -3.70）
4563,百德,電機機械,2026-08-10,excluded,0,7,104,274,-170,88.33116036505866,64.47196870925684,97,0,0,97,5,0,外資鎖碼,True,True,2.0,46.0,97.0,112.0,2000,46000,97000,112000,0.0,0.0,0.0,0.0,0,0,0,0,0.06896551724137931,0.2358974358974359,0.28034682080924855,0.10237659963436929,0.0,0.0,0.0,0.0,0.28163558418384,0.0,5,8,0,0,5,0,decelerating,neutral,0.0,0.0,1.0204081632652962,-7.906976744186045,-15.021459227467815,-0.995492197789638,7.609285838318169,-2.5345064705922793,-6.911484546396407,-22.630745065785984,30.12,17.6,94.52,51.76,94.52,51.76,False,0,-184,0,split,Q2,unconfirmed_accumulation,3.5,12.5,4.0,2.75,5.0,9.45,37.2,,,,,V1連買訊號高（外資5日／投信0日）；價格未確認（Q2、RS20 -6.91）；近期flow正在減速
4564,元翎,電機機械,2026-08-10,excluded,0,0,691,688,3,19.621903520208605,11.147327249022164,-191,0,-18,-209,1,0,外資鎖碼,True,True,283.281,2.614,-190.96,-247.447,283281,2614,-190960,-247447,0.0,0.0,0.0,0.0,0,0,0,0,0.3082491838955386,0.001148506151142355,-0.03596233521657251,-0.019990870899983842,0.0,0.0,0.0,0.0,-0.03259416825090931,0.0,2,4,0,0,1,0,reversing_positive,neutral,4.984423676012462,2.4316109422492627,4.984423676012462,-19.76190476190476,1.5060240963855387,-0.995492197789638,7.609285838318169,1.4295090421548862,-18.76641256411512,-6.103261741932631,7.82,60.1,35.72,51.76,35.72,51.76,False,-18000,-675,0,split,Q4,confirmed_distribution,0.0,0.0,2.0,4.0,0.0,0.0,6.0,,,,D_V1_weak_V2_weak,連買天數不長，但V2不只依賴連買
4569,六方科-KY,汽車工業,2026-08-10,excluded,0,5,325,84,241,64.27640156453715,89.17861799217731,49,0,-1,48,1,0,外資鎖碼,True,True,50.0,50.0,49.0,59.586,50000,50000,49000,59586,0.0,0.0,0.0,0.0,0,0,0,0,0.3875968992248062,0.2109704641350211,0.14759036144578314,0.0731116564417178,0.0,0.0,0.0,0.0,0.14995452376020965,0.0,3,5,0,0,1,0,accelerating,neutral,3.3333333333333437,2.710843373493965,7.232704402515733,4.601226993865026,-12.113402061855671,-0.995492197789638,7.609285838318169,3.6777897686581573,5.596719191654664,-19.72268790017384,86.83,22.56,82.4,51.76,82.4,51.76,False,-1288,0,0,split,Q1,confirmed_accumulation,3.5,12.5,2.5,6.0,25.0,8.24,57.74,,,,C_V1_weak_V2_strong,價格與RS同步確認（RS20 +5.60）；連買天數不長，但V2不只依賴連買
4576,大銀微系統,電機機械,2026-08-10,excluded,0,3,427,716,-289,45.436766623207305,7.496740547588006,-102,0,164,62,1,0,外資鎖碼,True,True,793.908,-534.537,-99.847,787.202,793908,-534537,-99847,787202,0.0,0.0,0.0,0.0,0,0,0,0,0.25211432200698636,-0.03724736952128772,-0.00528710616891713,0.030323651771956856,0.0,0.0,0.0,0.0,-0.0045616410668281055,0.0,3,7,0,0,1,0,neutral,neutral,3.8990825688073327,3.8990825688073327,14.974619289340097,8.11455847255369,-6.211180124223603,-0.995492197789638,7.609285838318169,11.419704655482523,9.110050670343327,-13.820465962541771,91.92,34.68,45.37,51.76,45.37,51.76,False,-12000,178771,0,split,Q3,absorption_divergence,0.0,0.0,3.5,2.0,0.0,0.0,5.5,,,,D_V1_weak_V2_weak,實際介入強度低（強度分 0.0/25）；全市場flow percentile偏低（外資P45、投信P52）
4583,台灣精銳,電機機械,2026-08-10,excluded,0,5,326,284,42,64.27640156453715,63.10299869621904,47,0,-6,41,1,0,外資鎖碼,True,True,57.002,0.002,46.804,953.802,57002,2,46804,953802,0.0,0.0,0.0,0.0,0,0,0,0,0.23361475409836066,3.9447731755424066e-06,0.05639036144578313,0.3010738636363636,0.0,0.0,0.0,0.0,0.05765306022067036,0.0,2,7,0,0,1,0,accelerating,neutral,-0.3976143141153132,-2.7184466019417486,2.6639344262294973,-17.462932454695224,-33.730158730158735,-0.995492197789638,7.609285838318169,-0.8909802076280782,-16.467440256905586,-41.33944456847691,9.78,2.74,62.45,51.76,62.45,51.76,False,-4000,-2912,0,split,Q2,unconfirmed_accumulation,3.5,12.5,3.5,6.0,5.0,6.25,36.75,,,,,連買天數不長，但V2不只依賴連買
4706,大恭,化學工業,2026-08-10,excluded,0,0,692,746,-54,19.621903520208605,3.455019556714472,-9,0,0,-9,0,0,主力佈局,True,True,-2.0,-4.0,-9.0,-10.0,-2000,-4000,-9000,-10000,0.0,0.0,0.0,0.0,0,0,0,0,-0.2857142857142857,-0.4,-0.45,-0.2631578947368421,0.0,0.0,0.0,0.0,-0.4505312868949233,0.0,0,0,0,0,0,0,stable,neutral,-0.940438871473348,-0.6289308176100628,-1.710730948678063,-1.2499999999999956,-0.6289308176100628,-0.995492197789638,7.609285838318169,-5.2656455825356385,-0.2545078022103575,-8.238216655928232,59.32,52.67,0.91,51.76,0.91,51.76,False,0,0,0,mixed,Q4,confirmed_distribution,0.0,0.0,0.0,4.5,0.0,0.0,4.5,,,,D_V1_weak_V2_weak,實際介入強度低（強度分 0.0/25）；全市場flow percentile偏低（外資P1、投信P52）；價格未確認（Q4、RS20 -0.25）
4714,永捷,化學工業,2026-08-10,excluded,0,5,327,340,-13,64.27640156453715,55.80182529335072,372,0,-93,279,1,0,外資鎖碼,True,True,168.696,-77.424,371.987,817.674,168696,-77424,371987,817674,0.0,0.0,0.0,0.0,0,0,0,0,0.04376031128404669,-0.014966943746375411,0.0586360340479193,0.06843032889781572,0.0,0.0,0.0,0.0,0.057703940152768876,0.0,3,7,0,0,1,0,neutral,neutral,1.4423076923076872,1.4423076923076872,3.431372549019618,-7.4561403508771935,-23.550724637681153,-0.995492197789638,7.609285838318169,-0.12354208483795759,-6.460648153087556,-31.16001047599932,31.68,8.47,63.1,51.76,63.1,51.76,False,-95000,-620,0,split,Q2,unconfirmed_accumulation,3.5,12.5,3.5,2.0,5.0,6.31,32.81,,,,,全市場flow percentile偏低（外資P63、投信P52）；價格未確認（Q2、RS20 -6.46）
4720,德淵,化學工業,2026-08-10,excluded,0,5,328,217,111,64.27640156453715,71.83833116036506,342,0,-5,337,1,0,外資鎖碼,True,True,142.0,38.0,342.0,942.9,142000,38000,342000,942900,0.0,0.0,0.0,0.0,0,0,0,0,0.3471882640586797,0.03401969561324977,0.14149772445179976,0.14382245271507016,0.0,0.0,0.0,0.0,0.1415461122117257,0.0,3,8,0,0,1,0,accelerating,neutral,2.8423772609818876,1.5306122448979442,4.73684210526315,-13.100436681222705,-27.767695099818525,-0.995492197789638,7.609285838318169,1.181927471405575,-12.104944483433068,-35.3769809381367,15.38,5.61,81.75,51.76,81.75,51.76,False,-6000,117,0,split,Q2,unconfirmed_accumulation,3.5,12.5,4.0,6.0,5.0,8.18,39.18,,,,,連買天數不長，但V2不只依賴連買
4722,國精化,化學工業,2026-08-10,excluded,0,0,693,494,199,19.621903520208605,36.17992177314211,-986,0,133,-853,0,0,主力佈局,True,True,-293.67,-279.548,-988.169,-492.7,-293670,-279548,-988169,-492700,0.0,0.0,0.0,2.0,0,0,0,2000,-0.16047540983606556,-0.06009200343938091,-0.11055817856343701,-0.03229760734185513,0.0,0.0,0.0,0.00013110455588331694,-0.1054937641857204,0.0,1,4,0,2,0,0,stable,neutral,-7.1120689655172376,-1.1467889908256867,14.933333333333332,-12.753036437246967,-16.47286821705426,-0.995492197789638,7.609285838318169,11.378418699475755,-11.75754423945733,-24.082154055372428,16.3,15.38,19.04,51.76,19.04,51.76,False,10850,122293,0,split,Q4,confirmed_distribution,1.0,0.0,3.0,4.5,0.0,0.0,8.5,,,,,連買天數不長，但V2不只依賴連買
4726,永昕,生技醫療,2026-08-10,excluded,0,0,694,689,5,19.621903520208605,11.147327249022164,-41,0,0,-41,1,0,外資鎖碼,True,True,6.0,-56.0,-41.0,84.0,6000,-56000,-41000,84000,0.0,0.0,0.0,0.0,0,0,0,0,0.043478260869565216,-0.17177914110429449,-0.06710310965630115,0.05817174515235457,0.0,0.0,0.0,0.0,-0.06576163727642304,0.0,2,4,0,0,1,0,reversing_positive,neutral,0.8213552361396204,-1.8000000000000016,1.446280991735538,-0.8080808080808022,-15.05190311418685,-0.995492197789638,7.609285838318169,-2.1086336421220375,0.18741138970883586,-22.661188952505018,63.1,17.47,28.94,51.76,28.94,51.76,False,0,618,0,split,Q3,absorption_divergence,0.0,0.0,2.0,4.0,0.0,0.0,6.0,,,,D_V1_weak_V2_weak,連買天數不長，但V2不只依賴連買
4736,泰博,生技醫療,2026-08-10,excluded,0,5,329,92,237,64.27640156453715,88.13559322033898,40,0,-25,15,2,0,外資鎖碼,True,True,16.0,27.786,40.66,178.567,16000,27786,40660,178567,0.0,0.0,0.0,0.0,0,0,0,0,0.11851851851851852,0.0755054347826087,0.06787979966611019,0.12513454800280308,0.0,0.0,0.0,0.0,0.06909008295334518,0.0,3,7,0,0,2,0,accelerating,neutral,0.0,0.7722007722007707,1.5564202334630295,3.1620553359683834,6.9672131147541005,-0.995492197789638,7.609285838318169,-1.998494400394546,4.157547533758022,-0.6420727235640689,81.75,72.1,66.1,51.76,66.1,51.76,False,-25166,0,0,split,Q1,confirmed_accumulation,3.5,12.5,3.5,6.0,25.0,6.61,57.11,,,,C_V1_weak_V2_strong,價格與RS同步確認（RS20 +4.16）；連買天數不長，但V2不只依賴連買
4737,華廣,生技醫療,2026-08-10,excluded,0,5,330,235,95,64.27640156453715,69.49152542372882,36,0,-6,30,2,0,外資鎖碼,True,True,27.0,21.0,36.067,103.467,27000,21000,36067,103467,0.0,0.0,0.0,0.0,0,0,0,0,0.5869565217391305,0.12574850299401197,0.12973741007194245,0.13385122897800777,0.0,0.0,0.0,0.0,0.13286149653774257,0.0,4,7,0,0,2,0,accelerating,neutral,1.2727272727272698,2.5782688766114337,1.4571948998178597,-12.421383647798745,0.7233273056058032,-0.995492197789638,7.609285838318169,-2.097719734039716,-11.425891450009107,-6.885958532712366,16.82,56.98,80.05,51.76,80.05,51.76,False,-6000,0,0,split,Q2,unconfirmed_accumulation,3.5,12.5,3.5,6.0,5.0,8.0,38.5,,,,,連買天數不長，但V2不只依賴連買
4739,康普,化學工業,2026-08-10,excluded,0,5,331,381,-50,64.27640156453715,50.456323337679265,189,0,124,313,2,0,外資鎖碼,True,True,523.03,437.674,189.055,736.13,523030,437674,189055,736130,0.0,0.0,0.0,0.0,0,0,0,0,0.20414910226385635,0.058154929577464785,0.018947183804369612,0.03952375838926175,0.0,0.0,0.0,0.0,0.019823013410570217,0.0,2,5,0,0,2,0,accelerating,neutral,3.325415676959609,1.2805587892898762,9.84848484848484,-8.324552160168608,-14.28571428571429,-0.995492197789638,7.609285838318169,6.293570214627265,-7.32905996237897,-21.89500012403246,27.77,18.64,52.41,51.76,52.41,51.76,False,8999,117766,0,split,Q2,unconfirmed_accumulation,4.5,4.74,2.5,6.0,5.0,5.24,27.98,,,,,實際介入強度低（強度分 4.7/25）；全市場flow percentile偏低（外資P52、投信P52）；價格未確認（Q2、RS20 -7.33）
4745,合富-KY,生技醫療,2026-08-10,excluded,0,5,332,249,83,64.27640156453715,67.66623207301173,18,0,0,18,1,0,外資鎖碼,True,True,4.0,5.0,18.0,488.0,4000,5000,18000,488000,0.0,0.0,0.0,0.0,0,0,0,0,0.18181818181818182,0.0625,0.07929515418502203,0.3051907442151345,0.0,0.0,0.0,0.0,0.07920900650632356,0.0,3,8,0,0,1,0,accelerating,neutral,0.0,1.6666666666666607,6.0869565217391175,-11.594202898550732,-38.22784810126583,-0.995492197789638,7.609285838318169,2.532041887881542,-10.598710700761094,-45.837133939584,19.69,1.04,68.58,51.76,68.58,51.76,False,0,-475,0,split,Q2,unconfirmed_accumulation,3.5,12.5,4.0,6.0,5.0,6.86,37.86,,,,,連買天數不長，但V2不只依賴連買
4747,強生,生技醫療,2026-08-10,excluded,0,7,105,48,57,88.33116036505866,93.8722294654498,99,0,0,99,7,0,外資鎖碼,True,True,33.0,40.0,99.0,105.0,33000,40000,99000,105000,0.0,0.0,0.0,0.0,0,0,0,0,0.13043478260869565,0.12084592145015106,0.23185011709601874,0.12589928057553956,0.0,0.0,0.0,0.0,0.2286417594962675,0.0,5,9,0,0,7,0,accelerating,neutral,8.63453815261046,6.496062992125995,7.128712871287135,8.308308308308309,-5.087719298245608,-0.995492197789638,7.609285838318169,3.5737982374295596,9.303800506097947,-12.697005136563778,92.44,37.68,91.0,51.76,91.0,51.76,False,0,-472,0,split,Q1,confirmed_accumulation,3.5,12.5,4.5,6.0,25.0,9.1,60.6,,,,,價格與RS同步確認（RS20 +9.30）；連買天數不長，但V2不只依賴連買
4749,新應材,半導體業,2026-08-10,excluded,0,3,428,228,200,45.436766623207305,70.46936114732725,-546,309,33,-204,0,0,主力佈局,True,True,-377.74,-482.436,-547.24,-129.967,-377740,-482436,-547240,-129967,-5.266,239.234,310.028,378.018,-5266,239234,310028,378018,-0.2842287434161023,-0.16156597454789015,-0.11574450084602368,-0.011328074609953805,-0.0039623777276147475,0.08011855324849297,0.06557275803722504,0.03294848775385688,-0.11465191057062507,0.066620293091387,2,5,4,8,0,0,stable,decelerating,-2.8430160692212603,-1.0075566750629705,2.7450980392156765,-7.638072855464162,-29.821428571428577,-0.995492197789638,7.609285838318169,-0.8098165946418989,-6.642580657674523,-37.43071440974675,31.03,4.95,18.25,98.83,18.25,98.83,False,15344,19204,0,split,Q4,confirmed_distribution,4.5,12.5,6.5,5.25,0.0,9.88,38.63,,,,,差異主要來自V1離散加分與V2連續型強度／排名分數
4760,勤凱,其他電子,2026-08-10,excluded,0,3,429,449,-20,45.436766623207305,41.59061277705345,-316,20,-2,-298,1,0,外資鎖碼,True,True,57.914,-93.689,-316.644,-101.223,57914,-93689,-316644,-101223,0.0,0.0,20.0,20.0,0,0,20000,20000,0.24539830508474575,-0.09131481481481482,-0.15035327635327636,-0.021101313320825515,0.0,0.0,0.00949667616334283,0.004169272461955389,-0.150044841084337,0.009603157330751672,1,3,1,1,1,0,neutral,neutral,3.594080338266381,-0.40650406504064707,11.363636363636353,-18.46921797004991,-23.794712286158635,-0.995492197789638,7.609285838318169,7.808721729778777,-17.473725772260273,-31.403998124476804,8.74,8.34,12.78,94.0,12.78,94.0,False,-20000,16923,0,split,Q4,confirmed_distribution,3.5,2.37,2.0,2.0,0.0,9.4,19.27,,,,,實際介入強度低（強度分 2.4/25）；價格未確認（Q4、RS20 -17.47）
4764,雙鍵,化學工業,2026-08-10,excluded,0,2,462,376,86,41.19947848761408,51.10821382007823,307,-1538,0,-1231,1,0,外資鎖碼,True,True,500.489,624.989,305.803,29.831,500489,624989,305803,29831,-587.0,-1615.0,-1538.0,-419.0,-587000,-1615000,-1538000,-419000,0.20148510466988728,0.09061751486153401,0.029787940775375023,0.0011930491121420572,-0.2363123993558776,-0.23415977961432508,-0.1498149230469511,-0.01675731882898736,0.027305569984719173,-0.1463669462419481,2,4,1,4,1,0,accelerating,stable,-1.9027484143763207,-11.111111111111116,-11.787072243346008,-23.30578512396694,-25.161290322580644,-0.995492197789638,7.609285838318169,-15.341986877203585,-22.3102929261773,-32.77057616089881,5.22,7.3,55.8,0.39,55.8,0.39,False,-3971,2977,0,split,Q4,confirmed_distribution,3.5,7.45,4.0,8.5,0.0,5.58,29.03,,,,,動能較佳（外資 accelerating／投信 stable）；連買天數不長，但V2不只依賴連買
4767,誠泰科技,化學工業,2026-08-10,excluded,0,5,333,434,-101,64.27640156453715,43.54628422425033,1,0,0,1,0,0,主力佈局,True,True,0.0,0.0,1.0,5.0,0,0,1000,5000,0.0,0.0,0.0,0.0,0,0,0,0,0.0,0.0,0.017543859649122806,0.046296296296296294,0.0,0.0,0.0,0.0,0.018051139374668786,0.0,1,3,0,0,0,0,neutral,neutral,-0.18867924528301883,-0.9363295880149836,1.5355086372360827,-4.166666666666674,-0.7504690431519689,-0.995492197789638,7.609285838318169,-2.019405996621493,-3.171174468877036,-8.359754881470138,43.02,51.63,52.15,51.76,52.15,51.76,False,0,0,0,mixed,Q2,unconfirmed_accumulation,3.5,4.39,1.5,2.0,5.0,5.21,21.6,,,,,實際介入強度低（強度分 4.4/25）；全市場flow percentile偏低（外資P52、投信P52）；價格未確認（Q2、RS20 -3.17）
4768,晶呈科技,化學工業,2026-08-10,excluded,0,5,334,185,149,64.27640156453715,76.01043024771839,310,0,8,318,1,0,外資鎖碼,True,True,96.246,160.316,310.474,656.754,96246,160316,310474,656754,0.0,0.0,0.0,0.0,0,0,0,0,0.1365191489361702,0.12643217665615142,0.15776117886178861,0.147287284144427,0.0,0.0,0.0,0.0,0.15711955103477157,0.0,4,9,0,0,1,0,accelerating,neutral,9.589041095890405,7.744107744107742,15.315315315315313,-8.309455587392545,-30.73593073593074,-0.995492197789638,7.609285838318169,11.760400681457739,-7.3139633896029075,-38.34521657424891,27.9,4.3,83.18,51.76,83.18,51.76,False,400,7397,0,split,Q2,unconfirmed_accumulation,4.5,12.5,4.5,6.0,5.0,8.32,40.82,,,,C_V1_weak_V2_strong,連買天數不長，但V2不只依賴連買
4772,台特化,化學工業,2026-08-10,excluded,0,5,335,207,128,64.27640156453715,73.14211212516297,227,-1,51,277,1,0,外資鎖碼,True,True,154.95,155.064,228.67,841.516,154950,155064,228670,841516,0.0,-1.6,-1.8,0.556,0,-1600,-1800,556,0.22391618497109828,0.0967940074906367,0.08219626168224299,0.12400766283524904,0.0,-0.0009987515605493133,-0.0006470165348670022,8.193339227821987e-05,0.08791011671869477,-0.0006474052858948932,3,8,0,3,1,0,accelerating,neutral,9.871244635193133,8.016877637130793,12.035010940919033,-5.360443622920519,-16.065573770491802,-0.995492197789638,7.609285838318169,8.480096307061459,-4.364951425130881,-23.67485960880997,38.2,16.04,70.01,12.65,70.01,12.65,False,0,51640,0,split,Q2,unconfirmed_accumulation,3.5,12.5,5.5,6.0,5.0,7.0,39.5,,,,,差異主要來自V1離散加分與V2連續型強度／排名分數
4903,聯光通,通信網路,2026-08-10,excluded,0,5,336,87,249,64.27640156453715,88.78748370273793,914,0,27,941,1,0,外資鎖碼,True,True,573.0,281.747,913.486,1741.442,573000,281747,913486,1741442,0.0,0.0,0.0,0.0,0,0,0,0,0.22470588235294117,0.0518584575740843,0.07049590986263313,0.06874474972366967,0.0,0.0,0.0,0.0,0.07335432385835966,0.0,3,8,0,0,1,0,accelerating,neutral,9.138381201044377,2.829028290282909,9.855453350854138,7.179487179487176,-16.232464929859724,-0.995492197789638,7.609285838318169,6.300538716996562,8.174979377276815,-23.841750768177892,91.26,15.78,66.88,51.76,66.88,51.76,False,0,27841,0,split,Q1,confirmed_accumulation,3.5,12.5,4.0,6.0,25.0,6.69,57.69,,,,C_V1_weak_V2_strong,價格與RS同步確認（RS20 +8.17）；連買天數不長，但V2不只依賴連買
4904,遠傳,通信網路,2026-08-10,excluded,0,15,10,27,-17,99.21773142112124,96.61016949152543,2762,955,-240,3477,2,4,強勢雙雄,True,True,481.397,1333.606,2763.06,30662.815,481397,1333606,2763060,30662815,64.951,1746.951,956.906,43.541,64951,1746951,956906,43541,0.1325797301019003,0.09030988013814586,0.07982492633038654,0.28160475175872013,0.01788790966675847,0.1183010090065687,0.027645056913387648,0.00039987693551053397,0.07997241014866818,0.028200222756908346,3,8,4,6,2,4,accelerating,decelerating,-1.4563106796116498,0.4950495049504955,-1.9323671497584516,5.619146722164414,3.4658511722732044,-0.995492197789638,7.609285838318169,-5.487281783616027,6.614638919954052,-4.143434666044965,88.53,65.45,68.97,97.26,68.97,97.26,True,265518,-506828,0,split,Q2,unconfirmed_accumulation,10.0,19.41,7.0,6.75,5.0,16.62,64.78,,,,B_V1_strong_V2_weak,V1連買訊號高（外資2日／投信4日）；價格未確認（Q2、RS20 +6.61）；近期flow正在減速
4905,台聯電,生技醫療,2026-08-10,excluded,0,0,695,690,5,19.621903520208605,11.147327249022164,-4,0,0,-4,0,0,主力佈局,True,True,-1.0,-5.0,-4.0,2.0,-1000,-5000,-4000,2000,0.0,0.0,0.0,0.0,0,0,0,0,-0.07692307692307693,-0.09090909090909091,-0.057971014492753624,0.015384615384615385,0.0,0.0,0.0,0.0,-0.058523122392211406,0.0,1,3,0,0,0,0,stable,neutral,2.402402402402415,2.865761689291113,5.4095826893354015,1.4880952380952328,-15.489467162329618,-0.995492197789638,7.609285838318169,1.854668055477826,2.483587435884871,-23.098753000647786,76.4,16.95,30.57,51.76,30.57,51.76,False,0,0,0,mixed,Q3,absorption_divergence,0.0,0.0,1.5,4.5,0.0,0.0,6.0,,,,D_V1_weak_V2_weak,連買天數不長，但V2不只依賴連買
4907,富宇,建材營建,2026-08-10,excluded,0,5,337,140,197,64.27640156453715,81.87744458930901,84,0,0,84,0,0,主力佈局,True,True,-109.0,4.0,84.0,318.0,-109000,4000,84000,318000,0.0,0.0,0.0,0.0,0,0,0,0,-0.24384787472035793,0.0030627871362940277,0.05185185185185185,0.1140193617784152,0.0,0.0,0.0,0.0,0.05398913496244056,0.0,3,8,0,0,0,0,reversing_negative,neutral,-5.042016806722682,-0.4405286343612258,2.031602708803626,10.648714810281511,15.749039692701672,-0.995492197789638,7.609285838318169,-1.5233119250539495,11.644207008071149,8.139753854383503,95.18,85.01,61.02,51.76,61.02,51.76,False,0,300,0,split,Q1,confirmed_accumulation,3.5,12.5,4.0,1.0,25.0,6.1,52.1,,,,C_V1_weak_V2_strong,價格與RS同步確認（RS20 +11.64）；連買天數不長，但V2不只依賴連買
4908,前鼎,通信網路,2026-08-10,excluded,0,3,430,515,-85,45.436766623207305,33.96349413298566,-22,0,107,85,2,0,外資鎖碼,True,True,126.0,275.831,-22.898,881.532,126000,275831,-22898,881532,0.0,0.0,0.0,0.0,0,0,0,0,0.06357214934409687,0.025699338488772944,-0.0016261629145657268,0.04249166104309265,0.0,0.0,0.0,0.0,-0.0048731718182457185,0.0,3,8,0,0,2,0,reversing_positive,neutral,8.013937282229966,-6.344410876132933,9.92907801418439,-2.515723270440251,-35.416666666666664,-0.995492197789638,7.609285838318169,6.374163380326814,-1.520231072650613,-43.025952504984836,51.24,2.09,45.89,51.76,45.89,51.76,False,-6000,112580,0,split,Q4,confirmed_distribution,0.0,0.0,4.0,4.0,0.0,0.0,8.0,,,,,實際介入強度低（強度分 0.0/25）；全市場flow percentile偏低（外資P46、投信P52）；價格未確認（Q4、RS20 -1.52）
4909,新復興,通信網路,2026-08-10,excluded,0,5,338,289,49,64.27640156453715,62.385919165580184,241,0,5,246,0,0,主力佈局,True,True,-8.0,98.0,241.0,1089.443,-8000,98000,241000,1089443,0.0,0.0,0.0,0.0,0,0,0,0,-0.0365296803652968,0.13687150837988826,0.18901960784313726,0.2712756474103586,0.0,0.0,0.0,0.0,0.18889459309608395,0.0,4,8,0,0,0,0,decelerating,neutral,1.1780104712041828,0.9138381201044377,6.473829201101933,-8.844339622641506,-25.241779497098648,-0.995492197789638,7.609285838318169,2.9189145672443573,-7.8488474248518685,-32.85106533541682,26.34,7.17,86.44,51.76,86.44,51.76,False,0,7228,0,split,Q2,unconfirmed_accumulation,3.5,12.5,4.0,2.75,5.0,8.64,36.39,,,,,連買天數不長，但V2不只依賴連買
4915,致伸,電子零組件,2026-08-10,excluded,0,3,431,437,-6,45.436766623207305,43.15514993481095,-3708,2,-43,-3749,0,0,主力佈局,True,True,-261.0,-2882.433,-3710.258,-4663.335,-261000,-2882433,-3710258,-4663335,0.0,8.0,2.0,1972.0,0,8000,2000,1972000,-0.11826008155867694,-0.15471166335677097,-0.15277353207609323,-0.10734623175728558,0.0,0.0004293918737587891,8.23519723297373e-05,0.04539385847797063,-0.15079936290658646,6.337768271722147e-05,1,3,1,4,0,0,stable,decelerating,2.0168067226890907,-4.709576138147565,-6.037151702786369,-10.603829160530198,-13.655761024182066,-0.995492197789638,7.609285838318169,-9.592066336643946,-9.60833696274056,-21.265046862500235,21.51,20.08,12.39,89.44,12.39,89.44,False,-46451,4332,0,split,Q4,confirmed_distribution,3.5,0.02,3.5,5.25,0.0,8.94,21.21,,,,,實際介入強度低（強度分 0.0/25）；價格未確認（Q4、RS20 -9.61）；近期flow正在減速
4919,新唐,半導體業,2026-08-10,excluded,0,7,106,261,-155,88.33116036505866,66.10169491525424,2387,-506,-96,1785,3,0,外資鎖碼,True,True,1040.137,2870.416,2387.145,7473.541,1040137,2870416,2387145,7473541,0.0,-195.0,-506.0,-443.089,0,-195000,-506000,-443089,0.21999513536379017,0.13732076735396834,0.06300364221805801,0.09756708312118957,0.0,-0.00932880447782615,-0.013354799546042387,-0.005784527213148997,0.06197977391372447,-0.013435145889257132,3,6,0,2,3,0,accelerating,neutral,6.25,-1.9230769230769273,2.4096385542168752,-22.018348623853214,-20.3125,-0.995492197789638,7.609285838318169,-1.1452760796407002,-21.022856426063576,-27.92178583831817,6.0,11.08,64.67,6.13,64.67,6.13,False,-167099,71176,0,split,Q2,unconfirmed_accumulation,3.5,12.5,4.0,6.0,5.0,6.47,37.47,,,,,V1連買訊號高（外資3日／投信0日）；全市場flow percentile偏低（外資P65、投信P6）；價格未確認（Q2、RS20 -21.02）
4923,力士,半導體業,2026-08-10,excluded,0,0,696,600,96,19.621903520208605,23.598435462842243,-88,0,2,-86,2,0,外資鎖碼,True,True,36.0,-122.0,-88.015,-53.09,36000,-122000,-88015,-53090,0.0,0.0,0.0,0.0,0,0,0,0,0.1518987341772152,-0.13260869565217392,-0.060491408934707905,-0.017773685972547706,0.0,0.0,0.0,0.0,-0.053271216824601536,0.0,3,6,0,0,2,0,reversing_positive,neutral,9.922822491730976,7.667386609071292,18.408551068883618,-18.009868421052623,29.145077720207247,-0.995492197789638,7.609285838318169,14.853636435026043,-17.014376223262985,21.53579188188908,9.0,92.96,30.12,51.76,30.12,51.76,False,0,2168,0,split,Q4,confirmed_distribution,0.0,0.0,3.0,4.0,0.0,0.0,7.0,,,,D_V1_weak_V2_weak,連買天數不長，但V2不只依賴連買
4924,欣厚-KY,綠能環保,2026-08-10,excluded,0,0,697,691,6,19.621903520208605,11.147327249022164,-22,0,-1,-23,1,0,外資鎖碼,True,True,4.0,-7.0,-22.0,-13.0,4000,-7000,-22000,-13000,0.0,0.0,0.0,0.0,0,0,0,0,0.16666666666666666,-0.0673076923076923,-0.08118081180811808,-0.026422764227642278,0.0,0.0,0.0,0.0,-0.08091119011838874,0.0,1,4,0,0,1,0,reversing_positive,neutral,-0.990099009900991,-0.990099009900991,0.0,-12.28070175438597,-4.306220095693769,-0.995492197789638,7.609285838318169,-3.5549146338575754,-11.285209556596332,-11.91550593401194,17.6,39.9,24.38,51.76,24.38,51.76,False,-2000,360,0,split,Q4,confirmed_distribution,0.0,0.0,2.0,4.0,0.0,0.0,6.0,,,,D_V1_weak_V2_weak,連買天數不長，但V2不只依賴連買
4927,泰鼎-KY,電子零組件,2026-08-10,excluded,0,0,698,729,-31,19.621903520208605,5.215123859191656,-1560,0,-12,-1572,1,0,外資鎖碼,True,True,548.0,-2723.6,-1561.5,1386.783,548000,-2723600,-1561500,1386783,0.0,0.0,0.0,0.0,0,0,0,0,0.15121412803532008,-0.17155454774502393,-0.07042984078300482,0.030737482545382007,0.0,0.0,0.0,0.0,-0.07596189403962625,0.0,3,6,0,0,1,0,neutral,neutral,2.4242424242424176,5.956112852664575,11.735537190082646,-16.85116851168512,-32.936507936507944,-0.995492197789638,7.609285838318169,8.180622556225071,-15.855676313895483,-40.545793774826116,10.04,3.26,27.77,51.76,27.77,51.76,False,-12341,0,0,split,Q4,confirmed_distribution,0.0,0.0,3.0,2.0,0.0,0.0,5.0,,,,D_V1_weak_V2_weak,實際介入強度低（強度分 0.0/25）；全市場flow percentile偏低（外資P28、投信P52）；價格未確認（Q4、RS20 -15.86）
4930,燦星網,電器電纜,2026-08-10,excluded,0,2,463,291,172,41.19947848761408,62.190352020860495,7,0,-8,-1,1,0,外資鎖碼,True,True,7.0,9.0,7.0,124.4,7000,9000,7000,124400,0.0,0.0,0.0,0.0,0,0,0,0,0.1794871794871795,0.11842105263157894,0.06086956521739131,0.0986518636003172,0.0,0.0,0.0,0.0,0.06160908431988403,0.0,3,6,0,0,1,0,accelerating,neutral,1.5576323987538832,0.3076923076923199,1.2422360248447228,-3.264094955489616,-4.956268221574334,-0.995492197789638,7.609285838318169,-2.3126786090128526,-2.268602757699978,-12.565554059892502,46.28,37.81,63.75,51.76,63.75,51.76,False,-8000,0,0,split,Q2,unconfirmed_accumulation,3.5,12.5,3.0,6.0,5.0,6.38,36.38,,,,,連買天數不長，但V2不只依賴連買
4931,新盛力,電腦週邊,2026-08-10,excluded,0,5,339,160,179,64.27640156453715,79.26988265971316,484,0,266,750,2,0,外資鎖碼,True,True,319.0,1505.47,483.045,2493.021,319000,1505470,483045,2493021,0.0,0.0,0.0,0.0,0,0,0,0,0.11566352429296592,0.06081724165791387,0.014286622696755494,0.04837248244014126,0.0,0.0,0.0,0.0,0.018176170636042443,0.0,2,5,0,0,2,0,accelerating,neutral,9.930715935334877,19.59798994974875,24.607329842931946,0.42194092827003704,19.899244332493705,-0.995492197789638,7.609285838318169,21.052415209074372,1.417433126059675,12.289958494175536,70.14,87.74,51.63,51.76,51.63,51.76,False,2000,265242,0,split,Q1,confirmed_accumulation,4.5,3.57,2.5,6.0,25.0,5.16,46.73,,,,C_V1_weak_V2_strong,價格與RS同步確認（RS20 +1.42）；連買天數不長，但V2不只依賴連買
4935,茂林-KY,光電業,2026-08-10,excluded,0,5,340,281,59,64.27640156453715,63.49413298565841,39,0,-24,15,1,0,外資鎖碼,True,True,18.0,25.0,39.0,98.0,18000,25000,39000,98000,0.0,0.0,0.0,0.0,0,0,0,0,0.4,0.12755102040816327,0.08108108108108109,0.09107806691449814,0.0,0.0,0.0,0.0,0.08105308666438492,0.0,3,6,0,0,1,0,accelerating,neutral,0.287356321839094,1.1594202898550732,-0.5698005698005826,-3.8567493112947604,-3.1900138696255187,-0.995492197789638,7.609285838318169,-4.124715203658158,-2.8612571135051224,-10.799299707943689,44.07,43.16,69.3,51.76,69.3,51.76,False,-24000,0,0,split,Q2,unconfirmed_accumulation,3.5,12.5,3.0,6.0,5.0,6.93,36.93,,,,,連買天數不長，但V2不只依賴連買
4938,和碩,電腦週邊,2026-08-10,buy_candidates,61,15,11,4,7,99.21773142112124,99.60886571056062,12801,1150,-556,13395,2,10,強勢雙雄,True,True,1847.799,1708.595,12802.16,14546.326,1847799,1708595,12802160,14546326,96.0,1045.308,1150.912,2013.578,96000,1045308,1150912,2013578,0.2824516967288291,0.08834057184220051,0.2611779586674011,0.1376828047060605,0.01467441149495567,0.054046223049480376,0.02347985392822898,0.01905876896574571,0.2622107179510635,0.023207812967905556,4,6,5,10,2,10,accelerating,decelerating,2.7554535017221715,0.0,3.34872979214782,8.353510895883787,16.233766233766247,-0.995492197789638,7.609285838318169,-0.2061848417097556,9.349003093673424,8.624480395448078,92.7,85.53,92.96,96.74,92.96,96.74,True,-163455,-394477,0,split,Q1,confirmed_accumulation,9.0,18.37,8.0,6.75,25.0,18.97,86.09,6.0,2.0,4.0,A_V1_strong_V2_strong,5日資金強度分 18.4/25；橫向強度高（外資P93、投信P97）；價格與RS同步確認（RS20 +9.35）
4939,亞電,電子零組件,2026-08-10,other_watch,48,0,699,601,98,19.621903520208605,23.598435462842243,-1305,0,159,-1146,0,0,主力佈局,True,True,-591.283,-1643.06,-1307.23,-1258.161,-591283,-1643060,-1307230,-1258161,0.0,0.0,0.0,0.0,0,0,0,0,-0.05646323529411765,-0.0328612,-0.016773767210296022,-0.010476904629066775,0.0,0.0,0.0,0.0,-0.017005279501960617,0.0,1,5,0,0,0,0,stable,neutral,0.8223684210526327,3.1986531986532007,9.856630824372758,7.167832167832167,62.169312169312164,-0.995492197789638,7.609285838318169,6.301716190515182,8.163324365621804,54.56002633099399,91.0,98.7,41.07,51.76,41.07,51.76,False,-3760,163599,0,split,Q3,absorption_divergence,0.0,0.0,2.5,4.5,0.0,0.0,7.0,,,,D_V1_weak_V2_weak,連買天數不長，但V2不只依賴連買
4946,辣椒,文化創意,2026-08-10,excluded,0,0,700,551,149,19.621903520208605,29.85658409387223,-27,0,0,-27,0,0,主力佈局,True,True,-3.0,-29.0,-27.0,13.0,-3000,-29000,-27000,13000,0.0,0.0,0.0,0.0,0,0,0,0,-0.14285714285714285,-0.1870967741935484,-0.1377551020408163,0.03672316384180791,0.0,0.0,0.0,0.0,-0.14596700274977084,0.0,2,6,0,0,0,0,stable,neutral,0.5973715651135025,17.10709318497914,20.11412268188304,-15.120967741935488,-19.038461538461537,-0.995492197789638,7.609285838318169,16.559208048025464,-14.12547554414585,-26.647747376779705,12.13,12.13,14.08,51.76,14.08,51.76,False,0,-19,0,split,Q4,confirmed_distribution,0.0,0.0,3.0,4.5,0.0,0.0,7.5,,,,,連買天數不長，但V2不只依賴連買
4949,有成精密,光電業,2026-08-10,excluded,0,0,701,516,185,19.621903520208605,33.96349413298566,-35,0,2,-33,1,0,外資鎖碼,True,True,79.0,6.85,-35.92,544.501,79000,6850,-35920,544501,0.0,0.0,0.0,0.0,0,0,0,0,0.12559618441971382,0.005935875216637782,-0.017302504816955683,0.09916244764159533,0.0,0.0,0.0,0.0,-0.014762805497104549,0.0,2,6,0,0,1,0,reversing_positive,neutral,8.532934131736525,9.351432880844657,18.65793780687397,-10.161090458488232,-13.997627520759192,-0.995492197789638,7.609285838318169,15.103023173016396,-9.165598260698594,-21.60691335907736,22.82,19.17,40.81,51.76,40.81,51.76,False,1705,0,0,split,Q4,confirmed_distribution,1.0,0.0,3.0,4.0,0.0,0.0,8.0,,,,,連買天數不長，但V2不只依賴連買
4953,緯致,資訊服務,2026-08-10,excluded,0,5,341,157,184,64.27640156453715,79.66101694915254,53,-33,48,68,1,0,外資鎖碼,True,True,34.213,-255.446,53.527,170.352,34213,-255446,53527,170352,0.0,0.87,-32.723,-34.315,0,870,-32723,-34315,0.12396014492753624,-0.24776527643064986,0.02144511217948718,0.04245003737851981,0.0,0.0008438409311348206,-0.013110176282051283,-0.008550959382008472,0.02404918278532246,-0.013297496748161716,3,7,1,1,1,0,reversing_negative,reversing_positive,1.195219123505975,-2.3076923076923106,2.008032128514059,2.008032128514059,8.085106382978724,-0.995492197789638,7.609285838318169,-1.5468825053435165,3.003524326303697,0.47582054466055457,78.75,74.58,53.46,6.39,53.46,6.39,False,16000,33774,0,split,Q1,confirmed_accumulation,4.5,5.36,4.0,3.0,25.0,5.35,47.21,,,,C_V1_weak_V2_strong,價格與RS同步確認（RS20 +3.00）；連買天數不長，但V2不只依賴連買
4956,光鋐,光電業,2026-08-10,excluded,0,0,702,602,100,19.621903520208605,23.598435462842243,-830,0,-5,-835,1,0,外資鎖碼,True,True,329.0,-467.207,-831.499,776.493,329000,-467207,-831499,776493,0.0,0.0,0.0,0.0,0,0,0,0,0.18379888268156425,-0.0673888648492716,-0.07340210098870056,0.041226068489514205,0.0,0.0,0.0,0.0,-0.07341781619251175,0.0,1,6,0,0,1,0,reversing_positive,neutral,0.9646302250803762,-0.6329113924050778,13.153153153153152,-10.157367668097294,-26.806526806526808,-0.995492197789638,7.609285838318169,9.598238519295577,-9.161875470307656,-34.415812644844976,22.95,6.26,27.12,51.76,27.12,51.76,False,-4000,-355,0,split,Q4,confirmed_distribution,0.0,0.0,3.0,4.0,0.0,0.0,7.0,,,,D_V1_weak_V2_weak,連買天數不長，但V2不只依賴連買
4958,臻鼎-KY,電子零組件,2026-08-10,excluded,0,3,432,424,8,45.436766623207305,44.85006518904824,-15217,1021,249,-13947,0,0,主力佈局,True,True,-5965.976,-13845.358,-15219.228,-18466.447,-5965976,-13845358,-15219228,-18466447,-2070.872,763.128,1020.443,1800.087,-2070872,763128,1020443,1800087,-0.17446924989033485,-0.1172768916709725,-0.08543312638232421,-0.04840928263405555,-0.06056066676414681,0.006464063969099672,0.005728256110294035,0.004718878534072588,-0.08669089417754008,0.006133225742460897,1,3,4,6,0,0,stable,reversing_negative,-0.5285412262156397,-3.5860655737704916,11.625148279952558,-27.167182662538703,7.789232531500567,-0.995492197789638,7.609285838318169,8.070233646094984,-26.171690464749066,0.17994669318239787,2.22,73.92,23.6,93.35,23.6,93.35,False,81784,167181,0,split,Q4,confirmed_distribution,4.5,1.43,4.5,3.5,0.0,9.34,23.27,,,,,連買天數不長，但V2不只依賴連買
4960,誠美材,光電業,2026-08-10,excluded,0,5,342,360,-18,64.27640156453715,53.19426336375489,271,0,-18,253,1,0,外資鎖碼,True,True,387.0,492.017,270.198,2823.147,387000,492017,270198,2823147,0.0,0.0,0.0,0.0,0,0,0,0,0.21101417666303163,0.10617544238239102,0.028367244094488188,0.11949322779988149,0.0,0.0,0.0,0.0,0.027629182624279533,0.0,3,8,0,0,1,0,accelerating,neutral,2.2004889975550057,-0.4761904761904856,8.854166666666675,-10.492505353319071,-37.89004457652303,-0.995492197789638,7.609285838318169,5.2992520328090995,-9.497013155529434,-45.499330414841204,21.77,1.17,55.54,51.76,55.54,51.76,False,-19625,3,0,split,Q2,unconfirmed_accumulation,3.5,7.09,4.0,6.0,5.0,5.55,31.14,,,,,全市場flow percentile偏低（外資P56、投信P52）；價格未確認（Q2、RS20 -9.50）
4967,十銓,半導體業,2026-08-10,excluded,0,5,343,58,285,64.27640156453715,92.5684485006519,4605,-19,210,4796,0,0,主力佈局,True,True,-453.868,2846.189,4605.985,5361.739,-453868,2846189,4605985,5361739,-20.0,-20.0,-19.29,-47.29,-20000,-20000,-19290,-47290,-0.08600871707409513,0.11746549731737516,0.10873173437831968,0.08244770266945503,-0.0037900322152738296,-0.0008254230293025176,-0.0004553716862208163,-0.0007271804650018452,0.10943401094600408,-0.00047161426768669115,4,7,1,3,0,0,decelerating,stable,0.17857142857142794,5.649717514124286,16.874999999999996,22.222222222222232,-1.5789473684210575,-0.995492197789638,7.609285838318169,13.320085366142422,23.21771442001187,-9.188233206739227,98.7,48.44,75.75,13.17,75.75,13.17,False,23000,189170,0,split,Q1,confirmed_accumulation,4.5,12.5,5.0,5.25,25.0,7.57,59.82,,,,C_V1_weak_V2_strong,價格與RS同步確認（RS20 +23.22）
4968,立積,半導體業,2026-08-10,excluded,0,5,344,321,23,64.27640156453715,58.279009126466754,326,-20,-23,283,1,0,外資鎖碼,True,True,109.734,-22.152,326.758,801.924,109734,-22152,326758,801924,0.0,-20.0,-20.0,3.0,0,-20000,-20000,3000,0.28064961636828645,-0.014877098723975822,0.10745083853995396,0.10429496683573937,0.0,-0.013431833445265278,-0.006576783952647156,0.0003901677721420211,0.10887672191421932,-0.006408375046110682,3,6,0,2,1,0,neutral,neutral,0.8403361344537785,-2.8340080971659853,0.10427528675702735,-11.520737327188934,-16.883116883116877,-0.995492197789638,7.609285838318169,-3.450639347100548,-10.525245129399297,-24.492402721435045,19.95,14.86,75.36,7.56,75.36,7.56,False,-4397,-19006,0,split,Q2,unconfirmed_accumulation,3.5,12.5,4.0,2.0,5.0,7.54,34.54,,,,,連買天數不長，但V2不只依賴連買
4971,IET-KY,半導體業,2026-08-10,excluded,0,0,703,517,186,19.621903520208605,33.96349413298566,-988,0,4,-984,0,0,主力佈局,True,True,-241.388,-1037.576,-989.586,-379.473,-241388,-1037576,-989586,-379473,0.0,0.0,0.0,0.0,0,0,0,0,-0.08894178334561532,-0.10276082004555809,-0.09303243395694274,-0.024955478100749703,0.0,0.0,0.0,0.0,-0.09385147726728679,0.0,1,5,0,0,0,0,stable,neutral,9.01194353963084,8.658008658008654,31.413612565445035,17.28971962616823,-35.887611749680715,-0.995492197789638,7.609285838318169,27.85869793158746,18.28521182395787,-43.49689758799889,97.78,1.83,21.64,51.76,21.64,51.76,False,7949,-3277,0,split,Q3,absorption_divergence,1.0,0.0,2.5,4.5,0.0,0.0,8.0,,,,,連買天數不長，但V2不只依賴連買
4972,湯石照明,光電業,2026-08-10,excluded,0,0,704,717,-13,19.621903520208605,7.496740547588006,-11,0,0,-11,0,0,主力佈局,True,True,-2.0,-9.0,-11.0,7.0,-2000,-9000,-11000,7000,0.0,0.0,0.0,0.0,0,0,0,0,-0.11764705882352941,-0.21951219512195122,-0.16666666666666666,0.030973451327433628,0.0,0.0,0.0,0.0,-0.166651376146789,0.0,0,2,0,0,0,0,stable,neutral,0.60606060606061,0.911854103343468,0.60606060606061,-1.7751479289940697,0.911854103343468,-0.995492197789638,7.609285838318169,-2.9488540277969655,-0.7796557312044317,-6.6974317349747015,55.8,57.76,11.21,51.76,11.21,51.76,False,0,-571,0,mixed,Q4,confirmed_distribution,0.0,0.0,1.0,4.5,0.0,0.0,5.5,,,,D_V1_weak_V2_weak,實際介入強度低（強度分 0.0/25）；全市場flow percentile偏低（外資P11、投信P52）；價格未確認（Q4、RS20 -0.78）
4973,廣穎,半導體業,2026-08-10,excluded,0,0,705,552,153,19.621903520208605,29.85658409387223,-1355,0,45,-1310,0,0,主力佈局,True,True,-695.01,-688.72,-1357.004,-582.637,-695010,-688720,-1357004,-582637,0.0,0.0,0.0,0.0,0,0,0,0,-0.18318661043753295,-0.05130512514898689,-0.07403186033824331,-0.021628011433238056,0.0,0.0,0.0,0.0,-0.07188431821282835,0.0,1,4,0,0,0,0,stable,neutral,3.8461538461538547,9.459459459459453,16.546762589928065,-0.6134969325153339,39.0557939914163,-0.995492197789638,7.609285838318169,12.99184795607049,0.38199526527430416,31.446508153098133,64.02,95.31,26.86,51.76,26.86,51.76,False,10000,35857,0,split,Q3,absorption_divergence,1.0,0.0,2.0,4.5,0.0,0.0,7.5,,,,,連買天數不長，但V2不只依賴連買
4974,亞泰,電子零組件,2026-08-10,excluded,0,5,345,203,142,64.27640156453715,73.72881355932203,85,0,0,85,2,0,外資鎖碼,True,True,28.447,35.447,85.468,70.558,28447,35447,85468,70558,0.0,0.0,0.0,0.0,0,0,0,0,0.4245820895522388,0.22154375,0.25512835820895524,0.06485110294117646,0.0,0.0,0.0,0.0,0.25607556764838835,0.0,4,7,0,0,2,0,accelerating,neutral,1.3081395348837344,1.455604075691408,3.566121842496295,-1.5536723163841692,-5.937921727395401,-0.995492197789638,7.609285838318169,0.01120720863871938,-0.5581801185945312,-13.54720756571357,57.76,35.46,92.57,51.76,92.57,51.76,False,0,425,0,split,Q2,unconfirmed_accumulation,3.5,12.5,3.5,6.0,5.0,9.26,39.76,,,,,連買天數不長，但V2不只依賴連買
4976,佳凌,光電業,2026-08-10,excluded,0,0,706,655,51,19.621903520208605,16.558018252933508,-458,0,-10,-468,0,0,主力佈局,True,True,-67.0,-539.452,-458.205,-321.283,-67000,-539452,-458205,-321283,0.0,0.0,0.0,0.0,0,0,0,0,-0.04977711738484398,-0.08570892913886241,-0.028491792065663473,-0.003785857371794872,0.0,0.0,0.0,0.0,-0.02811895130215164,0.0,1,4,0,0,0,0,stable,neutral,-0.2758620689655267,-0.9589041095890427,-4.868421052631577,-2.297297297297296,15.680000000000005,-0.995492197789638,7.609285838318169,-8.423335686489153,-1.301805099507658,8.070714161681835,53.06,84.75,37.94,51.76,37.94,51.76,False,-10000,-782,0,split,Q4,confirmed_distribution,0.0,0.0,2.0,4.5,0.0,0.0,6.5,,,,D_V1_weak_V2_weak,連買天數不長，但V2不只依賴連買
4977,眾達-KY,通信網路,2026-08-10,excluded,0,0,707,656,51,19.621903520208605,16.558018252933508,-942,0,153,-789,1,0,外資鎖碼,True,True,319.21,-97.628,-941.923,-289.282,319210,-97628,-941923,-289282,0.0,0.0,0.0,0.0,0,0,0,0,0.1028382731958763,-0.011263036455929857,-0.05527717136150235,-0.010136374785381408,0.0,0.0,0.0,0.0,-0.055887164391209464,0.0,2,5,0,0,1,0,reversing_positive,neutral,8.239700374531832,1.403508771929829,18.930041152263378,-4.62046204620462,-38.6411889596603,-0.995492197789638,7.609285838318169,15.375126518405803,-3.6249698484149824,-46.25047479797847,41.07,0.78,31.68,51.76,31.68,51.76,False,-3000,158019,0,split,Q4,confirmed_distribution,0.0,0.0,2.5,4.0,0.0,0.0,6.5,,,,D_V1_weak_V2_weak,連買天數不長，但V2不只依賴連買
4989,榮科,電子零組件,2026-08-10,excluded,0,0,708,692,16,19.621903520208605,11.147327249022164,-4683,0,-147,-4830,1,0,外資鎖碼,True,True,646.883,46.576,-4684.118,-2793.476,646883,46576,-4684118,-2793476,0.0,0.0,0.0,0.0,0,0,0,0,0.11791523878964637,0.0021502239047135403,-0.08993909487145024,-0.0336134093807908,0.0,0.0,0.0,0.0,-0.0895657120794713,0.0,1,4,0,0,1,0,reversing_positive,neutral,2.739726027397249,0.8968609865470656,10.474631751227491,-18.379685610640873,-25.57883131201765,-0.995492197789638,7.609285838318169,6.919717117369916,-17.384193412851236,-33.18811715033582,8.87,6.91,22.29,51.76,22.29,51.76,False,-312025,164063,0,split,Q4,confirmed_distribution,0.0,0.0,2.0,4.0,0.0,0.0,6.0,,,,D_V1_weak_V2_weak,連買天數不長，但V2不只依賴連買
4991,環宇-KY,半導體業,2026-08-10,excluded,0,7,107,40,67,88.33116036505866,94.91525423728814,1599,-646,182,1135,3,0,外資鎖碼,True,True,873.222,1613.348,1599.619,2853.654,873222,1613348,1599619,2853654,-280.0,-710.0,-645.45,-667.1,-280000,-710000,-645450,-667100,0.24188975069252078,0.24533880778588807,0.17254007118973141,0.11420097646870497,-0.07756232686980609,-0.1079683698296837,-0.06962032143242369,-0.026696814470946056,0.1753150758728299,-0.06843916248101131,4,9,1,2,3,0,decelerating,stable,9.892473118279565,8.955223880597018,31.70103092783505,13.429522752497224,-27.82485875706214,-0.995492197789638,7.609285838318169,28.146116293977474,14.425014950286862,-35.43414459538031,96.61,5.48,84.09,1.17,84.09,1.17,False,47000,136189,0,split,Q1,confirmed_accumulation,4.5,12.5,5.5,5.25,25.0,8.41,61.16,,,,,價格與RS同步確認（RS20 +14.43）
4994,傳奇,資訊服務,2026-08-10,excluded,0,0,709,657,52,19.621903520208605,16.558018252933508,-7,0,-7,-14,0,0,主力佈局,True,True,0.0,-4.0,-7.0,14.3,0,-4000,-7000,14300,0.0,0.0,0.0,0.0,0,0,0,0,0.0,-0.03571428571428571,-0.03414634146341464,0.04642857142857143,0.0,0.0,0.0,0.0,-0.03402982414117726,0.0,1,5,0,0,0,0,reversing_positive,neutral,-0.34403669724770714,-1.473922902494329,-3.5516093229744583,-3.2293986636970917,-5.748373101952275,-0.995492197789638,7.609285838318169,-7.106523956832033,-2.2339064659074537,-13.357658940270444,46.54,36.25,36.64,51.76,36.64,51.76,False,-7000,0,0,split,Q4,confirmed_distribution,0.0,0.0,2.5,4.0,0.0,0.0,6.5,,,,D_V1_weak_V2_weak,連買天數不長，但V2不只依賴連買
4995,晶達,光電業,2026-08-10,excluded,0,5,346,146,200,64.27640156453715,81.09517601043025,15,0,6,21,0,0,主力佈局,True,True,0.0,-13.0,15.0,17.0,0,-13000,15000,17000,0.0,0.0,0.0,0.0,0,0,0,0,0.0,-0.18571428571428572,0.08108108108108109,0.029310344827586206,0.0,0.0,0.0,0.0,0.08057632803980937,0.0,2,4,0,0,0,0,reversing_negative,neutral,1.846153846153853,0.4044489383215222,5.750798722044714,6.316916488222679,10.702341137123739,-0.995492197789638,7.609285838318169,2.195884088187139,7.312408686012317,3.0930552988055693,89.18,80.18,69.3,51.76,69.3,51.76,False,0,6000,0,split,Q1,confirmed_accumulation,3.5,12.5,2.0,1.0,25.0,6.93,50.93,,,,C_V1_weak_V2_strong,價格與RS同步確認（RS20 +7.31）；連買天數不長，但V2不只依賴連買
5007,三星,鋼鐵工業,2026-08-10,excluded,0,2,464,385,79,41.19947848761408,49.934810951760106,4,0,-11,-7,1,0,外資鎖碼,True,True,5.0,5.0,4.0,117.2,5000,5000,4000,117200,0.0,0.0,0.0,0.0,0,0,0,0,0.1724137931034483,0.06493506493506493,0.02,0.2865525672371638,0.0,0.0,0.0,0.0,0.01988348755838943,0.0,2,6,0,0,1,0,accelerating,neutral,0.0,0.0,-0.7079646017699059,0.5376344086021501,-1.5789473684210464,-0.995492197789638,7.609285838318169,-4.262879235627482,1.533126606391788,-9.188233206739216,70.8,48.63,52.8,51.76,52.8,51.76,False,-11000,0,0,split,Q2,unconfirmed_accumulation,3.5,5.0,3.0,6.0,5.0,5.28,27.78,,,,,連買天數不長，但V2不只依賴連買
5014,建錩,鋼鐵工業,2026-08-10,excluded,0,7,108,99,9,88.33116036505866,87.22294654498045,150,0,-20,130,3,0,外資鎖碼,True,True,241.501,334.59,150.59,174.59,241501,334590,150590,174590,0.0,0.0,0.0,0.0,0,0,0,0,0.24053884462151395,0.19218265364732912,0.0683567862006355,0.04261410788381743,0.0,0.0,0.0,0.0,0.07445974233244784,0.0,3,6,0,0,3,0,accelerating,neutral,3.2558139534883734,7.246376811594213,6.2200956937799035,-0.4484304932735439,8.823529411764719,-0.995492197789638,7.609285838318169,2.665181059922328,0.5470617045160941,1.2142435734465495,64.73,75.88,66.36,51.76,66.36,51.76,False,-21000,-613,0,split,Q1,confirmed_accumulation,3.5,12.5,3.0,6.0,25.0,6.64,56.64,,,,,價格與RS同步確認（RS20 +0.55）；連買天數不長，但V2不只依賴連買
5015,華祺,鋼鐵工業,2026-08-10,excluded,0,5,347,97,250,64.27640156453715,87.48370273794002,15,0,0,15,2,0,外資鎖碼,True,True,20.0,21.0,15.0,21.0,20000,21000,15000,21000,0.0,0.0,0.0,0.0,0,0,0,0,0.26666666666666666,0.21649484536082475,0.12295081967213115,0.08786610878661087,0.0,0.0,0.0,0.0,0.12678124352916817,0.0,2,4,0,0,2,0,accelerating,neutral,3.03030303030305,4.739336492891,2.7906976744186185,3.03030303030305,0.454545454545463,-0.995492197789638,7.609285838318169,-0.764216959438957,4.025795228092688,-7.154740383772706,81.49,56.19,78.36,51.76,78.36,51.76,False,0,-8,0,mixed,Q1,confirmed_accumulation,3.5,12.5,2.0,6.0,25.0,7.84,56.84,,,,C_V1_weak_V2_strong,價格與RS同步確認（RS20 +4.03）；連買天數不長，但V2不只依賴連買
5016,松和,鋼鐵工業,2026-08-10,excluded,0,5,348,107,241,64.27640156453715,86.17992177314211,3,0,0,3,1,0,外資鎖碼,True,True,2.0,1.0,3.0,5.0,2000,1000,3000,5000,0.0,0.0,0.0,0.0,0,0,0,0,0.125,0.045454545454545456,0.06818181818181818,0.041666666666666664,0.0,0.0,0.0,0.0,0.06847703313253012,0.0,3,5,0,0,1,0,accelerating,neutral,1.4553014553014387,1.4553014553014387,2.5210084033613356,0.8264462809917328,-4.1257367387033455,-0.995492197789638,7.609285838318169,-1.0339062304962399,1.8219384787813708,-11.735022577021514,72.49,40.68,66.23,51.76,66.23,51.76,False,0,0,0,mixed,Q1,confirmed_accumulation,3.5,12.5,2.5,6.0,25.0,6.62,56.12,,,,C_V1_weak_V2_strong,價格與RS同步確認（RS20 +1.82）；連買天數不長，但V2不只依賴連買
5201,凱衛,資訊服務,2026-08-10,excluded,0,5,349,332,17,64.27640156453715,56.84485006518904,9,0,0,9,0,0,主力佈局,True,True,-10.0,3.0,9.0,79.0,-10000,3000,9000,79000,0.0,0.0,0.0,0.0,0,0,0,0,-0.25,0.045454545454545456,0.09090909090909091,0.21467391304347827,0.0,0.0,0.0,0.0,0.09466261912081156,0.0,4,9,0,0,0,0,reversing_negative,neutral,-2.2684310018903475,-2.819548872180455,-3.5447761194029814,-2.6365348399246646,-10.243055555555557,-0.995492197789638,7.609285838318169,-7.099690753260557,-1.6410426421350266,-17.852341393873726,50.07,25.68,71.71,51.76,71.71,51.76,False,0,194,0,split,Q2,unconfirmed_accumulation,3.5,12.5,4.5,1.0,5.0,7.17,33.67,,,,,連買天數不長，但V2不只依賴連買
5202,力新,資訊服務,2026-08-10,excluded,0,2,465,603,-138,41.19947848761408,23.598435462842243,-76,0,0,-76,3,0,外資鎖碼,True,True,37.0,139.0,-76.0,71.0,37000,139000,-76000,71000,0.0,0.0,0.0,0.0,0,0,0,0,0.2624113475177305,0.2607879924953096,-0.05819295558958652,0.023066926575698504,0.0,0.0,0.0,0.0,-0.05999270267094612,0.0,4,6,0,0,3,0,reversing_positive,neutral,0.8163265306122325,-1.200000000000001,5.106382978723412,-11.785714285714288,-1.9841269841269882,-0.995492197789638,7.609285838318169,1.5514683448658362,-10.79022208792465,-9.593412822445158,18.9,46.94,30.38,51.76,30.38,51.76,False,0,-749,0,split,Q4,confirmed_distribution,0.0,0.0,3.0,4.0,0.0,0.0,7.0,,,,D_V1_weak_V2_weak,V1連買訊號高（外資3日／投信0日）；實際介入強度低（強度分 0.0/25）；全市場flow percentile偏低（外資P30、投信P52）；價格未確認（Q4、RS20 -10.79）
5209,新鼎,其他,2026-08-10,excluded,0,2,466,158,308,41.19947848761408,79.53063885267275,9,0,-12,-3,0,0,主力佈局,True,True,-11.0,-15.0,9.102,60.048,-11000,-15000,9102,60048,0.0,0.0,-0.393,-0.881,0,0,-393,-881,-0.1774193548387097,-0.10067114093959731,0.03745679012345679,0.13524324324324324,0.0,0.0,-0.0016172839506172839,-0.001984234234234234,0.035988200743301196,-0.001601905034176261,2,5,0,0,0,0,reversing_negative,neutral,2.5396825396825307,1.572327044025168,4.193548387096779,2.5396825396825307,-2.1212121212121238,-0.995492197789638,7.609285838318169,0.6386337532392039,3.5351747374721687,-9.730497959530293,80.31,46.28,57.11,11.34,57.11,11.34,False,-19000,5414,0,split,Q1,confirmed_accumulation,3.5,9.36,2.5,1.0,25.0,5.71,47.07,,,,C_V1_weak_V2_strong,價格與RS同步確認（RS20 +3.54）；連買天數不長，但V2不只依賴連買
5210,寶碩,資訊服務,2026-08-10,excluded,0,5,350,445,-95,64.27640156453715,42.11212516297262,8,0,-1,7,1,0,外資鎖碼,True,True,20.0,-36.968,7.032,-179.046,20000,-36968,7032,-179046,0.0,0.0,0.0,0.0,0,0,0,0,0.09259259259259259,-0.06975094339622641,0.007168195718654434,-0.059169200264375416,0.0,0.0,0.0,0.0,0.007739006803733973,0.0,3,5,0,0,1,0,neutral,neutral,-0.8849557522123908,-0.17825311942959443,0.0,-8.496732026143794,9.80392156862746,-0.995492197789638,7.609285838318169,-3.5549146338575754,-7.501239828354157,2.194635730309291,26.99,77.71,49.28,51.76,49.28,51.76,False,-1000,0,0,split,Q2,unconfirmed_accumulation,3.5,1.79,2.5,2.0,5.0,4.93,19.72,,,,,實際介入強度低（強度分 1.8/25）；全市場flow percentile偏低（外資P49、投信P52）；價格未確認（Q2、RS20 -7.50）
5213,亞昕,建材營建,2026-08-10,excluded,0,0,710,604,106,19.621903520208605,23.598435462842243,-137,0,0,-137,1,0,外資鎖碼,True,True,21.0,-89.0,-137.0,53.13,21000,-89000,-137000,53130,0.0,0.0,0.0,0.0,0,0,0,0,0.11797752808988764,-0.0967391304347826,-0.10140636565507032,0.02131167268351384,0.0,0.0,0.0,0.0,-0.10138245610337421,0.0,1,6,0,0,1,0,reversing_positive,neutral,0.23866348448686736,-1.17647058823529,-2.0979020979020935,-4.977375565610864,-19.075144508670515,-0.995492197789638,7.609285838318169,-5.652816731759669,-3.981883367821226,-26.684430346988684,39.37,11.99,20.08,51.76,20.08,51.76,False,0,221,0,split,Q4,confirmed_distribution,0.0,0.0,3.0,4.0,0.0,0.0,7.0,,,,D_V1_weak_V2_weak,連買天數不長，但V2不只依賴連買
5215,科嘉-KY,電腦週邊,2026-08-10,excluded,0,0,711,747,-36,19.621903520208605,3.455019556714472,-109,0,-11,-120,0,0,主力佈局,True,True,0.0,-71.0,-109.0,-50.9,0,-71000,-109000,-50900,0.0,0.0,0.0,0.0,0,0,0,0,0.0,-0.39444444444444443,-0.30532212885154064,-0.061846901579586874,0.0,0.0,0.0,0.0,-0.304591470471893,0.0,1,5,0,0,0,0,neutral,neutral,0.9247027741083214,-0.7792207792207684,-0.9079118028534228,-8.283313325330122,-15.111111111111109,-0.995492197789638,7.609285838318169,-4.462826436710998,-7.287821127540484,-22.72039694942928,28.03,17.21,3.65,51.76,3.65,51.76,False,-11000,0,0,split,Q4,confirmed_distribution,0.0,0.0,2.5,2.0,0.0,0.0,4.5,,,,D_V1_weak_V2_weak,實際介入強度低（強度分 0.0/25）；全市場flow percentile偏低（外資P4、投信P52）；價格未確認（Q4、RS20 -7.29）
5225,東科-KY,其他電子,2026-08-10,excluded,0,0,712,658,54,19.621903520208605,16.558018252933508,-450,0,-13,-463,0,0,主力佈局,True,True,-224.8,-313.8,-451.699,-184.649,-224800,-313800,-451699,-184649,0.0,0.0,0.0,0.0,0,0,0,0,-0.12413031474323578,-0.13971504897595727,-0.13696149181322012,-0.040978473146915224,0.0,0.0,0.0,0.0,-0.13728815426308397,0.0,0,4,0,0,0,0,stable,neutral,-9.986504723346822,-11.655629139072843,-10.228802153432026,-8.126721763085387,-5.790960451977389,-0.995492197789638,7.609285838318169,-13.783716787289602,-7.131229565295749,-13.40024629029556,28.81,36.11,14.21,51.76,14.21,51.76,False,-5232,-9305,0,split,Q4,confirmed_distribution,0.0,0.0,2.0,4.5,0.0,0.0,6.5,,,,D_V1_weak_V2_weak,連買天數不長，但V2不只依賴連買
5227,立凱-KY,電子零組件,2026-08-10,excluded,0,0,713,659,54,19.621903520208605,16.558018252933508,-218,0,0,-218,0,0,主力佈局,True,True,-13.011,-132.485,-218.485,-243.516,-13011,-132485,-218485,-243516,0.0,0.0,0.0,0.0,0,0,0,0,-0.021364532019704435,-0.09336504580690627,-0.085379054318093,-0.02971156661786237,0.0,0.0,0.0,0.0,-0.08487864874708877,0.0,2,4,0,0,0,0,stable,neutral,0.8902077151335286,-0.1468428781204012,-4.49438202247191,9.677419354838701,55.96330275229357,-0.995492197789638,7.609285838318169,-8.049296656329485,10.672911552628339,48.3540169139754,94.0,98.17,23.73,51.76,23.73,51.76,False,0,1,0,split,Q4,confirmed_distribution,0.0,0.0,2.0,4.5,0.0,0.0,6.5,,,,D_V1_weak_V2_weak,連買天數不長，但V2不只依賴連買
5228,鈺鎧,電子零組件,2026-08-10,excluded,0,0,714,718,-4,19.621903520208605,7.496740547588006,-331,0,18,-313,1,0,外資鎖碼,True,True,34.0,-307.038,-331.038,-407.245,34000,-307038,-331038,-407245,0.0,0.0,0.0,0.0,0,0,0,0,0.05263157894736842,-0.13015599830436625,-0.11206431956668923,-0.07867948222565688,0.0,0.0,0.0,0.0,-0.10830365827014708,0.0,3,5,0,0,1,0,neutral,neutral,3.354037267080745,4.785894206549113,8.333333333333348,-20.76190476190476,-17.131474103585663,-0.995492197789638,7.609285838318169,4.778418699475773,-19.76641256411512,-24.740759941903832,6.65,14.6,18.51,51.76,18.51,51.76,False,18000,-80,0,split,Q4,confirmed_distribution,1.0,0.0,2.5,2.0,0.0,0.0,5.5,,,,D_V1_weak_V2_weak,實際介入強度低（強度分 0.0/25）；全市場flow percentile偏低（外資P19、投信P52）；價格未確認（Q4、RS20 -19.77）
5230,雷笛克光學,光電業,2026-08-10,excluded,0,5,351,307,44,64.27640156453715,60.104302477183836,33,0,0,33,1,0,外資鎖碼,True,True,12.0,27.0,32.92,84.999,12000,27000,32920,84999,0.0,0.0,0.0,0.0,0,0,0,0,0.09523809523809523,0.06192660550458716,0.049134328358208954,0.0387415679124886,0.0,0.0,0.0,0.0,0.04877097767187063,0.0,3,5,0,0,1,0,accelerating,neutral,4.057971014492745,0.5602240896358524,2.865329512893977,-11.138613861386137,9.45121951219512,-0.995492197789638,7.609285838318169,-0.6895851209635984,-10.1431216635965,1.8419336738769507,20.99,77.18,60.37,51.76,60.37,51.76,False,0,233,0,split,Q2,unconfirmed_accumulation,3.5,12.28,2.5,6.0,5.0,6.04,35.32,,,,,連買天數不長，但V2不只依賴連買
5243,乙盛-KY,光電業,2026-08-10,excluded,0,0,715,605,110,19.621903520208605,23.598435462842243,-652,0,499,-153,0,0,主力佈局,True,True,-299.5,-705.781,-654.138,1191.673,-299500,-705781,-654138,1191673,0.0,0.0,0.0,-600.0,0,0,0,-600000,-0.23883572567783093,-0.1943229625550661,-0.11210591259640103,0.07708603402548678,0.0,0.0,0.0,-0.038812342324859306,-0.11443382997491605,0.0,1,5,0,0,0,0,stable,neutral,1.8369690011481143,3.2596041909196627,10.32338308457712,-6.92549842602308,-12.178217821782178,-0.995492197789638,7.609285838318169,6.768468450719545,-5.930006228233442,-19.78750366010035,34.29,22.29,18.38,51.76,18.38,51.76,False,-12000,512837,0,split,Q4,confirmed_distribution,0.0,0.0,2.5,4.5,0.0,0.0,7.0,,,,D_V1_weak_V2_weak,連買天數不長，但V2不只依賴連買
5244,弘凱,光電業,2026-08-10,excluded,0,5,352,323,29,64.27640156453715,58.01825293350718,101,0,-2,99,1,0,外資鎖碼,True,True,19.0,17.0,101.455,400.655,19000,17000,101455,400655,0.0,0.0,0.0,0.0,0,0,0,0,0.3114754098360656,0.03052064631956912,0.11661494252873564,0.20472917731221257,0.0,0.0,0.0,0.0,0.11446494980846125,0.0,4,9,0,0,1,0,reversing_negative,neutral,0.9049773755656298,4.368174726989094,8.603896103896114,-1.0355029585798703,-14.230769230769225,-0.995492197789638,7.609285838318169,5.048981470038538,-0.04001076079023225,-21.840055069087395,60.89,18.77,77.44,51.76,77.44,51.76,False,-2000,0,0,split,Q2,unconfirmed_accumulation,3.5,12.5,4.5,1.0,5.0,7.74,34.24,,,,,連買天數不長，但V2不只依賴連買
5251,天鉞電,光電業,2026-08-10,excluded,0,5,353,248,105,64.27640156453715,67.79661016949152,50,0,0,50,2,0,外資鎖碼,True,True,33.0,60.0,50.0,211.793,33000,60000,50000,211793,0.0,0.0,0.0,0.0,0,0,0,0,0.3113207547169811,0.24390243902439024,0.12626262626262627,0.1766413678065054,0.0,0.0,0.0,0.0,0.1255096197612557,0.0,2,6,0,0,2,0,accelerating,neutral,-0.9671179883945835,-1.9157088122605415,2.400000000000002,-12.776831345826235,-7.414104882459305,-0.995492197789638,7.609285838318169,-1.1549146338575733,-11.781339148036597,-15.023390720777474,16.17,32.2,78.88,51.76,78.88,51.76,False,0,598,0,split,Q2,unconfirmed_accumulation,3.5,12.5,3.0,6.0,5.0,7.89,37.89,,,,,連買天數不長，但V2不只依賴連買
5269,祥碩,半導體業,2026-08-10,excluded,0,5,354,183,171,64.27640156453715,76.27118644067797,408,-60,2,350,2,0,外資鎖碼,True,True,70.098,25.429,410.012,1308.529,70098,25429,410012,1308529,0.216,-75.784,-59.784,-15.559,216,-75784,-59784,-15559,0.0866477132262052,0.010820851063829788,0.10635849546044099,0.12737554755183492,0.0002669962917181706,-0.032248510638297874,-0.015508171206225682,-0.0015145527109899737,0.10634352220458262,-0.015594539671483696,4,7,3,6,2,1,accelerating,neutral,0.0,-1.0600706713780883,4.477611940298498,-7.284768211920534,-4.436860068259385,-0.995492197789638,7.609285838318169,0.9226973064409227,-6.2892760141308965,-12.046145906577554,32.33,39.37,75.1,5.35,75.1,5.35,False,-6000,9214,0,split,Q2,unconfirmed_accumulation,3.5,12.5,6.5,6.0,5.0,7.51,41.01,,,,C_V1_weak_V2_strong,差異主要來自V1離散加分與V2連續型強度／排名分數
5272,笙科,半導體業,2026-08-10,excluded,0,0,716,606,110,19.621903520208605,23.598435462842243,-98,0,0,-98,1,0,外資鎖碼,True,True,53.0,-114.0,-98.0,-26.0,53000,-114000,-98000,-26000,0.0,0.0,0.0,0.0,0,0,0,0,0.5145631067961165,-0.09156626506024096,-0.07065609228550829,-0.013285641287685232,0.0,0.0,0.0,0.0,-0.07180271838486607,0.0,2,6,0,0,1,0,reversing_positive,neutral,0.8356545961002881,3.4285714285714475,3.4285714285714475,-9.725685785536154,-20.439560439560434,-0.995492197789638,7.609285838318169,-0.12634320528612797,-8.730193587746516,-28.048846277878603,24.12,10.95,27.64,51.76,27.64,51.76,False,0,22,0,split,Q4,confirmed_distribution,0.0,0.0,3.0,4.0,0.0,0.0,7.0,,,,D_V1_weak_V2_weak,連買天數不長，但V2不只依賴連買
5278,尚凡*,數位雲端,2026-08-10,excluded,0,7,109,38,71,88.33116036505866,95.17601043024771,232,0,-3,229,10,0,外資鎖碼,True,True,65.0,107.0,232.0,550.0,65000,107000,232000,550000,0.0,0.0,0.0,0.0,0,0,0,0,0.5652173913043478,0.5071090047393365,0.5190156599552572,0.42210283960092093,0.0,0.0,0.0,0.0,0.5199838916213807,0.0,5,10,0,0,10,0,accelerating,neutral,0.6085192697768749,1.6393442622950838,2.268041237113394,1.848049281314168,2.4793388429752206,-0.995492197789638,7.609285838318169,-1.2868733967441814,2.843541479103806,-5.129946995342949,78.23,62.32,99.48,51.76,99.48,51.76,False,-4000,1161,0,split,Q1,confirmed_accumulation,3.5,12.5,5.0,6.0,25.0,9.95,61.95,,,,,價格與RS同步確認（RS20 +2.84）
5283,禾聯碩,電器電纜,2026-08-10,excluded,0,0,717,660,57,19.621903520208605,16.558018252933508,-73,0,-3,-76,0,0,主力佈局,True,True,-11.162,-44.162,-73.162,11.738,-11162,-44162,-73162,11738,0.0,0.0,0.0,0.0,0,0,0,0,-0.2536818181818182,-0.2760125,-0.299844262295082,0.013203599550056244,0.0,0.0,0.0,0.0,-0.2996383374784479,0.0,1,4,0,0,0,0,stable,neutral,-0.5555555555555536,0.5617977528090012,-2.007299270072982,0.7504690431519911,2.8735632183908066,-0.995492197789638,7.609285838318169,-5.562213903930557,1.7459612409416292,-4.735722619927363,71.97,63.49,4.17,51.76,4.17,51.76,False,-3000,0,0,split,Q4,confirmed_distribution,0.0,0.0,2.0,4.5,0.0,0.0,6.5,,,,D_V1_weak_V2_weak,連買天數不長，但V2不只依賴連買
5287,數字,數位雲端,2026-08-10,excluded,0,0,718,693,25,19.621903520208605,11.147327249022164,-80,0,0,-80,0,0,主力佈局,True,True,-11.15,-13.15,-80.76,-124.069,-11150,-13150,-80760,-124069,0.0,0.0,-0.941,-2.109,0,0,-941,-2109,-0.3013513513513513,-0.17077922077922078,-0.22371191135734073,-0.18601049475262368,0.0,0.0,-0.002606648199445983,-0.00316191904047976,-0.22415624495838593,-0.0026054966642308753,1,3,0,0,0,0,stable,neutral,0.0,0.0,1.0344827586206806,-2.3333333333333317,-2.006688963210701,-0.995492197789638,7.609285838318169,-2.520431875236895,-1.3378411355436937,-9.615974801528871,52.8,46.81,7.04,10.3,7.04,10.3,False,0,495,0,split,Q4,confirmed_distribution,0.0,0.0,1.5,4.5,0.0,0.0,6.0,,,,D_V1_weak_V2_weak,連買天數不長，但V2不只依賴連買
5289,宜鼎,電腦週邊,2026-08-10,excluded,0,3,433,396,37,45.436766623207305,48.5006518904824,-3175,63,-41,-3153,0,2,投信鎖碼,True,True,-988.619,-1873.514,-3176.86,-3204.726,-988619,-1873514,-3176860,-3204726,2.542,2.042,64.513,108.163,2542,2042,64513,108163,-0.25968452850013135,-0.12231598877064699,-0.1506191921107529,-0.09763362174019011,0.0006677173627528237,0.00013331592348371092,0.0030586478285605915,0.003295241286863271,-0.14828201869712346,0.002915530222091747,0,2,4,7,0,2,stable,accelerating,-2.3333333333333317,0.0,5.776173285198549,-3.300330033003296,-21.44772117962467,-0.995492197789638,7.609285838318169,2.2212586513409738,-2.304837835213658,-29.057007017942837,46.15,10.43,12.52,92.18,12.52,92.18,False,-16100,-25413,0,split,Q4,confirmed_distribution,3.5,0.76,4.5,8.5,0.0,9.22,26.48,,,,,動能較佳（外資 stable／投信 accelerating）；連買天數不長，但V2不只依賴連買
5291,邑昇,電子零組件,2026-08-10,excluded,0,0,719,607,112,19.621903520208605,23.598435462842243,-74,0,-16,-90,0,0,主力佈局,True,True,-126.0,-151.0,-74.0,87.999,-126000,-151000,-74000,87999,0.0,0.0,0.0,0.0,0,0,0,0,-0.06635071090047394,-0.0553925165077036,-0.023994811932555125,0.016417723880597014,0.0,0.0,0.0,0.0,-0.027045767720596123,0.0,2,5,0,0,0,0,stable,neutral,0.17825311942958333,13.420787083753805,20.4715969989282,4.074074074074074,-17.10914454277286,-0.995492197789638,7.609285838318169,16.916682365070624,5.069566271863712,-24.71843038109103,85.66,14.73,38.85,51.76,38.85,51.76,False,-19000,1649,0,split,Q3,absorption_divergence,0.0,0.0,2.5,4.5,0.0,0.0,7.0,,,,D_V1_weak_V2_weak,連買天數不長，但V2不只依賴連買
5299,杰力,半導體業,2026-08-10,excluded,0,0,720,730,-10,19.621903520208605,5.215123859191656,-354,0,-2,-356,1,0,外資鎖碼,True,True,17.371,-149.985,-355.185,-125.923,17371,-149985,-355185,-125923,0.0,0.0,0.0,0.0,0,0,0,0,0.0481191135734072,-0.11192910447761194,-0.08349435825105783,-0.012036226342955458,0.0,0.0,0.0,0.0,-0.08297709014256263,0.0,1,4,0,0,1,0,neutral,neutral,2.8225806451612767,-2.857142857142858,0.49261083743843415,-11.688311688311693,-1.449275362318836,-0.995492197789638,7.609285838318169,-3.0623037964191413,-10.692819490522055,-9.058561200637005,19.04,49.28,23.99,51.76,23.99,51.76,False,3000,-4444,0,split,Q4,confirmed_distribution,1.0,0.0,2.0,2.0,0.0,0.0,5.0,,,,D_V1_weak_V2_weak,實際介入強度低（強度分 0.0/25）；全市場flow percentile偏低（外資P24、投信P52）；價格未確認（Q4、RS20 -10.69）
5306,桂盟,37,2026-08-10,excluded,0,5,355,129,226,64.27640156453715,83.31160365058669,77,0,-16,61,0,0,主力佈局,True,True,-3.634,94.366,75.507,139.947,-3634,94366,75507,139947,0.0,0.0,0.0,0.0,0,0,0,0,-0.009365979381443299,0.10896766743648961,0.07483349851337959,0.07647377049180328,0.0,0.0,0.0,0.0,0.07519849598348498,0.0,2,6,0,0,0,0,decelerating,neutral,2.428722280887019,7.8976640711902135,7.8976640711902135,9.23423423423424,16.306954436450827,-0.995492197789638,7.609285838318169,4.342749437332638,10.229726432023877,8.697668598132658,93.61,85.66,67.67,51.76,67.67,51.76,False,-16000,0,0,split,Q1,confirmed_accumulation,3.5,12.5,3.0,2.75,25.0,6.77,53.52,,,,C_V1_weak_V2_strong,價格與RS同步確認（RS20 +10.23）；連買天數不長，但V2不只依賴連買
5309,系統電,電子零組件,2026-08-10,excluded,0,6,150,447,-297,81.42112125162973,41.916558018252935,-351,1,388,38,1,0,外資鎖碼,True,True,68.151,-798.801,-352.717,796.028,68151,-798801,-352717,796028,0.0,0.0,1.0,8.0,0,0,1000,8000,0.0166791483113069,-0.09043371447979169,-0.030829210733327506,0.03534446319154604,0.0,0.0,8.7404947120007e-05,0.00035520824083118727,-0.03054596527998678,8.57039334039781e-05,3,6,1,4,1,0,neutral,neutral,7.307692307692304,5.88235294117645,10.495049504950483,-10.144927536231895,-13.888888888888884,-0.995492197789638,7.609285838318169,6.940134871092908,-9.149435338442258,-21.498174727207054,23.08,19.43,37.16,89.57,37.16,89.57,False,-39831,428830,0,split,Q4,confirmed_distribution,3.5,0.02,5.0,2.0,0.0,8.96,19.48,,,,,實際介入強度低（強度分 0.0/25）；價格未確認（Q4、RS20 -9.15）
5324,士開,建材營建,2026-08-10,excluded,0,7,110,71,39,88.33116036505866,90.87353324641461,1528,0,0,1528,10,0,外資鎖碼,True,True,360.0,940.0,1528.0,3148.0,360000,940000,1528000,3148000,0.0,0.0,0.0,0.0,0,0,0,0,0.6857142857142857,0.7219662058371735,0.6785079928952042,0.7293790546802595,0.0,0.0,0.0,0.0,0.6790383370975271,0.0,5,10,0,0,10,0,decelerating,neutral,0.0,0.0,1.6528925619834878,2.0746887966804906,6.956521739130439,-0.995492197789638,7.609285838318169,-1.9020220718740877,3.0701809944701286,-0.6527640991877304,79.01,71.97,100.0,51.76,100.0,51.76,False,0,219,0,split,Q1,confirmed_accumulation,3.5,12.5,5.0,2.75,25.0,10.0,58.75,,,,,價格與RS同步確認（RS20 +3.07）
5340,建榮,電子零組件,2026-08-10,excluded,0,0,721,661,60,19.621903520208605,16.558018252933508,-2670,0,45,-2625,1,0,外資鎖碼,True,True,285.975,-1376.065,-2670.578,-1393.708,285975,-1376065,-2670578,-1393708,0.0,0.0,0.0,0.0,0,0,0,0,0.07284131431482425,-0.13447327274504056,-0.13353557677883895,-0.05197687775042888,0.0,0.0,0.0,0.0,-0.13309708183785182,0.0,1,5,0,0,1,0,reversing_positive,neutral,3.8406827880512084,-3.566710700132103,13.70716510903427,-9.765142150803463,-31.455399061032864,-0.995492197789638,7.609285838318169,10.152250475176693,-8.769649953013825,-39.064684899351036,23.99,4.04,14.86,51.76,14.86,51.76,False,0,47608,0,split,Q4,confirmed_distribution,0.0,0.0,2.5,4.0,0.0,0.0,6.5,,,,D_V1_weak_V2_weak,連買天數不長，但V2不只依賴連買
5371,中光電,光電業,2026-08-10,buy_candidates,63,7,111,163,-52,88.33116036505866,78.8787483702738,18524,-7933,2858,13449,7,0,外資鎖碼,True,True,2737.332,3262.5,18526.095,24320.233,2737332,3262500,18526095,24320233,-1842.0,-5832.0,-7933.0,-10424.0,-1842000,-5832000,-7933000,-10424000,0.2661738623103851,0.0982532751091703,0.25482936726272354,0.1951786284659524,-0.17911318553092181,-0.17563619936756514,-0.10911966987620357,-0.08365635407888929,0.25600899577861463,-0.10744417883241952,5,9,0,1,7,0,accelerating,stable,3.1325301204819134,-5.414364640883984,13.829787234042534,-10.178384050367262,24.78134110787171,-0.995492197789638,7.609285838318169,10.27487260018496,-9.182891852577624,17.172055269553542,22.69,91.4,92.44,0.52,92.44,0.52,False,2631000,229151,0,split,Q2,unconfirmed_accumulation,4.5,12.5,5.0,8.5,5.0,9.24,44.74,5.0,18.0,-13.0,,V1連買訊號高（外資7日／投信0日）；價格未確認（Q2、RS20 -9.18）
5381,光譜,電機機械,2026-08-10,excluded,0,7,112,190,-78,88.33116036505866,75.35853976531942,363,0,0,363,5,0,外資鎖碼,True,True,148.0,293.059,363.159,751.54,148000,293059,363159,751540,0.0,0.0,0.0,0.0,0,0,0,0,0.3288888888888889,0.25684399649430323,0.2093135446685879,0.17007015161801312,0.0,0.0,0.0,0.0,0.21010822307087093,0.0,5,9,0,0,5,0,accelerating,neutral,3.1380753138075423,2.0703933747411973,7.641921397379914,-6.273764258555136,-7.5046904315197,-0.995492197789638,7.609285838318169,4.087006763522338,-5.278272060765499,-15.11397626983787,35.98,31.81,88.79,51.76,88.79,51.76,False,0,-2,0,split,Q2,unconfirmed_accumulation,3.5,12.5,4.5,6.0,5.0,8.88,40.38,,,,,V1連買訊號高（外資5日／投信0日）；價格未確認（Q2、RS20 -5.28）
5392,能率,光電業,2026-08-10,excluded,0,5,356,138,218,64.27640156453715,82.13820078226858,1606,0,16,1622,1,0,外資鎖碼,True,True,1146.547,-708.507,1606.039,2654.839,1146547,-708507,1606039,2654839,0.0,0.0,0.0,0.0,0,0,0,0,0.40845992162451017,-0.044964587167608046,0.06275305747665377,0.0765502436492604,0.0,0.0,0.0,0.0,0.06436042943570654,0.0,3,6,0,0,1,0,neutral,neutral,2.28013029315961,1.5086206896551824,13.357400722021673,3.1763417305586072,12.54480286738351,-0.995492197789638,7.609285838318169,9.802486088164098,4.171833928348246,4.93551702906534,82.01,82.27,64.41,51.76,64.41,51.76,False,0,16249,0,split,Q1,confirmed_accumulation,3.5,12.5,3.0,2.0,25.0,6.44,52.44,,,,C_V1_weak_V2_strong,價格與RS同步確認（RS20 +4.17）；連買天數不長，但V2不只依賴連買
5403,中菲,資訊服務,2026-08-10,excluded,0,7,113,266,-153,88.33116036505866,65.44980443285529,87,0,0,87,5,0,外資鎖碼,True,True,26.93,51.79,89.89,111.471,26930,51790,89890,111471,0.0,0.0,0.0,0.0,0,0,0,0,0.35906666666666665,0.38649253731343286,0.2996333333333333,0.13446441495778047,0.0,0.0,0.0,0.0,0.3001643360323446,0.0,5,8,0,0,5,0,decelerating,neutral,0.108108108108107,0.9814612868047856,0.6521739130434634,-2.0105820105820182,4.869762174405423,-0.995492197789638,7.609285838318169,-2.902740720814112,-1.0150898127923802,-2.7395236639127463,54.37,68.58,95.31,51.76,95.31,51.76,False,0,0,0,split,Q2,unconfirmed_accumulation,3.5,12.5,4.0,2.75,5.0,9.53,37.28,,,,,V1連買訊號高（外資5日／投信0日）；價格未確認（Q2、RS20 -1.02）；近期flow正在減速
5425,台半,半導體業,2026-08-10,excluded,0,3,434,440,-6,45.436766623207305,42.76401564537158,-2457,300,-171,-2328,1,0,外資鎖碼,True,True,443.51,-61.952,-2458.842,-2494.91,443510,-61952,-2458842,-2494910,0.0,0.0,300.0,300.0,0,0,300000,300000,0.09255217028380634,-0.0038616218911674874,-0.05744152688875391,-0.030912796748773355,0.0,0.0,0.007008363313554175,0.0037171036328492836,-0.057031478749144916,0.006887082373922153,1,3,1,1,1,0,reversing_positive,neutral,2.1818181818181737,0.9580838323353325,4.850746268656714,-28.255319148936174,15.955983493810177,-0.995492197789638,7.609285838318169,1.2958316347991383,-27.259826951146536,8.346697655492008,1.83,85.27,31.03,93.61,31.03,93.61,False,-89873,-81050,0,split,Q4,confirmed_distribution,3.5,1.75,2.0,4.0,0.0,9.36,20.61,,,,,實際介入強度低（強度分 1.8/25）；價格未確認（Q4、RS20 -27.26）
5426,振發,電腦週邊,2026-08-10,excluded,0,0,722,608,114,19.621903520208605,23.598435462842243,-238,0,-9,-247,0,0,主力佈局,True,True,-126.577,-281.301,-238.769,-151.699,-126577,-281301,-238769,-151699,0.0,0.0,0.0,0.0,0,0,0,0,-0.10618875838926174,-0.12546877787689562,-0.06583098979873174,-0.01907683601609658,0.0,0.0,0.0,0.0,-0.06791972625543329,0.0,2,5,0,0,0,0,stable,neutral,6.666666666666665,8.949416342412464,15.463917525773185,-5.0847457627118615,55.55555555555556,-0.995492197789638,7.609285838318169,11.909002891915609,-4.089253564922224,47.946269717237385,38.98,97.91,29.2,51.76,29.2,51.76,False,-10000,419,0,split,Q4,confirmed_distribution,0.0,0.0,2.5,4.5,0.0,0.0,7.0,,,,D_V1_weak_V2_weak,連買天數不長，但V2不只依賴連買
5432,新門,綠能環保,2026-08-10,excluded,0,0,723,662,61,19.621903520208605,16.558018252933508,-20,0,3,-17,1,0,外資鎖碼,True,True,5.0,-33.0,-20.0,72.462,5000,-33000,-20000,72462,0.0,0.0,0.0,0.0,0,0,0,0,0.09090909090909091,-0.12406015037593984,-0.0447427293064877,0.09103266331658291,0.0,0.0,0.0,0.0,-0.043996286362698575,0.0,2,7,0,0,1,0,neutral,neutral,4.1860465116279055,3.2258064516129004,6.666666666666665,-17.948717948717952,-21.678321678321677,-0.995492197789638,7.609285838318169,3.1117520328090897,-16.953225750928315,-29.287607516639845,9.26,10.3,33.64,51.76,33.64,51.76,False,3000,-190,0,split,Q4,confirmed_distribution,1.0,0.0,3.5,2.0,0.0,0.0,6.5,,,,D_V1_weak_V2_weak,連買天數不長，但V2不只依賴連買
5434,崇越,電子通路,2026-08-10,other_watch,41,4,402,268,134,47.84876140808344,65.1238591916558,1286,-1481,-50,-245,5,0,外資鎖碼,True,True,136.631,333.68,1288.053,1982.503,136631,333680,1288053,1982503,0.233,-636.957,-1481.907,-1537.085,233,-636957,-1481907,-1537085,0.19888064046579332,0.1288837388953264,0.2544050957930081,0.16853719289296948,0.00033915574963609897,-0.24602433371958285,-0.2926934623740865,-0.1306711723199864,0.25526465373496743,-0.29229972426727446,5,8,1,4,5,1,accelerating,neutral,3.006012024048088,0.390625,1.5810276679841806,-8.05008944543828,24.455205811138025,-0.995492197789638,7.609285838318169,-1.9738869658733948,-7.054597247648642,16.845919972819857,29.07,91.13,92.31,0.13,92.31,0.13,False,-43680,-6698,0,split,Q4,confirmed_distribution,3.5,12.5,6.0,6.0,0.0,9.23,37.23,,,,,差異主要來自V1離散加分與V2連續型強度／排名分數
5438,東友,電腦週邊,2026-08-10,excluded,0,7,114,326,-212,88.33116036505866,57.6271186440678,32,0,0,32,4,0,外資鎖碼,True,True,5.0,38.0,32.0,86.0,5000,38000,32000,86000,0.0,0.0,0.0,0.0,0,0,0,0,0.0423728813559322,0.10764872521246459,0.07079646017699115,0.07839562443026436,0.0,0.0,0.0,0.0,0.06998058951319527,0.0,4,7,0,0,4,0,decelerating,neutral,4.7477744807121525,1.4367816091954033,2.3188405797101463,-6.613756613756616,-5.36193029490617,-0.995492197789638,7.609285838318169,-1.236074054147429,-5.618264415966978,-12.971216133224338,35.2,37.16,67.01,51.76,67.01,51.76,False,0,162,0,split,Q2,unconfirmed_accumulation,3.5,12.5,3.5,2.75,5.0,6.7,33.95,,,,,V1連買訊號高（外資4日／投信0日）；全市場flow percentile偏低（外資P67、投信P52）；價格未確認（Q2、RS20 -5.62）；近期flow正在減速
5452,佶優,其他電子,2026-08-10,excluded,0,5,357,263,94,64.27640156453715,65.84093872229465,177,0,-7,170,1,0,外資鎖碼,True,True,143.0,134.07,176.185,791.2,143000,134070,176185,791200,0.0,0.0,0.0,0.0,0,0,0,0,0.25220458553791886,0.09836390315480557,0.0815293845441925,0.13634327072204033,0.0,0.0,0.0,0.0,0.08343366348377913,0.0,3,7,0,0,1,0,accelerating,neutral,3.6190476190476106,2.6415094339622636,6.25,-11.40065146579805,-17.199391171993916,-0.995492197789638,7.609285838318169,2.6950853661424246,-10.405159268008413,-24.808677010312085,20.34,14.47,69.49,51.76,69.49,51.76,False,-15000,8062,0,split,Q2,unconfirmed_accumulation,3.5,12.5,3.5,6.0,5.0,6.95,37.45,,,,,連買天數不長，但V2不只依賴連買
5464,霖宏,電子零組件,2026-08-10,excluded,0,0,724,694,30,19.621903520208605,11.147327249022164,-520,0,0,-520,0,0,主力佈局,True,True,-5.0,-570.0,-520.0,-262.0,-5000,-570000,-520000,-262000,0.0,0.0,0.0,0.0,0,0,0,0,-0.010845986984815618,-0.19832985386221294,-0.13695022386094285,-0.03258301206317622,0.0,0.0,0.0,0.0,-0.13917068006302205,0.0,1,3,0,0,0,0,stable,neutral,-1.4376996805111841,-1.4376996805111841,-3.89408099688473,-29.080459770114942,3.6974789915966477,-0.995492197789638,7.609285838318169,-7.4489956307423055,-28.084967572325304,-3.9118068467215217,1.56,65.84,14.34,51.76,14.34,51.76,False,0,-385,0,split,Q4,confirmed_distribution,0.0,0.0,1.5,4.5,0.0,0.0,6.0,,,,D_V1_weak_V2_weak,連買天數不長，但V2不只依賴連買
5474,聰泰,電腦週邊,2026-08-10,excluded,0,5,358,330,28,64.27640156453715,57.10560625814863,71,0,0,71,2,0,外資鎖碼,True,True,45.0,-1.0,71.006,212.216,45000,-1000,71006,212216,0.0,0.0,0.0,0.0,0,0,0,0,0.2102803738317757,-0.0019267822736030828,0.0776870897155361,0.11546028291621327,0.0,0.0,0.0,0.0,0.07795070573218331,0.0,4,8,0,0,2,0,neutral,neutral,2.397260273972601,0.3355704697986628,6.028368794326244,-5.974842767295597,-11.538461538461542,-0.995492197789638,7.609285838318169,2.473454160468669,-4.979350569505959,-19.147747376779712,36.64,23.92,68.45,51.76,68.45,51.76,False,0,-2280,0,split,Q2,unconfirmed_accumulation,3.5,12.5,4.0,2.0,5.0,6.84,33.84,,,,,連買天數不長，但V2不只依賴連買
5475,德宏,電子零組件,2026-08-10,excluded,0,0,725,609,116,19.621903520208605,23.598435462842243,-5847,0,2,-5845,0,0,主力佈局,True,True,-72.615,-1999.587,-5849.263,-2838.372,-72615,-1999587,-5849263,-2838372,0.0,0.0,0.0,-189.0,0,0,0,-189000,-0.018439563230066024,-0.12202276194544456,-0.19165972017431765,-0.06928435081895185,0.0,0.0,0.0,-0.004613469377791881,-0.19252127584184323,0.0,0,5,0,0,0,0,stable,neutral,1.2145748987854255,0.40160642570281624,2.4590163934426146,-30.36211699164345,-60.38034865293185,-0.995492197789638,7.609285838318169,-1.0958982404149609,-29.366624793853813,-67.98963449125002,1.17,0.26,9.52,51.76,9.52,51.76,False,0,1322,0,split,Q4,confirmed_distribution,0.0,0.0,2.5,4.5,0.0,0.0,7.0,,,,D_V1_weak_V2_weak,連買天數不長，但V2不只依賴連買
5478,智冠,文化創意,2026-08-10,excluded,0,0,726,663,63,19.621903520208605,16.558018252933508,-58,0,3,-55,0,0,主力佈局,True,True,-9.001,-4.882,-58.872,-7.93,-9001,-4882,-58872,-7930,0.0,0.0,0.0,0.0,0,0,0,0,-0.20456818181818182,-0.02838372093023256,-0.20441666666666666,-0.012256568778979907,0.0,0.0,0.0,0.0,-0.2037504070249887,0.0,1,5,0,0,0,0,reversing_positive,neutral,0.0,0.6066734074823055,0.7085020242914908,-0.995024875621886,0.5050505050504972,-0.995492197789638,7.609285838318169,-2.8464126095660847,0.00046732216775202673,-7.104235333267672,61.54,56.32,8.21,51.76,8.21,51.76,False,0,3420,0,split,Q3,absorption_divergence,0.0,0.0,2.5,4.0,0.0,0.0,6.5,,,,D_V1_weak_V2_weak,連買天數不長，但V2不只依賴連買
5489,彩富,其他電子,2026-08-10,excluded,0,5,359,216,143,64.27640156453715,71.96870925684486,74,0,0,74,1,0,外資鎖碼,True,True,22.0,28.0,74.0,125.0,22000,28000,74000,125000,0.0,0.0,0.0,0.0,0,0,0,0,0.19469026548672566,0.12903225806451613,0.19121447028423771,0.12794268167860798,0.0,0.0,0.0,0.0,0.19205775952490894,0.0,4,7,0,0,1,0,accelerating,neutral,2.400960384153672,0.2350176263219872,4.024390243902443,-23.29136690647482,5.831265508684869,-0.995492197789638,7.609285838318169,0.46947561004486715,-22.295874708685183,-1.7780203296333008,5.35,69.75,86.96,51.76,86.96,51.76,False,0,890,0,split,Q2,unconfirmed_accumulation,3.5,12.5,3.5,6.0,5.0,8.7,39.2,,,,,連買天數不長，但V2不只依賴連買
5490,同亨,電腦週邊,2026-08-10,excluded,0,0,727,471,256,19.621903520208605,38.85267275097783,-1252,0,5,-1247,1,0,外資鎖碼,True,True,327.151,354.341,-1253.716,-6.573,327151,354341,-1253716,-6573,0.0,0.0,0.0,0.0,0,0,0,0,0.282513816925734,0.05729964424320828,-0.0859769578932931,-0.00022956831517183571,0.0,0.0,0.0,0.0,-0.08598335059157161,0.0,2,7,0,0,1,0,accelerating,neutral,2.28013029315961,-1.8750000000000044,-11.299435028248583,5.192629815745375,11.743772241992879,-0.995492197789638,7.609285838318169,-14.85434966210616,6.188122013535013,4.1344864036747095,87.74,81.1,23.47,51.76,23.47,51.76,False,6000,894,0,split,Q4,confirmed_distribution,1.0,0.0,3.5,6.0,0.0,0.0,10.5,,,,,連買天數不長，但V2不只依賴連買
5498,凱崴,電子零組件,2026-08-10,excluded,0,5,360,454,-94,64.27640156453715,40.938722294654504,30,0,6,36,1,0,外資鎖碼,True,True,324.0,-16.785,29.552,2074.983,324000,-16785,29552,2074983,0.0,0.0,0.0,0.0,0,0,0,0,0.19194312796208532,-0.003123371790100484,0.003437478190066302,0.10457529482915029,0.0,0.0,0.0,0.0,0.005177231316835252,0.0,3,7,0,0,1,0,reversing_negative,neutral,4.329896907216502,6.190975865687309,13.707865168539325,-12.908777969018937,-32.080536912751676,-0.995492197789638,7.609285838318169,10.15295053468175,-11.9132857712293,-39.68982275106985,15.78,3.65,47.33,51.76,47.33,51.76,False,-1000,7030,0,split,Q2,unconfirmed_accumulation,3.5,0.86,3.5,1.0,5.0,4.73,18.59,,,,,實際介入強度低（強度分 0.9/25）；全市場flow percentile偏低（外資P47、投信P52）；價格未確認（Q2、RS20 -11.91）；近期flow已轉負
5508,永信建,建材營建,2026-08-10,excluded,0,7,115,186,-71,88.33116036505866,75.8800521512386,636,0,0,636,5,0,外資鎖碼,True,True,166.0,540.807,636.807,646.985,166000,540807,636807,646985,0.0,0.0,0.0,0.0,0,0,0,0,0.4955223880597015,0.4650103181427343,0.37349384164222876,0.1547440803635494,0.0,0.0,0.0,0.0,0.37699828169127014,0.0,5,8,0,0,5,0,accelerating,neutral,2.242990654205612,6.627680311890849,7.8895463510848085,-3.697183098591539,13.016528925619841,-0.995492197789638,7.609285838318169,4.334631717227233,-2.7016909008019008,5.407243087301672,44.72,82.66,97.52,51.76,97.52,51.76,False,0,715,0,split,Q2,unconfirmed_accumulation,3.5,12.5,4.0,6.0,5.0,9.75,40.75,,,,,V1連買訊號高（外資5日／投信0日）；價格未確認（Q2、RS20 -2.70）
5512,力麒,建材營建,2026-08-10,excluded,0,5,361,96,265,64.27640156453715,87.61408083441981,228,0,1,229,2,0,外資鎖碼,True,True,228.0,427.2,227.399,470.562,228000,427200,227399,470562,0.0,0.0,0.0,0.0,0,0,0,0,0.4245810055865922,0.32861538461538464,0.10061902654867257,0.07082510535821794,0.0,0.0,0.0,0.0,0.10243647990021902,0.0,2,5,0,0,2,0,accelerating,neutral,1.1658031088082943,1.958224543080922,1.958224543080922,-0.3826530612244916,14.348462664714479,-0.995492197789638,7.609285838318169,-1.5966900907766535,0.6128391365651464,6.739176826396309,65.45,83.83,73.79,51.76,73.79,51.76,False,0,1101,0,split,Q1,confirmed_accumulation,3.5,12.5,2.5,6.0,25.0,7.38,56.88,,,,C_V1_weak_V2_strong,價格與RS同步確認（RS20 +0.61）；連買天數不長，但V2不只依賴連買
5519,隆大,建材營建,2026-08-10,excluded,0,0,728,610,118,19.621903520208605,23.598435462842243,-207,0,-15,-222,2,0,外資鎖碼,True,True,27.0,45.0,-207.0,219.0,27000,45000,-207000,219000,0.0,0.0,0.0,0.0,0,0,0,0,0.10714285714285714,0.07352941176470588,-0.19639468690702086,0.07735782409042741,0.0,0.0,0.0,0.0,-0.19536698091985522,0.0,2,6,0,0,2,0,reversing_positive,neutral,-0.3577817531305816,0.3603603603603567,-0.5357142857142838,-3.633217993079574,-13.239875389408095,-0.995492197789638,7.609285838318169,-4.090628919571859,-2.637725795289936,-20.849161227726263,44.85,20.73,9.0,51.76,9.0,51.76,False,-14548,0,0,split,Q4,confirmed_distribution,0.0,0.0,3.0,4.0,0.0,0.0,7.0,,,,D_V1_weak_V2_weak,連買天數不長，但V2不只依賴連買
5525,順天,建材營建,2026-08-10,excluded,0,0,729,518,211,19.621903520208605,33.96349413298566,-105,0,2,-103,2,0,外資鎖碼,True,True,2.0,-89.0,-105.0,51.6,2000,-89000,-105000,51600,0.0,0.0,0.0,0.0,0,0,0,0,0.03278688524590164,-0.22139303482587064,-0.12742718446601942,0.03453815261044177,0.0,0.0,0.0,0.0,-0.12413118675847801,0.0,3,6,0,0,2,0,reversing_positive,neutral,0.0,-5.161290322580648,-4.338394793926248,-0.6756756756756688,-4.130434782608694,-0.995492197789638,7.609285838318169,-7.893309427783824,0.31981652211396927,-11.739720620926864,63.89,40.42,16.17,51.76,16.17,51.76,False,2000,0,0,split,Q4,confirmed_distribution,1.0,0.0,3.0,4.0,0.0,0.0,8.0,,,,,連買天數不長，但V2不只依賴連買
5529,鉅陞,建材營建,2026-08-10,excluded,0,5,362,68,294,64.27640156453715,91.26466753585397,116,0,0,116,2,0,外資鎖碼,True,True,70.0,91.0,116.0,128.99,70000,91000,116000,128990,0.0,0.0,0.0,0.0,0,0,0,0,0.3349282296650718,0.20681818181818182,0.2144177449168207,0.18400855920114123,0.0,0.0,0.0,0.0,0.21484630335877267,0.0,4,6,0,0,2,0,accelerating,neutral,0.9411764705882231,-0.23255813953488857,1.4184397163120588,1.1792452830188704,1.4184397163120588,-0.995492197789638,7.609285838318169,-2.1364749175455167,2.1747374808085085,-6.190846122006111,74.71,59.84,89.18,51.76,89.18,51.76,False,0,30,0,split,Q1,confirmed_accumulation,3.5,12.5,3.0,6.0,25.0,8.92,58.92,,,,C_V1_weak_V2_strong,價格與RS同步確認（RS20 +2.17）；連買天數不長，但V2不只依賴連買
5531,鄉林,建材營建,2026-08-10,excluded,0,0,730,553,177,19.621903520208605,29.85658409387223,-957,0,-40,-997,0,0,主力佈局,True,True,-686.0,-913.0,-957.0,3.1,-686000,-913000,-957000,3100,0.0,0.0,0.0,0.0,0,0,0,0,-0.6964467005076143,-0.5005482456140351,-0.3909313725490196,0.0005870100359780345,0.0,0.0,0.0,0.0,-0.38820832090665075,0.0,1,6,0,0,0,0,stable,neutral,-1.5564202334630406,-2.4421593830334265,-3.3121019108280247,-4.528301886792452,-5.947955390334581,-0.995492197789638,7.609285838318169,-6.8670165446856,-3.532809689002814,-13.55724122865275,41.46,35.33,1.83,51.76,1.83,51.76,False,-40000,0,0,split,Q4,confirmed_distribution,0.0,0.0,3.0,4.5,0.0,0.0,7.5,,,,,連買天數不長，但V2不只依賴連買
5533,皇鼎,建材營建,2026-08-10,excluded,0,0,731,695,36,19.621903520208605,11.147327249022164,-44,0,-11,-55,0,0,主力佈局,True,True,-4.0,-8.0,-44.0,106.0,-4000,-8000,-44000,106000,0.0,0.0,0.0,0.0,0,0,0,0,-0.023668639053254437,-0.01263823064770932,-0.05170387779083431,0.06515058389674247,0.0,0.0,0.0,0.0,-0.052350508343230656,0.0,1,4,0,0,0,0,reversing_positive,neutral,0.7194244604316502,0.35842293906811484,0.0,3.3210332103321027,0.35842293906811484,-0.995492197789638,7.609285838318169,-3.5549146338575754,4.316525408121741,-7.250862899250055,82.92,55.93,32.33,51.76,32.33,51.76,False,-11000,0,0,split,Q4,confirmed_distribution,0.0,0.0,2.0,4.0,0.0,0.0,6.0,,,,D_V1_weak_V2_weak,連買天數不長，但V2不只依賴連買
5538,東明-KY,鋼鐵工業,2026-08-10,excluded,0,5,363,117,246,64.27640156453715,84.8761408083442,116,0,-9,107,0,0,主力佈局,True,True,-9.0,97.0,116.0,162.5,-9000,97000,116000,162500,0.0,0.0,0.0,0.0,0,0,0,0,-0.060810810810810814,0.07309721175584025,0.0838150289017341,0.10620915032679738,0.0,0.0,0.0,0.0,0.08324707515672368,0.0,4,9,0,0,0,0,decelerating,neutral,0.0,3.96475770925111,3.96475770925111,6.46616541353382,4.424778761061954,-0.995492197789638,7.609285838318169,0.4098430753935345,7.461657611323458,-3.1845070772562156,89.7,67.54,70.53,51.76,70.53,51.76,False,-9000,0,0,split,Q1,confirmed_accumulation,3.5,12.5,4.5,2.75,25.0,7.05,55.3,,,,C_V1_weak_V2_strong,價格與RS同步確認（RS20 +7.46）；連買天數不長，但V2不只依賴連買
5546,永固-KY,建材營建,2026-08-10,excluded,0,0,732,748,-16,19.621903520208605,3.455019556714472,-12,0,-8,-20,1,0,外資鎖碼,True,True,1.0,-7.0,-12.0,16.005,1000,-7000,-12000,16005,0.0,0.0,0.0,0.0,0,0,0,0,0.5,-0.07142857142857142,-0.09375,0.05080952380952381,0.0,0.0,0.0,0.0,-0.0942156251770438,0.0,1,5,0,0,1,0,neutral,neutral,0.7142857142857117,3.6764705882353033,4.444444444444451,-14.803625377643515,-11.598746081504697,-0.995492197789638,7.609285838318169,0.8895298105868754,-13.808133179853877,-19.208031919822865,12.78,23.47,21.25,51.76,21.25,51.76,False,-8000,0,0,split,Q4,confirmed_distribution,0.0,0.0,2.5,2.0,0.0,0.0,4.5,,,,D_V1_weak_V2_weak,實際介入強度低（強度分 0.0/25）；全市場flow percentile偏低（外資P21、投信P52）；價格未確認（Q4、RS20 -13.81）
5547,久舜,建材營建,2026-08-10,excluded,0,5,364,336,28,64.27640156453715,56.32333767926988,4,0,0,4,2,0,外資鎖碼,True,True,3.0,3.0,4.0,18.0,3000,3000,4000,18000,0.0,0.0,0.0,0.0,0,0,0,0,0.0967741935483871,0.05,0.04,0.06923076923076923,0.0,0.0,0.0,0.0,0.03997766327385334,0.0,3,6,0,0,2,0,accelerating,neutral,1.025641025641022,-0.5050505050505083,0.0,-2.4752475247524774,-7.728337236533966,-0.995492197789638,7.609285838318169,-3.5549146338575754,-1.4797553269628394,-15.337623074852136,51.5,31.29,58.15,51.76,58.15,51.76,False,0,0,0,split,Q2,unconfirmed_accumulation,3.5,10.0,3.0,6.0,5.0,5.82,33.32,,,,,連買天數不長，但V2不只依賴連買
5604,中連,其他,2026-08-10,excluded,0,5,365,113,252,64.27640156453715,85.39765319426337,3,0,0,3,1,0,外資鎖碼,True,True,4.0,3.0,3.0,20.0,4000,3000,3000,20000,0.0,0.0,0.0,0.0,0,0,0,0,0.25,0.1111111111111111,0.06666666666666667,0.08658008658008658,0.0,0.0,0.0,0.0,0.06681318681318682,0.0,1,4,0,0,1,0,accelerating,neutral,-0.3278688524590234,1.1647254575707144,0.9966777408637828,-0.9771986970684043,-4.851330203442883,-0.995492197789638,7.609285838318169,-2.5582368929937926,0.018293500721233702,-12.460616041761053,61.93,38.07,65.45,51.76,65.45,51.76,False,0,0,0,mixed,Q1,confirmed_accumulation,3.5,12.5,2.0,6.0,25.0,6.55,55.55,,,,C_V1_weak_V2_strong,價格與RS同步確認（RS20 +0.02）；連買天數不長，但V2不只依賴連買
5608,四維航,航運業,2026-08-10,excluded,0,5,366,213,153,64.27640156453715,72.35984354628422,1256,0,-7,1249,1,0,外資鎖碼,True,True,1194.0,1236.572,1256.038,1970.698,1194000,1236572,1256038,1970698,0.0,0.0,0.0,0.0,0,0,0,0,0.4282639885222382,0.28564841764841764,0.20154653401797176,0.14821735860409146,0.0,0.0,0.0,0.0,0.20787159863344942,0.0,3,7,0,0,1,0,accelerating,neutral,6.41509433962264,6.41509433962264,6.818181818181812,-2.422145328719716,-3.424657534246578,-0.995492197789638,7.609285838318169,3.2632671843242367,-1.4266531309300778,-11.033943372564748,52.02,42.24,88.27,51.76,88.27,51.76,False,-7000,0,0,split,Q2,unconfirmed_accumulation,3.5,12.5,3.5,6.0,5.0,8.83,39.33,,,,,連買天數不長，但V2不只依賴連買
5609,中菲行,航運業,2026-08-10,excluded,0,7,116,110,6,88.33116036505866,85.78878748370273,141,0,-9,132,4,0,外資鎖碼,True,True,34.933,159.933,142.123,303.104,34933,159933,142123,303104,0.0,0.0,0.0,0.0,0,0,0,0,0.2935546218487395,0.3772004716981132,0.1884920424403183,0.1824828416616496,0.0,0.0,0.0,0.0,0.18973464245842087,0.0,4,7,0,0,4,0,decelerating,neutral,0.5063291139240533,1.6645326504481472,1.7948717948718107,0.8894536213468918,-1.1207970112079635,-0.995492197789638,7.609285838318169,-1.7600428389857647,1.8849458191365298,-8.730082849526132,72.62,50.07,86.31,51.76,86.31,51.76,False,-9426,-590,0,split,Q1,confirmed_accumulation,3.5,12.5,3.5,2.75,25.0,8.63,55.88,,,,,價格與RS同步確認（RS20 +1.88）；連買天數不長，但V2不只依賴連買
5704,老爺知,觀光餐旅,2026-08-10,excluded,0,0,733,719,14,19.621903520208605,7.496740547588006,-1,0,0,-1,1,0,外資鎖碼,True,True,4.0,2.0,-1.0,-2.0,4000,2000,-1000,-2000,0.0,0.0,0.0,0.0,0,0,0,0,0.25,0.08,-0.02127659574468085,-0.01639344262295082,0.0,0.0,0.0,0.0,-0.02209051724137931,0.0,1,3,0,0,1,0,reversing_positive,neutral,0.0,-1.1441647597253968,-0.4608294930875445,0.46511627906977715,1.1709601873536313,-0.995492197789638,7.609285838318169,-4.01574412694512,1.4606084768594152,-6.438325650964538,70.53,59.19,39.57,51.76,39.57,51.76,False,0,407,0,mixed,Q4,confirmed_distribution,0.0,0.0,1.5,4.0,0.0,0.0,5.5,,,,D_V1_weak_V2_weak,連買天數不長，但V2不只依賴連買
5706,鳳凰,觀光餐旅,2026-08-10,excluded,0,0,734,696,38,19.621903520208605,11.147327249022164,-87,0,-9,-96,2,0,外資鎖碼,True,True,11.0,46.0,-87.6,-70.63,11000,46000,-87600,-70630,0.0,0.0,0.0,0.0,0,0,0,0,0.10679611650485436,0.09406952965235174,-0.09460043196544277,-0.03570778564206269,0.0,0.0,0.0,0.0,-0.09119411608664528,0.0,2,4,0,0,2,0,reversing_positive,neutral,0.5512679162072764,3.754266211604085,3.28425821064553,-3.081827842720497,-9.343936381709739,-0.995492197789638,7.609285838318169,-0.27065642321204564,-2.086335644930859,-16.953222220027907,47.33,27.64,20.73,51.76,20.73,51.76,False,-9246,0,0,split,Q4,confirmed_distribution,0.0,0.0,2.0,4.0,0.0,0.0,6.0,,,,D_V1_weak_V2_weak,連買天數不長，但V2不只依賴連買
5871,中租-KY,其他,2026-08-10,excluded,0,0,735,479,256,19.621903520208605,37.809647979139505,-5747,-1024,-255,-7026,0,1,投信鎖碼,True,True,-1691.099,-5927.184,-5747.697,10419.158,-1691099,-5927184,-5747697,10419158,12.0,-571.0,-1024.0,-625.076,12000,-571000,-1024000,-625076,-0.2961125897391,-0.3808509927391891,-0.2210992845053085,0.13093506754633993,0.0021012081947119595,-0.036689584270384885,-0.0393906754885367,-0.007855180647188187,-0.2186604912047793,-0.039385819344245114,1,6,2,4,0,1,stable,neutral,0.0,-2.67857142857143,-3.539823008849563,-6.4377682403433445,0.92592592592593,-0.995492197789638,7.609285838318169,-7.0947376427071385,-5.442276042553706,-6.683359912392239,35.72,58.02,7.3,2.48,7.3,2.48,False,-74781,-181329,0,split,Q4,confirmed_distribution,0.0,0.0,5.0,4.5,0.0,0.0,9.5,,,,,差異主要來自V1離散加分與V2連續型強度／排名分數
5876,上海商銀,金融保險,2026-08-10,other_watch,38,7,117,164,-47,88.33116036505866,78.748370273794,4752,-1898,-1788,1066,3,2,強勢雙雄,True,True,904.051,2378.023,4752.788,40591.028,904051,2378023,4752788,40591028,221.0,-854.0,-1898.0,-3316.0,221000,-854000,-1898000,-3316000,0.13123109304688635,0.12709224520335632,0.14140573026687692,0.3703121710016148,0.03208012773987516,-0.04564160119715675,-0.056469608163993934,-0.030251886181383594,0.14153801914179476,-0.056607570555996044,4,9,3,6,3,2,accelerating,reversing_positive,-0.23014959723820505,-1.812004530011324,-2.911534154535267,-1.812004530011324,7.568238213399514,-0.995492197789638,7.609285838318169,-6.466448788392842,-0.8165123322216861,-0.04104762491865532,55.28,73.4,81.62,1.83,81.62,1.83,False,-1150458,-638891,0,split,Q2,unconfirmed_accumulation,3.5,12.5,7.5,8.0,5.0,8.16,44.66,,,,,V1連買訊號高（外資3日／投信2日）；價格未確認（Q2、RS20 -0.82）
5878,台名,金融保險,2026-08-10,excluded,0,0,736,767,-31,19.621903520208605,0.2607561929595828,0,0,0,0,0,0,主力佈局,True,True,0.0,0.0,0.0,2.0,0,0,0,2000,0.0,0.0,0.0,0.0,0,0,0,0,0.0,0.0,0.0,0.03278688524590164,0.0,0.0,0.0,0.0,0.0,0.0,0,1,0,0,0,0,neutral,neutral,0.13089005235600304,0.13089005235600304,-0.390625,-1.2903225806451646,-6.019656019656027,-0.995492197789638,7.609285838318169,-3.9455396338575754,-0.29483038285552654,-13.628941857974198,59.13,35.07,46.41,51.76,46.41,51.76,False,0,0,0,split,,neutral,0.0,0.0,0.5,2.0,0.0,0.0,2.5,,,,D_V1_weak_V2_weak,實際介入強度低（強度分 0.0/25）；全市場flow percentile偏低（外資P46、投信P52）
5880,合庫金,金融保險,2026-08-10,excluded,0,3,435,317,118,45.436766623207305,58.865710560625814,-24913,2822,-149,-22240,0,1,投信鎖碼,True,True,-13969.755,-18910.572,-24914.153,56913.596,-13969755,-18910572,-24914153,56913596,503.783,1022.783,2822.132,9704.646,503783,1022783,2822132,9704646,-0.4332647396334088,-0.2538979337012124,-0.19855237131312808,0.16880693574411543,0.015624569674037775,0.013732133027214995,0.02249087098239546,0.028784186361047837,-0.1977554376101509,0.02256264724091288,1,5,3,8,0,1,stable,accelerating,-0.3816793893129722,-1.8796992481203034,-2.9739776951672736,3.571428571428581,14.72527472527474,-0.995492197789638,7.609285838318169,-6.528892329024849,4.566920769218219,7.115988886956571,83.96,84.09,8.87,96.61,8.87,96.61,False,72523,-220899,0,split,Q4,confirmed_distribution,4.5,5.62,6.5,8.5,0.0,9.66,34.78,,,,,動能較佳（外資 stable／投信 accelerating）
5903,全家,38,2026-08-10,excluded,0,0,737,697,40,19.621903520208605,11.147327249022164,-75,-2,-3,-80,0,0,主力佈局,True,True,-3.026,-16.026,-76.216,-32.832,-3026,-16026,-76216,-32832,0.0,0.0,-2.0,-5.0,0,0,-2000,-5000,-0.10434482758620689,-0.18634883720930231,-0.2722,-0.07761702127659574,0.0,0.0,-0.007142857142857143,-0.01182033096926714,-0.2723739554384514,-0.007269859891721399,0,3,0,0,0,0,stable,neutral,0.8174386920980936,0.5434782608695565,-2.1164021164021163,-1.3333333333333308,-2.1164021164021163,-0.995492197789638,7.609285838318169,-5.671316750259692,-0.33784113554369277,-9.725687954720286,58.8,46.41,5.35,7.3,5.35,7.3,False,-1027,0,0,split,Q4,confirmed_distribution,0.0,0.0,1.5,4.5,0.0,0.0,6.0,,,,D_V1_weak_V2_weak,連買天數不長，但V2不只依賴連買
5906,台南-KY,貿易百貨,2026-08-10,excluded,0,7,118,293,-175,88.33116036505866,61.929595827900904,6,0,-1,5,3,0,外資鎖碼,True,True,1.0,5.0,6.0,9.6,1000,5000,6000,9600,0.0,0.0,0.0,0.0,0,0,0,0,0.5,0.8333333333333334,0.6,0.26666666666666666,0.0,0.0,0.0,0.0,0.6043956043956044,0.0,3,5,0,0,1,0,decelerating,neutral,0.0,5.714285714285716,-1.3333333333333308,7.105263157894748,-15.208333333333323,-0.995492197789638,7.609285838318169,-4.888247967190907,8.100755355684386,-22.817619171651494,90.87,17.08,99.87,51.76,99.87,51.76,False,-1000,0,0,mixed,Q2,unconfirmed_accumulation,3.5,12.5,2.5,2.75,5.0,9.99,36.24,,,,,V1連買訊號高（外資3日／投信0日）；價格未確認（Q2、RS20 +8.10）；近期flow正在減速
6023,元大期,金融保險,2026-08-10,excluded,0,5,367,292,75,64.27640156453715,62.05997392438071,249,-158,0,91,0,0,主力佈局,True,True,-12.4,-84.269,249.373,928.16,-12400,-84269,249373,928160,-39.3,-39.3,-158.3,-317.3,-39300,-39300,-158300,-317300,-0.01753889674681754,-0.053402408111533586,0.09737329168293635,0.1465824384080859,-0.05558698727015559,-0.024904942965779466,-0.06181179226864506,-0.05011054958938724,0.097404118525427,-0.061253019937790525,3,7,0,0,0,0,neutral,stable,-0.34602076124566894,-1.4823261117445807,2.007083825265643,-17.714285714285705,-12.72727272727272,-0.995492197789638,7.609285838318169,-1.5478308085919323,-16.718793516496067,-20.336558565590888,9.65,21.38,72.88,1.56,72.88,1.56,False,0,0,0,split,Q2,unconfirmed_accumulation,3.5,12.5,3.5,4.5,5.0,7.29,36.29,,,,,連買天數不長，但V2不只依賴連買
6024,群益期,金融保險,2026-08-10,excluded,0,5,368,223,145,64.27640156453715,71.05606258148632,450,-1,-6,443,2,0,外資鎖碼,True,True,255.287,311.388,450.801,504.144,255287,311388,450801,504144,0.0,0.0,-1.0,1.0,0,0,-1000,1000,0.3482769440654843,0.2463512658227848,0.19498313148788926,0.06492517707662589,0.0,0.0,-0.00043252595155709344,0.000128783000643915,0.19939886109442675,-0.00042995233794685875,3,5,0,1,2,0,accelerating,neutral,3.6727879799666185,4.020100502512558,6.5180102915952,-2.6645768025078342,9.911504424778773,-0.995492197789638,7.609285838318169,2.9630956577376244,-1.6690846047181962,2.3022185864606035,49.67,77.97,87.74,13.3,87.74,13.3,False,-6000,0,0,split,Q2,unconfirmed_accumulation,3.5,12.5,3.0,6.0,5.0,8.77,38.77,,,,,連買天數不長，但V2不只依賴連買
6103,合邦,半導體業,2026-08-10,excluded,0,5,369,346,23,64.27640156453715,55.019556714471975,1,0,0,1,2,0,外資鎖碼,True,True,0.0,1.0,1.0,2.0,0,1000,1000,2000,0.0,0.0,0.0,0.0,0,0,0,0,0.0,0.14285714285714285,0.1,0.046511627906976744,0.0,0.0,0.0,0.0,0.10113141862489121,0.0,1,2,0,0,0,0,decelerating,neutral,-0.17513134851138146,0.0,0.35211267605634866,-8.36012861736335,-33.9513325608343,-0.995492197789638,7.609285838318169,-3.202801957801227,-7.364636419573712,-41.560618399152474,27.25,2.61,73.4,51.76,73.4,51.76,False,0,0,0,split,Q2,unconfirmed_accumulation,3.5,12.5,1.0,2.75,5.0,7.34,32.09,,,,,連買天數不長，但V2不只依賴連買
6104,創惟,半導體業,2026-08-10,excluded,0,7,119,175,-56,88.33116036505866,77.3142112125163,761,-50,-3,708,8,0,外資鎖碼,True,True,155.048,328.048,761.048,1092.767,155048,328048,761048,1092767,0.0,-50.0,-50.0,3.0,0,-50000,-50000,3000,0.3718177458033573,0.2882671353251318,0.35579616643291256,0.1827980930076949,0.0,-0.043936731107205626,-0.02337540906965872,0.0005018400802944129,0.35604710926519667,-0.023118122669233358,5,9,0,2,8,0,accelerating,neutral,1.6129032258064502,0.31847133757960666,2.2727272727272707,-6.896551724137934,-4.448938321536911,-0.995492197789638,7.609285838318169,-1.2821873611303047,-5.901059526348297,-12.05822415985508,34.42,39.11,97.26,4.17,97.26,4.17,False,-1000,-872,0,split,Q2,unconfirmed_accumulation,3.5,12.5,5.5,6.0,5.0,9.73,42.23,,,,,V1連買訊號高（外資8日／投信0日）；價格未確認（Q2、RS20 -5.90）
6111,光聚晶電,文化創意,2026-08-10,excluded,0,5,370,272,98,64.27640156453715,64.73272490221643,77,0,-1,76,1,0,外資鎖碼,True,True,81.0,93.0,76.05,175.325,81000,93000,76050,175325,0.0,0.0,0.0,0.0,0,0,0,0,0.43315508021390375,0.2198581560283688,0.09285714285714286,0.09251978891820581,0.0,0.0,0.0,0.0,0.09401445387048704,0.0,3,6,0,0,1,0,accelerating,neutral,1.3513513513513598,0.40160642570281624,-0.9247027741083214,-8.200734394124854,-21.711899791231726,-0.995492197789638,7.609285838318169,-4.479617407965897,-7.205242196335217,-29.321185629549895,28.16,10.17,72.1,51.76,72.1,51.76,False,0,-1199,0,split,Q2,unconfirmed_accumulation,3.5,12.5,3.0,6.0,5.0,7.21,37.21,,,,,連買天數不長，但V2不只依賴連買
6113,亞矽,電子通路,2026-08-10,excluded,0,0,738,731,7,19.621903520208605,5.215123859191656,-135,0,-1,-136,1,0,外資鎖碼,True,True,28.0,-123.0,-135.0,-79.0,28000,-123000,-135000,-79000,0.0,0.0,0.0,0.0,0,0,0,0,0.05894736842105263,-0.08151093439363817,-0.08011869436201781,-0.03188054882970137,0.0,0.0,0.0,0.0,-0.07889289341312254,0.0,2,6,0,0,1,0,neutral,neutral,3.177966101694918,8.463251670378625,12.993039443155464,-7.939508506616244,2.310924369747913,-0.995492197789638,7.609285838318169,9.43812480929789,-6.9440163088266065,-5.298361468570256,29.73,61.93,25.03,51.76,25.03,51.76,False,-1000,650,0,split,Q4,confirmed_distribution,0.0,0.0,3.0,2.0,0.0,0.0,5.0,,,,D_V1_weak_V2_weak,連買天數不長，但V2不只依賴連買
6114,久威,電子零組件,2026-08-10,excluded,0,0,739,611,128,19.621903520208605,23.598435462842243,-24,0,-1,-25,0,0,主力佈局,True,True,-3.0,-18.0,-24.0,-8.0,-3000,-18000,-24000,-8000,0.0,0.0,0.0,0.0,0,0,0,0,-0.2,-0.20454545454545456,-0.2222222222222222,-0.0199501246882793,0.0,0.0,0.0,0.0,-0.21995944180930777,0.0,0,5,0,0,0,0,stable,neutral,-2.1857923497267673,4.271844660194191,4.069767441860472,-7.253886010362686,-12.398042414355615,-0.995492197789638,7.609285838318169,0.5148528080028969,-6.258393812573049,-20.007328252673783,32.59,22.03,7.17,51.76,7.17,51.76,False,-2000,125,0,split,Q4,confirmed_distribution,0.0,0.0,2.5,4.5,0.0,0.0,7.0,,,,D_V1_weak_V2_weak,連買天數不長，但V2不只依賴連買
6115,鎰勝,電子零組件,2026-08-10,excluded,0,7,120,302,-182,88.33116036505866,60.75619295958279,139,0,-10,129,4,0,外資鎖碼,True,True,5.0,120.0,139.0,112.3,5000,120000,139000,112300,0.0,0.0,0.0,0.0,0,0,0,0,0.05555555555555555,0.21201413427561838,0.16868932038834952,0.05901208617971624,0.0,0.0,0.0,0.0,0.16895708817406488,0.0,4,7,0,0,4,0,decelerating,neutral,-0.1103752759381793,0.3325942350332456,0.0,-1.0928961748633892,-3.7234042553191515,-0.995492197789638,7.609285838318169,-3.5549146338575754,-0.09740397707375115,-11.332690093637321,60.23,41.46,83.83,51.76,83.83,51.76,False,-10000,0,0,split,Q2,unconfirmed_accumulation,3.5,12.5,3.5,2.75,5.0,8.38,35.63,,,,,V1連買訊號高（外資4日／投信0日）；價格未確認（Q2、RS20 -0.10）；近期flow正在減速
6116,彩晶,光電業,2026-08-10,excluded,0,0,740,664,76,19.621903520208605,16.558018252933508,-9548,0,410,-9138,1,0,外資鎖碼,True,True,4713.923,-12945.467,-9546.419,-5005.504,4713923,-12945467,-9546419,-5005504,0.0,0.0,0.0,0.0,0,0,0,0,0.061810592153571806,-0.06553041017671565,-0.03758121966294125,-0.011269292076042613,0.0,0.0,0.0,0.0,-0.03561711972256867,0.0,3,7,0,0,1,0,neutral,neutral,9.963099630996307,4.929577464788748,19.199999999999996,-10.240963855421692,43.269230769230774,-0.995492197789638,7.609285838318169,15.645085366142421,-9.245471657632054,35.6599449309126,22.43,96.35,35.2,51.76,35.2,51.76,False,48000,362097,0,split,Q4,confirmed_distribution,1.0,0.0,3.5,2.0,0.0,0.0,6.5,,,,D_V1_weak_V2_weak,連買天數不長，但V2不只依賴連買
6118,建達,電子通路,2026-08-10,excluded,0,5,371,214,157,64.27640156453715,72.22946544980444,73,0,0,73,1,0,外資鎖碼,True,True,12.0,7.0,73.0,370.0,12000,7000,73000,370000,0.0,0.0,0.0,0.0,0,0,0,0,0.08450704225352113,0.028112449799196786,0.15208333333333332,0.20635805911879532,0.0,0.0,0.0,0.0,0.15230360955364447,0.0,3,8,0,0,1,0,accelerating,neutral,0.0,-0.6369426751592355,-1.2658227848101333,-7.692307692307687,-15.675675675675683,-0.995492197789638,7.609285838318169,-4.820737418667709,-6.696815494518049,-23.284961513993853,30.57,16.69,82.79,51.76,82.79,51.76,False,0,-300,0,split,Q2,unconfirmed_accumulation,3.5,12.5,4.0,6.0,5.0,8.28,39.28,,,,,連買天數不長，但V2不只依賴連買
6121,新普,電腦週邊,2026-08-10,excluded,0,7,121,161,-40,88.33116036505866,79.13950456323337,1844,-65,-16,1763,9,1,強勢雙雄,True,True,521.851,1234.542,1846.487,2873.997,521851,1234542,1846487,2873997,12.2,-8.501,-64.562,177.022,12200,-8501,-64562,177022,0.4506485319516408,0.4399650748396294,0.4438670673076923,0.30103666073111973,0.010535405872193437,-0.0030295794725588025,-0.015519711538461538,0.01854215984078768,0.44490614354739255,-0.014966665171486622,5,9,2,5,9,1,accelerating,reversing_positive,5.898123324396787,6.040268456375841,8.965517241379306,-1.126408010012514,6.040268456375841,-0.995492197789638,7.609285838318169,5.410602607521731,-0.13091581222287596,-1.569017381942328,59.97,70.14,98.7,5.22,98.7,5.22,False,-24829,7541,0,split,Q2,unconfirmed_accumulation,3.5,12.5,7.0,8.0,5.0,9.87,45.87,,,,,V1連買訊號高（外資9日／投信1日）；價格未確認（Q2、RS20 -0.13）
6123,上奇,資訊服務,2026-08-10,excluded,0,5,372,101,271,64.27640156453715,86.96219035202087,31,0,0,31,1,0,外資鎖碼,True,True,54.0,49.0,31.0,48.0,54000,49000,31000,48000,0.0,0.0,0.0,0.0,0,0,0,0,0.4909090909090909,0.30246913580246915,0.13191489361702127,0.0933852140077821,0.0,0.0,0.0,0.0,0.13608550500772335,0.0,1,3,0,0,1,0,accelerating,neutral,2.3668639053254337,2.4881516587677677,2.3668639053254337,3.7170263788968816,-1.5927189988623525,-0.995492197789638,7.609285838318169,-1.1880507285321418,4.71251857668652,-9.202004837180521,84.62,48.24,80.57,51.76,80.57,51.76,False,0,-227,0,split,Q1,confirmed_accumulation,3.5,12.5,1.5,6.0,25.0,8.06,56.56,,,,C_V1_weak_V2_strong,價格與RS同步確認（RS20 +4.71）；連買天數不長，但V2不只依賴連買
6125,廣運,電機機械,2026-08-10,excluded,0,0,741,612,129,19.621903520208605,23.598435462842243,-110,0,6,-104,0,0,主力佈局,True,True,-11.457,-282.225,-111.225,172.824,-11457,-282225,-111225,172824,0.0,0.0,0.0,0.0,0,0,0,0,-0.019517887563884156,-0.14399234693877552,-0.036006798316607316,0.019484103720405863,0.0,0.0,0.0,0.0,-0.03723291296712275,0.0,2,5,0,0,0,0,stable,neutral,1.2145748987854255,1.8329938900203624,7.526881720430101,-12.891986062717764,-14.529914529914533,-0.995492197789638,7.609285838318169,3.9719670865725254,-11.896493864928127,-22.139200368232704,15.91,18.25,35.59,51.76,35.59,51.76,False,0,7604,0,split,Q4,confirmed_distribution,0.0,0.0,2.5,4.5,0.0,0.0,7.0,,,,D_V1_weak_V2_weak,連買天數不長，但V2不只依賴連買
6127,九豪,電子零組件,2026-08-10,excluded,0,5,373,377,-4,64.27640156453715,50.97783572359843,659,0,31,690,1,0,外資鎖碼,True,True,304.0,-71.814,660.06,1610.409,304000,-71814,660060,1610409,0.0,0.0,0.0,0.0,0,0,0,0,0.11471698113207547,-0.009466649090429739,0.04199389235271663,0.04398342164199487,0.0,0.0,0.0,0.0,0.04323630983137315,0.0,4,6,0,0,1,0,reversing_negative,neutral,4.573804573804563,1.9250253292806496,4.248704663212433,-28.245363766048502,6.118143459915615,-0.995492197789638,7.609285838318169,0.6937900293548571,-27.249871568258865,-1.4911423784025546,1.96,70.27,58.41,51.76,58.41,51.76,False,0,31074,0,split,Q2,unconfirmed_accumulation,3.5,10.5,3.0,1.0,5.0,5.84,28.84,,,,,全市場flow percentile偏低（外資P58、投信P52）；價格未確認（Q2、RS20 -27.25）；近期flow已轉負
6140,訊達,資訊服務,2026-08-10,excluded,0,7,122,199,-77,88.33116036505866,74.1199478487614,74,0,0,74,3,0,外資鎖碼,True,True,52.0,77.0,74.0,144.0,52000,77000,74000,144000,0.0,0.0,0.0,0.0,0,0,0,0,0.6753246753246753,0.41621621621621624,0.22910216718266255,0.15254237288135594,0.0,0.0,0.0,0.0,0.2309587504711474,0.0,4,8,0,0,3,0,accelerating,neutral,0.586510263929596,2.083333333333326,4.892966360856255,-10.209424083769647,-14.676616915422901,-0.995492197789638,7.609285838318169,1.3380517269986791,-9.21393188598001,-22.28590275374107,22.56,18.12,90.48,51.76,90.48,51.76,False,0,-502,0,split,Q2,unconfirmed_accumulation,3.5,12.5,4.0,6.0,5.0,9.05,40.05,,,,,V1連買訊號高（外資3日／投信0日）；價格未確認（Q2、RS20 -9.21）
6146,耕興,其他電子,2026-08-10,excluded,0,0,742,485,257,19.621903520208605,37.222946544980445,-106,-1,10,-97,1,0,外資鎖碼,True,True,56.798,-138.721,-105.032,-245.982,56798,-138721,-105032,-245982,0.0,0.568,-0.472,4.489,0,568,-472,4489,0.2448189655172414,-0.14556243441762853,-0.07820699925539837,-0.06648162162162162,0.0,0.00059601259181532,-0.00035145197319434105,0.0012132432432432432,-0.07641649573150482,-0.0003710797241594874,2,4,1,2,1,0,reversing_positive,reversing_positive,2.127659574468077,-1.0309278350515427,0.5235602094240788,-3.0303030303030276,-12.727272727272732,-0.995492197789638,7.609285838318169,-3.0313544244334967,-2.0348108325133896,-20.336558565590902,47.46,21.25,25.55,13.56,25.55,13.56,False,-394,11746,0,split,Q4,confirmed_distribution,0.0,0.0,3.0,6.0,0.0,0.0,9.0,,,,,連買天數不長，但V2不只依賴連買
6147,頎邦,半導體業,2026-08-10,excluded,0,0,743,476,267,19.621903520208605,38.200782268578884,-1670,-2626,-479,-4775,0,2,投信鎖碼,True,True,-336.059,-5779.487,-1671.429,7690.114,-336059,-5779487,-1671429,7690114,50.404,-1268.237,-2626.787,-7372.861,50404,-1268237,-2626787,-7372861,-0.01375261908659355,-0.08552826530914256,-0.013983460080817207,0.027681498306378168,0.002062694385333115,-0.01876812087489271,-0.0219761480477541,-0.02653950764379587,-0.015625478188334076,-0.021871024836852736,1,4,2,3,0,2,stable,reversing_positive,5.119453924914685,-2.8391167192429068,13.653136531365305,-22.22222222222222,-17.426273458445042,-0.995492197789638,7.609285838318169,10.098221897507731,-21.226730024432584,-25.03555929676321,5.87,13.56,42.63,4.43,42.63,4.43,False,-585142,106292,0,split,Q4,confirmed_distribution,0.0,0.0,3.5,6.5,0.0,0.0,10.0,,,,,連買天數不長，但V2不只依賴連買
6148,驊宏資,資訊服務,2026-08-10,excluded,0,0,744,665,79,19.621903520208605,16.558018252933508,-37,0,1,-36,1,0,外資鎖碼,True,True,89.0,-51.999,-38.062,79.938,89000,-51999,-38062,79938,0.0,0.0,0.0,0.0,0,0,0,0,0.45408163265306123,-0.044104325699745546,-0.015503869653767821,0.015134040136312003,0.0,0.0,0.0,0.0,-0.014738151696586968,0.0,2,5,0,0,1,0,reversing_positive,neutral,1.9607843137254832,-3.703703703703698,6.1224489795918435,-8.479999999999999,-0.8665511265164683,-0.995492197789638,7.609285838318169,2.567534345734268,-7.484507802210361,-8.475836964834638,27.12,50.98,41.72,51.76,41.72,51.76,False,0,406,0,split,Q4,confirmed_distribution,0.0,0.0,2.5,4.0,0.0,0.0,6.5,,,,D_V1_weak_V2_weak,連買天數不長，但V2不只依賴連買
6150,撼訊,電腦週邊,2026-08-10,excluded,0,7,123,188,-65,88.33116036505866,75.68448500651891,178,0,2,180,10,0,外資鎖碼,True,True,91.609,126.609,178.609,387.609,91609,126609,178609,387609,0.0,0.0,0.0,0.0,0,0,0,0,0.2509835616438356,0.2038792270531401,0.1894050901378579,0.16728916702632715,0.0,0.0,0.0,0.0,0.19036729201326633,0.0,5,10,0,0,10,0,accelerating,neutral,5.208333333333326,3.236797274275971,7.2566371681416,-1.6233766233766267,-12.554112554112551,-0.995492197789638,7.609285838318169,3.7017225342840243,-0.6278844255869886,-20.16339839243072,57.24,21.51,86.57,51.76,86.57,51.76,False,0,1021,0,split,Q2,unconfirmed_accumulation,3.5,12.5,5.0,6.0,5.0,8.66,40.66,,,,,V1連買訊號高（外資10日／投信0日）；價格未確認（Q2、RS20 -0.63）
6155,鈞寶,電子零組件,2026-08-10,excluded,0,5,374,448,-74,64.27640156453715,41.720990873533246,30,-3,-15,12,0,0,主力佈局,True,True,-144.0,-51.75,30.884,-16.538,-144000,-51750,30884,-16538,0.0,-5.0,-3.0,2.0,0,-5000,-3000,2000,-0.08812729498164015,-0.01311454637607704,0.004002592016588907,-0.000785541253028072,0.0,-0.0012671059300557526,-0.00038880248833592535,9.499833752909324e-05,0.004938270981077892,-0.00040068610045898936,2,5,1,3,0,0,reversing_negative,neutral,-0.18761726078798668,-3.0965391621129212,-0.5607476635513975,-24.216524216524217,3.90625,-0.995492197789638,7.609285838318169,-4.1156622974089725,-23.22103201873458,-3.7030358383181694,4.43,66.36,47.85,13.43,47.85,13.43,False,-6137,-10787,0,split,Q2,unconfirmed_accumulation,3.5,1.0,4.0,1.0,5.0,4.79,19.29,,,,,實際介入強度低（強度分 1.0/25）；全市場flow percentile偏低（外資P48、投信P13）；價格未確認（Q2、RS20 -23.22）；近期flow已轉負
6156,松上,電子零組件,2026-08-10,excluded,0,0,745,613,132,19.621903520208605,23.598435462842243,-421,0,-7,-428,2,0,外資鎖碼,True,True,77.01,-438.99,-420.99,241.12,77010,-438990,-420990,241120,0.0,0.0,0.0,0.0,0,0,0,0,0.17462585034013606,-0.09489623865110246,-0.06731531819635433,0.018892110005484603,0.0,0.0,0.0,0.0,-0.06575657665042428,0.0,3,6,0,0,2,0,reversing_positive,neutral,0.9708737864077666,-6.935123042505598,-2.3474178403755874,-26.63139329805997,7.772020725388606,-0.995492197789638,7.609285838318169,-5.902332474233162,-25.63590110027033,0.16273488707043704,2.74,73.79,28.68,51.76,28.68,51.76,False,0,-7989,0,split,Q4,confirmed_distribution,0.0,0.0,3.0,4.0,0.0,0.0,7.0,,,,D_V1_weak_V2_weak,連買天數不長，但V2不只依賴連買
6158,禾昌,電子零組件,2026-08-10,excluded,0,5,375,410,-35,64.27640156453715,46.67535853976532,5,0,0,5,1,0,外資鎖碼,True,True,14.0,4.0,5.0,-8.0,14000,4000,5000,-8000,0.0,0.0,0.0,0.0,0,0,0,0,0.15053763440860216,0.013986013986013986,0.013623978201634877,-0.013745704467353952,0.0,0.0,0.0,0.0,0.013667185776393484,0.0,2,3,0,0,1,0,accelerating,neutral,1.2121212121211977,-2.9069767441860517,-3.746397694524506,-12.335958005249347,-6.703910614525133,-0.995492197789638,7.609285838318169,-7.301312328382082,-11.34046580745971,-14.313196452843302,17.47,34.16,51.24,51.76,51.24,51.76,False,0,828,0,split,Q2,unconfirmed_accumulation,3.5,3.41,1.5,6.0,5.0,5.12,24.53,,,,,實際介入強度低（強度分 3.4/25）；全市場flow percentile偏低（外資P51、投信P52）；價格未確認（Q2、RS20 -11.34）
6160,欣技,電腦週邊,2026-08-10,excluded,0,0,746,749,-3,19.621903520208605,3.455019556714472,-12,0,0,-12,0,0,主力佈局,True,True,0.0,-5.0,-12.0,5.0,0,-5000,-12000,5000,0.0,0.0,0.0,0.0,0,0,0,0,0.0,-0.037037037037037035,-0.04597701149425287,0.0072254335260115606,0.0,0.0,0.0,0.0,-0.0463030401122171,0.0,2,5,0,0,0,0,neutral,neutral,0.7117437722419906,-1.3937282229965153,0.35460992907800915,-11.838006230529597,-13.719512195121942,-0.995492197789638,7.609285838318169,-3.2003047047795663,-10.84251403273996,-21.328798033440112,18.77,19.69,33.25,51.76,33.25,51.76,False,0,442,0,split,Q4,confirmed_distribution,0.0,0.0,2.5,2.0,0.0,0.0,4.5,,,,D_V1_weak_V2_weak,實際介入強度低（強度分 0.0/25）；全市場flow percentile偏低（外資P33、投信P52）；價格未確認（Q4、RS20 -10.84）
6161,捷波,電腦週邊,2026-08-10,excluded,0,7,124,290,-166,88.33116036505866,62.385919165580184,568,0,-2,566,7,0,外資鎖碼,True,True,107.493,360.644,569.541,668.541,107493,360644,569541,668541,0.0,0.0,0.0,0.0,0,0,0,0,0.1587784342688331,0.18095534370296038,0.14041937869822485,0.1351133791430881,0.0,0.0,0.0,0.0,0.1402628092823045,0.0,5,9,0,0,7,0,decelerating,neutral,-4.667863554757634,-4.496402877697847,10.624999999999996,-2.7472527472527486,15.686274509803933,-0.995492197789638,7.609285838318169,7.070085366142421,-1.7517605494631106,8.076988671485765,49.28,84.88,81.36,51.76,81.36,51.76,False,-3000,-227,0,split,Q2,unconfirmed_accumulation,3.5,12.5,4.5,2.75,5.0,8.14,36.39,,,,,V1連買訊號高（外資7日／投信0日）；價格未確認（Q2、RS20 -1.75）；近期flow正在減速
6163,華電網,資訊服務,2026-08-10,excluded,0,7,125,191,-66,88.33116036505866,75.22816166883963,863,0,13,876,6,0,外資鎖碼,True,True,267.0,465.999,864.198,1727.527,267000,465999,864198,1727527,0.0,0.0,0.0,0.0,0,0,0,0,0.42857142857142855,0.3150770791075051,0.2656618505994467,0.186941564765718,0.0,0.0,0.0,0.0,0.26687896173944875,0.0,5,8,0,0,6,0,accelerating,neutral,3.3210332103321027,1.8181818181818077,6.194690265486735,-8.096280087527363,-30.57851239669421,-0.995492197789638,7.609285838318169,2.63977563162916,-7.100787889737726,-38.18779823501238,28.94,4.69,93.74,51.76,93.74,51.76,False,-1200,15501,0,split,Q2,unconfirmed_accumulation,3.5,12.5,4.0,6.0,5.0,9.37,40.37,,,,,V1連買訊號高（外資6日／投信0日）；價格未確認（Q2、RS20 -7.10）
6169,昱泉,文化創意,2026-08-10,excluded,0,0,747,732,15,19.621903520208605,5.215123859191656,-8,0,0,-8,0,0,主力佈局,True,True,-3.0,-7.0,-8.0,-3.0,-3000,-7000,-8000,-3000,0.0,0.0,0.0,0.0,0,0,0,0,-0.10344827586206896,-0.08860759493670886,-0.08080808080808081,-0.019230769230769232,0.0,0.0,0.0,0.0,-0.08126515064065566,0.0,0,1,0,0,0,0,stable,neutral,1.1718749999999778,-2.264150943396237,-3.3582089552238847,-13.08724832214766,-13.666666666666671,-0.995492197789638,7.609285838318169,-6.91312358908146,-12.091756124358023,-21.27595250498484,15.51,19.82,24.77,51.76,24.77,51.76,False,0,-84,0,split,Q4,confirmed_distribution,0.0,0.0,0.5,4.5,0.0,0.0,5.0,,,,D_V1_weak_V2_weak,連買天數不長，但V2不只依賴連買
6173,信昌電,電子零組件,2026-08-10,excluded,0,0,748,698,50,19.621903520208605,11.147327249022164,-4578,0,-1279,-5857,0,0,主力佈局,True,True,-117.429,-1679.33,-4579.96,-4165.115,-117429,-1679330,-4579960,-4165115,0.0,0.0,-0.225,-0.225,0,0,-225,-225,-0.023443601517268917,-0.10272388059701493,-0.14039482557783092,-0.11022321901132635,0.0,0.0,-6.897185948133161e-06,-5.954271197205462e-06,-0.13872371876847256,-6.881589759378842e-06,0,3,0,0,0,0,stable,neutral,6.645569620253156,2.1212121212121238,5.312500000000009,-31.919191919191913,-2.034883720930236,-0.995492197789638,7.609285838318169,1.7575853661424334,-30.923699721402276,-9.644169559248406,0.78,46.54,13.82,14.86,13.82,14.86,False,-816564,-462805,0,split,Q4,confirmed_distribution,0.0,0.0,1.5,4.5,0.0,0.0,6.0,,,,D_V1_weak_V2_weak,連買天數不長，但V2不只依賴連買
6175,立敦,電子零組件,2026-08-10,excluded,0,5,376,325,51,64.27640156453715,57.75749674054759,598,0,0,598,1,0,外資鎖碼,True,True,47.0,167.06,599.452,1335.976,47000,167060,599452,1335976,0.0,0.0,0.0,0.0,0,0,0,0,0.03893951946975974,0.05073185545095658,0.09583565147881695,0.07930052828396747,0.0,0.0,0.0,0.0,0.09559273019409066,0.0,4,6,0,0,1,0,decelerating,neutral,0.9345794392523255,-1.6905071521456594,3.8461538461538325,-25.517241379310352,9.565217391304337,-0.995492197789638,7.609285838318169,0.29123921229625704,-24.521749181520715,1.9559315529861676,3.13,77.31,72.62,51.76,72.62,51.76,False,0,-2039,0,split,Q2,unconfirmed_accumulation,3.5,12.5,3.0,2.75,5.0,7.26,34.01,,,,,連買天數不長，但V2不只依賴連買
6177,達麗,建材營建,2026-08-10,buy_candidates,50,0,749,554,195,19.621903520208605,29.85658409387223,-761,-10,199,-572,0,0,主力佈局,True,True,-1034.35,-85.33,-761.011,-1265.736,-1034350,-85330,-761011,-1265736,0.0,0.0,-11.154,-25.002,0,0,-11154,-25002,-0.6287841945288754,-0.0176410998552822,-0.1067486323467527,-0.08199365161624668,0.0,0.0,-0.0015645953149109272,-0.0016196152102092376,-0.10352248298642043,-0.0015412296872901088,2,5,0,0,0,0,reversing_positive,neutral,-0.6147540983606481,1.5706806282722585,2.428722280887019,5.206073752711493,6.126914660831506,-0.995492197789638,7.609285838318169,-1.1261923529705564,6.201565950501131,-1.4823711774866632,87.87,70.4,19.56,11.47,19.56,11.47,False,200740,0,0,split,Q3,absorption_divergence,1.0,0.0,2.5,4.0,0.0,0.0,7.5,14.0,34.0,-20.0,,連買天數不長，但V2不只依賴連買
6180,橘子,文化創意,2026-08-10,excluded,0,0,750,614,136,19.621903520208605,23.598435462842243,-277,0,-4,-281,2,0,外資鎖碼,True,True,69.0,-44.4,-278.36,-3.894,69000,-44400,-278360,-3894,0.0,0.0,0.0,0.0,0,0,0,0,0.1571753986332574,-0.034101382488479264,-0.12635497049477984,-0.000777555910543131,0.0,0.0,0.0,0.0,-0.1239447123750808,0.0,2,6,0,0,2,0,reversing_positive,neutral,1.2091898428053138,2.3227383863080764,2.6993865030674913,-7.71775082690187,7.583547557840631,-0.995492197789638,7.609285838318169,-0.8555281307900842,-6.722258629112233,-0.025738280477538567,30.25,73.53,16.56,51.76,16.56,51.76,False,-4000,-758,0,split,Q4,confirmed_distribution,0.0,0.0,3.0,4.0,0.0,0.0,7.0,,,,D_V1_weak_V2_weak,連買天數不長，但V2不只依賴連買
6183,關貿,資訊服務,2026-08-10,excluded,0,0,751,555,196,19.621903520208605,29.85658409387223,-4,0,-2,-6,0,0,主力佈局,True,True,-2.0,-16.0,-4.0,89.6,-2000,-16000,-4000,89600,0.0,0.0,0.0,0.0,0,0,0,0,-0.058823529411764705,-0.1839080459770115,-0.023391812865497075,0.21132075471698114,0.0,0.0,0.0,0.0,-0.02307574948508658,0.0,1,6,0,0,0,0,stable,neutral,1.1982570806100323,0.8686210640608261,1.088139281828071,2.9933481152993435,0.9782608695652284,-0.995492197789638,7.609285838318169,-2.4667753520295044,3.9888403130889816,-6.631024968752941,81.1,58.28,38.98,51.76,38.98,51.76,False,-2056,0,0,split,Q3,absorption_divergence,0.0,0.0,3.0,4.5,0.0,0.0,7.5,,,,,連買天數不長，但V2不只依賴連買
6184,大豐電,其他,2026-08-10,excluded,0,5,377,224,153,64.27640156453715,70.92568448500653,22,0,-4,18,2,0,外資鎖碼,True,True,5.0,10.0,22.0,123.695,5000,10000,22000,123695,0.0,0.0,0.0,0.0,0,0,0,0,0.17857142857142858,0.07936507936507936,0.09565217391304348,0.21815696649029984,0.0,0.0,0.0,0.0,0.09557696856264333,0.0,4,9,0,0,2,0,accelerating,neutral,0.23752969121140222,-0.35419126328216644,-0.7058823529411673,-1.4018691588784882,-8.55904658721559,-0.995492197789638,7.609285838318169,-4.260796986798743,-0.40637696108885013,-16.16833242553376,58.41,28.55,72.49,51.76,72.49,51.76,False,-4000,0,0,split,Q2,unconfirmed_accumulation,3.5,12.5,4.5,6.0,5.0,7.25,38.75,,,,,連買天數不長，但V2不只依賴連買
6187,萬潤,半導體業,2026-08-10,other_watch,43,15,12,17,-5,99.21773142112124,97.91395045632333,948,173,117,1238,2,1,黃金滿貫,True,True,74.736,180.258,950.5,1714.793,74736,180258,950500,1714793,56.0,111.55,174.484,-106.616,56000,111550,174484,-106616,0.01827286063569682,0.016237996576884964,0.051739154101573134,0.05783060164575745,0.013691931540342298,0.010048644266282316,0.009497795438462795,-0.0035955753406178336,0.05062186019906077,0.009638899567998065,4,8,4,6,2,1,accelerating,reversing_negative,-3.539823008849563,1.869158878504673,8.457711442786064,5.31400966183575,-4.385964912280704,-0.995492197789638,7.609285838318169,4.902796808928488,6.309501859625389,-11.995250750598874,88.14,39.5,60.89,94.13,60.89,94.13,True,104199,14857,0,split,Q1,confirmed_accumulation,10.0,14.87,7.0,5.0,25.0,15.5,77.37,,,,A_V1_strong_V2_strong,近期flow已轉負
6188,廣明,電腦週邊,2026-08-10,excluded,0,5,378,355,23,64.27640156453715,53.84615384615385,181,0,56,237,1,0,外資鎖碼,True,True,61.451,-30.549,182.36,1461.622,61451,-30549,182360,1461622,0.0,0.0,0.0,0.0,0,0,0,0,0.102078073089701,-0.016336363636363635,0.04475092024539877,0.12675587546613476,0.0,0.0,0.0,0.0,0.04485874402323348,0.0,4,8,0,0,1,0,reversing_negative,neutral,1.4064697609001309,1.836158192090398,3.147353361945626,-7.207207207207222,-13.237063778580026,-0.995492197789638,7.609285838318169,-0.40756127191194924,-6.211715009417585,-20.846349616898195,32.86,20.86,59.19,51.76,59.19,51.76,False,48537,10433,0,split,Q2,unconfirmed_accumulation,4.5,11.19,4.0,1.0,5.0,5.92,31.61,,,,,連買天數不長，但V2不只依賴連買
6189,豐藝,電子通路,2026-08-10,excluded,0,7,126,200,-74,88.33116036505866,74.1199478487614,917,-9,-12,896,8,0,外資鎖碼,True,True,185.0,412.078,918.951,1326.57,185000,412078,918951,1326570,0.0,0.228,-8.848,-18.92,0,228,-8848,-18920,0.2837423312883436,0.29710021629416006,0.4067954847277556,0.22231774761186526,0.0,0.00016438356164383562,-0.0039167773351040285,-0.0031707725825372885,0.40604761244435067,-0.0038857043093665435,5,8,1,1,8,0,decelerating,reversing_positive,0.9259259259259078,0.5122950819672178,3.919491525423724,-1.7034068136272618,1.763485477178417,-0.995492197789638,7.609285838318169,0.3645768915661485,-0.7079146158376237,-5.845800361139752,56.52,60.63,98.04,8.74,98.04,8.74,False,-25022,13879,0,split,Q2,unconfirmed_accumulation,3.5,12.5,4.5,4.75,5.0,9.8,40.05,,,,,V1連買訊號高（外資8日／投信0日）；價格未確認（Q2、RS20 -0.71）；近期flow正在減速
6190,萬泰科,通信網路,2026-08-10,excluded,0,5,379,353,26,64.27640156453715,54.10691003911343,203,0,20,223,1,0,外資鎖碼,True,True,313.0,20.098,202.478,1584.296,313000,20098,202478,1584296,0.0,0.0,0.0,0.0,0,0,0,0,0.20089858793324775,0.005445136819290165,0.03241203777813351,0.09376196958039888,0.0,0.0,0.0,0.0,0.03461044667216924,0.0,4,7,0,0,1,0,accelerating,neutral,4.5592705167173175,1.3254786450662692,6.172839506172845,-12.244897959183687,-12.020460358056273,-0.995492197789638,7.609285838318169,2.6179248723152693,-11.24940576139405,-19.62974619637444,17.73,22.69,56.45,51.76,56.45,51.76,False,-3030,23502,0,split,Q2,unconfirmed_accumulation,3.5,8.1,3.5,6.0,5.0,5.64,31.74,,,,,連買天數不長，但V2不只依賴連買
6195,詩肯,38,2026-08-10,excluded,0,2,467,167,300,41.19947848761408,78.35723598435462,3,0,-4,-1,1,0,外資鎖碼,True,True,14.0,10.0,3.0,12.0,14000,10000,3000,12000,0.0,0.0,0.0,0.0,0,0,0,0,0.0782122905027933,0.040160642570281124,0.010869565217391304,0.03076923076923077,0.0,0.0,0.0,0.0,0.013908161373039268,0.0,1,2,0,0,1,0,accelerating,neutral,6.813996316758764,7.606679035250474,7.407407407407418,10.056925996204935,7.407407407407418,-0.995492197789638,7.609285838318169,3.8524927735498427,11.052418193994573,-0.2018784309107513,94.65,73.01,49.8,51.76,49.8,51.76,False,-4000,-547,0,split,Q1,confirmed_accumulation,3.5,2.72,1.0,6.0,25.0,4.98,43.2,,,,C_V1_weak_V2_strong,價格與RS同步確認（RS20 +11.05）；連買天數不長，但V2不只依賴連買
6196,帆宣,其他電子,2026-08-10,other_watch,56,5,380,180,200,64.27640156453715,76.66232073011734,868,-461,61,468,2,0,外資鎖碼,True,True,394.523,762.61,868.975,1396.713,394523,762610,868975,1396713,0.0,-360.0,-462.0,-369.0,0,-360000,-462000,-369000,0.38984486166007903,0.16834657836644593,0.10027405954304178,0.07689880526344767,0.0,-0.07947019867549669,-0.05331179321486268,-0.020316027088036117,0.09991360452708076,-0.051995604361285586,4,8,1,6,2,0,accelerating,neutral,2.735562310030404,-0.39292730844793233,2.6315789473684292,-7.985480943738654,16.417910447761198,-0.995492197789638,7.609285838318169,-0.9233356864891462,-6.989988745949017,8.80862460944303,29.6,86.05,73.66,1.96,73.66,1.96,False,-17048,81020,0,split,Q2,unconfirmed_accumulation,3.5,12.5,7.0,6.0,5.0,7.37,41.37,,,,C_V1_weak_V2_strong,差異主要來自V1離散加分與V2連續型強度／排名分數
6197,佳必琪,電子零組件,2026-08-10,buy_candidates,60,3,436,439,-3,45.436766623207305,42.89439374185137,-809,43,-178,-944,1,0,外資鎖碼,True,True,386.108,-820.93,-807.09,-648.248,386108,-820930,-807090,-648248,0.0,0.0,43.0,107.0,0,0,43000,107000,0.17654686785550983,-0.10653127433168959,-0.06802275600505689,-0.02928875434871007,0.0,0.0,0.0036241045090602613,0.0048344101567794695,-0.06322405770253993,0.003653092978718885,3,5,1,5,1,0,neutral,neutral,5.28109028960817,-1.1199999999999988,2.148760330578514,-5.936073059360735,36.42384105960266,-0.995492197789638,7.609285838318169,-1.4061543032790613,-4.940580861571098,28.81455522128449,36.77,94.65,28.55,92.7,28.55,92.7,False,-24284,-153811,0,split,Q4,confirmed_distribution,3.5,0.91,5.0,2.0,0.0,9.27,20.68,9.0,29.0,-20.0,,實際介入強度低（強度分 0.9/25）；價格未確認（Q4、RS20 -4.94）
6201,亞弘電,其他電子,2026-08-10,excluded,0,0,752,495,257,19.621903520208605,36.17992177314211,-10,0,2,-8,0,0,主力佈局,True,True,-2.0,-15.0,-10.0,17.679,-2000,-15000,-10000,17679,0.0,0.0,0.0,0.0,0,0,0,0,-0.07142857142857142,-0.22727272727272727,-0.02680965147453083,0.03220218579234973,0.0,0.0,0.0,0.0,-0.022896160476946727,0.0,1,6,0,0,0,0,stable,neutral,-0.1098901098900984,-0.1098901098900984,-6.288659793814421,-6.864754098360648,-8.18181818181818,-0.995492197789638,7.609285838318169,-9.843574427671996,-5.86926190057101,-15.791104020136348,34.55,29.47,38.2,51.76,38.2,51.76,False,2000,0,0,split,Q4,confirmed_distribution,1.0,0.0,3.0,4.5,0.0,0.0,8.5,,,,,連買天數不長，但V2不只依賴連買
6204,艾華,電子零組件,2026-08-10,excluded,0,0,753,615,138,19.621903520208605,23.598435462842243,-29,0,0,-29,0,0,主力佈局,True,True,-27.0,36.0,-29.0,19.0,-27000,36000,-29000,19000,0.0,0.0,0.0,0.0,0,0,0,0,-0.05162523900573614,0.0345489443378119,-0.017490952955367914,0.0076,0.0,0.0,0.0,0.0,-0.01684210690142741,0.0,3,6,0,0,0,0,reversing_positive,neutral,2.5348542458808687,8.299866131191447,20.746268656716428,-13.475935828876995,-3.4606205250596545,-0.995492197789638,7.609285838318169,17.191354022858853,-12.480443631087358,-11.069906363377823,14.73,42.11,40.68,51.76,40.68,51.76,False,0,-132,0,split,Q4,confirmed_distribution,0.0,0.0,3.0,4.0,0.0,0.0,7.0,,,,D_V1_weak_V2_weak,連買天數不長，但V2不只依賴連買
6205,詮欣,電子零組件,2026-08-10,excluded,0,5,381,210,171,64.27640156453715,72.81616688396349,210,0,3,213,1,0,外資鎖碼,True,True,90.0,183.315,209.339,1001.257,90000,183315,209339,1001257,0.0,0.0,0.0,0.0,0,0,0,0,0.3050847457627119,0.1744196003805899,0.10276828669612174,0.17831825467497775,0.0,0.0,0.0,0.0,0.10344612395294586,0.0,4,8,0,0,1,0,accelerating,neutral,2.6711185308848195,2.329450915141429,7.329842931937169,-10.349854227405242,-22.44640605296343,-0.995492197789638,7.609285838318169,3.774928298079594,-9.354362029615604,-30.055691891281597,22.16,9.39,74.45,51.76,74.45,51.76,False,1000,-90,0,split,Q2,unconfirmed_accumulation,4.5,12.5,4.0,6.0,5.0,7.45,39.45,,,,,連買天數不長，但V2不只依賴連買
6207,雷科,電子零組件,2026-08-10,excluded,0,7,127,407,-280,88.33116036505866,47.06649282920469,428,0,4,432,3,0,外資鎖碼,True,True,32.551,413.978,428.407,1818.993,32551,413978,428407,1818993,0.0,0.0,0.0,0.0,0,0,0,0,0.005860821029888369,0.0394828803051979,0.02064612048192771,0.03553345314606083,0.0,0.0,0.0,0.0,0.020399851406990636,0.0,4,6,0,0,3,0,decelerating,neutral,7.107107107107091,2.392344497607657,10.880829015544036,-23.843416370106763,52.42165242165242,-0.995492197789638,7.609285838318169,7.32591438168646,-22.847924172317125,44.812366583334246,4.82,97.52,53.19,51.76,53.19,51.76,False,-30841,34880,0,split,Q2,unconfirmed_accumulation,3.5,5.16,3.0,2.75,5.0,5.32,24.73,,,,,V1連買訊號高（外資3日／投信0日）；實際介入強度低（強度分 5.2/25）；全市場flow percentile偏低（外資P53、投信P52）；價格未確認（Q2、RS20 -22.85）
6213,聯茂,電子零組件,2026-08-10,excluded,0,15,13,9,4,99.21773142112124,98.95697522816167,12528,3151,379,16058,2,3,黃金滿貫,True,True,4499.459,8726.26,12529.262,14251.891,4499459,8726260,12529262,14251891,210.0,3043.0,3151.0,1759.0,210000,3043000,3151000,1759000,0.22435597107953129,0.08602724870854529,0.08382627603417477,0.06766155197379353,0.010471204188481676,0.02999921132536772,0.021081576535288724,0.008350938827830133,0.08740765382011441,0.021623820407163083,4,6,4,4,2,3,accelerating,decelerating,9.89717223650386,25.366568914956012,47.92387543252594,18.915159944367165,59.51492537313432,-0.995492197789638,7.609285838318169,44.36896079866836,19.910652142156803,51.905639534816146,98.17,98.44,70.66,96.22,70.66,96.22,True,336289,44614,0,split,Q1,confirmed_accumulation,10.0,17.77,5.0,6.75,25.0,16.69,81.21,,,,A_V1_strong_V2_strong,5日資金強度分 17.8/25；橫向強度高（外資P71、投信P96）；價格與RS同步確認（RS20 +19.91）
6214,精誠,資訊服務,2026-08-10,other_watch,49,0,754,466,288,19.621903520208605,39.374185136897,-727,-1,-47,-775,0,0,主力佈局,True,True,-393.106,-1149.525,-725.711,1077.111,-393106,-1149525,-725711,1077111,0.0,0.87,-0.723,1.077,0,870,-723,1077,-0.23681084337349398,-0.15059937115157868,-0.05759611111111111,0.03357054698457223,0.0,0.00011397877636578016,-5.7380952380952384e-05,3.356708742402992e-05,-0.054962204704126556,-6.239862316676474e-05,3,6,1,2,0,0,reversing_positive,reversing_positive,-1.3651877133105783,-5.555555555555558,-2.6936026936026924,2.4822695035461084,18.442622950819665,-0.995492197789638,7.609285838318169,-6.248517327460268,3.4777617013357465,10.833337112501496,80.18,86.96,30.9,14.6,30.9,14.6,False,298,-49580,0,split,Q4,confirmed_distribution,1.0,0.0,4.0,6.0,0.0,0.0,11.0,,,,,連買天數不長，但V2不只依賴連買
6215,和椿,其他電子,2026-08-10,excluded,0,0,755,720,35,19.621903520208605,7.496740547588006,-183,0,71,-112,1,0,外資鎖碼,True,True,286.188,-400.572,-182.255,102.661,286188,-400572,-182255,102661,0.0,0.0,0.0,0.0,0,0,0,0,0.16964315352697096,-0.06199845225197338,-0.023249776757239445,0.008125771727085642,0.0,0.0,0.0,0.0,-0.02265517268134425,0.0,3,7,0,0,1,0,neutral,neutral,3.535353535353525,6.770833333333326,11.899563318777307,-7.657657657657657,-13.86554621848739,-0.995492197789638,7.609285838318169,8.344648684919733,-6.662165459868019,-21.47483205680556,30.9,19.56,39.11,51.76,39.11,51.76,False,-3000,75554,0,split,Q4,confirmed_distribution,0.0,0.0,3.5,2.0,0.0,0.0,5.5,,,,D_V1_weak_V2_weak,連買天數不長，但V2不只依賴連買
6216,居易,通信網路,2026-08-10,excluded,0,5,382,275,107,64.27640156453715,64.27640156453715,187,0,-8,179,2,0,外資鎖碼,True,True,43.0,111.0,187.0,227.7,43000,111000,187000,227700,0.0,0.0,0.0,0.0,0,0,0,0,0.2866666666666667,0.2883116883116883,0.2733918128654971,0.15009887936717206,0.0,0.0,0.0,0.0,0.2735501733806382,0.0,4,8,0,0,2,0,decelerating,neutral,0.0,0.4587155963302614,0.4587155963302614,-2.882483370288258,-2.882483370288258,-0.995492197789638,7.609285838318169,-3.096199037527314,-1.88699117249862,-10.491769208606428,48.5,43.42,94.26,51.76,94.26,51.76,False,-7259,0,0,split,Q2,unconfirmed_accumulation,3.5,12.5,4.0,2.75,5.0,9.43,37.18,,,,,連買天數不長，但V2不只依賴連買
6217,中探針,電子零組件,2026-08-10,excluded,0,0,756,556,200,19.621903520208605,29.85658409387223,-371,0,-271,-642,0,0,主力佈局,True,True,-245.082,-372.074,-370.998,47.599,-245082,-372074,-370998,47599,0.0,0.0,0.0,0.0,0,0,0,0,-0.049551556813586736,-0.04958342217484008,-0.04518855054811206,0.0036221748725363367,0.0,0.0,0.0,0.0,-0.04607051215641408,0.0,2,6,0,0,0,0,stable,neutral,0.0,12.244897959183664,35.24590163934427,-31.958762886597935,-49.152542372881356,-0.995492197789638,7.609285838318169,31.690987005486694,-30.963270688808297,-56.76182821119953,0.65,0.52,33.51,51.76,33.51,51.76,False,-10500,-260347,0,split,Q4,confirmed_distribution,0.0,0.0,3.0,4.5,0.0,0.0,7.5,,,,,連買天數不長，但V2不只依賴連買
6218,豪勉,通信網路,2026-08-10,excluded,0,5,383,225,158,64.27640156453715,70.79530638852673,274,0,-2,272,1,0,外資鎖碼,True,True,153.0,200.609,274.574,431.05,153000,200609,274574,431050,0.0,0.0,0.0,0.0,0,0,0,0,0.40691489361702127,0.23005619266055047,0.1900166089965398,0.12749186631174209,0.0,0.0,0.0,0.0,0.19426818708145782,0.0,3,6,0,0,1,0,accelerating,neutral,5.247813411078739,6.8047337278106745,14.060031595576628,-1.3661202185792365,-13.116726835138381,-0.995492197789638,7.609285838318169,10.505116961719054,-0.37062802078959844,-20.72601267345655,58.67,20.99,86.7,51.76,86.7,51.76,False,-3000,2,0,split,Q2,unconfirmed_accumulation,3.5,12.5,3.0,6.0,5.0,8.67,38.67,,,,,連買天數不長，但V2不只依賴連買
6220,岳豐,電子零組件,2026-08-10,excluded,0,5,384,255,129,64.27640156453715,66.94915254237289,82,0,0,82,1,0,外資鎖碼,True,True,89.12,24.12,82.12,428.301,89120,24120,82120,428301,0.0,0.0,0.0,0.0,0,0,0,0,0.26366863905325444,0.04053781512605042,0.09104212860310422,0.1604123595505618,0.0,0.0,0.0,0.0,0.09040001186413028,0.0,2,7,0,0,1,0,accelerating,neutral,-0.9615384615384581,-3.195488721804518,0.3898635477582957,-24.264705882352942,-14.451827242524917,-0.995492197789638,7.609285838318169,-3.1650510860992798,-23.269213684563304,-22.061113080843086,4.3,18.51,71.84,51.76,71.84,51.76,False,0,1771,0,split,Q2,unconfirmed_accumulation,3.5,12.5,3.5,6.0,5.0,7.18,37.68,,,,,連買天數不長，但V2不只依賴連買
6221,晉泰,資訊服務,2026-08-10,excluded,0,0,757,721,36,19.621903520208605,7.496740547588006,-13,0,0,-13,1,0,外資鎖碼,True,True,5.0,0.0,-13.0,88.0,5000,0,-13000,88000,0.0,0.0,0.0,0.0,0,0,0,0,0.15625,0.0,-0.034666666666666665,0.10589651022864019,0.0,0.0,0.0,0.0,-0.034299356127033706,0.0,3,7,0,0,1,0,neutral,neutral,1.449275362318847,0.7194244604316502,-0.4739336492891044,-4.761904761904767,-9.090909090909093,-0.995492197789638,7.609285838318169,-4.028848283146679,-3.766412564115129,-16.700194929227262,40.16,28.03,36.11,51.76,36.11,51.76,False,0,432,0,split,Q4,confirmed_distribution,0.0,0.0,3.5,2.0,0.0,0.0,5.5,,,,D_V1_weak_V2_weak,連買天數不長，但V2不只依賴連買
6224,聚鼎,電子零組件,2026-08-10,excluded,0,5,385,253,132,64.27640156453715,67.14471968709258,107,0,-5,102,1,0,外資鎖碼,True,True,34.0,24.0,107.0,330.521,34000,24000,107000,330521,0.0,0.0,0.0,0.0,0,0,0,0,0.15178571428571427,0.03260869565217391,0.07472067039106145,0.08416628469569647,0.0,0.0,0.0,0.0,0.07508379413865619,0.0,4,8,0,0,1,0,accelerating,neutral,1.8181818181818077,0.538599640933568,3.703703703703698,-16.79049034175334,-23.913043478260864,-0.995492197789638,7.609285838318169,0.1487890698461225,-15.794998143963703,-31.522329316579032,10.43,8.21,67.41,51.76,67.41,51.76,False,-5000,0,0,split,Q2,unconfirmed_accumulation,3.5,12.5,4.0,6.0,5.0,6.74,37.74,,,,,連買天數不長，但V2不只依賴連買
6229,研通,半導體業,2026-08-10,excluded,0,7,128,181,-53,88.33116036505866,76.53194263363756,66,0,2,68,7,0,外資鎖碼,True,True,12.0,51.0,66.0,101.0,12000,51000,66000,101000,0.0,0.0,0.0,0.0,0,0,0,0,0.5217391304347826,0.281767955801105,0.25680933852140075,0.1549079754601227,0.0,0.0,0.0,0.0,0.2570341701129611,0.0,5,8,0,0,7,0,accelerating,neutral,0.8565310492505418,-0.21186440677966045,2.614379084967333,-8.720930232558144,-17.36842105263158,-0.995492197789638,7.609285838318169,-0.9405355488902423,-7.725438034768507,-24.977706890949747,26.73,13.69,92.7,51.76,92.7,51.76,False,3000,1,0,split,Q2,unconfirmed_accumulation,4.5,12.5,4.0,6.0,5.0,9.27,41.27,,,,,V1連買訊號高（外資7日／投信0日）；價格未確認（Q2、RS20 -7.73）
6230,尼得科超眾,電腦週邊,2026-08-10,excluded,0,7,129,269,-140,88.33116036505866,65.1238591916558,15,0,-7,8,4,0,外資鎖碼,True,True,9.007,18.992,16.21,90.11,9007,18992,16210,90110,0.0,0.0,0.0,0.0,0,0,0,0,0.225175,0.10048677248677249,0.05628472222222222,0.11779084967320261,0.0,0.0,0.0,0.0,0.05702862319416411,0.0,4,8,0,0,4,0,accelerating,neutral,0.917431192660545,1.85185185185186,0.45662100456620447,-8.333333333333337,-20.863309352517987,-0.995492197789638,7.609285838318169,-3.098293629291371,-7.3378411355437,-28.472595190836156,27.64,10.56,62.32,51.76,62.32,51.76,False,-5363,0,0,split,Q2,unconfirmed_accumulation,3.5,12.5,4.0,6.0,5.0,6.23,37.23,,,,,V1連買訊號高（外資4日／投信0日）；全市場flow percentile偏低（外資P62、投信P52）；價格未確認（Q2、RS20 -7.34）
6231,系微,資訊服務,2026-08-10,excluded,0,0,758,666,92,19.621903520208605,16.558018252933508,-160,0,2,-158,0,0,主力佈局,True,True,-124.713,-223.348,-161.047,56.791,-124713,-223348,-161047,56791,0.0,0.0,0.0,0.0,0,0,0,0,-0.2450157170923379,-0.19320761245674742,-0.09965779702970297,0.01699311789347696,0.0,0.0,0.0,0.0,-0.09790003575525734,0.0,2,4,0,0,0,0,stable,neutral,-5.263157894736848,-6.086956521739129,-0.2309468822170868,-16.763005780346816,-25.259515570934255,-0.995492197789638,7.609285838318169,-3.7858615160746623,-15.767513582557179,-32.86880140925243,10.56,7.04,20.21,51.76,20.21,51.76,False,0,1732,0,split,Q4,confirmed_distribution,0.0,0.0,2.0,4.5,0.0,0.0,6.5,,,,D_V1_weak_V2_weak,連買天數不長，但V2不只依賴連買
6233,旺玖,半導體業,2026-08-10,excluded,0,0,759,761,-2,19.621903520208605,0.9126466753585397,-82,0,0,-82,1,0,外資鎖碼,True,True,29.1,-34.9,-83.795,-137.659,29100,-34900,-83795,-137659,0.0,0.0,0.0,0.0,0,0,0,0,0.1419512195121951,-0.08022988505747126,-0.11638194444444444,-0.061592393736017895,0.0,0.0,0.0,0.0,-0.11302245373280488,0.0,1,3,0,0,1,0,neutral,neutral,4.819277108433728,4.567307692307687,7.14285714285714,-11.405295315682284,-15.86073500967119,-0.995492197789638,7.609285838318169,3.5879425089995642,-10.409803117892647,-23.47002084798936,20.21,16.3,18.12,51.76,18.12,51.76,False,0,108,0,split,Q4,confirmed_distribution,0.0,0.0,1.5,2.0,0.0,0.0,3.5,,,,D_V1_weak_V2_weak,實際介入強度低（強度分 0.0/25）；全市場flow percentile偏低（外資P18、投信P52）；價格未確認（Q4、RS20 -10.41）
6234,高僑,光電業,2026-08-10,excluded,0,5,386,206,180,64.27640156453715,73.27249022164276,306,0,3,309,1,0,外資鎖碼,True,True,136.641,104.544,306.544,1188.163,136641,104544,306544,1188163,0.0,0.0,0.0,0.0,0,0,0,0,0.18291967871485942,0.07642105263157895,0.1308339735381989,0.1989556262558607,0.0,0.0,0.0,0.0,0.1316594204994,0.0,4,9,0,0,1,0,accelerating,neutral,9.985315712187969,6.392045454545459,16.30434782608696,-16.21923937360179,-33.12499999999999,-0.995492197789638,7.609285838318169,12.749433192229386,-15.223747175812154,-40.734285838318165,10.82,3.13,80.31,51.76,80.31,51.76,False,0,2398,0,split,Q2,unconfirmed_accumulation,3.5,12.5,4.5,6.0,5.0,8.03,39.53,,,,,連買天數不長，但V2不只依賴連買
6235,華孚,電腦週邊,2026-08-10,excluded,0,7,130,182,-52,88.33116036505866,76.40156453715777,756,0,-2,754,9,0,外資鎖碼,True,True,106.954,347.907,758.058,1301.492,106954,347907,758058,1301492,0.0,0.0,0.0,0.0,0,0,0,0,0.4401399176954732,0.2963432708688245,0.3511153311718388,0.2181880972338642,0.0,0.0,0.0,0.0,0.3513411984368884,0.0,5,9,0,0,9,0,accelerating,neutral,1.1450381679389388,1.532567049808442,4.057591623036649,-5.917159763313606,-1.486988847583648,-0.995492197789638,7.609285838318169,0.5026769891790739,-4.921667565523968,-9.096274685901818,37.03,49.02,97.13,51.76,97.13,51.76,False,-9000,7120,0,split,Q2,unconfirmed_accumulation,3.5,12.5,4.5,6.0,5.0,9.71,41.21,,,,,V1連買訊號高（外資9日／投信0日）；價格未確認（Q2、RS20 -4.92）
6241,鑫永洋,通信網路,2026-08-10,excluded,0,0,760,557,203,19.621903520208605,29.85658409387223,-50,0,-11,-61,2,0,外資鎖碼,True,True,64.0,-114.262,-49.014,251.434,64000,-114262,-49014,251434,0.0,0.0,0.0,0.0,0,0,0,0,0.085219707057257,-0.07482776686313032,-0.022660194174757283,0.06287421855463866,0.0,0.0,0.0,0.0,-0.020710661024620915,0.0,4,7,0,0,2,0,reversing_positive,neutral,-7.886435331230279,-11.246200607902734,-11.782477341389729,-15.606936416184979,39.71291866028708,-0.995492197789638,7.609285838318169,-15.337391975247304,-14.611444218395341,32.10363282196891,11.21,95.57,39.37,51.76,39.37,51.76,False,-12000,511,0,split,Q4,confirmed_distribution,0.0,0.0,3.5,4.0,0.0,0.0,7.5,,,,,連買天數不長，但V2不只依賴連買
6242,立康,生技醫療,2026-08-10,excluded,0,5,387,378,9,64.27640156453715,50.847457627118644,1,0,0,1,2,0,外資鎖碼,True,True,1.0,1.0,1.0,2.0,1000,1000,1000,2000,0.0,0.0,0.0,0.0,0,0,0,0,0.041666666666666664,0.03571428571428571,0.029411764705882353,0.027777777777777776,0.0,0.0,0.0,0.0,0.029279952195996415,0.0,1,2,0,0,1,0,accelerating,neutral,-0.8670520231213952,-1.5781922525107683,-0.29069767441860517,-4.5897079276773445,-9.973753280839903,-0.995492197789638,7.609285838318169,-3.8456123082761806,-3.5942157298877064,-17.583039119158073,41.2,26.34,55.67,51.76,55.67,51.76,False,0,0,0,split,Q2,unconfirmed_accumulation,3.5,7.35,1.0,6.0,5.0,5.57,28.42,,,,,連買天數不長，但V2不只依賴連買
6246,臺龍,光電業,2026-08-10,excluded,0,0,761,762,-1,19.621903520208605,0.9126466753585397,-15,0,0,-15,1,0,外資鎖碼,True,True,4.0,-1.0,-15.0,12.0,4000,-1000,-15000,12000,0.0,0.0,0.0,0.0,0,0,0,0,0.08163265306122448,-0.009345794392523364,-0.10344827586206896,0.027972027972027972,0.0,0.0,0.0,0.0,-0.10515217934134229,0.0,1,3,0,0,1,0,neutral,neutral,0.0,-3.149606299212593,-2.3809523809523725,-17.725752508361193,-22.88401253918495,-0.995492197789638,7.609285838318169,-5.935867014809948,-16.730260310571555,-30.49329837750312,9.39,8.6,19.82,51.76,19.82,51.76,False,0,44,0,split,Q4,confirmed_distribution,0.0,0.0,1.5,2.0,0.0,0.0,3.5,,,,D_V1_weak_V2_weak,實際介入強度低（強度分 0.0/25）；全市場flow percentile偏低（外資P20、投信P52）；價格未確認（Q4、RS20 -16.73）
6248,沛波,鋼鐵工業,2026-08-10,excluded,0,5,388,72,316,64.27640156453715,90.74315514993481,58,0,0,58,2,0,外資鎖碼,True,True,58.0,59.0,58.0,65.0,58000,59000,58000,65000,0.0,0.0,0.0,0.0,0,0,0,0,0.4233576642335766,0.2935323383084577,0.17956656346749225,0.07566938300349244,0.0,0.0,0.0,0.0,0.18184682437577124,0.0,3,6,0,0,2,0,accelerating,neutral,1.9943019943019724,2.5787965616045794,2.8735632183908066,0.28011204481790397,-3.504043126684653,-0.995492197789638,7.609285838318169,-0.6813514154667688,1.275604242607542,-11.113328965002822,69.1,41.85,84.88,51.76,84.88,51.76,False,0,-82,0,split,Q1,confirmed_accumulation,3.5,12.5,3.0,6.0,25.0,8.49,58.49,,,,C_V1_weak_V2_strong,價格與RS同步確認（RS20 +1.28）；連買天數不長，但V2不只依賴連買
6259,百徽,電子零組件,2026-08-10,excluded,0,5,389,428,-39,64.27640156453715,44.393741851368965,34,0,6,40,1,0,外資鎖碼,True,True,64.768,134.063,32.854,251.793,64768,134063,32854,251793,0.0,0.0,0.0,0.0,0,0,0,0,0.08116290726817042,0.08571803069053709,0.013021799445105033,0.04283650901667234,0.0,0.0,0.0,0.0,0.01293195313191758,0.0,2,5,0,0,1,0,decelerating,neutral,4.31034482758621,-0.16501650165017256,0.16556291390728006,-19.54787234042553,24.22997946611909,-0.995492197789638,7.609285838318169,-3.3893517199502954,-18.552380142635894,16.62069362780092,8.08,90.87,50.98,51.76,50.98,51.76,False,6000,408,0,split,Q2,unconfirmed_accumulation,4.5,3.26,2.5,2.75,5.0,5.1,23.11,,,,,實際介入強度低（強度分 3.3/25）；全市場flow percentile偏低（外資P51、投信P52）；價格未確認（Q2、RS20 -18.55）；近期flow正在減速
6261,久元,半導體業,2026-08-10,excluded,0,5,390,220,170,64.27640156453715,71.4471968709257,248,0,24,272,1,0,外資鎖碼,True,True,123.0,127.899,250.099,1143.433,123000,127899,250099,1143433,0.0,0.0,0.0,0.0,0,0,0,0,0.38080495356037153,0.12065943396226415,0.1301920874544508,0.2072562987130687,0.0,0.0,0.0,0.0,0.1295733758176707,0.0,4,8,0,0,1,0,accelerating,neutral,0.12755102040815647,0.25542784163474774,5.510752688172027,-15.043290043290048,-34.85477178423236,-0.995492197789638,7.609285838318169,1.9558380543144516,-14.04779784550041,-42.464057622550534,12.26,2.22,80.18,51.76,80.18,51.76,False,0,23857,0,split,Q2,unconfirmed_accumulation,3.5,12.5,4.0,6.0,5.0,8.02,39.02,,,,,連買天數不長，但V2不只依賴連買
6263,普萊德,通信網路,2026-08-10,excluded,0,7,131,57,74,88.33116036505866,92.69882659713168,158,0,0,158,4,0,外資鎖碼,True,True,65.0,114.666,158.677,431.758,65000,114666,158677,431758,0.0,0.0,0.0,0.0,0,0,0,0,0.28888888888888886,0.21078308823529412,0.18176059564719357,0.2378831955922865,0.0,0.0,0.0,0.0,0.18357655913031998,0.0,4,9,0,0,4,0,accelerating,neutral,4.545454545454541,4.545454545454541,3.536977491961424,-0.9230769230769265,-11.538461538461542,-0.995492197789638,7.609285838318169,-0.017937141896151587,0.07241527471271159,-19.147747376779712,62.45,23.92,85.27,51.76,85.27,51.76,False,0,-21,0,split,Q1,confirmed_accumulation,3.5,12.5,4.5,6.0,25.0,8.53,60.03,,,,,價格與RS同步確認（RS20 +0.07）；連買天數不長，但V2不只依賴連買
6265,方土昶,電子通路,2026-08-10,excluded,0,7,132,126,6,88.33116036505866,83.70273794002607,2890,0,55,2945,5,0,外資鎖碼,True,True,326.94,1357.3,2893.034,2907.481,326940,1357300,2893034,2907481,0.0,0.0,0.0,0.0,0,0,0,0,0.04971715328467153,0.07304773693557935,0.10120457566641013,0.0718499728166856,0.0,0.0,0.0,0.0,0.0994145719654175,0.0,5,6,0,0,5,0,decelerating,neutral,0.7220216606498076,8.771929824561408,24.41471571906353,3.1423290203327126,20.779220779220765,-0.995492197789638,7.609285838318169,20.859801085205955,4.137821218122351,13.169934940902596,81.62,88.66,74.19,51.76,74.19,51.76,False,0,53463,0,split,Q1,confirmed_accumulation,3.5,12.5,3.0,2.75,25.0,7.42,54.17,,,,,價格與RS同步確認（RS20 +4.14）；連買天數不長，但V2不只依賴連買
6266,泰詠,電子零組件,2026-08-10,excluded,0,7,133,208,-75,88.33116036505866,73.01173402868318,195,0,0,195,5,0,外資鎖碼,True,True,42.0,144.0,195.0,275.0,42000,144000,195000,275000,0.0,0.0,0.0,0.0,0,0,0,0,0.34710743801652894,0.26865671641791045,0.22234891676168758,0.14635444385311336,0.0,0.0,0.0,0.0,0.2224077283251382,0.0,5,7,0,0,5,0,accelerating,neutral,1.8367346938775508,3.526970954356834,3.9583333333333304,-4.770992366412219,-7.249070631970255,-0.995492197789638,7.609285838318169,0.4034186994757549,-3.7755001686225813,-14.858356470288424,40.03,32.86,89.7,51.76,89.7,51.76,False,0,203,0,split,Q2,unconfirmed_accumulation,3.5,12.5,3.5,6.0,5.0,8.97,39.47,,,,,V1連買訊號高（外資5日／投信0日）；價格未確認（Q2、RS20 -3.78）
6270,倍微,電子通路,2026-08-10,excluded,0,5,391,229,162,64.27640156453715,70.27379400260756,177,0,0,177,2,0,外資鎖碼,True,True,35.521,34.521,179.465,432.814,35521,34521,179465,432814,0.0,0.0,0.0,0.0,0,0,0,0,0.12333680555555555,0.051523880597014925,0.13987918939984412,0.11647308934337998,0.0,0.0,0.0,0.0,0.1407005069110573,0.0,4,7,0,0,2,0,accelerating,neutral,2.876480541455151,1.3333333333333197,7.042253521126751,-14.60674157303371,15.370018975332055,-0.995492197789638,7.609285838318169,3.4873388872691757,-13.611249375244073,7.760733137013886,13.17,84.49,81.23,51.76,81.23,51.76,False,0,212,0,split,Q2,unconfirmed_accumulation,3.5,12.5,3.5,6.0,5.0,8.12,38.62,,,,,連買天數不長，但V2不只依賴連買
6272,驊陞,電子零組件,2026-08-10,excluded,0,0,762,733,29,19.621903520208605,5.215123859191656,-75,0,-11,-86,0,0,主力佈局,True,True,-3.0,-45.0,-75.0,70.751,-3000,-45000,-75000,70751,0.0,0.0,0.0,0.0,0,0,0,0,-0.041666666666666664,-0.14331210191082802,-0.11094674556213018,0.03141696269982238,0.0,0.0,0.0,0.0,-0.11127314800865358,0.0,0,1,0,0,0,0,stable,neutral,3.5051546391752675,4.149377593361003,3.9337474120082927,-16.333333333333332,-18.506493506493506,-0.995492197789638,7.609285838318169,0.37883277815071725,-15.337841135543695,-26.115779344811674,10.69,12.65,18.77,51.76,18.77,51.76,False,-11000,0,0,split,Q4,confirmed_distribution,0.0,0.0,0.5,4.5,0.0,0.0,5.0,,,,D_V1_weak_V2_weak,連買天數不長，但V2不只依賴連買
6276,安鈦克,電腦週邊,2026-08-10,excluded,0,5,392,402,-10,64.27640156453715,47.71838331160365,4,0,0,4,2,0,外資鎖碼,True,True,1.0,6.0,4.0,22.0,1000,6000,4000,22000,0.0,0.0,0.0,0.0,0,0,0,0,0.017857142857142856,0.056074766355140186,0.02666666666666667,0.06748466257668712,0.0,0.0,0.0,0.0,0.02587080948487326,0.0,2,4,0,0,2,0,decelerating,neutral,-1.9607843137254832,-6.7599067599067535,0.0,-8.045977011494255,-32.20338983050848,-0.995492197789638,7.609285838318169,-3.5549146338575754,-7.050484813704617,-39.81267566882665,29.2,3.52,55.02,51.76,55.02,51.76,False,0,341,0,split,Q2,unconfirmed_accumulation,3.5,6.67,2.0,2.75,5.0,5.5,25.42,,,,,全市場flow percentile偏低（外資P55、投信P52）；價格未確認（Q2、RS20 -7.05）；近期flow正在減速
6277,宏正,電腦週邊,2026-08-10,high_priority_watch,44,5,393,108,285,64.27640156453715,86.04954367666232,296,0,-1,295,2,0,外資鎖碼,True,True,65.848,312.848,295.861,912.419,65848,312848,295861,912419,0.0,0.0,0.0,1.0,0,0,0,1000,0.20260923076923076,0.2815913591359136,0.1512581799591002,0.19813659066232356,0.0,0.0,0.0,0.00021715526601520088,0.15518298892609517,0.0,3,7,0,1,2,0,decelerating,neutral,1.0101010101010166,3.2258064516129004,3.3591731266149782,6.951871657754016,12.04481792717087,-0.995492197789638,7.609285838318169,-0.1957415072425972,7.947363855543655,4.435532088852701,90.35,81.49,82.66,51.76,82.66,51.76,False,-1000,333,0,split,Q1,confirmed_accumulation,3.5,12.5,4.0,2.75,25.0,8.27,56.02,18.0,16.0,2.0,C_V1_weak_V2_strong,價格與RS同步確認（RS20 +7.95）；連買天數不長，但V2不只依賴連買
6278,台表科,光電業,2026-08-10,high_priority_watch,39,5,394,363,31,64.27640156453715,52.803129074315514,316,-76,478,718,2,1,強勢雙雄,True,True,442.803,363.914,316.976,3688.289,442803,363914,316976,3688289,50.0,50.0,-75.07,-932.07,50000,50000,-75070,-932070,0.06292496802614751,0.017905628813225744,0.012425558604468836,0.0754915160570645,0.0071053005542134435,0.002460145640621925,-0.002942767542140337,-0.01907751192254948,0.01164953523278649,-0.0033635304322343477,3,6,2,4,2,1,accelerating,reversing_positive,9.935897435897445,2.083333333333326,17.86941580756014,-4.986149584487531,50.43859649122806,-0.995492197789638,7.609285838318169,14.314501173702567,-3.9906573866978934,42.82931065290989,39.24,97.39,50.72,9.91,50.72,9.91,False,156000,323875,0,split,Q2,unconfirmed_accumulation,4.5,3.11,5.0,8.0,5.0,5.07,30.68,35.0,23.0,12.0,,動能較佳（外資 accelerating／投信 reversing_positive）
6279,胡連,電子零組件,2026-08-10,wait_pullback,38,7,134,69,65,88.33116036505866,91.13428943937419,2728,-5,199,2922,9,0,外資鎖碼,True,True,619.0,2695.366,2728.668,3335.168,619000,2695366,2728668,3335168,0.0,-1.0,-5.0,-7.0,0,-1000,-5000,-7000,0.17348654708520178,0.3541408487715149,0.3284781509570242,0.2901407568508047,0.0,-0.00013138877939823938,-0.0006019020103527145,-0.0006089604175728578,0.328707682099431,-0.00056163666136627,5,9,0,0,9,0,decelerating,neutral,2.7667984189723382,9.243697478991585,10.63829787234043,6.995884773662553,10.63829787234043,-0.995492197789638,7.609285838318169,7.083383238482855,7.9913769714521905,3.0290120340222613,90.48,80.05,96.48,12.91,96.48,12.91,False,135487,65091,0,split,Q1,confirmed_accumulation,4.5,12.5,4.5,2.75,25.0,9.65,58.9,,,,,價格與RS同步確認（RS20 +7.99）；連買天數不長，但V2不只依賴連買
6281,全國電,電子通路,2026-08-10,excluded,0,0,763,558,205,19.621903520208605,29.85658409387223,-16,0,-2,-18,0,0,主力佈局,True,True,-10.0,-28.0,-16.0,49.3,-10000,-28000,-16000,49300,0.0,0.0,0.0,0.0,0,0,0,0,-0.2777777777777778,-0.16091954022988506,-0.05536332179930796,0.08588850174216028,0.0,0.0,0.0,0.0,-0.055710943172955385,0.0,1,6,0,0,0,0,stable,neutral,0.5847953216374435,0.3891050583657574,-0.578034682080919,1.17647058823529,-0.19342359767892114,-0.995492197789638,7.609285838318169,-4.132949315938495,2.171962786024928,-7.802709435997091,74.58,53.98,31.55,51.76,31.55,51.76,False,-2000,0,0,split,Q4,confirmed_distribution,0.0,0.0,3.0,4.5,0.0,0.0,7.5,,,,,連買天數不長，但V2不只依賴連買
6282,康舒,電子零組件,2026-08-10,excluded,0,12,38,156,-118,96.08865710560626,79.79139504563233,2373,135,630,3138,1,0,外資鎖碼,True,True,2364.309,-336.714,2374.389,5498.632,2364309,-336714,2374389,5498632,-50.0,-50.0,135.0,487.0,-50000,-50000,135000,487000,0.16453089770354906,-0.011291927965391194,0.04243617743780383,0.044139837685533784,-0.003479471120389701,-0.0016767832589959421,0.002412782384901344,0.003909354354474886,0.04412781255266614,0.002348331639311454,3,6,2,6,1,0,neutral,reversing_negative,6.04453870625663,4.166666666666674,11.982082866741317,-13.793103448275868,-0.7936507936507908,-0.995492197789638,7.609285838318169,8.42716823288374,-12.79761125048623,-8.40293663196896,14.21,51.24,58.67,91.79,58.67,91.79,True,245000,386178,0,split,Q2,unconfirmed_accumulation,10.0,11.21,6.0,1.0,5.0,15.05,48.26,,,,B_V1_strong_V2_weak,價格未確認（Q2、RS20 -12.80）；近期flow已轉負
6284,佳邦,電子零組件,2026-08-10,excluded,0,5,395,257,138,64.27640156453715,66.68839634941331,281,0,30,311,1,0,外資鎖碼,True,True,337.05,175.258,280.437,885.397,337050,175258,280437,885397,0.0,0.0,0.0,0.0,0,0,0,0,0.32755102040816325,0.06060096818810512,0.05411752219220378,0.06973826402016384,0.0,0.0,0.0,0.0,0.05608050744985885,0.0,4,7,0,0,1,0,accelerating,neutral,4.229195088676674,-1.2919896640826822,0.5263157894736858,-21.961184882533193,-10.851808634772453,-0.995492197789638,7.609285838318169,-3.0285988443838896,-20.965692684743555,-18.461094473090622,6.13,25.42,61.67,51.76,61.67,51.76,False,2000,30857,0,split,Q2,unconfirmed_accumulation,4.5,12.5,3.5,6.0,5.0,6.17,37.67,,,,,連買天數不長，但V2不只依賴連買
6285,啟碁,通信網路,2026-08-10,excluded,0,12,39,170,-131,96.08865710560626,77.96610169491525,1329,188,17,1534,1,0,外資鎖碼,True,True,3618.14,-275.681,1328.699,5219.593,3618140,-275681,1328699,5219593,0.0,101.0,188.0,-439.17,0,101000,188000,-439170,0.332335813355378,-0.008646374357044285,0.025710119969040247,0.05733422307168435,0.0,0.003167733032241877,0.0036377708978328174,-0.004824029526131945,0.03125617960937608,0.003684624983753671,3,7,2,5,1,0,neutral,reversing_negative,9.871244635193133,-1.538461538461533,7.112970711297062,-1.158301158301156,-2.2900763358778664,-0.995492197789638,7.609285838318169,3.5580560774394865,-0.16280896051151794,-9.899362174196035,59.84,45.63,54.63,92.83,54.63,92.83,True,-53284,70473,0,split,Q2,unconfirmed_accumulation,9.0,7.34,6.0,1.0,5.0,14.75,43.09,,,,B_V1_strong_V2_weak,價格未確認（Q2、RS20 -0.16）；近期flow已轉負
6290,良維,電子零組件,2026-08-10,excluded,0,5,396,278,118,64.27640156453715,63.88526727509778,940,-3,4,941,1,0,外資鎖碼,True,True,1113.9,1738.75,941.519,2382.734,1113900,1738750,941519,2382734,0.0,-1.0,-3.305,4.075,0,-1000,-3305,4075,0.3305341246290801,0.16083156044769217,0.04654303228038954,0.06791318227162606,0.0,-9.249838127832763e-05,-0.00016337930693558752,0.00011614650135385492,0.04760187131038376,-0.00016427903353337828,2,5,1,5,1,0,accelerating,neutral,5.940594059405946,0.23419203747072626,-1.6091954022988464,-24.113475177304966,-22.743682310469314,-0.995492197789638,7.609285838318169,-5.164110036156422,-23.11798297951533,-30.352968148787483,4.69,8.87,59.58,14.08,59.58,14.08,False,-19000,21618,0,split,Q2,unconfirmed_accumulation,3.5,11.64,5.0,6.0,5.0,5.96,37.1,,,,,差異主要來自V1離散加分與V2連續型強度／排名分數
6291,沛亨,半導體業,2026-08-10,excluded,0,0,764,472,292,19.621903520208605,38.85267275097783,-337,-11,19,-329,0,0,主力佈局,True,True,-35.974,-45.99,-338.693,279.784,-35974,-45990,-338693,279784,-10.0,-11.0,-11.0,-447.0,-10000,-11000,-11000,-447000,-0.08444600938967137,-0.03532258064516129,-0.11200165343915344,0.04775285884963304,-0.023474178403755867,-0.008448540706605223,-0.0036375661375661374,-0.07629288274449565,-0.11268385399436016,-0.0036824361579784804,2,6,0,1,0,0,stable,stable,2.953020134228179,0.9210526315789558,14.99250374812593,-15.435501653803751,-24.656188605108053,-0.995492197789638,7.609285838318169,11.437589114268356,-14.440009456014113,-32.26547444342622,11.73,7.82,18.64,9.26,18.64,9.26,False,-4000,24606,0,split,Q4,confirmed_distribution,0.0,0.0,3.5,7.0,0.0,0.0,10.5,,,,,動能較佳（外資 stable／投信 stable）；連買天數不長，但V2不只依賴連買
6405,悅城,光電業,2026-08-10,excluded,0,0,765,722,43,19.621903520208605,7.496740547588006,-40,0,-2,-42,1,0,外資鎖碼,True,True,140.0,12.5,-41.495,213.805,140000,12500,-41495,213805,0.0,0.0,0.0,0.0,0,0,0,0,0.2017291066282421,0.00799744081893794,-0.01271682500766166,0.02740387080235837,0.0,0.0,0.0,0.0,-0.011073582300550045,0.0,1,3,0,0,1,0,reversing_positive,neutral,4.17209908735332,2.5673940949935803,10.664819944598335,-26.831501831501825,-31.120689655172406,-0.995492197789638,7.609285838318169,7.10990531074076,-25.836009633712187,-38.72997549349058,2.61,4.17,43.29,51.76,43.29,51.76,False,-2689,577,0,split,Q4,confirmed_distribution,0.0,0.0,1.5,4.0,0.0,0.0,5.5,,,,D_V1_weak_V2_weak,連買天數不長，但V2不只依賴連買
6409,旭隼,其他電子,2026-08-10,high_priority_watch,48,0,766,473,293,19.621903520208605,38.85267275097783,-190,-5,31,-164,0,0,主力佈局,True,True,-156.688,-178.675,-192.918,-41.482,-156688,-178675,-192918,-41482,-0.017,-5.88,-6.145,1.602,-17,-5880,-6145,1602,-0.23076288659793814,-0.09291471658866354,-0.07465866873065015,-0.008303042433947158,-2.5036818851251842e-05,-0.003057722308892356,-0.002378095975232198,0.00032065652522017616,-0.0766337060064698,-0.002398465800456207,0,3,1,4,0,0,stable,stable,2.4630541871921263,7.9958463136033275,11.34903640256959,-1.4218009478673022,47.51773049645389,-0.995492197789638,7.609285838318169,7.794121768712015,-0.4263087500776641,39.90844465813572,58.28,96.61,26.34,10.56,26.34,10.56,False,-4000,34960,0,split,Q4,confirmed_distribution,0.0,0.0,3.5,7.0,0.0,0.0,10.5,31.0,33.0,-2.0,,動能較佳（外資 stable／投信 stable）；連買天數不長，但V2不只依賴連買
6414,樺漢,電腦週邊,2026-08-10,wait_pullback,50,7,135,168,-33,88.33116036505866,78.22685788787483,194,-70,5,129,3,0,外資鎖碼,True,True,35.175,620.501,196.046,558.932,35175,620501,196046,558932,0.0,-41.0,-70.0,-71.0,0,-41000,-70000,-71000,0.014767002518891688,0.0695784929356358,0.013292155400366127,0.014996833914676684,0.0,-0.004597443372953577,-0.004746084480303749,-0.0019050174403005098,0.013382474785580464,-0.004770208309642789,4,7,0,0,3,0,decelerating,neutral,1.6877637130801704,2.771855010660973,10.171428571428564,24.066924066924056,35.77464788732394,-0.995492197789638,7.609285838318169,6.616513937570988,25.062416264713693,28.16536204900577,99.22,94.39,51.11,8.08,51.11,8.08,False,-22374,26165,0,split,Q1,confirmed_accumulation,3.5,3.32,3.5,2.75,25.0,5.11,43.18,,,,,V1連買訊號高（外資3日／投信0日）；實際介入強度低（強度分 3.3/25）；全市場flow percentile偏低（外資P51、投信P8）；近期flow正在減速
6415,矽力*-KY,半導體業,2026-08-10,excluded,0,5,397,270,127,64.27640156453715,64.92829204693612,1822,-811,2,1013,0,0,主力佈局,True,True,-392.88,1018.326,1822.411,5344.086,-392880,1018326,1822411,5344086,-32.0,-54.0,-811.0,-4673.64,-32000,-54000,-811000,-4673640,-0.12653140096618357,0.1099229274611399,0.08201669666966696,0.11087315352697096,-0.010305958132045089,-0.005829015544041451,-0.0364986498649865,-0.09696348547717842,0.08004341827120183,-0.0361570584740078,4,8,0,0,0,0,decelerating,stable,5.3227633069082625,4.494382022471921,9.540636042402827,-11.259541984732824,-7.554671968190851,-0.995492197789638,7.609285838318169,5.985721408545252,-10.264049786943186,-15.163957806509021,20.6,31.55,69.75,2.87,69.75,2.87,False,-3000,4173,0,split,Q2,unconfirmed_accumulation,3.5,12.5,4.0,5.25,5.0,6.97,37.22,,,,,連買天數不長，但V2不只依賴連買
6416,瑞祺電通,通信網路,2026-08-10,other_watch,42,7,136,47,89,88.33116036505866,94.0026075619296,920,0,-15,905,6,0,外資鎖碼,True,True,236.09,612.238,920.533,1174.543,236090,612238,920533,1174543,0.0,0.0,0.0,0.0,0,0,0,0,0.26767573696145125,0.24401673973694699,0.24699034075664072,0.14534624427669843,0.0,0.0,0.0,0.0,0.2467647511658397,0.0,5,9,0,0,6,0,accelerating,neutral,0.4854368932038833,3.915662650602414,11.410118406889126,7.032057911065137,15.642458100558665,-0.995492197789638,7.609285838318169,7.85520377303155,8.027550108854776,8.033172262240495,90.74,84.62,91.66,51.76,91.66,51.76,False,-15515,0,0,split,Q1,confirmed_accumulation,3.5,12.5,4.5,6.0,25.0,9.17,60.67,,,,,價格與RS同步確認（RS20 +8.03）；連買天數不長，但V2不只依賴連買
6418,詠昇,電子零組件,2026-08-10,excluded,0,5,398,91,307,64.27640156453715,88.26597131681876,71,0,0,71,2,0,外資鎖碼,True,True,70.0,69.0,71.0,104.0,70000,69000,71000,104000,0.0,0.0,0.0,0.0,0,0,0,0,0.15053763440860216,0.11201298701298701,0.08647990255785627,0.07530774800868936,0.0,0.0,0.0,0.0,0.08856719564239963,0.0,3,6,0,0,2,0,accelerating,neutral,5.616224648985968,5.616224648985968,12.833333333333341,4.153846153846152,9.193548387096783,-0.995492197789638,7.609285838318169,9.278418699475765,5.149338351635791,1.5842625487786135,85.92,76.79,71.32,51.76,71.32,51.76,False,0,50,0,split,Q1,confirmed_accumulation,3.5,12.5,3.0,6.0,25.0,7.13,57.13,,,,C_V1_weak_V2_strong,價格與RS同步確認（RS20 +5.15）；連買天數不長，但V2不只依賴連買
6423,億而得,半導體業,2026-08-10,excluded,0,5,399,242,157,64.27640156453715,68.57887874837027,87,0,-9,78,2,0,外資鎖碼,True,True,56.0,51.51,86.51,94.51,56000,51510,86510,94510,0.0,0.0,0.0,0.0,0,0,0,0,0.2204724409448819,0.11627539503386004,0.14539495798319327,0.13482168330955777,0.0,0.0,0.0,0.0,0.14691167739330752,0.0,4,6,0,0,2,0,accelerating,neutral,8.278580814717484,13.031550068587094,16.548797736916555,-1.080432172869139,-15.832482124616954,-0.995492197789638,7.609285838318169,12.99388310305898,-0.08493997507950102,-23.441767962935124,60.5,16.43,82.14,51.76,82.14,51.76,False,-8807,0,0,split,Q2,unconfirmed_accumulation,3.5,12.5,3.0,6.0,5.0,8.21,38.21,,,,,連買天數不長，但V2不只依賴連買
6425,易發,電機機械,2026-08-10,excluded,0,0,767,519,248,19.621903520208605,33.96349413298566,-157,0,-45,-202,0,0,主力佈局,True,True,-135.0,-148.05,-157.05,345.053,-135000,-148050,-157050,345053,0.0,0.0,0.0,0.0,0,0,0,0,-0.251865671641791,-0.1798906439854192,-0.11790540540540541,0.18432318376068377,0.0,0.0,0.0,0.0,-0.11982441023233231,0.0,2,7,0,0,0,0,stable,neutral,3.985507246376807,3.4234234234234107,7.692307692307687,-27.064803049555273,-33.17811408614669,-0.995492197789638,7.609285838318169,4.137393058450112,-26.069310851765636,-40.787399924464864,2.48,3.0,17.86,51.76,17.86,51.76,False,0,-46069,0,split,Q4,confirmed_distribution,0.0,0.0,3.5,4.5,0.0,0.0,8.0,,,,,連買天數不長，但V2不只依賴連買
