signal_date,code,name,industry,universe_a_technical_eligible,universe_b_buy_high,final_category,grade,market_regime,base_score_raw,dist_cost20_pct,chip_bonus_v1,capital_flow_score_v21_shadow,capital_flow_score_v2_shadow,rs20,rs20_percentile,flow_price_quadrant,flow_identity_score,flow_intensity_score,flow_persistence_score,flow_momentum_score,flow_price_confirmation_score,flow_relative_score,foreign_flow_activity,trust_flow_activity,foreign_flow_active_percentile_v21,trust_flow_active_percentile_v21,foreign_signed_flow_strength,trust_signed_flow_strength,foreign_momentum_component,trust_momentum_component,foreign_flow_direction,trust_flow_direction,foreign_flow_momentum,trust_flow_momentum,institutional_history_days,flow_lookback_complete,future_data_rows_used,score_without_intensity,score_without_persistence,score_without_momentum,score_without_price_confirmation,score_without_relative_flow,entry_t1_open,fwd_1d,close_to_close_forward_1d,taiex_fwd_1d,excess_vs_taiex_1d,fwd_3d,close_to_close_forward_3d,taiex_fwd_3d,excess_vs_taiex_3d,mfe_3d,mae_3d,fwd_5d,close_to_close_forward_5d,taiex_fwd_5d,excess_vs_taiex_5d,mfe_5d,mae_5d,fwd_10d,close_to_close_forward_10d,taiex_fwd_10d,excess_vs_taiex_10d,mfe_10d,mae_10d,fwd_20d,close_to_close_forward_20d,taiex_fwd_20d,excess_vs_taiex_20d,mfe_20d,mae_20d
2026-07-23,2330,台積電,半導體業,True,True,buy_candidates,A,strong_bull,86,0.31,0,0.0,7.0,3.218187755323121,74.87,Q4,0.0,0.0,0.0,-7.0,0.0,0.0,active,active,64.38,52.12,-64.38,-52.12,-3.5,-3.5,negative,negative,stable,stable,1,False,0,0.0,0.0,0.0,0.0,0.0,2355.0,-0.2123142250530785,-2.2869022869022815,-2.48953752930382,2.2772233042507417,-3.1847133757961776,-5.197505197505192,-7.071865857008186,3.8871524812120084,0.424628450106157,-3.6093418259023347,-6.369426751592355,-8.316008316008316,-10.802223966500545,4.43279721490819,0.424628450106157,-7.430997876857748,0.424628450106157,-1.6632016632016633,-0.8324692408073209,1.257097690913478,2.972399150743099,-7.430997876857748,,,,,,
2026-07-23,3596,智易,通信網路,True,True,buy_candidates,A,strong_bull,78,0.27,5,27.37,33.23,0.753302351354268,61.65,Q2,3.5,12.5,0.5,3.5,5.0,2.37,active,inactive,23.7,,23.7,0.0,3.5,0.0,positive,zero,stable,inactive,1,False,0,14.870000000000001,26.87,23.87,22.37,25.0,186.0,-0.5376344086021501,-1.0695187165775444,-2.48953752930382,1.9519031207016702,-4.8387096774193505,-5.3475935828877,-7.071865857008186,2.2331561795888355,1.6129032258064502,-5.645161290322576,-9.408602150537638,-9.89304812834224,-10.802223966500545,1.3936218159629075,1.6129032258064502,-12.096774193548388,-1.8817204301075252,-2.4064171122994638,-0.8324692408073209,-1.0492511893002043,1.8817204301075252,-12.096774193548388,,,,,,
2026-07-23,2881,富邦金,金融保險,True,True,buy_candidates,A,strong_bull,78,0.39,5,9.75,22.86,-1.8703938501893118,50.39,Q2,3.5,0.64,0.5,0.0,5.0,0.11,active,active,1.1,15.15,1.1,-15.15,3.5,-3.5,positive,negative,stable,stable,1,False,0,9.11,9.25,9.75,4.75,9.64,127.0,0.3937007874015741,-0.7782101167315147,-2.48953752930382,2.8832383167053943,-1.1811023622047223,-2.3346303501945553,-7.071865857008186,5.890763494803464,2.3622047244094446,-2.3622047244094446,-2.3622047244094446,-3.5019455252918275,-10.802223966500545,8.4400192420911,2.3622047244094446,-5.118110236220474,-0.7874015748031482,-1.945525291828798,-0.8324692408073209,0.04506766600417267,4.330708661417315,-5.118110236220474,,,,,,
2026-07-23,2480,敦陽科,資訊服務,True,True,high_priority_watch,A,strong_bull,78,0.79,5,34.51,35.92,8.238413224123086,89.53,Q2,3.5,12.5,0.5,3.5,5.0,9.51,active,inactive,95.07,,95.07,0.0,3.5,0.0,positive,zero,stable,inactive,1,False,0,22.009999999999998,34.01,31.009999999999998,29.509999999999998,25.0,159.0,0.0,0.0,-2.48953752930382,2.48953752930382,-2.2012578616352196,-2.2012578616352196,-7.071865857008186,4.870607995372966,0.6289308176100628,-2.2012578616352196,-0.3144654088050314,-0.3144654088050314,-10.802223966500545,10.487758557695514,0.6289308176100628,-4.716981132075471,-2.2012578616352196,-2.2012578616352196,-0.8324692408073209,-1.3687886208278988,5.031446540880502,-6.6037735849056585,,,,,,
2026-07-23,1229,聯華,食品工業,True,True,high_priority_watch,A,strong_bull,75,1.31,5,44.74,50.98,3.1822886688929852,74.61,Q1,3.5,10.57,0.5,3.5,25.0,1.67,active,inactive,16.71,,16.71,0.0,3.5,0.0,positive,zero,stable,inactive,1,False,0,34.17,44.24,41.24,19.740000000000002,43.07,42.35,-1.6528925619834767,-2.0000000000000018,-2.48953752930382,0.8366449673203435,-3.423848878394342,-3.764705882352948,-7.071865857008186,3.648016978613844,0.5903187721369552,-4.250295159386075,-4.4864226682408415,-4.823529411764705,-10.802223966500545,6.315801298259704,0.5903187721369552,-4.958677685950419,-4.1322314049586755,-4.470588235294115,-0.8324692408073209,-3.2997621641513546,0.5903187721369552,-5.785123966942152,,,,,,
2026-07-23,2889,國票金,金融保險,True,True,high_priority_watch,A,strong_bull,80,1.46,0,0.0,4.5,7.272846940053257,87.17,Q4,0.0,0.0,0.0,-3.5,0.0,0.0,active,inactive,76.71,,-76.71,0.0,-3.5,0.0,negative,zero,stable,inactive,1,False,0,0.0,0.0,0.0,0.0,0.0,15.6,0.9615384615384581,0.6389776357827559,-2.48953752930382,3.4510759908422783,0.0,-0.31948881789137795,-7.071865857008186,7.071865857008186,0.9615384615384581,-0.6410256410256387,0.3205128205128194,0.0,-10.802223966500545,11.122736787013364,0.9615384615384581,-2.8846153846153855,-1.9230769230769162,-2.2364217252396124,-0.8324692408073209,-1.0906076822695954,1.2820512820512997,-2.8846153846153855,,,,,,
2026-07-23,2207,和泰車,汽車工業,True,True,high_priority_watch,A,strong_bull,80,1.65,5,24.53,36.04,5.627221907221314,82.72,Q2,3.5,12.5,0.5,0.0,5.0,3.03,active,active,30.27,18.79,30.27,-18.79,3.5,-3.5,positive,negative,stable,stable,1,False,0,12.030000000000001,24.03,24.53,19.53,21.5,485.0,1.7525773195876226,0.304878048780477,-2.48953752930382,4.242114848891443,3.092783505154628,1.6260162601626105,-7.071865857008186,10.164649362162814,4.123711340206193,0.0,13.608247422680408,11.991869918699184,-10.802223966500545,24.410471389180955,14.432989690721643,0.0,6.391752577319587,4.878048780487809,-0.8324692408073209,7.2242218181269084,18.14432989690722,0.0,,,,,,
2026-07-23,2884,玉山金,金融保險,True,True,high_priority_watch,A,strong_bull,72,1.86,6,33.02,46.78,4.447715549704467,78.8,Q1,3.5,1.6,0.5,0.0,25.0,2.42,active,active,1.37,24.24,-1.37,24.24,-3.5,3.5,negative,positive,stable,stable,1,False,0,31.42,32.52,33.02,8.020000000000003,30.6,35.05,2.567760342368053,0.8415147265077305,-2.48953752930382,5.057297871671873,3.4236804564907297,1.6830294530154388,-7.071865857008186,10.495546313498917,3.9942938659058624,0.0,7.560627674750364,5.7503506311360475,-10.802223966500545,18.36285164125091,7.845934379457908,0.0,8.273894436519269,6.451612903225823,-0.8324692408073209,9.10636367732659,11.554921540656228,0.0,,,,,,
2026-07-23,5880,合庫金,金融保險,True,True,high_priority_watch,A,strong_bull,62,1.89,5,31.42,44.45,7.508605479446873,87.83,Q1,3.5,2.15,0.5,0.0,25.0,0.27,active,active,2.74,8.48,2.74,-8.48,3.5,-3.5,positive,negative,stable,stable,1,False,0,29.27,30.919999999999998,31.419999999999998,6.419999999999998,31.15,25.25,1.5841584158415856,0.1953124999999778,-2.48953752930382,4.073695945145406,2.7722772277227747,1.3671875,-7.071865857008186,9.84414308473096,2.7722772277227747,0.0,6.930693069306937,5.46875,-10.802223966500545,17.732917035807482,6.930693069306937,0.0,3.3663366336633693,1.953125,-0.8324692408073209,4.19880587447069,9.504950495049492,0.0,,,,,,
2026-07-23,2006,東和鋼鐵,鋼鐵工業,True,True,high_priority_watch,A,strong_bull,62,1.93,5,31.42,34.87,4.596303351587427,79.32,Q2,3.5,12.5,0.5,3.5,5.0,6.42,active,inactive,64.25,,64.25,0.0,3.5,0.0,positive,zero,stable,inactive,1,False,0,18.92,30.92,27.92,26.42,25.0,71.0,1.1267605633802802,0.8426966292134797,-2.48953752930382,3.6162980926841004,2.1126760563380254,1.8258426966291985,-7.071865857008186,9.184541913346212,2.9577464788732355,-0.14084507042252392,3.3802816901408628,3.08988764044944,-10.802223966500545,14.182505656641407,3.5211267605633756,-2.8169014084507005,21.408450704225345,21.067415730337082,-0.8324692408073209,22.240919945032665,21.408450704225345,-2.8169014084507005,,,,,,
2026-07-23,2637,慧洋-KY,航運業,True,True,high_priority_watch,A,strong_bull,80,2.39,3,24.2,33.21,9.988194885428193,91.62,Q4,3.5,12.5,0.5,0.0,0.0,7.7,active,active,65.89,76.97,-65.89,76.97,-3.5,3.5,negative,positive,stable,stable,1,False,0,11.7,23.7,24.2,24.2,16.5,81.8,2.444987775061125,3.075030750307506,-2.48953752930382,4.934525304364945,0.12224938875307068,0.738007380073813,-7.071865857008186,7.194115245761257,3.3007334963325308,-2.444987775061125,-4.523227383863082,-3.936039360393606,-10.802223966500545,6.278996582637463,3.3007334963325308,-5.012224938875298,4.523227383863082,5.166051660516602,-0.8324692408073209,5.3556966246704025,6.968215158924207,-5.012224938875298,,,,,,
2026-07-23,2867,三商壽,金融保險,True,True,high_priority_watch,A,strong_bull,72,2.57,5,38.64,45.42,10.463663174347747,92.15,Q1,3.5,5.37,0.5,3.5,25.0,0.77,active,inactive,7.67,,7.67,0.0,3.5,0.0,positive,zero,stable,inactive,1,False,0,33.27000000000001,38.14000000000001,35.14000000000001,13.640000000000008,37.870000000000005,9.13,1.642935377875121,1.089324618736387,-2.48953752930382,4.132472907178942,2.409638554216853,1.85185185185186,-7.071865857008186,9.481504411225039,2.7382256297918905,-0.21905805038336945,4.928806133625407,4.357298474945548,-10.802223966500545,15.731030100125952,6.243154435925513,-0.21905805038336945,7.009857612267245,6.427015250544654,-0.8324692408073209,7.842326853074566,10.076670317634173,-0.21905805038336945,,,,,,
2026-07-23,2836,高雄銀,金融保險,True,True,high_priority_watch,A,strong_bull,58,2.8,0,0.0,4.5,7.488531876235083,87.7,Q3,0.0,0.0,0.0,-3.5,0.0,0.0,active,inactive,78.22,,-78.22,0.0,-3.5,0.0,negative,zero,stable,inactive,1,False,0,0.0,0.0,0.0,0.0,0.0,12.75,0.7843137254901933,0.0,-2.48953752930382,3.2738512547940135,1.9607843137254832,1.1673151750972721,-7.071865857008186,9.03265017073367,1.9607843137254832,0.0,-4.70588235294117,-5.447470817120614,-10.802223966500545,6.096341613559375,1.9607843137254832,-7.4509803921568585,-7.4509803921568585,-8.171206225680926,-0.8324692408073209,-6.618511151349537,1.9607843137254832,-7.843137254901967,,,,,,
2026-07-23,2886,兆豐金,金融保險,True,True,high_priority_watch,A,strong_bull,68,2.83,3,25.35,33.33,10.671380773369709,92.41,Q3,3.5,12.5,0.5,0.0,0.0,8.85,active,active,93.29,88.48,-93.29,88.48,-3.5,3.5,negative,positive,stable,stable,1,False,0,12.850000000000001,24.85,25.35,25.35,16.5,47.1,2.866242038216571,0.6230529595015577,-2.48953752930382,5.355779567520392,4.989384288747356,2.699896157840098,-7.071865857008186,12.061250145755542,6.050955414012749,0.0,9.341825902335454,6.957424714434057,-10.802223966500545,20.144049868836,9.766454352441611,0.0,6.794055201698512,4.4652128764278265,-0.8324692408073209,7.626524442505833,14.012738853503182,0.0,,,,,,
2026-07-23,2615,萬海,航運業,True,True,high_priority_watch,A,strong_bull,66,3.05,12,50.16,62.8,9.82407523063269,91.23,Q1,9.0,5.21,1.0,7.0,25.0,2.95,active,active,4.66,24.85,4.66,24.85,3.5,3.5,positive,positive,stable,stable,1,False,0,44.95,49.160000000000004,43.160000000000004,25.160000000000004,47.21,84.1,3.4482758620689724,2.9585798816567976,-2.48953752930382,5.937813391372792,-0.5945303210463715,-1.0650887573964596,-7.071865857008186,6.4773355359618145,4.518430439952459,-2.4970273483947647,0.3567181926278362,-0.11834319526626835,-10.802223966500545,11.158942159128381,4.518430439952459,-2.4970273483947647,0.23781212841855748,-0.2366863905325478,-0.8324692408073209,1.0702813692258784,4.518430439952459,-2.4970273483947647,,,,,,
2026-07-23,2542,興富發,建材營建,True,True,high_priority_watch,A,strong_bull,65,3.21,6,51.38,58.47,6.8829160800326195,86.26,Q1,3.5,12.5,0.5,0.0,25.0,9.88,active,active,85.75,98.79,-85.75,98.79,-3.5,3.5,negative,positive,stable,stable,1,False,0,38.88,50.88,51.38,26.380000000000003,41.5,44.45,-0.5624296962879693,-1.6685205784204626,-2.48953752930382,1.9271078330158509,-3.374578177727783,-4.449388209121241,-7.071865857008186,3.6972876792804032,1.012373453318327,-3.4870641169853833,-0.22497187851518996,-1.3348164627363768,-10.802223966500545,10.577252087985356,1.012373453318327,-4.386951631046121,-0.7874015748031482,-1.8909899888765347,-0.8324692408073209,0.04506766600417267,1.012373453318327,-4.386951631046121,,,,,,
2026-07-23,6177,達麗,建材營建,True,True,high_priority_watch,A,strong_bull,76,3.58,0,0.0,7.0,7.796646445273114,88.61,Q3,0.0,0.0,0.0,-7.0,0.0,0.0,active,active,8.22,71.52,-8.22,-71.52,-3.5,-3.5,negative,negative,stable,stable,1,False,0,0.0,0.0,0.0,0.0,0.0,48.05,1.0405827263267442,0.10309278350515427,-2.48953752930382,3.5301202556305644,-1.3527575442247586,-2.268041237113405,-7.071865857008186,5.719108312783428,1.6649323621227952,-1.9771071800207984,-1.2486992715920797,-2.1649484536082397,-10.802223966500545,9.553524694908464,1.6649323621227952,-3.433922996878247,-0.5202913631633721,-1.443298969072171,-0.8324692408073209,0.3121778776439488,1.6649323621227952,-3.433922996878247,,,,,,
2026-07-23,4162,智擎,生技醫療,True,True,high_priority_watch,A,strong_bull,72,4.54,3,24.14,33.2,15.238127498632448,95.29,Q3,3.5,12.5,0.5,0.0,0.0,7.64,active,active,76.58,76.36,-76.58,76.36,-3.5,3.5,negative,positive,stable,stable,1,False,0,11.64,23.64,24.14,24.14,16.5,67.8,-2.8023598820058893,-1.3473053892215425,-2.48953752930382,-0.31282235270206904,-5.162241887905605,-3.7425149700598848,-7.071865857008186,1.9096239691025811,0.0,-6.784660766961648,-9.29203539823008,-7.93413173652694,-10.802223966500545,1.5101885682704648,0.0,-10.029498525073743,-6.784660766961648,-5.3892215568862145,-0.8324692408073209,-5.952191526154326,0.0,-11.504424778761058,,,,,,
2026-07-23,2880,華南金,金融保險,True,True,high_priority_watch,A,strong_bull,38,6.59,3,26.26,33.46,14.077059179048113,95.16,Q3,3.5,12.5,0.5,0.0,0.0,9.76,active,active,93.84,97.58,-93.84,97.58,-3.5,3.5,negative,positive,stable,stable,1,False,0,13.759999999999998,25.759999999999998,26.259999999999998,26.259999999999998,16.5,40.1,1.4962593516209433,-1.3333333333333308,-2.48953752930382,3.9857968809247635,3.2418952618453734,0.363636363636366,-7.071865857008186,10.31376111885356,4.613466334164595,-0.37406483790523026,6.3591022443890255,3.3939393939393936,-10.802223966500545,17.16132621088957,6.3591022443890255,-0.37406483790523026,9.850374064837887,6.787878787878787,-0.8324692408073209,10.682843305645207,12.593516209476308,-0.37406483790523026,,,,,,
2026-07-23,6277,宏正,電腦週邊,True,True,high_priority_watch,B1,strong_bull,70,0.85,5,50.95,54.67,11.29843786110094,92.93,Q1,3.5,12.5,0.5,3.5,25.0,5.95,active,inactive,59.45,,59.45,0.0,3.5,0.0,positive,zero,stable,inactive,1,False,0,38.45,50.45,47.45,25.950000000000003,45.0,78.5,-0.6369426751592355,0.7751937984496138,-2.48953752930382,1.8525948541445847,-0.7643312101910715,0.6459948320413522,-7.071865857008186,6.307534646817114,1.0191082802547768,-2.292993630573248,-4.84076433121019,-3.488372093023262,-10.802223966500545,5.961459635290355,1.0191082802547768,-5.4777070063694255,-4.076433121019107,-2.7131782945736593,-0.8324692408073209,-3.2439638802117865,3.821656050955413,-5.4777070063694255,,,,,,
2026-07-23,6214,精誠,資訊服務,True,True,high_priority_watch,B1,strong_bull,70,2.73,0,0.0,4.5,10.224160478821155,91.88,Q3,0.0,0.0,0.0,-3.5,0.0,0.0,active,inactive,73.29,,-73.29,0.0,-3.5,0.0,negative,zero,stable,inactive,1,False,0,0.0,0.0,0.0,0.0,0.0,140.5,-0.7117437722419906,-1.0638297872340385,-2.48953752930382,1.7777937570618296,1.7793594306049876,1.4184397163120588,-7.071865857008186,8.851225287613174,3.9145907473309594,-1.0676156583629859,2.1352313167259718,1.773049645390068,-10.802223966500545,12.937455283226516,4.62633451957295,-1.0676156583629859,3.558718861209975,3.1914893617021267,-0.8324692408073209,4.391188102017296,9.964412811387891,-1.0676156583629859,,,,,,
2026-07-23,3005,神基,電腦週邊,True,True,high_priority_watch,B1,strong_bull,48,5.19,2,6.03,19.08,16.660924451355587,96.2,Q4,3.5,1.8,0.5,0.0,0.0,0.23,active,active,2.33,36.36,2.33,-36.36,3.5,-3.5,positive,negative,stable,stable,1,False,0,4.23,5.53,6.03,6.03,5.8,113.0,0.0,-0.4405286343612369,-2.48953752930382,2.48953752930382,-2.6548672566371723,-3.083700440528636,-7.071865857008186,4.416998600371014,1.7699115044247815,-3.539823008849563,-2.6548672566371723,-3.083700440528636,-10.802223966500545,8.147356709863374,1.7699115044247815,-7.964601769911505,2.212389380530966,1.7621145374449254,-0.8324692408073209,3.0448586213382867,3.9823008849557473,-7.964601769911505,,,,,,
2026-07-23,2527,宏璟,建材營建,True,False,other_watch,A,strong_bull,62,6.86,0,0.0,4.5,25.260597881478496,98.04,Q4,0.0,0.0,0.0,-3.5,0.0,0.0,active,inactive,7.81,,-7.81,0.0,-3.5,0.0,negative,zero,stable,inactive,1,False,0,0.0,0.0,0.0,0.0,0.0,48.55,-4.943357363542733,-5.2361396303901575,-2.48953752930382,-2.4538198342389124,-11.122554067971159,-11.396303901437378,-7.071865857008186,-4.0506882109629725,0.0,-11.431513903192581,-16.4778578784758,-16.735112936344976,-10.802223966500545,-5.675633911975254,0.0,-17.19876416065911,-5.355303810504619,-5.646817248459957,-0.8324692408073209,-4.522834569697299,0.0,-17.19876416065911,,,,,,
2026-07-23,4541,晟田,其他,True,False,other_watch,A,strong_bull,62,7.21,5,28.89,33.89,43.42987668437328,99.61,Q2,3.5,12.5,0.5,3.5,5.0,3.89,active,inactive,38.9,,38.9,0.0,3.5,0.0,positive,zero,stable,inactive,1,False,0,16.39,28.39,25.39,23.89,25.0,69.5,2.733812949640302,3.779069767441867,-2.48953752930382,5.223350478944122,-9.49640287769784,-8.57558139534883,-7.071865857008186,-2.4245370206896535,7.482014388489211,-9.784172661870505,-18.561151079136685,-17.73255813953488,-10.802223966500545,-7.75892711263614,7.482014388489211,-19.56834532374101,-8.345323741007194,-7.41279069767441,-0.8324692408073209,-7.512854500199873,7.482014388489211,-19.56834532374101,,,,,,
2026-07-23,2834,臺企銀,金融保險,True,False,other_watch,A,strong_bull,58,0.7,0,0.0,7.0,3.1523704453706003,74.21,Q4,0.0,0.0,0.0,-7.0,0.0,0.0,active,active,99.32,3.03,-99.32,-3.03,-3.5,-3.5,negative,negative,stable,stable,1,False,0,0.0,0.0,0.0,0.0,0.0,17.8,1.1235955056179803,0.5586592178770999,-2.48953752930382,3.6131330349218005,1.6853932584269593,1.1173184357541999,-7.071865857008186,8.757259115435145,2.2471910112359383,-0.2808988764045006,1.6853932584269593,1.1173184357541999,-10.802223966500545,12.487617224927504,2.2471910112359383,-0.5617977528090012,-7.02247191011236,-7.541899441340771,-0.8324692408073209,-6.19000266930504,3.3707865168539186,-7.02247191011236,,,,,,
2026-07-23,2101,南港,橡膠工業,True,False,other_watch,A,strong_bull,58,0.98,0,0.0,4.5,9.119235112943791,90.58,Q4,0.0,0.0,0.0,-3.5,0.0,0.0,active,inactive,50.0,,-50.0,0.0,-3.5,0.0,negative,zero,stable,inactive,1,False,0,0.0,0.0,0.0,0.0,0.0,33.5,-1.4925373134328401,-1.3452914798206317,-2.48953752930382,0.9970002158709801,-2.3880597014925287,-2.2421524663677084,-7.071865857008186,4.683806155515658,0.14925373134326847,-2.8358208955224007,-3.1343283582089487,-2.9895366218236186,-10.802223966500545,7.667895608291596,0.14925373134326847,-5.5223880597015,3.2835820895522394,3.4379671150971625,-0.8324692408073209,4.116051330359561,3.2835820895522394,-5.5223880597015,,,,,,
2026-07-23,3055,蔚華科,電子通路,True,False,other_watch,A,strong_bull,58,2.17,3,0.0,4.5,53.24122334321226,99.87,Q4,0.0,0.0,0.0,-3.5,0.0,0.0,active,inactive,1.92,,-1.92,0.0,-3.5,0.0,negative,zero,stable,inactive,1,False,0,0.0,0.0,0.0,0.0,0.0,137.5,-1.4545454545454528,-9.966777408637872,-2.48953752930382,1.0349920747583674,-16.727272727272723,-23.920265780730897,-7.071865857008186,-9.655406870264537,5.0909090909091015,-17.454545454545457,-32.21818181818181,-38.073089700996675,-10.802223966500545,-21.415957851681267,5.0909090909091015,-32.21818181818181,-19.63636363636364,-26.578073089700993,-0.8324692408073209,-18.80389439555632,5.0909090909091015,-36.14545454545455,,,,,,
2026-07-23,2630,亞航,航運業,True,False,other_watch,A,strong_bull,58,3.09,5,22.23,28.64,28.15005443578893,98.56,Q2,3.5,8.39,0.5,3.5,5.0,1.34,active,inactive,13.42,,13.42,0.0,3.5,0.0,positive,zero,stable,inactive,1,False,0,13.84,21.73,18.73,17.23,20.89,53.4,0.9363295880149725,1.1257035647279645,-2.48953752930382,3.4258671173187927,-7.116104868913853,-6.941838649155718,-7.071865857008186,-0.044239011905666814,5.805243445692887,-7.209737827715356,-13.951310861423217,-13.789868667917437,-10.802223966500545,-3.1490868949226716,5.805243445692887,-14.419475655430702,-8.239700374531832,-8.067542213883671,-0.8324692408073209,-7.407231133724512,5.805243445692887,-14.419475655430702,,,,,,
2026-07-23,2059,川湖,電子零組件,True,False,other_watch,A,strong_bull,58,3.83,5,29.76,38.04,11.851065697225184,93.32,Q2,3.5,12.5,0.5,0.0,5.0,8.26,active,active,82.6,67.27,82.6,-67.27,3.5,-3.5,positive,negative,stable,stable,1,False,0,17.259999999999998,29.259999999999998,29.759999999999998,24.759999999999998,21.5,8005.0,-3.372891942535916,-5.670731707317078,-2.48953752930382,-0.8833544132320958,-6.933166770768273,-9.14634146341463,-7.071865857008186,0.1386990862399129,3.372891942535916,-6.933166770768273,-10.805746408494688,-12.926829268292684,-10.802223966500545,-0.0035224419941428664,3.372891942535916,-14.553404122423485,26.17114303560275,23.17073170731707,-0.8324692408073209,27.00361227641007,26.17114303560275,-14.553404122423485,,,,,,
2026-07-23,2883,凱基金,金融保險,True,False,other_watch,A,strong_bull,58,4.75,5,50.6,58.33,6.114062625447536,84.42,Q1,3.5,12.5,0.5,0.0,25.0,9.1,active,active,90.96,9.7,90.96,-9.7,3.5,-3.5,positive,negative,stable,stable,1,False,0,38.1,50.1,50.6,25.6,41.5,30.45,0.6568144499178974,-0.6482982171799101,-2.48953752930382,3.1463519792217176,-2.791461412151064,-4.051863857374394,-7.071865857008186,4.280404444857123,1.6420361247947435,-3.77668308702791,-4.926108374384242,-6.158833063209079,-10.802223966500545,5.876115592116303,1.6420361247947435,-6.896551724137923,0.49261083743843415,-0.8103727714748765,-0.8324692408073209,1.325080078245755,4.269293924466333,-6.896551724137923,,,,,,
2026-07-23,1709,和益,化學工業,True,False,other_watch,A,strong_bull,58,9.68,5,29.88,34.34,30.290103208993546,98.95,Q2,3.5,12.5,0.5,3.5,5.0,4.88,active,inactive,48.77,,48.77,0.0,3.5,0.0,positive,zero,stable,inactive,1,False,0,17.38,29.38,26.38,24.88,25.0,27.2,-3.492647058823528,-3.492647058823528,-2.48953752930382,-1.0031095295197079,-9.742647058823529,-9.742647058823529,-7.071865857008186,-2.670781201815343,4.044117647058831,-10.661764705882348,-17.095588235294112,-17.095588235294112,-10.802223966500545,-6.293364268793567,4.044117647058831,-17.095588235294112,1.6544117647058876,1.6544117647058876,-0.8324692408073209,2.4868810055132085,4.044117647058831,-17.095588235294112,,,,,,
2026-07-23,5876,上海商銀,金融保險,True,False,other_watch,A,strong_bull,54,1.99,0,0.0,7.0,10.412474016267993,92.02,Q4,0.0,0.0,0.0,-7.0,0.0,0.0,active,active,14.52,73.94,-14.52,-73.94,-3.5,-3.5,negative,negative,stable,stable,1,False,0,0.0,0.0,0.0,0.0,0.0,44.35,4.0586245772266105,3.0133928571428603,-2.48953752930382,6.54816210653043,-1.0146561443066582,-2.00892857142857,-7.071865857008186,6.057209712701528,6.200676437429542,-1.465614430665163,1.014656144306647,0.0,-10.802223966500545,11.816880110807192,6.200676437429542,-1.6910935738444155,-2.0293122886133053,-3.013392857142849,-0.8324692408073209,-1.1968430478059844,6.200676437429542,-2.7057497181510737,,,,,,
2026-07-23,5434,崇越,電子通路,True,False,other_watch,A,strong_bull,54,2.38,6,28.83,38.17,16.905501117919485,96.47,Q2,3.5,12.5,0.5,0.0,5.0,7.33,active,active,25.62,73.33,-25.62,73.33,-3.5,3.5,negative,positive,stable,stable,1,False,0,16.33,28.33,28.83,23.83,21.5,550.0,0.363636363636366,-1.2522361359570633,-2.48953752930382,2.853173892940186,-6.000000000000005,-7.513416815742402,-7.071865857008186,1.0718658570081807,2.1818181818181737,-7.090909090909092,-13.54545454545455,-14.93738819320215,-10.802223966500545,-2.7432305789540052,2.1818181818181737,-14.000000000000002,-7.454545454545459,-8.944543828264761,-0.8324692408073209,-6.622076213738138,2.1818181818181737,-14.000000000000002,,,,,,
2026-07-23,2912,統一超,貿易百貨,True,False,other_watch,A,strong_bull,50,0.74,3,26.08,33.43,7.9239060258949445,89.01,Q4,3.5,12.5,0.5,0.0,0.0,9.58,active,active,98.63,95.76,-98.63,95.76,-3.5,3.5,negative,positive,stable,stable,1,False,0,13.579999999999998,25.58,26.08,26.08,16.5,234.0,2.991452991452981,1.6877637130801704,-2.48953752930382,5.4809905207568015,1.4957264957264904,0.21097046413502962,-7.071865857008186,8.567592352734676,3.205128205128216,0.0,-1.7094017094017144,-2.9535864978902926,-10.802223966500545,9.092822257098831,3.418803418803429,-4.273504273504269,-5.982905982905984,-7.1729957805907185,-0.8324692408073209,-5.1504367420986625,3.418803418803429,-6.8376068376068355,,,,,,
2026-07-23,2812,台中銀,金融保險,True,False,other_watch,A,strong_bull,50,0.86,3,5.37,20.25,5.613242717750522,82.59,Q3,3.5,0.28,0.5,0.0,0.0,1.09,active,active,91.51,10.91,-91.51,10.91,-3.5,3.5,negative,positive,stable,stable,1,False,0,5.09,4.87,5.37,5.37,4.28,20.35,0.49140049140048436,0.0,-2.48953752930382,2.9809380207043046,1.9656019656019597,1.4669926650366705,-7.071865857008186,9.037467822610147,2.211302211302213,-0.24570024570025328,1.474201474201453,0.9779951100244544,-10.802223966500545,12.276425440701999,2.4570024570024662,-0.24570024570025328,-9.090909090909093,-9.53545232273838,-0.8324692408073209,-8.258439850101773,2.4570024570024662,-9.5823095823096,,,,,,
2026-07-23,5871,中租-KY,其他,True,False,other_watch,A,strong_bull,50,1.47,3,25.11,33.29,8.757973573618894,90.18,Q4,3.5,12.5,0.5,0.0,0.0,8.61,active,active,72.33,86.06,-72.33,86.06,-3.5,3.5,negative,positive,stable,stable,1,False,0,12.61,24.61,25.11,25.11,16.5,119.0,0.8403361344537785,-0.4149377593360981,-2.48953752930382,3.3298736637575987,0.8403361344537785,-0.4149377593360981,-7.071865857008186,7.912201991461965,2.1008403361344463,0.0,-7.14285714285714,-8.298755186721996,-10.802223966500545,3.6593668236434054,2.1008403361344463,-7.98319327731093,-8.403361344537819,-9.54356846473029,-0.8324692408073209,-7.570892103730499,2.1008403361344463,-8.403361344537819,,,,,,
2026-07-23,2892,第一金,金融保險,True,False,other_watch,A,strong_bull,48,2.32,3,25.59,33.38,9.14283478304525,90.71,Q3,3.5,12.5,0.5,0.0,0.0,9.09,active,active,96.85,90.91,-96.85,90.91,-3.5,3.5,negative,positive,stable,stable,1,False,0,13.09,25.09,25.59,25.59,16.5,33.4,2.6946107784431073,0.43923865300146137,-2.48953752930382,5.184148307746927,4.191616766467066,1.9033674963396807,-7.071865857008186,11.263482623475252,5.0898203592814495,0.0,6.287425149700598,3.9531478770131745,-10.802223966500545,17.089649116201144,6.736526946107779,0.0,6.287425149700598,3.9531478770131745,-0.8324692408073209,7.11989439050792,10.479041916167663,0.0,,,,,,
2026-07-23,2425,承啟,電腦週邊,True,False,other_watch,A,strong_bull,45,5.53,3,6.66,20.97,21.551611653600578,97.77,Q3,3.5,0.9,0.5,0.0,0.0,1.76,active,active,60.14,17.58,-60.14,17.58,-3.5,3.5,negative,positive,stable,stable,1,False,0,5.76,6.16,6.66,6.66,4.9,45.55,2.8540065861690556,2.2925764192139875,-2.48953752930382,5.343544115472875,-4.939626783754115,-5.458515283842791,-7.071865857008186,2.1322390732540715,5.159165751920969,-4.939626783754115,-6.2568605927551975,-6.768558951965053,-10.802223966500545,4.545363373745348,5.159165751920969,-9.98902305159165,5.708013172338089,5.13100436681222,-0.8324692408073209,6.54048241314541,14.379802414928665,-9.98902305159165,,,,,,
2026-07-23,2801,彰銀,金融保險,True,False,other_watch,A,strong_bull,40,1.78,3,25.71,33.39,8.485769199111836,90.05,Q3,3.5,12.5,0.5,0.0,0.0,9.21,active,active,98.49,92.12,-98.49,92.12,-3.5,3.5,negative,positive,stable,stable,1,False,0,13.21,25.21,25.71,25.71,16.5,24.05,1.2474012474012586,0.4123711340206171,-2.48953752930382,3.736938776705079,2.079002079002068,1.2371134020618513,-7.071865857008186,9.150867936010254,3.3264033264033266,-0.20790020790021346,3.1185031185031242,2.268041237113394,-10.802223966500545,13.92072708500367,3.3264033264033266,-0.20790020790021346,-3.7422037422037535,-4.53608247422681,-0.8324692408073209,-2.9097345013964326,7.068607068607058,-3.7422037422037535,,,,,,
2026-07-23,2377,微星,電腦週邊,True,False,other_watch,A,strong_bull,38,5.01,3,17.38,29.02,16.448250595183335,95.81,Q3,3.5,8.53,0.5,0.0,0.0,4.85,active,active,54.25,48.48,-54.25,48.48,-3.5,3.5,negative,positive,stable,stable,1,False,0,8.85,16.88,17.38,17.38,12.53,149.0,-1.6778523489932917,-3.618421052631582,-2.48953752930382,0.8116851803105285,-6.711409395973156,-8.552631578947366,-7.071865857008186,0.3604564610350298,1.342281879194629,-7.718120805369133,-8.7248322147651,-10.526315789473683,-10.802223966500545,2.077391751735446,1.342281879194629,-10.738255033557042,3.3557046979865834,1.3157894736842035,-0.8324692408073209,4.188173938793904,6.040268456375841,-10.738255033557042,,,,,,
2026-07-23,3702,大聯大,電子通路,True,False,wait_pullback,A,strong_bull,38,7.28,15,77.62,84.03,16.675079734815146,96.34,Q1,9.0,25.0,1.0,7.0,25.0,10.62,active,active,24.38,81.82,24.38,81.82,3.5,3.5,positive,positive,stable,stable,1,False,0,52.620000000000005,76.62,70.62,52.620000000000005,67.0,120.5,-2.4896265560165998,-3.292181069958844,-2.48953752930382,-8.902671277954965e-05,-8.713692946058094,-9.465020576131689,-7.071865857008186,-1.641827089049908,0.8298755186721962,-9.54356846473029,-12.448132780082988,-13.168724279835386,-10.802223966500545,-1.6459088135824427,0.8298755186721962,-15.352697095435685,4.149377593361003,3.292181069958855,-0.8324692408073209,4.981846834168325,7.05394190871369,-15.352697095435685,,,,,,
2026-07-23,2434,統懋,半導體業,True,False,other_watch,A,strong_bull,38,7.66,5,29.01,33.97,59.49292959491854,100.0,Q2,3.5,12.5,0.5,3.5,5.0,4.01,active,inactive,40.07,,40.07,0.0,3.5,0.0,positive,zero,stable,inactive,1,False,0,16.509999999999998,28.509999999999998,25.509999999999998,24.009999999999998,25.0,69.0,-0.28985507246377384,-1.5736766809728353,-2.48953752930382,2.1996824568400464,-14.057971014492754,-15.164520743919896,-7.071865857008186,-6.986105157484568,1.0144927536231974,-14.057971014492754,-25.36231884057971,-26.32331902718169,-10.802223966500545,-14.560094874079166,1.0144927536231974,-30.289855072463766,-17.536231884057973,-18.597997138769685,-0.8324692408073209,-16.703762643250652,1.0144927536231974,-30.579710144927542,,,,,,
2026-07-23,2633,台灣高鐵,航運業,True,False,other_watch,B1,strong_bull,71,-0.38,0,0.0,4.5,2.5905726925616213,69.9,Q4,0.0,0.0,0.0,-3.5,0.0,0.0,active,inactive,82.33,,-82.33,0.0,-3.5,0.0,negative,zero,stable,inactive,1,False,0,0.0,0.0,0.0,0.0,0.0,25.85,0.7736943907156624,0.3853564547206201,-2.48953752930382,3.2632319200194826,0.5802707930367523,0.19267822736031004,-7.071865857008186,7.652136650044938,1.1605415860734825,0.0,1.740812379110257,1.3487475915221703,-10.802223966500545,12.543036345610801,1.934235976789167,-0.5802707930367634,-0.19342359767892114,-0.578034682080919,-0.8324692408073209,0.6390456431283997,2.9013539651837617,-0.7736943907156735,,,,,,
2026-07-23,2915,潤泰全,貿易百貨,True,False,other_watch,B1,strong_bull,63,-0.48,0,0.0,4.5,0.6894320081509697,61.52,Q4,0.0,0.0,0.0,-3.5,0.0,0.0,active,inactive,81.37,,-81.37,0.0,-3.5,0.0,negative,zero,stable,inactive,1,False,0,0.0,0.0,0.0,0.0,0.0,51.5,-0.1941747572815511,-0.3875968992248069,-2.48953752930382,2.295362772022269,-1.9417475728155331,-2.131782945736438,-7.071865857008186,5.130118284192653,0.7766990291262044,-2.5242718446601864,-0.1941747572815511,-0.3875968992248069,-10.802223966500545,10.608049209218994,0.7766990291262044,-2.7184466019417486,-0.5825242718446533,-0.7751937984496138,-0.8324692408073209,0.2499449689626676,2.9126213592232997,-2.7184466019417486,,,,,,
2026-07-23,6196,帆宣,其他電子,True,False,other_watch,B1,strong_bull,63,-1.63,12,49.75,58.72,3.146128248117175,74.08,Q2,9.0,19.4,1.0,7.0,5.0,8.35,active,active,38.63,44.85,38.63,44.85,3.5,3.5,positive,positive,stable,stable,1,False,0,30.35,48.75,42.75,44.75,41.4,537.0,-2.0484171322160183,-3.130755064456725,-2.48953752930382,0.44112039708780193,-11.638733705772808,-12.615101289134433,-7.071865857008186,-4.5668678487646215,2.4208566108007368,-12.104283054003728,-18.80819366852886,-19.705340699815842,-10.802223966500545,-8.005969702028317,2.4208566108007368,-20.48417132216015,-5.400372439478584,-6.44567219152854,-0.8324692408073209,-4.567903198671264,2.4208566108007368,-20.48417132216015,,,,,,
2026-07-23,1402,遠東新,紡織纖維,True,False,other_watch,B1,strong_bull,56,-2.25,5,30.39,38.26,-1.8031004181589427,50.92,Q2,3.5,12.5,0.5,0.0,5.0,8.89,active,active,88.9,11.52,88.9,-11.52,3.5,-3.5,positive,negative,stable,stable,1,False,0,17.89,29.89,30.39,25.39,21.5,27.0,1.2962962962963065,0.5514705882353033,-2.48953752930382,3.7858338256001267,1.4814814814814836,0.7352941176470562,-7.071865857008186,8.553347338489669,2.592592592592591,0.0,0.5555555555555536,-0.18382352941176405,-10.802223966500545,11.357779522056099,2.777777777777768,-1.1111111111111183,0.0,-0.7352941176470562,-0.8324692408073209,0.8324692408073209,2.777777777777768,-1.4814814814814725,,,,,,
2026-07-23,2885,元大金,金融保險,True,False,other_watch,B1,strong_bull,56,-4.24,12,47.95,55.9,-1.645433358875592,51.83,Q2,9.0,15.31,1.0,7.0,5.0,10.64,active,active,74.93,31.52,74.93,31.52,3.5,3.5,positive,positive,stable,stable,1,False,0,32.64,46.95,40.95,42.95,37.31,62.7,0.6379585326953707,-0.3159557661927215,-2.48953752930382,3.127496061999191,1.2759170653907415,0.3159557661927437,-7.071865857008186,8.347782922398927,3.349282296650702,-0.15948963317384823,0.6379585326953707,-0.3159557661927215,-10.802223966500545,11.440182499195917,3.349282296650702,-3.189792663476876,7.0175438596491,6.00315955766193,-0.8324692408073209,7.850013100456421,12.91866028708133,-3.189792663476876,,,,,,
2026-07-23,2891,中信金,金融保險,True,False,other_watch,B1,strong_bull,56,-4.44,3,23.41,33.12,-6.565364360371151,36.52,Q4,3.5,12.5,0.5,0.0,0.0,6.91,active,active,75.48,69.09,-75.48,69.09,-3.5,3.5,negative,positive,stable,stable,1,False,0,10.91,22.91,23.41,23.41,16.5,62.8,1.273885350318471,0.15748031496063408,-2.48953752930382,3.7634228796222913,-0.6369426751592355,-1.7322834645669305,-7.071865857008186,6.4349231818489505,1.9108280254777066,-1.4331210191082744,0.4777070063694433,-0.6299212598425141,-10.802223966500545,11.279930972869987,1.9108280254777066,-3.1847133757961776,2.8662420382165488,1.7322834645669305,-0.8324692408073209,3.6987112790238696,6.210191082802563,-3.1847133757961776,,,,,,
2026-07-23,2882,國泰金,金融保險,True,False,other_watch,B1,strong_bull,56,-5.35,5,29.8,38.07,-8.954881852892925,29.06,Q2,3.5,12.5,0.5,0.0,5.0,8.3,active,active,83.01,81.21,83.01,-81.21,3.5,-3.5,positive,negative,stable,stable,1,False,0,17.3,29.3,29.8,24.8,21.5,96.4,0.6224066390041472,-0.30832476875641834,-2.48953752930382,3.1119441683079674,-1.0373443983402453,-1.9527235354573347,-7.071865857008186,6.034521458667941,2.178423236514515,-1.8672199170124637,-1.2448132780083054,-2.1582733812949617,-10.802223966500545,9.55741068849224,2.178423236514515,-4.045643153526979,1.1410788381742698,0.20554984583762703,-0.8324692408073209,1.9735480789815907,6.327800829875518,-4.045643153526979,,,,,,
2026-07-23,3362,先進光,光電業,True,False,other_watch,B1,strong_bull,56,-8.3,0,0.0,4.5,-12.513593974105042,21.99,Q4,0.0,0.0,0.0,-3.5,0.0,0.0,active,inactive,15.34,,-15.34,0.0,-3.5,0.0,negative,zero,stable,inactive,1,False,0,0.0,0.0,0.0,0.0,0.0,159.0,-5.345911949685533,-7.668711656441718,-2.48953752930382,-2.8563744203817127,-0.6289308176100628,-3.0674846625766916,-7.071865857008186,6.442935039398123,7.547169811320753,-5.345911949685533,-1.5723270440251569,-3.9877300613496924,-10.802223966500545,9.229896922475389,14.465408805031444,-5.345911949685533,10.691823899371066,7.975460122699385,-0.8324692408073209,11.524293140178386,23.584905660377366,-5.345911949685533,,,,,,
2026-07-23,2409,友達,光電業,True,False,other_watch,B1,strong_bull,56,-11.02,15,37.13,50.72,-11.343853536946579,24.08,Q2,9.0,12.53,1.0,7.0,5.0,2.6,active,active,24.79,1.21,24.79,1.21,3.5,3.5,positive,positive,stable,stable,1,False,0,24.6,36.13,30.130000000000003,32.13,34.53,25.6,-0.390625,-2.857142857142858,-2.48953752930382,2.09891252930382,-6.640625000000011,-8.952380952380956,-7.071865857008186,0.4312408570081754,1.5625,-14.0625,-13.28125000000001,-15.428571428571436,-10.802223966500545,-2.4790260334994656,1.5625,-14.0625,-4.1015625,-6.476190476190469,-0.8324692408073209,-3.269093259192679,1.5625,-14.0625,,,,,,
2026-07-23,6207,雷科,電子零組件,True,False,other_watch,B1,strong_bull,56,-15.97,5,24.46,30.74,-21.54735834192114,8.64,Q2,3.5,10.36,0.5,3.5,5.0,1.6,active,inactive,16.03,,16.03,0.0,3.5,0.0,positive,zero,stable,inactive,1,False,0,14.100000000000001,23.96,20.96,19.46,22.86,118.0,-6.779661016949157,-9.090909090909093,-2.48953752930382,-4.290123487645337,-15.254237288135597,-17.355371900826444,-7.071865857008186,-8.182371431127411,0.8474576271186418,-15.50847457627118,-26.4406779661017,-28.264462809917358,-10.802223966500545,-15.638453999601154,0.8474576271186418,-28.050847457627114,-11.864406779661019,-14.049586776859503,-0.8324692408073209,-11.031937538853699,0.8474576271186418,-28.050847457627114,,,,,,
2026-07-23,2201,裕隆,汽車工業,True,False,other_watch,B1,strong_bull,51,-0.53,12,25.85,39.03,4.9628354662842655,80.63,Q2,9.0,1.72,1.0,7.0,5.0,2.13,active,active,0.68,20.61,0.68,20.61,3.5,3.5,positive,positive,stable,stable,1,False,0,24.13,24.849999999999998,18.849999999999998,20.849999999999998,23.72,28.05,-0.5347593582887722,-0.5347593582887722,-2.48953752930382,1.954778171015048,-2.67379679144385,-2.67379679144385,-7.071865857008186,4.398069065564336,0.35650623885916666,-3.0303030303030387,-3.208556149732633,-3.208556149732633,-10.802223966500545,7.593667816767912,0.35650623885916666,-4.991087344028533,-1.6042780748663055,-1.6042780748663055,-0.8324692408073209,-0.7718088340589846,2.4955436720142554,-4.991087344028533,,,,,,
2026-07-23,1909,榮成,造紙工業,True,False,other_watch,B1,strong_bull,51,-1.61,5,27.66,33.38,6.500037713137741,85.47,Q2,3.5,12.5,0.5,3.5,5.0,2.66,active,inactive,26.58,,26.58,0.0,3.5,0.0,positive,zero,stable,inactive,1,False,0,15.16,27.16,24.16,22.66,25.0,10.05,0.0,-0.4950495049504844,-2.48953752930382,2.48953752930382,0.0,-0.4950495049504844,-7.071865857008186,7.071865857008186,0.995024875621886,-1.194029850746281,0.0,-0.4950495049504844,-10.802223966500545,10.802223966500545,0.995024875621886,-2.7860696517413075,0.0,-0.4950495049504844,-0.8324692408073209,0.8324692408073209,1.990049751243772,-2.9850746268656803,,,,,,
2026-07-23,2646,星宇航空,航運業,True,False,other_watch,B1,strong_bull,51,-1.73,3,5.86,20.53,0.5168399736676155,60.67,Q4,3.5,0.53,0.5,0.0,0.0,1.33,active,active,70.41,13.33,-70.41,13.33,-3.5,3.5,negative,positive,stable,stable,1,False,0,5.33,5.36,5.86,5.86,4.53,21.05,0.47505938242278223,-0.47058823529412264,-2.48953752930382,2.9645969117266024,3.562945368171011,2.5882352941176467,-7.071865857008186,10.634811225179197,3.8004750593824355,0.0,2.375296912114022,1.4117647058823568,-10.802223966500545,13.177520878614567,4.51306413301662,0.0,0.47505938242278223,-0.47058823529412264,-0.8324692408073209,1.307528623230103,4.51306413301662,-0.47505938242280443,,,,,,
2026-07-23,2458,義隆,半導體業,True,False,other_watch,B1,strong_bull,48,-3.8,3,25.17,33.3,6.858865375488454,86.13,Q4,3.5,12.5,0.5,0.0,0.0,8.67,active,active,73.42,86.67,-73.42,86.67,-3.5,3.5,negative,positive,stable,stable,1,False,0,12.670000000000002,24.67,25.17,25.17,16.5,169.0,-0.591715976331364,-1.7543859649122862,-2.48953752930382,1.8978215529724562,-8.579881656804734,-9.649122807017541,-7.071865857008186,-1.5080157997965475,1.4792899408283988,-9.171597633136097,-12.426035502958577,-13.450292397660824,-10.802223966500545,-1.6238115364580317,1.4792899408283988,-14.792899408284022,-12.72189349112426,-13.742690058479534,-0.8324692408073209,-11.889424250316939,1.4792899408283988,-14.792899408284022,,,,,,
2026-07-23,1708,東鹼,化學工業,True,False,other_watch,B1,strong_bull,48,-5.6,3,14.57,26.63,5.847277673404516,83.64,Q4,3.5,6.21,0.5,0.0,0.0,4.36,active,active,51.64,43.64,-51.64,43.64,-3.5,3.5,negative,positive,stable,stable,1,False,0,8.36,14.07,14.57,14.57,10.21,53.8,-2.0446096654274992,-2.226345083487935,-2.48953752930382,0.444927863876321,-7.899628252788105,-8.070500927643787,-7.071865857008186,-0.827762395779919,0.743494423791824,-9.851301115241629,-14.1263940520446,-14.28571428571428,-10.802223966500545,-3.324170085544054,0.743494423791824,-14.31226765799256,-7.527881040892193,-7.699443413729123,-0.8324692408073209,-6.695411800084871,0.743494423791824,-14.31226765799256,,,,,,
2026-07-23,1563,巧新,汽車工業,True,False,other_watch,B1,strong_bull,48,-7.29,0,0.0,4.5,-3.2736248383025695,45.29,Q4,0.0,0.0,0.0,-3.5,0.0,0.0,active,inactive,66.16,,-66.16,0.0,-3.5,0.0,negative,zero,stable,inactive,1,False,0,0.0,0.0,0.0,0.0,0.0,60.6,2.1452145214521323,1.4754098360655776,-2.48953752930382,4.634752050755953,-4.455445544554459,-5.0819672131147575,-7.071865857008186,2.6164203124537266,3.960396039603964,-4.950495049504955,-12.706270627062711,-13.278688524590166,-10.802223966500545,-1.904046660562166,3.960396039603964,-14.356435643564359,-4.950495049504955,-5.573770491803276,-0.8324692408073209,-4.1180258086976345,3.960396039603964,-14.356435643564359,,,,,,
2026-07-23,6197,佳必琪,電子零組件,True,False,other_watch,B1,strong_bull,48,-8.28,0,0.0,4.5,-9.648648447911256,27.62,Q4,0.0,0.0,0.0,-3.5,0.0,0.0,active,inactive,5.07,,-5.07,0.0,-3.5,0.0,negative,zero,stable,inactive,1,False,0,0.0,0.0,0.0,0.0,0.0,314.5,-1.4308426073131986,-1.7432646592709933,-2.48953752930382,1.0586949219906217,-7.790143084260737,-8.082408874801905,-7.071865857008186,-0.7182772272525506,3.8155802861685295,-7.949125596184414,-15.580286168521463,-15.847860538827263,-10.802223966500545,-4.778062202020918,3.8155802861685295,-17.32909379968204,0.6359300476947549,0.31695721077653616,-0.8324692408073209,1.4683992885020758,3.8155802861685295,-17.32909379968204,,,,,,
2026-07-23,5464,霖宏,電子零組件,True,False,other_watch,B1,strong_bull,48,-10.05,0,0.0,4.5,-14.756366082948578,18.06,Q4,0.0,0.0,0.0,-3.5,0.0,0.0,active,inactive,60.0,,-60.0,0.0,-3.5,0.0,negative,zero,stable,inactive,1,False,0,0.0,0.0,0.0,0.0,0.0,80.7,-1.2391573729863659,-1.6049382716049387,-2.48953752930382,1.2503801563174544,-10.904584882280044,-11.23456790123456,-7.071865857008186,-3.8327190252718584,3.3457249070631967,-10.904584882280044,-26.27013630731103,-26.543209876543205,-10.802223966500545,-15.467912340810486,3.3457249070631967,-27.38537794299876,-16.23296158612145,-16.54320987654322,-0.8324692408073209,-15.400492345314131,3.3457249070631967,-27.38537794299876,,,,,,
2026-07-23,2302,麗正,半導體業,True,False,other_watch,B1,strong_bull,48,-11.05,3,7.91,21.71,-12.847674319390567,20.94,Q4,3.5,1.55,0.5,0.0,0.0,2.36,active,active,63.01,23.64,-63.01,23.64,-3.5,3.5,negative,positive,stable,stable,1,False,0,6.36,7.41,7.91,7.91,5.550000000000001,42.45,1.2956419316843215,1.2956419316843215,-2.48953752930382,3.7851794609881417,-10.718492343934049,-10.718492343934049,-7.071865857008186,-3.6466264869258627,7.891637220259118,-10.83627797408716,-21.201413427561832,-21.201413427561832,-10.802223966500545,-10.399189461061287,7.891637220259118,-22.614840989399298,1.4134275618374437,1.4134275618374437,-0.8324692408073209,2.2458968026447645,7.891637220259118,-22.614840989399298,,,,,,
2026-07-23,2493,揚博,電子零組件,True,False,other_watch,B1,strong_bull,48,-13.55,3,22.56,33.05,-8.35282353385347,31.41,Q4,3.5,12.5,0.5,0.0,0.0,6.06,active,active,48.49,60.61,-48.49,60.61,-3.5,3.5,negative,positive,stable,stable,1,False,0,10.059999999999999,22.06,22.56,22.56,16.5,230.0,-7.608695652173914,-9.957627118644064,-2.48953752930382,-5.119158122870093,-15.000000000000002,-17.16101694915254,-7.071865857008186,-7.928134142991816,0.21739130434783593,-16.52173913043479,-28.04347826086957,-29.8728813559322,-10.802223966500545,-17.241254294369025,0.21739130434783593,-29.78260869565217,-4.347826086956519,-6.779661016949157,-0.8324692408073209,-3.515356846149198,0.21739130434783593,-29.78260869565217,,,,,,
2026-07-23,3481,群創,光電業,True,False,other_watch,B1,strong_bull,48,-14.64,15,29.59,43.14,-22.62556563596865,7.33,Q2,9.0,5.64,1.0,7.0,5.0,1.95,active,active,7.4,12.12,7.4,12.12,3.5,3.5,positive,positive,stable,stable,1,False,0,23.95,28.59,22.59,24.59,27.64,50.7,-2.3668639053254448,-4.6242774566473965,-2.48953752930382,0.12267362397837545,-11.24260355029586,-13.294797687861271,-7.071865857008186,-4.170737693287673,1.1834319526627057,-14.49704142011835,-18.343195266272193,-20.231213872832367,-10.802223966500545,-7.540971299771648,1.1834319526627057,-20.118343195266274,-1.3806706114398493,-3.6608863198458574,-0.8324692408073209,-0.5482013706325284,1.1834319526627057,-20.118343195266274,,,,,,
2026-07-23,1444,力麗,紡織纖維,True,False,other_watch,B1,strong_bull,46,-5.65,3,24.44,33.24,19.642595813948894,97.38,Q4,3.5,12.5,0.5,0.0,0.0,7.94,active,active,70.27,79.39,-70.27,79.39,-3.5,3.5,negative,positive,stable,stable,1,False,0,11.940000000000001,23.94,24.44,24.44,16.5,8.07,-0.867410161090465,-1.2345679012345623,-2.48953752930382,1.6221273682133552,-8.30235439900867,-8.64197530864197,-7.071865857008186,-1.2304885420004847,0.0,-8.550185873605953,-13.011152416356886,-13.33333333333333,-10.802223966500545,-2.208928449856341,0.0,-13.382899628252787,-10.780669144981413,-11.111111111111105,-0.8324692408073209,-9.948199904174093,0.0,-13.754646840148698,,,,,,
2026-07-23,2887,台新新光金,金融保險,True,False,other_watch,B1,strong_bull,43,-0.07,3,25.96,33.42,11.767787882435044,93.19,Q4,3.5,12.5,0.5,0.0,0.0,9.46,active,active,82.19,94.55,-82.19,94.55,-3.5,3.5,negative,positive,stable,stable,1,False,0,13.46,25.46,25.96,25.96,16.5,33.9,0.7374631268436627,-1.0144927536231974,-2.48953752930382,3.227000656147483,0.1474926253687503,-1.5942028985507117,-7.071865857008186,7.219358482376936,3.244837758112107,-0.1474926253687281,-2.212389380530977,-3.913043478260869,-10.802223966500545,8.589834585969568,3.244837758112107,-6.047197640117985,1.7699115044247815,0.0,-0.8324692408073209,2.6023807452321024,7.079646017699104,-6.047197640117985,,,,,,
2026-07-23,2845,遠東銀,金融保險,True,False,other_watch,B1,strong_bull,43,-0.19,0,0.0,4.5,4.129034231023154,78.01,Q4,0.0,0.0,0.0,-3.5,0.0,0.0,active,inactive,92.05,,-92.05,0.0,-3.5,0.0,negative,zero,stable,inactive,1,False,0,0.0,0.0,0.0,0.0,0.0,13.15,1.520912547528508,1.1363636363636465,-2.48953752930382,4.010450076832328,1.1406844106463865,0.7575757575757791,-7.071865857008186,8.212550267654573,2.281368821292773,0.0,2.281368821292773,1.8939393939394034,-10.802223966500545,13.083592787793318,2.281368821292773,-0.38022813688213253,0.0,-0.37878787878786735,-0.8324692408073209,0.8324692408073209,3.802281368821303,-0.38022813688213253,,,,,,
2026-07-23,3441,聯一光,光電業,True,False,other_watch,B1,strong_bull,40,-13.64,5,29.14,34.0,-21.329693088169265,9.16,Q2,3.5,12.5,0.5,3.5,5.0,4.14,active,inactive,41.37,,41.37,0.0,3.5,0.0,positive,zero,stable,inactive,1,False,0,16.64,28.64,25.64,24.14,25.0,66.8,-3.7425149700598848,-6.404657933042223,-2.48953752930382,-1.2529774407560645,15.568862275449113,12.372634643377012,-7.071865857008186,22.640728132457298,16.31736526946108,-6.886227544910173,14.371257485029965,11.208151382823871,-10.802223966500545,25.17348145153051,35.47904191616767,-6.886227544910173,32.335329341317376,28.675400291120813,-0.8324692408073209,33.167798582124696,43.41317365269462,-6.886227544910173,,,,,,
2026-07-23,1904,正隆,造紙工業,True,False,other_watch,B1,strong_bull,38,-4.72,12,43.56,54.19,0.5589699837580175,60.99,Q2,9.0,15.37,1.0,7.0,5.0,6.19,active,active,29.73,32.12,29.73,32.12,3.5,3.5,positive,positive,stable,stable,1,False,0,28.189999999999998,42.559999999999995,36.559999999999995,38.559999999999995,37.37,21.65,-0.9237875288683584,-1.1520737327188946,-2.48953752930382,1.5657500004354619,-1.385681293302532,-1.612903225806439,-7.071865857008186,5.686184563705654,0.23094688221709792,-3.23325635103926,-1.8475750577367167,-2.073732718894006,-10.802223966500545,8.95464890876383,0.23094688221709792,-4.387990762124705,3.002309468822184,2.764976958525356,-0.8324692408073209,3.834778709629505,3.6951501154734556,-4.849884526558879,,,,,,
2026-07-23,2601,益航,航運業,True,False,other_watch,B1,strong_bull,36,-4.18,0,0.0,4.5,20.460608793644663,97.51,Q4,0.0,0.0,0.0,-3.5,0.0,0.0,active,inactive,26.16,,-26.16,0.0,-3.5,0.0,negative,zero,stable,inactive,1,False,0,0.0,0.0,0.0,0.0,0.0,6.5,2.3076923076923217,1.8376722817764257,-2.48953752930382,4.7972298369961415,-3.9999999999999925,-4.44104134762634,-7.071865857008186,3.0718658570081936,4.615384615384621,-4.61538461538461,-6.307692307692314,-6.738131699846861,-10.802223966500545,4.494531658808231,4.615384615384621,-7.692307692307687,-3.538461538461546,-3.9816232771822446,-0.8324692408073209,-2.705992297654225,4.615384615384621,-7.692307692307687,,,,,,
2026-07-23,2484,希華,電子零組件,True,False,other_watch,B1,strong_bull,36,-17.63,15,25.12,38.36,2.734872836861779,70.94,Q2,9.0,1.11,1.0,7.0,5.0,2.01,active,active,0.14,20.0,0.14,20.0,3.5,3.5,positive,positive,stable,stable,1,False,0,24.009999999999998,24.119999999999997,18.119999999999997,20.119999999999997,23.11,69.2,3.9017341040462394,3.6023054755043304,-2.48953752930382,6.39127163335006,-4.913294797687873,-5.187319884726238,-7.071865857008186,2.1585710593203133,9.826589595375722,-4.913294797687873,-16.763005780346816,-17.00288184438041,-10.802223966500545,-5.960781813846271,9.826589595375722,-18.063583815028906,2.8901734104046284,2.5936599423631135,-0.8324692408073209,3.7226426512119493,9.826589595375722,-18.063583815028906,,,,,,
2026-07-23,1216,統一,食品工業,True,False,other_watch,B1,strong_bull,35,-0.32,3,25.41,33.34,5.120532745823936,81.41,Q4,3.5,12.5,0.5,0.0,0.0,8.91,active,active,92.19,89.09,-92.19,89.09,-3.5,3.5,negative,positive,stable,stable,1,False,0,12.91,24.91,25.41,25.41,16.5,75.9,1.976284584980248,0.5194805194805197,-2.48953752930382,4.465822114284068,1.976284584980248,0.5194805194805197,-7.071865857008186,9.048150441988433,4.084321475625807,0.0,-0.39525691699606735,-1.81818181818183,-10.802223966500545,10.406967049504477,4.084321475625807,-2.898550724637683,-3.820816864295129,-5.1948051948051965,-0.8324692408073209,-2.988347623487808,4.084321475625807,-4.611330698287219,,,,,,
2026-07-23,2618,長榮航,航運業,True,False,other_watch,B1,strong_bull,28,-3.2,5,26.17,36.76,-4.568518216529283,41.88,Q2,3.5,12.5,0.5,0.0,5.0,4.67,active,active,46.71,66.06,46.71,-66.06,3.5,-3.5,positive,negative,stable,stable,1,False,0,13.670000000000002,25.67,26.17,21.17,21.5,40.35,0.867410161090465,-0.3671970624234966,-2.48953752930382,3.356947690394285,5.947955390334569,4.6511627906976605,-7.071865857008186,13.019821247342755,6.4436183395291335,-0.6195786864931829,3.4696406443618377,2.2031823745410017,-10.802223966500545,14.271864610862384,7.558859975216836,-0.6195786864931829,7.187112763320935,5.875152998776012,-0.8324692408073209,8.019582004128257,10.408921933085491,-0.6195786864931829,,,,,,
2026-07-23,1718,中纖,化學工業,True,False,other_watch,B1,strong_bull,28,-10.95,12,45.63,54.4,25.559153407621206,98.17,Q2,9.0,14.17,1.0,7.0,5.0,9.46,active,active,68.49,26.06,68.49,26.06,3.5,3.5,positive,positive,stable,stable,1,False,0,31.46,44.63,38.63,40.63,36.17,11.65,-5.579399141630903,-3.083700440528636,-2.48953752930382,-3.089861612327083,-16.48068669527897,-14.27312775330396,-7.071865857008186,-9.408820838270783,0.0,-16.652360515021456,-25.83690987124463,-23.87665198237885,-10.802223966500545,-15.034685904744084,0.0,-26.26609442060086,-12.44635193133048,-10.132158590308372,-0.8324692408073209,-11.613882690523159,0.0,-26.26609442060086,,,,,,
2026-07-23,4764,雙鍵,化學工業,True,False,wait_pullback,B1,strong_bull,26,-3.36,6,33.73,35.82,-0.99198182457233,54.58,Q2,3.5,12.5,0.5,3.5,5.0,8.73,inactive,active,,87.27,0.0,87.27,0.0,3.5,zero,positive,inactive,stable,1,False,0,21.230000000000004,33.230000000000004,30.230000000000004,28.730000000000004,25.000000000000004,297.5,-6.050420168067228,-9.693053311793209,-2.48953752930382,-3.5608826387634074,-5.5462184873949605,-9.208400646203552,-7.071865857008186,1.5256473696132256,7.731092436974785,-8.571428571428575,-20.504201680672274,-23.586429725363487,-10.802223966500545,-9.70197771417173,7.731092436974785,-23.36134453781512,-11.764705882352944,-15.18578352180937,-0.8324692408073209,-10.932236641545623,7.731092436974785,-23.36134453781512,,,,,,
2026-07-23,6213,聯茂,電子零組件,True,False,other_watch,B1,strong_bull,20,-6.59,3,8.35,21.91,13.755621236250938,94.76,Q3,3.5,1.68,0.5,0.0,0.0,2.67,active,active,70.55,26.67,-70.55,26.67,-3.5,3.5,negative,positive,stable,stable,1,False,0,6.67,7.85,8.35,8.35,5.68,332.0,-6.777108433734935,-9.898107714701599,-2.48953752930382,-4.287570904431115,-16.716867469879514,-19.505094614264916,-7.071865857008186,-9.645001612871328,1.6566265060240948,-16.716867469879514,-27.86144578313253,-30.276564774381363,-10.802223966500545,-17.059221816631986,1.6566265060240948,-28.614457831325304,12.95180722891567,9.170305676855905,-0.8324692408073209,13.78427646972299,12.95180722891567,-28.614457831325304,,,,,,
2026-07-24,2633,台灣高鐵,航運業,True,True,high_priority_watch,A,weak_bounce,71,0.0,6,55.28,57.86,4.85998943644953,66.88,Q1,3.5,12.5,1.0,4.0,25.0,9.28,active,active,38.78,92.75,-38.78,92.75,-1.0,5.0,negative,positive,neutral,accelerating,2,False,0,42.78,54.28,51.28,30.28,46.0,26.0,0.19230769230769162,0.0,0.11074569304381221,0.08156199926387941,0.19230769230769162,0.0,-8.137357281719758,8.32966497402745,0.9615384615384581,-1.1538461538461608,0.19230769230769162,0.0,-1.0695468971309907,1.2618545894386823,2.3076923076923217,-1.1538461538461608,-0.7692307692307665,-0.9596928982725572,1.4683371458459105,-2.237567915076677,2.3076923076923217,-1.3461538461538525,,,,,,
2026-07-24,2480,敦陽科,資訊服務,True,True,high_priority_watch,A,weak_bounce,78,0.79,5,53.01,54.41,11.6218941983543,91.1,Q1,3.5,12.5,1.0,1.75,25.0,9.26,active,inactive,92.56,,92.56,0.0,1.75,0.0,positive,zero,decelerating,inactive,2,False,0,40.51,52.01,51.26,28.009999999999998,43.75,160.0,-1.2499999999999956,-0.6289308176100628,0.11074569304381221,-1.3607456930438078,-2.500000000000002,-1.8867924528301883,-8.137357281719758,5.637357281719757,0.0,-5.312499999999998,3.750000000000009,4.402515723270439,-1.0695468971309907,4.819546897131,4.374999999999996,-5.312499999999998,-2.187499999999998,-1.5723270440251569,1.4683371458459105,-3.6558371458459082,4.374999999999996,-7.187500000000002,,,,,,
2026-07-24,2845,遠東銀,金融保險,True,True,high_priority_watch,A,weak_bounce,58,0.95,5,31.67,35.51,7.530291144919177,79.06,Q2,3.5,12.5,0.5,5.0,5.0,5.17,active,inactive,51.66,,51.66,0.0,5.0,0.0,positive,zero,accelerating,inactive,2,False,0,19.17,31.17,26.67,26.67,26.5,13.45,-0.3717472118959009,0.3745318352059934,0.11074569304381221,-0.4824929049397131,-1.1152416356877248,-0.3745318352059823,-8.137357281719758,7.0221156460320335,0.0,-2.6022304832713727,0.3717472118959231,1.1235955056179803,-1.0695468971309907,1.4412941090269138,1.486988847583648,-2.6022304832713727,-1.8587360594795488,-1.1235955056179803,1.4683371458459105,-3.3270732053254592,1.486988847583648,-2.6022304832713727,,,,,,
2026-07-24,5871,中租-KY,其他,True,True,high_priority_watch,A,weak_bounce,72,1.05,6,52.63,55.13,9.51799809445818,87.04,Q1,3.5,12.5,1.5,0.75,25.0,9.38,active,active,68.39,93.78,-68.39,93.78,-1.0,1.75,negative,positive,neutral,decelerating,2,False,0,40.13,51.13,51.88,27.630000000000003,43.25,120.0,0.0,0.0,0.11074569304381221,-0.11074569304381221,-6.25,-6.25,-8.137357281719758,1.8873572817197584,1.2499999999999956,-7.916666666666671,-7.08333333333333,-7.08333333333333,-1.0695468971309907,-6.01378643620234,1.2499999999999956,-8.750000000000002,-9.166666666666668,-9.166666666666668,1.4683371458459105,-10.63500381251258,1.2499999999999956,-9.166666666666668,,,,,,
2026-07-24,2527,宏璟,建材營建,True,True,high_priority_watch,A,weak_bounce,72,1.26,0,0.0,4.5,20.565854347793888,97.64,Q4,0.0,0.0,0.0,-3.5,0.0,0.0,active,inactive,66.93,,-66.93,0.0,-3.5,0.0,negative,zero,stable,inactive,2,False,0,0.0,0.0,0.0,0.0,0.0,46.5,0.5376344086021501,1.300108342361872,0.11074569304381221,0.42688871555833785,-10.430107526881727,-9.750812567713973,-8.137357281719758,-2.292750245161969,1.2903225806451646,-12.795698924731191,-4.193548387096779,-3.4669555796316365,-1.0695468971309907,-3.1240014899657886,1.2903225806451646,-13.548387096774183,1.2903225806451646,2.0585048754062862,1.4683371458459105,-0.17801456520074588,5.2688172043010795,-13.548387096774183,,,,,,
2026-07-24,2834,臺企銀,金融保險,True,True,high_priority_watch,A,weak_bounce,58,1.27,3,9.28,19.23,5.621894198354294,70.94,Q4,3.5,0.16,1.0,4.0,0.0,0.62,active,active,74.63,6.22,-74.63,6.22,-1.0,5.0,negative,positive,neutral,accelerating,2,False,0,9.12,8.28,5.279999999999999,9.28,8.66,18.1,0.5524861878452914,1.1111111111111072,0.11074569304381221,0.44174049480147914,-0.8287292817679703,-0.2777777777777768,-8.137357281719758,7.3086279999517885,0.5524861878452914,-2.209944751381232,0.5524861878452914,1.1111111111111072,-1.0695468971309907,1.622033084976282,1.6574585635358963,-2.209944751381232,-8.839779005524873,-8.333333333333337,1.4683371458459105,-10.308116151370783,1.6574585635358963,-9.392265193370186,,,,,,
2026-07-24,2542,興富發,建材營建,True,True,high_priority_watch,A,weak_bounce,80,1.49,3,25.2,32.24,7.700416138308109,80.37,Q3,3.5,12.5,1.0,-1.75,0.0,9.95,active,active,97.21,99.48,-97.21,99.48,-3.5,1.75,negative,positive,stable,decelerating,2,False,0,12.7,24.2,26.95,25.2,15.25,44.7,-2.684563758389269,-1.5837104072398245,0.11074569304381221,-2.795309451433081,-3.2438478747203625,-2.1493212669683293,-8.137357281719758,4.893509406999396,0.0,-4.921700223713654,-1.5659955257270708,-0.4524886877828149,-1.0695468971309907,-0.4964486285960801,0.22371364653241965,-4.921700223713654,-0.8948545861297674,0.2262443438913797,1.4683371458459105,-2.363191731975678,0.22371364653241965,-4.921700223713654,,,,,,
2026-07-24,2207,和泰車,汽車工業,True,True,high_priority_watch,A,weak_bounce,76,1.96,6,55.5,57.71,8.43439419835429,83.9,Q1,3.5,12.5,1.0,5.0,25.0,8.5,active,active,0.73,84.97,0.0,84.97,0.0,5.0,zero,positive,neutral,accelerating,2,False,0,43.0,54.5,50.5,30.5,47.0,502.0,-0.7968127490039834,0.911854103343468,0.11074569304381221,-0.9075584420477956,3.3864541832669293,5.167173252279644,-8.137357281719758,11.523811464986688,3.784860557768921,-1.7928286852589626,11.155378486055767,13.06990881458967,-1.0695468971309907,12.224925383186758,14.143426294820728,-1.7928286852589626,2.7888446215139417,4.5592705167173175,1.4683371458459105,1.3205074756680313,14.143426294820728,-1.7928286852589626,,,,,,
2026-07-24,2889,國票金,金融保險,True,True,high_priority_watch,A,weak_bounce,62,2.11,5,55.16,56.9,10.621894198354298,88.87,Q1,3.5,12.5,0.5,5.0,25.0,8.66,active,inactive,86.59,,86.59,0.0,5.0,0.0,positive,zero,accelerating,inactive,2,False,0,42.66,54.66,50.16,30.159999999999997,46.5,15.75,-0.31746031746032743,-0.31746031746032743,0.11074569304381221,-0.42820601050413964,-2.2222222222222254,-2.2222222222222254,-8.137357281719758,5.915135059497533,0.0,-3.809523809523807,-0.9523809523809601,-0.9523809523809601,-1.0695468971309907,0.11716594475003062,0.31746031746031633,-3.809523809523807,-2.857142857142858,-2.857142857142858,1.4683371458459105,-4.325480002988769,0.31746031746031633,-3.809523809523807,,,,,,
2026-07-24,2836,高雄銀,金融保險,True,True,high_priority_watch,A,weak_bounce,66,2.59,0,0.0,4.5,10.093438913801446,88.35,Q3,0.0,0.0,0.0,-3.5,0.0,0.0,active,inactive,87.65,,-87.65,0.0,-3.5,0.0,negative,zero,stable,inactive,2,False,0,0.0,0.0,0.0,0.0,0.0,12.85,0.3891050583657574,0.3891050583657574,0.11074569304381221,0.27835936532194516,-7.0038910505836665,-7.0038910505836665,-8.137357281719758,1.133466231136092,1.1673151750972721,-8.171206225680926,-5.836575875486383,-5.836575875486383,-1.0695468971309907,-4.767028978355392,1.1673151750972721,-8.171206225680926,-7.782101167315181,-7.782101167315181,1.4683371458459105,-9.25043831316109,1.1673151750972721,-8.560311284046696,,,,,,
2026-07-24,2884,玉山金,金融保險,True,True,high_priority_watch,A,weak_bounce,62,2.71,15,70.88,78.42,7.03233143389731,77.36,Q1,9.0,15.36,1.5,10.0,25.0,10.02,active,active,58.7,41.45,58.7,41.45,5.0,5.0,positive,positive,accelerating,accelerating,2,False,0,55.519999999999996,69.38,60.879999999999995,45.879999999999995,60.86,36.35,0.13755158184318717,1.2517385257301727,0.11074569304381221,0.026805888799374955,0.4126547455295615,1.5299026425591,-8.137357281719758,8.55001202724932,1.5130674002751032,-1.375515818431916,6.327372764786787,7.510431154381081,-1.0695468971309907,7.396919661917778,7.565337001375516,-1.375515818431916,4.951856946354871,6.119610570236422,1.4683371458459105,3.4835198005089607,7.565337001375516,-1.375515818431916,,,,,,
2026-07-24,4513,福裕,電機機械,True,True,high_priority_watch,A,weak_bounce,72,3.01,0,0.0,4.5,32.083432659892765,98.95,Q4,0.0,0.0,0.0,-3.5,0.0,0.0,active,inactive,52.32,,-52.32,0.0,-3.5,0.0,negative,zero,stable,inactive,2,False,0,0.0,0.0,0.0,0.0,0.0,20.55,-1.2165450121654486,-1.2165450121654486,0.11074569304381221,-1.3272907052092608,-15.815085158150854,-15.815085158150854,-8.137357281719758,-7.677727876431096,0.0,-18.491484184914842,-17.51824817518248,-17.51824817518248,-1.0695468971309907,-16.44870127805149,0.0,-19.70802919708029,-13.138686131386857,-13.138686131386857,1.4683371458459105,-14.607023277232766,0.0,-19.70802919708029,,,,,,
2026-07-24,4162,智擎,生技醫療,True,True,high_priority_watch,A,weak_bounce,72,3.13,3,25.68,29.41,17.316809452591585,96.2,Q3,3.5,12.5,1.0,0.75,0.0,7.93,active,active,54.58,79.27,-54.58,79.27,-1.0,1.75,negative,positive,neutral,decelerating,2,False,0,13.18,24.68,24.93,25.68,17.75,65.6,0.3048780487804992,-0.15174506828529166,0.11074569304381221,0.19413235573668697,-3.201219512195108,-3.6418816388467445,-8.137357281719758,4.936137769524651,1.371951219512213,-5.335365853658525,-6.4024390243902385,-6.828528072837647,-1.0695468971309907,-5.332892127259248,1.371951219512213,-7.012195121951215,-2.89634146341462,-3.3383915022761834,1.4683371458459105,-4.3646786092605305,1.371951219512213,-8.536585365853655,,,,,,
2026-07-24,6177,達麗,建材營建,True,True,high_priority_watch,A,weak_bounce,76,3.68,5,51.53,55.89,11.165372459223855,90.31,Q1,3.5,12.5,0.5,4.0,25.0,6.03,active,active,60.29,69.43,60.29,-69.43,5.0,-1.0,positive,negative,accelerating,neutral,2,False,0,39.03,51.03,47.53,26.53,45.5,48.6,-1.440329218107006,-1.3388259526261548,0.11074569304381221,-1.5510749111508182,-3.0864197530864224,-2.9866117404737325,-8.137357281719758,5.050937528633336,0.5144032921810648,-4.526748971193417,-2.6748971193415683,-2.5746652935118464,-1.0695468971309907,-1.6053502222105775,0.5144032921810648,-4.526748971193417,0.411522633744843,0.5149330587023604,1.4683371458459105,-1.0568145121010675,1.5432098765432167,-4.526748971193417,,,,,,
2026-07-24,2867,三商壽,金融保險,True,True,high_priority_watch,A,weak_bounce,68,3.69,5,55.22,57.25,13.654490240263495,93.06,Q1,3.5,12.5,1.0,5.0,25.0,8.22,active,inactive,82.2,,82.2,0.0,5.0,0.0,positive,zero,accelerating,inactive,2,False,0,42.72,54.22,50.22,30.22,47.0,9.3,0.10752688172042113,0.3232758620689724,0.11074569304381221,-0.0032188113233910798,0.7526881720429923,0.969827586206895,-8.137357281719758,8.89004545376275,2.043010752688157,-1.0752688172043112,6.451612903225801,6.68103448275863,-1.0695468971309907,7.521159800356791,8.064516129032251,-1.0752688172043112,5.483870967741922,5.711206896551735,1.4683371458459105,4.015533821896011,8.064516129032251,-1.0752688172043112,,,,,,
2026-07-24,5876,上海商銀,金融保險,True,True,high_priority_watch,A,weak_bounce,45,5.01,5,51.21,56.04,15.502846579306663,94.76,Q1,3.5,12.5,1.0,4.0,25.0,5.21,active,active,52.06,16.58,52.06,-16.58,5.0,-1.0,positive,negative,accelerating,neutral,2,False,0,38.71,50.21,47.21,26.21,46.0,46.3,1.5118790496760237,1.8418201516793076,0.11074569304381221,1.4011333566322115,-4.21166306695463,-3.9003250270855827,-8.137357281719758,3.9256942147651284,1.7278617710583255,-5.831533477321804,-1.835853131749443,-1.5167930660888285,-1.0695468971309907,-0.7663062346184524,1.7278617710583255,-5.831533477321804,-6.155507559395234,-5.85048754062838,1.4683371458459105,-7.623844705241145,1.7278617710583255,-6.803455723542118,,,,,,
2026-07-24,2880,華南金,金融保險,True,True,high_priority_watch,A,weak_bounce,34,5.1,3,25.04,32.2,12.727157356249041,92.28,Q3,3.5,12.5,1.0,-1.75,0.0,9.79,active,active,97.88,97.93,-97.88,97.93,-3.5,1.75,negative,positive,stable,decelerating,2,False,0,12.54,24.04,26.79,25.04,15.25,41.1,0.7299270072992581,1.7199017199017064,0.11074569304381221,0.6191813142554459,1.703163017031617,2.7027027027026973,-8.137357281719758,9.840520298751375,3.406326034063256,-1.8248175182481785,6.326034063260333,7.3710073710073765,-1.0695468971309907,7.395580960391324,9.85401459854014,-1.8248175182481785,8.029197080291972,9.090909090909083,1.4683371458459105,6.560859934446062,9.85401459854014,-1.8248175182481785,,,,,,
2026-07-24,2615,萬海,航運業,True,False,wait_pullback,A,weak_bounce,45,5.78,15,68.12,74.99,17.303537330575093,96.07,Q1,9.0,13.67,2.0,6.75,25.0,11.7,active,active,89.51,27.46,89.51,27.46,5.0,1.75,positive,positive,accelerating,decelerating,2,False,0,54.45,66.12,61.370000000000005,43.120000000000005,56.42,86.0,-2.3255813953488413,-3.4482758620689613,0.11074569304381221,-2.4363270883926536,-1.1627906976744207,-2.298850574712641,-8.137357281719758,6.974566584045338,0.23255813953488857,-4.651162790697672,-1.5116279069767424,-2.643678160919538,-1.0695468971309907,-0.4420810098457517,1.1627906976744207,-4.651162790697672,-1.2790697674418539,-2.4137931034482696,1.4683371458459105,-2.7474069132877643,1.1627906976744207,-4.651162790697672,,,,,,
2026-07-24,2637,慧洋-KY,航運業,True,False,other_watch,A,weak_bounce,62,5.54,15,65.57,72.29,15.740159638564556,95.03,Q1,9.0,14.41,1.5,6.75,25.0,8.91,active,active,3.59,85.49,3.59,85.49,5.0,1.75,positive,positive,accelerating,decelerating,2,False,0,51.16,64.07,58.81999999999999,40.56999999999999,56.66,84.5,-2.6035502958579926,-1.7899761336515496,0.11074569304381221,-2.714295988901805,-4.852071005917158,-4.057279236276845,-8.137357281719758,3.2852862758026005,0.0,-7.928994082840235,-7.337278106508882,-6.563245823389019,-1.0695468971309907,-6.267731209377891,0.0,-8.047337278106504,4.023668639053257,4.892601431980914,1.4683371458459105,2.5553314932073468,4.615384615384621,-8.047337278106504,,,,,,
2026-07-24,2812,台中銀,金融保險,True,False,other_watch,A,weak_bounce,58,0.86,3,10.43,20.03,7.616906667182211,79.71,Q4,3.5,0.34,1.5,4.0,0.0,1.09,active,active,82.74,10.88,-82.74,10.88,-1.0,5.0,negative,positive,neutral,accelerating,2,False,0,10.09,8.93,6.43,10.43,9.34,20.45,1.4669926650366705,1.4669926650366705,0.11074569304381221,1.3562469719928583,0.9779951100244544,0.9779951100244544,-8.137357281719758,9.115352391744214,1.9559902200489088,-0.24449877750611915,0.24449877750611915,0.24449877750611915,-1.0695468971309907,1.3140456746371099,1.9559902200489088,-0.4889975550122161,-8.801955990220057,-8.801955990220057,1.4683371458459105,-10.270293136065966,1.9559902200489088,-10.02444987775062,,,,,,
2026-07-24,5434,崇越,電子通路,True,False,other_watch,A,weak_bounce,58,1.1,6,31.95,40.2,14.92882489142361,93.72,Q2,3.5,12.5,1.0,1.5,5.0,8.45,active,active,45.42,84.46,-45.42,84.46,-3.5,5.0,negative,positive,stable,accelerating,2,False,0,19.45,30.95,30.45,26.95,23.5,546.0,-0.5494505494505475,-1.6304347826086918,0.11074569304381221,-0.6601962424943597,-9.98168498168498,-10.96014492753623,-8.137357281719758,-1.8443276999652216,1.6483516483516425,-12.08791208791209,-8.424908424908429,-9.420289855072461,-1.0695468971309907,-7.355361527777438,1.6483516483516425,-13.369963369963367,-8.608058608058611,-9.601449275362317,1.4683371458459105,-10.07639575390452,1.6483516483516425,-13.369963369963367,,,,,,
2026-07-24,2377,微星,電腦週邊,True,False,other_watch,A,weak_bounce,58,1.21,3,13.51,24.45,15.3597219137101,94.37,Q3,3.5,5.32,1.0,-1.75,0.0,5.44,active,active,67.07,54.4,-67.07,54.4,-3.5,1.75,negative,positive,stable,decelerating,2,False,0,8.190000000000001,12.510000000000002,15.260000000000002,13.510000000000002,8.07,146.5,0.0,0.0,0.11074569304381221,-0.11074569304381221,-6.1433447098976135,-6.1433447098976135,-8.137357281719758,1.9940125718221449,0.34129692832765013,-9.215017064846421,-3.0716723549488067,-3.0716723549488067,-1.0695468971309907,-2.002125457817816,1.0238907849829282,-9.215017064846421,4.436860068259385,4.436860068259385,1.4683371458459105,2.9685229224134746,7.849829351535842,-9.215017064846421,,,,,,
2026-07-24,2883,凱基金,金融保險,True,False,other_watch,A,weak_bounce,58,4.07,12,69.51,77.04,6.1136974770428125,73.56,Q1,9.0,12.9,1.5,10.0,25.0,11.11,active,active,98.14,12.95,98.14,12.95,5.0,5.0,positive,positive,accelerating,accelerating,2,False,0,56.60999999999999,68.00999999999999,59.50999999999999,44.50999999999999,58.39999999999999,30.95,-0.8077544426494332,0.16313213703100793,0.11074569304381221,-0.9185001356932454,-5.815831987075937,-4.893964110929849,-8.137357281719758,2.3215252946438216,0.0,-7.915993537964461,-0.3231017770597644,0.6525285481239873,-1.0695468971309907,0.7464451200712263,0.1615508885298933,-8.400646203554107,-0.3231017770597644,0.6525285481239873,1.4683371458459105,-1.7914389229056749,2.584814216478204,-8.400646203554107,,,,,,
2026-07-24,2006,東和鋼鐵,鋼鐵工業,True,False,other_watch,A,weak_bounce,56,2.79,12,81.4,85.09,8.193322769782853,82.72,Q1,9.0,25.0,1.5,6.75,25.0,14.15,active,active,53.92,87.56,53.92,87.56,1.75,5.0,positive,positive,decelerating,accelerating,2,False,0,56.400000000000006,79.9,74.65,56.400000000000006,67.25,71.8,1.671309192200554,1.671309192200554,0.11074569304381221,1.5605634991567419,0.8356545961002881,0.8356545961002881,-8.137357281719758,8.973011877820046,2.089136490250687,-3.899721448467963,3.899721448467952,3.899721448467952,-1.0695468971309907,4.969268345598943,4.178272980501396,-3.899721448467963,23.259052924791092,23.259052924791092,1.4683371458459105,21.79071577894518,23.259052924791092,-3.899721448467963,,,,,,
2026-07-24,2027,大成鋼,鋼鐵工業,True,False,other_watch,A,weak_bounce,56,4.06,5,39.67,51.63,13.955227531687619,93.32,Q1,3.5,6.82,1.5,1.5,25.0,1.35,active,active,13.55,53.37,13.55,-53.37,5.0,-3.5,positive,negative,accelerating,stable,2,False,0,32.85,38.17,38.17,14.670000000000002,38.32,44.4,0.33783783783782884,2.296211251435132,0.11074569304381221,0.22709214479401663,-2.5900900900900914,-0.6888633754305373,-8.137357281719758,5.5472671916296665,1.6891891891891886,-5.405405405405405,-2.7027027027026973,-0.8036739380022806,-1.0695468971309907,-1.6331558055717066,1.6891891891891886,-5.405405405405405,4.954954954954971,7.003444316877161,1.4683371458459105,3.4866178091090605,5.743243243243246,-5.405405405405405,,,,,,
2026-07-24,1216,統一,食品工業,True,False,other_watch,A,weak_bounce,54,0.19,3,27.58,30.12,8.002846579306688,81.81,Q4,3.5,12.5,1.5,0.75,0.0,9.33,active,active,80.21,93.26,-80.21,93.26,-1.0,1.75,negative,positive,neutral,decelerating,2,False,0,15.079999999999998,26.08,26.83,27.58,18.25,78.7,-2.0330368487928907,-0.387596899224818,0.11074569304381221,-2.143782541836703,-0.6353240152477735,1.033591731266137,-8.137357281719758,7.502033266471985,0.3811944091486552,-2.6683608640406753,-6.22617534942822,-4.651162790697683,-1.0695468971309907,-5.156628452297229,0.3811944091486552,-6.480304955527327,-3.811944091486663,-2.1963824289405687,1.4683371458459105,-5.280281237332574,0.3811944091486552,-8.005082592121981,,,,,,
2026-07-24,3702,大聯大,電子通路,True,False,other_watch,A,weak_bounce,54,3.75,6,53.85,60.96,15.434978310503833,94.63,Q1,3.5,12.5,1.5,1.5,25.0,9.85,active,active,65.47,98.45,-65.47,98.45,-3.5,5.0,negative,positive,stable,accelerating,2,False,0,41.35,52.35,52.35,28.85,44.0,118.0,-1.6949152542372836,-1.276595744680853,0.11074569304381221,-1.8056609472810958,-10.169491525423723,-9.787234042553195,-8.137357281719758,-2.0321342437039647,0.4237288135593209,-13.135593220338981,-4.6610169491525415,-4.255319148936165,-1.0695468971309907,-3.591470052021551,0.4237288135593209,-13.559322033898303,3.813559322033888,4.255319148936176,1.4683371458459105,2.3452221761879777,9.322033898305083,-13.559322033898303,,,,,,
2026-07-24,2395,研華,電腦週邊,True,False,other_watch,A,weak_bounce,54,8.5,3,21.22,30.9,26.663560865020965,98.3,Q3,3.5,11.63,1.0,-1.75,0.0,6.84,active,active,69.99,68.39,-69.99,68.39,-3.5,1.75,negative,positive,stable,decelerating,2,False,0,9.590000000000002,20.220000000000002,22.970000000000002,21.220000000000002,14.380000000000003,586.0,-1.5358361774744034,-0.688468158347677,0.11074569304381221,-1.6465818705182156,-6.1433447098976135,-5.335628227194489,-8.137357281719758,1.9940125718221449,0.34129692832765013,-9.726962457337883,-3.924914675767921,-3.098106712564541,-1.0695468971309907,-2.8553677786369303,2.2184300341296925,-9.726962457337883,8.191126279863493,9.122203098106718,1.4683371458459105,6.7227891340175825,14.675767918088734,-9.726962457337883,,,,,,
2026-07-24,6416,瑞祺電通,通信網路,True,False,other_watch,A,weak_bounce,54,9.64,0,0.0,4.5,33.0849483855464,99.08,Q3,0.0,0.0,0.0,-3.5,0.0,0.0,active,inactive,29.08,,-29.08,0.0,-3.5,0.0,negative,zero,stable,inactive,2,False,0,0.0,0.0,0.0,0.0,0.0,103.5,-1.449275362318836,-1.449275362318836,0.11074569304381221,-1.5600210553626481,-10.821256038647341,-10.821256038647341,-8.137357281719758,-2.683898756927583,4.347826086956519,-14.009661835748787,-15.84541062801933,-15.84541062801933,-1.0695468971309907,-14.77586373088834,4.347826086956519,-17.391304347826086,-0.48309178743961567,-0.48309178743961567,1.4683371458459105,-1.9514289332855261,4.347826086956519,-17.391304347826086,,,,,,
2026-07-24,2886,兆豐金,金融保險,True,False,other_watch,A,weak_bounce,52,3.3,3,24.16,32.04,9.480415098675843,86.65,Q3,3.5,12.5,1.0,-1.75,0.0,8.91,active,active,86.45,89.12,-86.45,89.12,-3.5,1.75,negative,positive,stable,decelerating,2,False,0,11.66,23.16,25.91,24.16,15.25,49.0,0.8163265306122325,1.9607843137254832,0.11074569304381221,0.7055808375684203,1.8367346938775508,2.992776057791535,-8.137357281719758,9.97409197559731,3.0612244897959107,-1.4285714285714346,8.367346938775523,9.597523219814242,-1.0695468971309907,9.436893835906513,9.591836734693882,-1.4285714285714346,3.8775510204081653,5.056759545923617,1.4683371458459105,2.409213874562255,9.591836734693882,-1.4285714285714346,,,,,,
2026-07-24,2630,亞航,航運業,True,False,other_watch,A,weak_bounce,50,4.26,0,0.0,5.0,33.802631415952405,99.21,Q3,0.0,0.0,0.5,-3.5,0.0,0.0,active,inactive,26.69,,-26.69,0.0,-3.5,0.0,negative,zero,stable,inactive,2,False,0,0.0,0.0,0.5,0.0,0.0,53.3,-3.9399624765478314,-5.009276437847854,0.11074569304381221,-4.050708169591644,-9.756097560975608,-10.760667903525045,-8.137357281719758,-1.6187402792558494,0.5628517823639934,-13.320825515947455,-9.380863039399623,-10.389610389610393,-1.0695468971309907,-8.311316142268632,0.5628517823639934,-14.258911819887421,-9.568480300187609,-10.575139146567714,1.4683371458459105,-11.03681744603352,0.5628517823639934,-14.258911819887421,,,,,,
2026-07-24,2801,彰銀,金融保險,True,False,other_watch,A,weak_bounce,48,1.78,3,24.42,32.08,9.23891547495005,85.47,Q3,3.5,12.5,1.0,-1.75,0.0,9.17,active,active,98.01,91.71,-98.01,91.71,-3.5,1.75,negative,positive,stable,decelerating,2,False,0,11.920000000000002,23.42,26.17,24.42,15.250000000000002,24.55,0.6109979633401208,1.4373716632443356,0.11074569304381221,0.5002522702963086,-0.40733197556008793,0.4106776180698102,-8.137357281719758,7.73002530615967,1.2219959266802416,-2.2403258655804503,2.647657841140516,3.490759753593431,-1.0695468971309907,3.7172047382715068,4.6843177189409335,-2.2403258655804503,-5.702647657841153,-4.928131416837789,1.4683371458459105,-7.170984803687063,4.887983706720966,-6.313645621181263,,,,,,
2026-07-24,2912,統一超,貿易百貨,True,False,other_watch,A,weak_bounce,48,2.44,3,25.15,32.22,12.259062339947214,91.88,Q4,3.5,12.5,1.0,-1.75,0.0,9.9,active,active,99.2,98.96,-99.2,98.96,-3.5,1.75,negative,positive,stable,decelerating,2,False,0,12.649999999999999,24.15,26.9,25.15,15.249999999999998,240.5,-0.4158004158004158,-0.6224066390041472,0.11074569304381221,-0.526546108844228,0.20790020790020236,0.0,-8.137357281719758,8.34525748961996,0.6237006237006293,-1.4553014553014498,-6.8607068607068555,-7.05394190871369,-1.0695468971309907,-5.791159963575865,0.6237006237006293,-7.276507276507271,-8.108108108108103,-8.298755186721996,1.4683371458459105,-9.576445253954013,0.6237006237006293,-9.355509355509351,,,,,,
2026-07-24,1709,和益,化學工業,True,False,other_watch,A,weak_bounce,48,5.85,5,49.29,52.9,28.28544560022347,98.69,Q1,3.5,12.5,1.0,1.75,25.0,5.54,active,inactive,55.38,,55.38,0.0,1.75,0.0,positive,zero,decelerating,inactive,2,False,0,36.79,48.29,47.54,24.29,43.75,26.55,-2.259887005649719,-1.1428571428571455,0.11074569304381221,-2.370632698693531,-9.6045197740113,-8.571428571428575,-8.137357281719758,-1.467162492291541,1.6949152542372836,-11.299435028248583,-12.994350282485879,-12.0,-1.0695468971309907,-11.924803385354888,1.6949152542372836,-15.065913370998118,4.708097928436916,5.9047619047619015,1.4683371458459105,3.2397607825910057,7.156308851224091,-15.065913370998118,,,,,,
2026-07-24,2434,統懋,半導體業,True,False,other_watch,A,weak_bounce,48,5.97,5,32.68,36.21,73.6316622081223,100.0,Q2,3.5,12.5,1.0,5.0,5.0,5.68,active,inactive,56.84,,56.84,0.0,5.0,0.0,positive,zero,accelerating,inactive,2,False,0,20.18,31.68,27.68,27.68,27.0,69.7,-5.595408895265431,-4.360465116279066,0.11074569304381221,-5.706154588309243,-23.385939741750363,-22.383720930232553,-8.137357281719758,-15.248582460030605,0.0,-23.385939741750363,-23.6728837876614,-22.67441860465116,-1.0695468971309907,-22.60333689053041,0.0,-31.133428981348644,-23.6728837876614,-22.67441860465116,1.4683371458459105,-25.141220933507313,0.0,-31.276901004304168,,,,,,
2026-07-24,4541,晟田,其他,True,False,other_watch,A,weak_bounce,47,11.26,5,22.98,28.61,54.217107517813204,99.87,Q2,3.5,9.7,1.0,1.75,5.0,2.03,active,inactive,20.32,,20.32,0.0,1.75,0.0,positive,zero,decelerating,inactive,2,False,0,13.280000000000001,21.98,21.23,17.98,20.95,71.4,-6.442577030812336,-6.442577030812336,0.11074569304381221,-6.553322723856148,-14.28571428571429,-14.28571428571429,-8.137357281719758,-6.148357003994532,0.0,-16.9467787114846,-15.96638655462186,-15.96638655462186,-1.0695468971309907,-14.896839657490869,0.0,-21.708683473389367,-7.703081232492992,-7.703081232492992,1.4683371458459105,-9.171418378338902,0.0,-21.708683473389367,,,,,,
2026-07-24,2425,承啟,電腦週邊,True,False,other_watch,A,weak_bounce,45,7.89,3,4.88,19.09,16.247632096819466,95.42,Q3,3.5,0.52,1.0,-1.75,0.0,1.61,active,active,47.14,16.06,-47.14,16.06,-3.5,1.75,negative,positive,stable,decelerating,2,False,0,4.359999999999999,3.88,6.63,4.88,3.2699999999999996,46.5,-1.0752688172043001,-1.8143009605122717,0.11074569304381221,-1.1860145102481123,-5.053763440860215,-5.763073639274285,-8.137357281719758,3.0835938408595434,2.3655913978494647,-11.827956989247312,0.967741935483879,0.2134471718249653,-1.0695468971309907,2.0372888326148697,2.3655913978494647,-11.827956989247312,13.76344086021506,12.913553895410889,1.4683371458459105,12.295103714369148,13.76344086021506,-11.827956989247312,,,,,,
2026-07-24,1402,遠東新,紡織纖維,True,False,excluded,B1,weak_bounce,63,-1.71,12,68.19,70.07,1.2512648277249188,52.75,Q2,9.0,25.0,1.5,10.0,5.0,17.69,active,active,98.67,78.24,98.67,78.24,5.0,5.0,positive,positive,accelerating,accelerating,2,False,0,43.19,66.69,58.19,63.19,50.5,27.45,0.0,0.3656307129798808,0.11074569304381221,-0.11074569304381221,-0.7285974499089187,-0.3656307129798919,-8.137357281719758,7.40875983181084,1.0928961748633892,-2.732240437158473,-1.0928961748633892,-0.7312614259597949,-1.0695468971309907,-0.023349277732398477,1.0928961748633892,-2.732240437158473,0.18214936247722413,0.5484460694698212,1.4683371458459105,-1.2861877833686863,1.0928961748633892,-3.0965391621129212,,,,,,
2026-07-24,1563,巧新,汽車工業,True,False,excluded,B1,weak_bounce,48,-5.93,0,0.0,4.5,1.294228046885971,53.01,Q3,0.0,0.0,0.0,-3.5,0.0,0.0,active,inactive,79.81,,-79.81,0.0,-3.5,0.0,negative,zero,stable,inactive,2,False,0,0.0,0.0,0.0,0.0,0.0,62.0,0.0,0.1615508885298933,0.11074569304381221,-0.11074569304381221,-11.77419354838709,-11.631663974151852,-8.137357281719758,-3.6368362666673324,0.0,-14.032258064516135,-12.25806451612903,-12.11631663974152,-1.0695468971309907,-11.18851761899804,0.0,-16.290322580645167,-5.161290322580648,-5.0080775444264924,1.4683371458459105,-6.629627468426558,0.0,-16.290322580645167,,,,,,
2026-07-24,1904,正隆,造紙工業,True,False,excluded,B1,weak_bounce,56,-5.82,3,9.97,22.21,4.242583853526705,64.01,Q4,3.5,2.73,1.5,-1.75,0.0,3.99,active,active,32.54,39.9,-32.54,39.9,-3.5,1.75,negative,positive,stable,decelerating,2,False,0,7.24,8.47,11.72,9.97,5.98,21.45,0.4662004662004726,0.4662004662004726,0.11074569304381221,0.3554547731566604,-1.8648018648018572,-1.8648018648018572,-8.137357281719758,6.272555416917902,1.1655011655011593,-3.4965034965035002,-2.33100233100233,-2.33100233100233,-1.0695468971309907,-1.261455433871339,1.3986013986013957,-3.4965034965035002,6.2937062937062915,6.2937062937062915,1.4683371458459105,4.825369147860381,8.391608391608397,-3.9627039627039506,,,,,,
2026-07-24,2302,麗正,半導體業,True,False,excluded,B1,weak_bounce,40,-9.9,3,5.59,19.42,-4.7947724683123685,34.69,Q4,3.5,0.77,1.0,-1.75,0.0,2.07,active,active,64.67,20.73,-64.67,20.73,-3.5,1.75,negative,positive,stable,decelerating,2,False,0,4.82,4.59,7.34,5.59,3.52,42.5,-2.352941176470591,-3.488372093023251,0.11074569304381221,-2.463686869514403,-19.647058823529417,-20.581395348837216,-8.137357281719758,-11.509701541809658,0.7058823529411784,-19.647058823529417,-13.529411764705879,-14.534883720930235,-1.0695468971309907,-12.459864867574888,0.7058823529411784,-22.705882352941174,0.9411764705882231,-0.23255813953488857,1.4683371458459105,-0.5271606752576874,4.705882352941182,-22.705882352941174,,,,,,
2026-07-24,2458,義隆,半導體業,True,False,excluded,B1,weak_bounce,56,-5.49,6,32.06,35.01,-1.0447724683123711,43.98,Q2,3.5,12.5,1.5,0.75,5.0,8.81,active,active,52.99,88.08,-52.99,88.08,-1.0,1.75,negative,positive,neutral,decelerating,2,False,0,19.560000000000002,30.560000000000002,31.310000000000002,27.060000000000002,23.25,167.5,-0.8955223880596996,-1.1904761904761862,0.11074569304381221,-1.0062680811035118,-10.746268656716417,-11.011904761904766,-8.137357281719758,-2.6089113749966586,2.0895522388059806,-14.029850746268657,-9.850746268656717,-10.119047619047617,-1.0695468971309907,-8.781199371525727,2.0895522388059806,-14.029850746268657,-15.522388059701498,-15.773809523809524,1.4683371458459105,-16.99072520554741,2.0895522388059806,-16.417910447761198,,,,,,
2026-07-24,2484,希華,電子零組件,True,False,excluded,B1,weak_bounce,38,-15.41,15,25.62,38.51,8.48312452739578,84.03,Q2,9.0,1.14,2.0,6.75,5.0,1.73,active,active,1.73,15.54,1.73,15.54,5.0,1.75,positive,positive,accelerating,decelerating,2,False,0,24.48,23.62,18.87,20.62,23.89,71.2,2.668539325842678,1.6689847009735637,0.11074569304381221,2.557793632798866,-16.71348314606742,-17.52433936022254,-8.137357281719758,-8.576125864347663,6.741573033707859,-16.71348314606742,-14.18539325842697,-15.020862308762172,-1.0695468971309907,-13.11584636129598,6.741573033707859,-20.36516853932584,0.7022471910112404,-0.2781641168289384,1.4683371458459105,-0.76608995483467,6.741573033707859,-20.36516853932584,,,,,,
2026-07-24,2609,陽明,航運業,True,False,excluded,B1,weak_bounce,73,2.13,12,65.59,75.1,5.816446727537173,71.99,Q1,9.0,12.61,1.0,10.0,25.0,7.98,active,active,75.17,4.66,75.17,4.66,5.0,5.0,positive,positive,accelerating,accelerating,2,False,0,52.980000000000004,64.59,55.59,40.59,57.61,51.0,0.19607843137254832,-0.7766990291262155,0.11074569304381221,0.08533273832873611,-1.764705882352935,-2.7184466019417486,-8.137357281719758,6.3726513993668235,1.17647058823529,-2.941176470588236,-0.39215686274510775,-1.3592233009708798,-1.0695468971309907,0.677390034385883,1.3725490196078383,-2.941176470588236,-0.9803921568627416,-1.9417475728155331,1.4683371458459105,-2.448729302708652,1.3725490196078383,-2.941176470588236,,,,,,
2026-07-24,2881,富邦金,金融保險,True,False,excluded,B1,weak_bounce,63,-0.39,15,45.06,55.3,-0.628105801645706,45.29,Q2,9.0,13.28,1.5,10.0,5.0,6.28,active,active,41.57,21.24,41.57,21.24,5.0,5.0,positive,positive,accelerating,accelerating,2,False,0,31.78,43.56,35.06,40.06,38.78,129.0,0.7751937984496138,1.9607843137254832,0.11074569304381221,0.6644481054058016,-4.651162790697672,-3.529411764705881,-8.137357281719758,3.4861944910220863,0.7751937984496138,-6.5891472868217065,0.7751937984496138,1.9607843137254832,-1.0695468971309907,1.8447406955806045,1.5503875968992276,-6.5891472868217065,-1.5503875968992276,-0.39215686274509665,1.4683371458459105,-3.018724742745138,2.7131782945736482,-6.5891472868217065,,,,,,
2026-07-24,2882,國泰金,金融保險,True,False,excluded,B1,weak_bounce,56,-4.95,5,31.07,34.3,-7.382590106578446,27.36,Q2,3.5,12.5,1.5,0.75,5.0,7.82,active,active,78.22,78.76,78.22,-78.76,1.75,-1.0,positive,negative,decelerating,neutral,2,False,0,18.57,29.57,30.32,26.07,23.25,97.9,0.6128702757916216,1.546391752577314,0.11074569304381221,0.5021245827478094,-3.8815117466802995,-2.989690721649485,-8.137357281719758,4.255845535039459,0.6128702757916216,-5.515832482124628,3.6772216547497294,4.6391752577319645,-1.0695468971309907,4.74676855188072,4.698672114402447,-5.515832482124628,1.532175689479054,2.4742268041237248,1.4683371458459105,0.06383854363314345,4.698672114402447,-5.515832482124628,,,,,,
2026-07-24,2885,元大金,金融保險,True,False,excluded,B1,weak_bounce,56,-4.54,15,55.8,60.72,0.22459284902896037,48.56,Q2,9.0,19.55,2.0,6.75,5.0,13.5,active,active,76.49,58.55,76.49,58.55,1.75,5.0,positive,positive,decelerating,accelerating,2,False,0,36.25,53.8,49.05,50.8,42.3,63.9,1.2519561815336422,2.535657686212356,0.11074569304381221,1.14121048848983,-2.6604068857589924,-1.426307448494446,-8.137357281719758,5.476950395960766,1.4084507042253502,-5.007824726134579,6.572769953051627,7.923930269413626,-1.0695468971309907,7.642316850182618,7.9812206572769995,-5.007824726134579,5.946791862284817,7.2900158478605315,1.4683371458459105,4.478454716438907,10.7981220657277,-5.007824726134579,,,,,,
2026-07-24,2891,中信金,金融保險,True,False,excluded,B1,weak_bounce,56,-4.29,3,25.97,29.88,-4.293119965951641,35.6,Q4,3.5,12.5,1.5,0.75,0.0,7.72,active,active,61.09,77.2,-61.09,77.2,-1.0,1.75,negative,positive,neutral,decelerating,2,False,0,13.469999999999999,24.47,25.22,25.97,18.25,63.6,-0.9433962264150941,-0.9433962264150941,0.11074569304381221,-1.0541419194589063,-2.515723270440251,-2.515723270440251,-8.137357281719758,5.621634011279507,0.0,-4.402515723270451,2.0440251572327206,2.0440251572327206,-1.0695468971309907,3.1135720543637113,2.9874213836478036,-4.402515723270451,3.1446540880503138,3.1446540880503138,1.4683371458459105,1.6763169422044033,4.874213836477992,-4.402515723270451,,,,,,
2026-07-24,2915,潤泰全,貿易百貨,True,False,excluded,B1,weak_bounce,63,-0.68,0,0.0,4.5,2.23843555173775,56.68,Q3,0.0,0.0,0.0,-3.5,0.0,0.0,active,inactive,63.21,,-63.21,0.0,-3.5,0.0,negative,zero,stable,inactive,2,False,0,0.0,0.0,0.0,0.0,0.0,51.7,-0.3868471953578423,0.1945525291828787,0.11074569304381221,-0.4975928884016545,-1.1605415860735047,-0.5836575875486361,-8.137357281719758,6.976815695646254,0.3868471953578201,-3.0947775628626717,0.9671179883945946,1.5564202334630517,-1.0695468971309907,2.0366648855255853,2.5145067698259194,-3.0947775628626717,0.3868471953578201,0.9727626459143934,1.4683371458459105,-1.0814899504880904,2.5145067698259194,-3.0947775628626717,,,,,,
2026-07-24,3005,神基,電腦週邊,True,False,excluded,B1,weak_bounce,62,4.73,0,0.0,5.5,20.6931772940773,97.77,Q3,0.0,0.0,1.0,-4.5,0.0,0.0,active,active,5.44,30.05,-5.44,-30.05,-3.5,-1.0,negative,negative,stable,neutral,2,False,0,0.0,0.0,1.0,0.0,0.0,114.0,-1.3157894736842146,-0.4424778761061954,0.11074569304381221,-1.4265351667280268,-6.140350877192979,-5.309734513274334,-8.137357281719758,1.997006404526779,0.0,-8.771929824561408,0.0,0.8849557522123908,-1.0695468971309907,1.0695468971309907,3.0701754385964897,-8.771929824561408,0.8771929824561431,1.7699115044247815,1.4683371458459105,-0.5911441633897674,3.0701754385964897,-8.771929824561408,,,,,,
2026-07-24,3034,聯詠,半導體業,True,False,excluded,B1,weak_bounce,76,1.0,5,31.95,34.69,-4.003774250843572,36.13,Q2,3.5,12.5,1.5,0.75,5.0,8.7,active,active,86.99,70.98,86.99,-70.98,1.75,-1.0,positive,negative,decelerating,neutral,2,False,0,19.45,30.45,31.2,26.95,23.25,510.0,1.5686274509803866,2.1696252465483346,0.11074569304381221,1.4578817579365744,-0.9803921568627416,-0.39447731755424265,-8.137357281719758,7.156965124857017,2.941176470588225,-3.4313725490196068,1.764705882352935,2.3668639053254337,-1.0695468971309907,2.8342527794839256,4.117647058823537,-4.607843137254896,6.2745098039215685,6.903353057199202,1.4683371458459105,4.806172658075658,12.15686274509804,-4.607843137254896,,,,,,
2026-07-24,3141,晶宏,半導體業,True,False,excluded,B1,weak_bounce,56,-8.91,5,28.66,32.7,-7.294217652511204,27.88,Q2,3.5,12.5,1.0,1.75,5.0,4.91,active,inactive,49.14,,49.14,0.0,1.75,0.0,positive,zero,decelerating,inactive,2,False,0,16.16,27.66,26.91,23.66,23.75,67.0,0.746268656716409,3.2110091743119185,0.11074569304381221,0.6355229636725968,-10.447761194029848,-8.25688073394496,-8.137357281719758,-2.3104039123100897,1.94029850746269,-14.626865671641786,-1.7910447761194104,0.6116207951070152,-1.0695468971309907,-0.7214978789884197,1.94029850746269,-15.223880597014928,17.910447761194035,20.795107033639137,1.4683371458459105,16.442110615348124,24.626865671641784,-15.223880597014928,,,,,,
2026-07-24,3481,群創,光電業,True,False,excluded,B1,weak_bounce,46,-18.59,3,3.58,18.5,-24.561462642266306,4.19,Q4,3.5,0.16,1.0,-1.75,0.0,0.67,active,active,15.01,6.74,-15.01,6.74,-3.5,1.75,negative,positive,stable,decelerating,2,False,0,3.42,2.58,5.33,3.58,2.91,49.7,-4.728370221327971,-4.343434343434338,0.11074569304381221,-4.839115914371783,-15.895372233400417,-15.555555555555555,-8.137357281719758,-7.758014951680659,1.0060362173038184,-18.51106639839034,-8.450704225352112,-8.080808080808078,-1.0695468971309907,-7.381157328221121,1.0060362173038184,-18.51106639839034,-4.325955734406451,-3.9393939393939426,1.4683371458459105,-5.794292880252361,1.609657947686105,-18.51106639839034,,,,,,
2026-07-24,3596,智易,通信網路,True,False,excluded,B1,weak_bounce,71,-0.8,5,42.39,48.07,0.49368907014916186,49.74,Q1,3.5,9.24,1.0,1.75,25.0,1.9,active,inactive,18.99,,18.99,0.0,1.75,0.0,positive,zero,decelerating,inactive,2,False,0,33.15,41.39,40.64,17.39,40.49,185.5,-0.26954177897574594,0.0,0.11074569304381221,-0.38028747201955815,-8.625336927223714,-8.378378378378383,-8.137357281719758,-0.48797964550395534,1.3477088948786964,-11.85983827493261,-7.008086253369273,-6.756756756756754,-1.0695468971309907,-5.938539356238282,1.3477088948786964,-11.85983827493261,-3.7735849056603765,-3.513513513513511,1.4683371458459105,-5.241922051506287,2.156334231805923,-11.85983827493261,,,,,,
2026-07-24,4536,拓凱,37,True,False,excluded,B1,weak_bounce,38,-2.36,5,33.2,36.47,5.320689379077182,69.5,Q2,3.5,12.5,1.0,5.0,5.0,6.2,active,inactive,62.02,,62.02,0.0,5.0,0.0,positive,zero,accelerating,inactive,2,False,0,20.700000000000003,32.2,28.200000000000003,28.200000000000003,27.000000000000004,166.0,-0.3012048192771122,0.0,0.11074569304381221,-0.4119505123209244,0.6024096385542244,0.9063444108761365,-8.137357281719758,8.739766920273983,1.8072289156626509,-1.2048192771084376,-0.3012048192771122,0.0,-1.0695468971309907,0.7683420778538785,2.108433734939763,-1.2048192771084376,2.4096385542168752,2.7190332326284095,1.4683371458459105,0.9413014083709648,3.3132530120481896,-1.2048192771084376,,,,,,
2026-07-24,4904,遠傳,通信網路,True,False,excluded,B1,weak_bounce,56,5.34,5,56.25,58.37,2.8569172398289493,59.03,Q1,3.5,12.5,1.5,4.0,25.0,9.75,active,active,97.48,80.31,97.48,-80.31,5.0,-1.0,positive,negative,accelerating,neutral,2,False,0,43.75,54.75,52.25,31.25,46.5,105.5,1.8957345971563955,1.8957345971563955,0.11074569304381221,1.7849889041125833,0.9478672985782088,0.9478672985782088,-8.137357281719758,9.085224580297968,2.8436018957346043,-0.9478672985781977,-0.4739336492891044,-0.4739336492891044,-1.0695468971309907,0.5956132478418863,2.8436018957346043,-1.4218009478673022,-2.3696682464455,-2.3696682464455,1.4683371458459105,-3.8380053922914104,2.8436018957346043,-5.308056872037914,,,,,,
2026-07-24,5464,霖宏,電子零組件,True,False,excluded,B1,weak_bounce,38,-11.49,0,0.0,4.5,-20.23857091792477,9.82,Q4,0.0,0.0,0.0,-3.5,0.0,0.0,active,inactive,47.28,,-47.28,0.0,-3.5,0.0,negative,zero,stable,inactive,2,False,0,0.0,0.0,0.0,0.0,0.0,79.7,0.12547051442910462,0.12547051442910462,0.11074569304381221,0.014724821385292408,-18.695106649937276,-18.695106649937276,-8.137357281719758,-10.557749368217518,2.7603513174404126,-18.695106649937276,-17.942283563362604,-17.942283563362604,-1.0695468971309907,-16.872736666231614,2.7603513174404126,-26.47427854454203,-21.45545796737767,-21.45545796737767,1.4683371458459105,-22.92379511322358,2.7603513174404126,-26.47427854454203,,,,,,
2026-07-24,6197,佳必琪,電子零組件,True,False,excluded,B1,weak_bounce,48,-9.88,3,5.78,21.07,-11.379444489731384,19.5,Q4,3.5,0.07,0.5,1.5,0.0,0.21,active,active,22.84,2.07,-22.84,2.07,-3.5,5.0,negative,positive,stable,accelerating,2,False,0,5.71,5.28,4.28,5.78,5.57,312.0,0.0,0.6451612903225712,0.11074569304381221,-0.11074569304381221,-11.057692307692314,-10.483870967741938,-8.137357281719758,-2.9203350259725553,1.1217948717948678,-14.583333333333337,-7.371794871794868,-6.774193548387098,-1.0695468971309907,-6.302247974663877,1.1217948717948678,-16.666666666666664,-5.929487179487181,-5.32258064516129,1.4683371458459105,-7.397824325333091,2.8846153846153744,-16.666666666666664,,,,,,
2026-07-24,6277,宏正,電腦週邊,True,False,excluded,B1,weak_bounce,70,1.63,5,34.42,36.89,15.172455996107093,93.98,Q2,3.5,12.5,1.0,5.0,5.0,7.42,active,inactive,74.24,,74.24,0.0,5.0,0.0,positive,zero,accelerating,inactive,2,False,0,21.92,33.42,29.42,29.42,27.0,77.9,1.2836970474968012,1.153846153846172,0.11074569304381221,1.172951354452989,-2.0539152759948776,-2.179487179487183,-8.137357281719758,6.083442005724881,1.797175866495504,-4.621309370988458,2.9525032092426073,2.8205128205128327,-1.0695468971309907,4.022050106373598,4.621309370988436,-4.7496790757381335,1.6688061617458283,1.538461538461533,1.4683371458459105,0.20046901589991784,4.621309370988436,-4.7496790757381335,,,,,,
2026-07-27,2633,台灣高鐵,航運業,True,True,high_priority_watch,A,weak_bounce,71,0.0,15,71.82,75.81,2.103507414439021,61.48,Q1,9.0,18.26,2.0,6.75,25.0,10.81,active,active,14.81,93.27,14.81,93.27,5.0,1.75,positive,positive,accelerating,decelerating,3,False,0,53.56,69.82000000000001,65.07000000000001,46.82000000000001,61.010000000000005,25.9,0.38610038610038533,-0.19193857965451588,-3.7447895644698637,4.130889950570249,1.5444015444015635,0.9596928982725572,-7.608704493360663,9.153106037762226,1.737451737451745,-0.7722007722007707,0.0,-0.5758157389635365,0.38054864727052884,-0.38054864727052884,2.7027027027027195,-0.7722007722007707,0.0,-0.5758157389635365,3.9489914606788634,-3.9489914606788634,2.7027027027027195,-0.9652509652509633,,,,,,
2026-07-27,2887,台新新光金,金融保險,True,True,high_priority_watch,A,weak_bounce,68,0.07,15,52.3,56.54,11.66463594108481,93.04,Q2,9.0,19.04,2.0,6.75,5.0,10.51,active,active,16.14,88.94,16.14,88.94,5.0,1.75,positive,positive,accelerating,decelerating,3,False,0,33.26,50.3,45.55,47.3,41.79,34.55,-1.7366136034732138,-2.8612303290414864,-3.7447895644698637,2.00817596099665,-4.052098408104188,-5.150214592274693,-7.608704493360663,3.556606085256475,0.28943560057888007,-7.814761215629506,2.170767004341534,1.0014306151645114,0.38054864727052884,1.790218357071005,4.19681620839365,-7.814761215629506,3.90738060781477,2.7181688125893944,3.9489914606788634,-0.041610852864093495,5.065123010130246,-7.814761215629506,,,,,,
2026-07-27,2618,長榮航,航運業,True,True,high_priority_watch,A,weak_bounce,68,0.18,7,40.98,41.07,-2.1202368777984097,44.49,Q2,3.5,12.5,2.5,8.0,5.0,9.48,active,active,94.84,50.96,94.84,-50.96,5.0,3.0,positive,negative,accelerating,reversing_positive,3,False,0,28.480000000000004,38.480000000000004,32.980000000000004,35.980000000000004,31.500000000000004,41.65,2.6410564225690214,1.9070321811680557,-3.7447895644698637,6.385845987038885,0.24009603841537164,-0.47675804529202503,-7.608704493360663,7.8488005317760345,4.201680672268915,-2.1608643457382892,4.9219687875150075,4.171632896305133,0.38054864727052884,4.541420140244479,5.282112845138065,-2.1608643457382892,2.400960384153672,1.6686531585220488,3.9489914606788634,-1.5480310765251915,7.082833133253308,-2.1608643457382892,,,,,,
2026-07-27,2646,星宇航空,航運業,True,True,high_priority_watch,A,weak_bounce,72,0.47,12,51.07,61.62,3.990299867269209,71.78,Q1,9.0,5.81,1.5,6.75,25.0,3.01,active,active,13.23,16.83,13.23,16.83,5.0,1.75,positive,positive,accelerating,decelerating,3,False,0,45.26,49.57,44.32,26.07,48.06,21.55,1.1600928074245953,0.92592592592593,-3.7447895644698637,4.904882371894459,0.0,-0.23148148148148806,-7.608704493360663,7.608704493360663,2.088167053364276,-1.8561484918793614,-0.9280742459396696,-1.157407407407407,0.38054864727052884,-1.3086228932101984,2.088167053364276,-1.8561484918793614,-3.7122969837587005,-3.935185185185186,3.9489914606788634,-7.661288444437564,2.088167053364276,-4.640371229698381,,,,,,
2026-07-27,5871,中租-KY,其他,True,True,high_priority_watch,A,weak_bounce,72,0.84,9,37.77,38.13,7.830379661135057,86.22,Q2,3.5,12.5,2.5,4.75,5.0,9.52,active,active,28.04,95.19,-28.04,95.19,3.0,1.75,negative,positive,reversing_positive,decelerating,3,False,0,25.269999999999996,35.269999999999996,33.019999999999996,32.769999999999996,28.249999999999996,120.0,0.0,0.0,-3.7447895644698637,3.7447895644698637,-7.916666666666671,-7.916666666666671,-7.608704493360663,-0.3079621733060085,1.2499999999999956,-8.750000000000002,-5.833333333333335,-5.833333333333335,0.38054864727052884,-6.213881980603864,1.2499999999999956,-8.750000000000002,-9.166666666666668,-9.166666666666668,3.9489914606788634,-13.115658127345531,1.2499999999999956,-9.999999999999998,,,,,,
2026-07-27,4513,福裕,電機機械,True,True,high_priority_watch,A,weak_bounce,72,1.75,0,0.0,2.5,29.376234687166317,98.95,Q3,0.0,0.0,0.5,-1.0,0.0,0.0,active,inactive,33.33,,-33.33,0.0,-1.0,0.0,negative,zero,neutral,inactive,3,False,0,0.0,0.0,0.5,0.0,0.0,19.65,-6.8702290076335775,-9.852216748768472,-3.7447895644698637,-3.125439443163714,-15.012722646310428,-17.733990147783263,-7.608704493360663,-7.404018152949765,0.5089058524173184,-16.030534351145032,-11.45038167938931,-14.28571428571429,0.38054864727052884,-11.83093032665984,0.5089058524173184,-16.030534351145032,-9.669211195928751,-12.561576354679804,3.9489914606788634,-13.618202656607615,0.5089058524173184,-16.030534351145032,,,,,,
2026-07-27,2615,萬海,航運業,True,True,high_priority_watch,A,weak_bounce,64,1.88,15,68.18,74.44,11.62110845746379,92.91,Q1,9.0,13.81,2.5,6.75,25.0,11.12,active,active,76.06,35.1,76.06,35.1,1.75,5.0,positive,positive,decelerating,accelerating,3,False,0,54.370000000000005,65.68,61.43000000000001,43.18000000000001,57.06000000000001,82.1,1.8270401948842885,-0.4761904761904856,-3.7447895644698637,5.571829759354152,2.8014616321559105,0.4761904761904745,-7.608704493360663,10.410166125516573,4.9939098660170655,-0.12180267965894442,4.87210718635811,2.499999999999991,0.38054864727052884,4.491558539087581,5.9683313032886876,-0.12180267965894442,6.577344701583443,4.166666666666674,3.9489914606788634,2.6283532409045796,7.6735688185140205,-0.12180267965894442,,,,,,
2026-07-27,6177,達麗,建材營建,True,True,high_priority_watch,A,weak_bounce,80,2.3,5,47.9,51.82,7.032313548064428,84.65,Q1,3.5,12.5,1.0,0.75,25.0,5.15,active,active,51.46,66.35,51.46,-66.35,1.75,-1.0,positive,negative,decelerating,neutral,3,False,0,35.4,46.9,47.15,22.9,42.75,47.8,-0.8368200836820106,-1.043841336116913,-3.7447895644698637,2.907969480787853,-0.7322175732217495,-0.9394572025052117,-7.608704493360663,6.876486920138913,0.7322175732217495,-2.9288702928870314,-0.9414225941422494,-1.148225469728592,0.38054864727052884,-1.3219712414127782,1.673640167364021,-2.9288702928870314,1.4644351464435212,1.2526096033403045,3.9489914606788634,-2.484556314235342,3.2426778242677923,-2.9288702928870314,,,,,,
2026-07-27,2836,高雄銀,金融保險,True,True,high_priority_watch,A,weak_bounce,65,2.79,0,0.0,2.5,7.40962986341861,85.56,Q3,0.0,0.0,0.5,-1.0,0.0,0.0,active,inactive,46.83,,-46.83,0.0,-1.0,0.0,negative,zero,neutral,inactive,3,False,0,0.0,0.0,0.5,0.0,0.0,12.9,0.7751937984496138,0.7751937984496138,-3.7447895644698637,4.519983362919477,-5.813953488372093,-5.813953488372093,-7.608704493360663,1.7947510049885702,0.7751937984496138,-8.52713178294573,-7.364341085271331,-7.364341085271331,0.38054864727052884,-7.74488973254186,0.7751937984496138,-8.52713178294573,-7.751937984496127,-7.751937984496127,3.9489914606788634,-11.70092944517499,0.7751937984496138,-8.914728682170548,,,,,,
2026-07-27,2881,富邦金,金融保險,True,True,high_priority_watch,A,weak_bounce,78,2.97,15,52.18,58.3,-0.8815672124266483,50.26,Q2,9.0,15.13,2.5,10.0,5.0,10.55,active,active,59.79,45.67,59.79,45.67,5.0,5.0,positive,positive,accelerating,accelerating,3,False,0,37.050000000000004,49.68000000000001,42.18000000000001,47.18000000000001,41.63000000000001,127.5,-1.5686274509803977,-3.4615384615384603,-3.7447895644698637,2.176162113489466,-2.7450980392156876,-4.61538461538461,-7.608704493360663,4.863606454144975,0.39215686274509665,-5.490196078431375,1.5686274509803866,-0.38461538461538325,0.38054864727052884,1.1880788037098577,2.7450980392156765,-5.490196078431375,0.7843137254901933,-1.1538461538461497,3.9489914606788634,-3.16467773518867,3.9215686274509887,-5.490196078431375,,,,,,
2026-07-27,5880,合庫金,金融保險,True,True,high_priority_watch,A,weak_bounce,65,3.08,15,76.45,80.79,7.1642361593783015,84.91,Q1,9.0,15.26,2.5,10.0,25.0,14.69,active,active,97.35,49.52,97.35,49.52,5.0,5.0,positive,positive,accelerating,accelerating,3,False,0,61.190000000000005,73.95,66.45,51.45,61.760000000000005,25.85,0.3868471953578201,0.0,-3.7447895644698637,4.131636759827684,4.448742746615086,4.046242774566466,-7.608704493360663,12.05744723997575,4.448742746615086,-0.7736943907156735,4.061895551257244,3.6608863198458463,0.38054864727052884,3.6813469039867153,6.9632495164409836,-0.7736943907156735,0.9671179883945946,0.5780346820809301,3.9489914606788634,-2.981873472284269,6.9632495164409836,-0.7736943907156735,,,,,,
2026-07-27,2637,慧洋-KY,航運業,True,True,high_priority_watch,A,weak_bounce,72,3.65,9,54.07,61.39,16.887328892821152,96.46,Q1,3.5,12.5,2.0,1.5,25.0,9.57,active,active,61.24,95.67,-61.24,95.67,-3.5,5.0,negative,positive,stable,accelerating,3,False,0,41.57,52.07,52.57,29.07,44.5,81.1,0.9864364981504448,-0.4860267314702238,-3.7447895644698637,4.731226062620308,-3.6991368680641235,-5.103280680437427,-7.608704493360663,3.9095676252965395,2.836004932182501,-4.192355117139323,2.3427866831072786,0.8505467800729027,0.38054864727052884,1.9622380358367497,3.205918618988912,-4.192355117139323,8.63131935881627,7.047387606318334,3.9489914606788634,4.682327898137407,9.371146732429114,-4.192355117139323,,,,,,
2026-07-27,2892,第一金,金融保險,True,True,high_priority_watch,A,weak_bounce,58,3.73,6,31.81,32.97,8.68849975747118,88.19,Q3,3.5,12.5,2.5,4.75,0.0,8.56,active,active,61.11,85.58,-61.11,85.58,3.0,1.75,negative,positive,reversing_positive,decelerating,3,False,0,19.310000000000002,29.310000000000002,27.060000000000002,31.810000000000002,23.25,34.6,0.5780346820809079,0.0,-3.7447895644698637,4.322824246550772,2.6011560693641522,2.011494252873569,-7.608704493360663,10.209860562724815,3.0346820809248554,-1.3005780346820872,3.9017341040462394,3.3045977011494365,0.38054864727052884,3.5211854567757106,6.647398843930619,-1.3005780346820872,1.0115606936416333,0.4310344827586299,3.9489914606788634,-2.93743076703723,6.647398843930619,-1.3005780346820872,,,,,,
2026-07-27,2867,三商壽,金融保險,True,True,high_priority_watch,A,weak_bounce,67,4.02,7,57.18,58.25,12.93684074777236,93.7,Q1,3.5,12.5,1.5,5.0,25.0,9.68,active,inactive,96.83,,96.83,0.0,5.0,0.0,positive,zero,accelerating,inactive,3,False,0,44.68,55.68,52.18,32.18,47.5,9.32,0.32188841201716833,0.42964554242748143,-3.7447895644698637,4.066677976487032,2.7896995708154515,2.9001074113855996,-7.608704493360663,10.398404064176114,4.077253218884103,-1.2875536480686844,5.364806866952798,5.477980665950599,0.38054864727052884,4.984258219682269,7.832618025751081,-1.2875536480686844,4.077253218884103,4.189044038668088,3.9489914606788634,0.12826175820523922,7.832618025751081,-1.2875536480686844,,,,,,
2026-07-27,2006,東和鋼鐵,鋼鐵工業,True,True,high_priority_watch,A,weak_bounce,58,4.14,14,86.2,87.19,6.688034635069407,83.33,Q1,9.0,25.0,2.5,6.75,25.0,17.95,active,active,88.62,90.87,88.62,90.87,5.0,1.75,positive,positive,accelerating,decelerating,3,False,0,61.2,83.7,79.45,61.2,68.25,72.9,-0.5486968449931462,-0.6849315068493178,-3.7447895644698637,3.1960927194767175,0.6858710562414272,0.5479452054794498,-7.608704493360663,8.29457554960209,0.8230452674897082,-5.3497942386831365,10.288065843621407,10.136986301369877,0.38054864727052884,9.907517196350877,11.659807956104263,-5.3497942386831365,17.832647462277084,17.671232876712327,3.9489914606788634,13.88365600159822,22.35939643347049,-5.3497942386831365,,,,,,
2026-07-27,2883,凱基金,金融保險,True,True,high_priority_watch,A,weak_bounce,78,4.24,15,69.28,75.27,4.779092698719955,77.03,Q1,9.0,13.41,2.5,6.75,25.0,12.62,active,active,95.9,30.29,95.9,30.29,1.75,5.0,positive,positive,decelerating,accelerating,3,False,0,55.870000000000005,66.78,62.53,44.28,56.660000000000004,30.5,-2.950819672131144,-3.583061889250805,-3.7447895644698637,0.7939698923387195,-5.0819672131147575,-5.700325732899025,-7.608704493360663,2.5267372802459054,0.16393442622950616,-7.049180327868843,-0.3278688524590234,-0.9771986970684043,0.38054864727052884,-0.7084174997295523,1.6393442622950838,-7.049180327868843,1.80327868852459,1.140065146579805,3.9489914606788634,-2.1457127721542735,4.098360655737698,-7.049180327868843,,,,,,
2026-07-27,2886,兆豐金,金融保險,True,True,high_priority_watch,A,weak_bounce,66,4.49,6,24.69,32.51,9.145760935565772,89.11,Q3,3.5,12.5,1.5,-1.75,0.0,8.94,active,active,78.04,89.42,-78.04,89.42,-3.5,1.75,negative,positive,stable,decelerating,3,False,0,12.189999999999998,23.189999999999998,26.439999999999998,24.689999999999998,15.749999999999998,49.4,0.10121457489880026,0.10121457489880026,-3.7447895644698637,3.846004139368664,4.251012145748989,4.251012145748989,-7.608704493360663,11.859716639109653,4.655870445344146,-0.7085020242915019,4.453441295546567,4.453441295546567,0.38054864727052884,4.072892648276039,8.704453441295556,-0.7085020242915019,3.238866396761142,3.238866396761142,3.9489914606788634,-0.7101250639177215,8.704453441295556,-0.7085020242915019,,,,,,
2026-07-27,5876,上海商銀,金融保險,True,False,wait_pullback,A,weak_bounce,55,6.03,15,78.19,82.47,12.95256401821262,93.83,Q1,9.0,19.3,2.0,10.0,25.0,12.89,active,active,64.95,63.94,64.95,63.94,5.0,5.0,positive,positive,accelerating,accelerating,3,False,0,58.89,76.19,68.19,53.19,65.3,44.5,-1.348314606741574,-6.595744680851068,-3.7447895644698637,2.3964749577282896,0.6741573033707704,-4.6808510638297935,-7.608704493360663,8.282861796731433,1.1235955056179803,-2.0224719101123556,0.3370786516853963,-5.000000000000004,0.38054864727052884,-0.04346999558513254,2.696629213483148,-2.0224719101123556,-2.5842696629213457,-7.765957446808502,3.9489914606788634,-6.533261123600209,2.696629213483148,-3.5955056179775347,,,,,,
2026-07-27,2880,華南金,金融保險,True,False,wait_pullback,A,weak_bounce,56,6.09,9,28.56,30.7,14.298629365658543,95.01,Q3,3.5,12.5,2.0,0.75,0.0,9.81,active,active,92.59,98.08,-92.59,98.08,-1.0,1.75,negative,positive,neutral,decelerating,3,False,0,16.060000000000002,26.560000000000002,27.810000000000002,28.560000000000002,18.75,41.0,0.9756097560975618,0.0,-3.7447895644698637,4.7203993205674255,4.024390243902443,3.0193236714975757,-7.608704493360663,11.633094737263106,4.024390243902443,-0.7317073170731603,4.999999999999982,3.985507246376807,0.38054864727052884,4.619451352729453,10.121951219512182,-0.7317073170731603,7.317073170731714,6.2801932367149815,3.9489914606788634,3.3680817100528504,10.121951219512182,-0.7317073170731603,,,,,,
2026-07-27,2889,國票金,金融保險,True,False,other_watch,A,weak_bounce,66,1.78,15,42.96,51.67,8.184588495520096,86.88,Q2,9.0,12.54,1.5,6.75,5.0,8.17,active,active,79.76,1.92,79.76,1.92,1.75,5.0,positive,positive,decelerating,accelerating,3,False,0,30.42,41.46,36.21,37.96,34.79,15.6,0.0,-0.6369426751592355,-3.7447895644698637,3.7447895644698637,0.3205128205128194,-0.31847133757960666,-7.608704493360663,7.929217313873482,0.6410256410256387,-2.8846153846153855,-0.32051282051280827,-0.9554140127388422,0.38054864727052884,-0.7010614677833371,1.2820512820512997,-2.8846153846153855,-1.602564102564108,-2.2292993630573243,3.9489914606788634,-5.551555563242971,1.2820512820512997,-2.8846153846153855,,,,,,
2026-07-27,6416,瑞祺電通,通信網路,True,False,other_watch,A,weak_bounce,62,7.94,0,0.0,4.5,31.38107395436297,99.21,Q3,0.0,0.0,0.0,-3.5,0.0,0.0,active,inactive,27.25,,-27.25,0.0,-3.5,0.0,negative,zero,stable,inactive,3,False,0,0.0,0.0,0.0,0.0,0.0,95.2,0.6302521008403339,-6.07843137254902,-3.7447895644698637,4.375041665310198,-9.138655462184875,-15.19607843137255,-7.608704493360663,-1.5299509688242123,3.256302521008392,-9.663865546218487,-2.4159663865546133,-8.92156862745097,0.38054864727052884,-2.796515033825142,3.256302521008392,-10.189075630252109,8.718487394957975,1.4705882352941124,3.9489914606788634,4.769495934279112,9.768907563025198,-10.189075630252109,,,,,,
2026-07-27,2845,遠東銀,金融保險,True,False,other_watch,A,weak_bounce,58,1.32,15,78.27,82.09,5.1804304913621095,78.61,Q1,9.0,18.59,1.5,10.0,25.0,14.18,active,active,80.29,61.54,80.29,61.54,5.0,5.0,positive,positive,accelerating,accelerating,3,False,0,59.68000000000001,76.77000000000001,68.27000000000001,53.27000000000001,64.09,13.3,0.0,-0.7462686567164201,-3.7447895644698637,3.7447895644698637,1.1278195488721776,0.3731343283581934,-7.608704493360663,8.73652404223284,1.1278195488721776,-1.5037593984962516,0.3759398496240518,-0.3731343283582156,0.38054864727052884,-0.004608797646477036,2.6315789473684292,-1.5037593984962516,-1.1278195488721776,-1.8656716417910446,3.9489914606788634,-5.076811009551041,2.6315789473684292,-1.5037593984962516,,,,,,
2026-07-27,2434,統懋,半導體業,True,False,other_watch,A,weak_bounce,58,1.35,7,33.7,36.06,58.39804423154115,100.0,Q2,3.5,12.5,1.5,5.0,5.0,6.2,active,inactive,62.04,,62.04,0.0,5.0,0.0,positive,zero,accelerating,inactive,3,False,0,21.200000000000003,32.2,28.700000000000003,28.700000000000003,27.500000000000004,65.5,-9.465648854961838,-9.878419452887544,-3.7447895644698637,-5.720859290491974,-21.37404580152672,-21.732522796352583,-7.608704493360663,-13.765341308166057,0.0,-26.564885496183198,-24.045801526717558,-24.392097264437684,0.38054864727052884,-24.426350173988087,0.0,-26.870229007633593,-19.23664122137405,-19.604863221884493,3.9489914606788634,-23.185632682052912,0.0,-26.870229007633593,,,,,,
2026-07-27,4162,智擎,生技醫療,True,False,other_watch,A,weak_bounce,58,2.09,3,29.63,31.37,15.747721576787887,95.93,Q3,3.5,12.5,1.0,4.75,0.0,7.88,active,active,48.15,78.85,-48.15,78.85,3.0,1.75,negative,positive,reversing_positive,decelerating,3,False,0,17.13,28.63,24.88,29.63,21.75,65.8,-2.2796352583586588,-2.2796352583586588,-3.7447895644698637,1.465154306111205,-6.5349544072948245,-6.5349544072948245,-7.608704493360663,1.0737500860658384,1.0638297872340496,-7.294832826747721,-5.775075987841937,-5.775075987841937,0.38054864727052884,-6.155624635112466,1.0638297872340496,-8.814589665653493,-1.671732522796343,-1.671732522796343,3.9489914606788634,-5.620723983475207,1.0638297872340496,-8.814589665653493,,,,,,
2026-07-27,2527,宏璟,建材營建,True,False,other_watch,A,weak_bounce,58,2.58,3,6.55,21.1,17.96472178866454,96.72,Q4,3.5,0.14,0.5,1.5,0.0,0.91,active,active,58.86,9.13,-58.86,9.13,-3.5,5.0,negative,positive,stable,accelerating,3,False,0,6.410000000000001,6.050000000000001,5.050000000000001,6.550000000000001,5.640000000000001,46.2,-6.601731601731609,-7.700534759358291,-3.7447895644698637,-2.856942037261745,-12.229437229437245,-13.262032085561504,-7.608704493360663,-4.620732736076582,0.0,-12.987012987012992,-2.4891774891774965,-3.6363636363636376,0.38054864727052884,-2.8697261364480253,0.0,-12.987012987012992,3.0303030303030276,1.81818181818183,3.9489914606788634,-0.9186884303758358,5.952380952380953,-12.987012987012992,,,,,,
2026-07-27,4541,晟田,其他,True,False,other_watch,A,weak_bounce,58,3.41,7,28.42,32.48,42.73508636180744,99.61,Q2,3.5,10.88,1.5,5.0,5.0,2.54,active,inactive,25.4,,25.4,0.0,5.0,0.0,positive,zero,accelerating,inactive,3,False,0,17.54,26.92,23.42,23.42,25.880000000000003,65.9,-4.5523520485584275,-5.838323353293406,-3.7447895644698637,-0.8075624840885638,-14.112291350531114,-15.269461077844305,-7.608704493360663,-6.503586857170451,3.9453717754172946,-15.174506828528077,-8.194233687405173,-9.431137724550897,0.38054864727052884,-8.574782334675703,3.9453717754172946,-15.174506828528077,-0.7587253414264028,-2.0958083832335217,3.9489914606788634,-4.707716802105266,4.704097116843697,-15.174506828528077,,,,,,
2026-07-27,1709,和益,化學工業,True,False,other_watch,A,weak_bounce,58,4.43,7,29.88,32.52,25.38141715315635,98.56,Q2,3.5,12.5,1.5,1.75,5.0,5.63,active,inactive,56.35,,56.35,0.0,1.75,0.0,positive,zero,decelerating,inactive,3,False,0,17.38,28.38,28.13,24.88,24.25,24.6,-0.20325203252032908,-5.394990366088626,-3.7447895644698637,3.5415375319495346,-8.333333333333337,-13.10211946050096,-7.608704493360663,-0.7246288399726746,3.2520325203251987,-8.333333333333337,-6.707317073170738,-11.560693641618503,0.38054864727052884,-7.0878657204412665,3.2520325203251987,-8.333333333333337,10.975609756097548,5.202312138728327,3.9489914606788634,7.026618295418684,16.056910569105696,-8.333333333333337,,,,,,
2026-07-27,2834,臺企銀,金融保險,True,False,other_watch,A,weak_bounce,57,2.39,15,60.32,70.33,4.638718682044651,75.72,Q1,9.0,12.62,2.0,6.75,25.0,4.95,active,active,41.8,7.69,41.8,7.69,5.0,1.75,positive,positive,accelerating,decelerating,3,False,0,47.7,58.32,53.57,35.32,55.37,18.1,0.0,-0.5494505494505364,-3.7447895644698637,3.7447895644698637,0.0,-0.5494505494505364,-7.608704493360663,7.608704493360663,0.5524861878452914,-2.209944751381232,0.5524861878452914,0.0,0.38054864727052884,0.17193754057476252,1.6574585635358963,-2.209944751381232,-8.839779005524873,-9.340659340659341,3.9489914606788634,-12.788770466203736,1.6574585635358963,-9.392265193370186,,,,,,
2026-07-27,2480,敦陽科,資訊服務,True,False,other_watch,A,weak_bounce,56,0.16,7,53.36,54.57,5.371481270648182,79.4,Q1,3.5,12.5,1.5,1.75,25.0,9.11,active,inactive,91.14,,91.14,0.0,1.75,0.0,positive,zero,decelerating,inactive,3,False,0,40.86,51.86,51.61,28.36,44.25,159.0,-2.2012578616352196,-1.5822784810126556,-3.7447895644698637,1.543531702834644,-0.3144654088050314,0.31645569620253333,-7.608704493360663,7.294239084555631,0.0,-4.716981132075471,-4.0880503144654075,-3.4810126582278444,0.38054864727052884,-4.468598961735936,5.031446540880502,-5.031446540880502,-2.8301886792452824,-2.215189873417722,3.9489914606788634,-6.779180139924145,5.031446540880502,-6.6037735849056585,,,,,,
2026-07-27,2884,玉山金,金融保險,True,False,other_watch,A,weak_bounce,56,4.0,15,76.84,80.99,7.458066025148147,85.7,Q1,9.0,16.56,2.5,10.0,25.0,13.78,active,active,79.63,58.17,79.63,58.17,5.0,5.0,positive,positive,accelerating,accelerating,3,False,0,60.28,74.34,66.84,51.84,63.06,36.4,-0.4120879120879106,-0.4120879120879106,-3.7447895644698637,3.332701652381953,3.571428571428581,3.571428571428581,-7.608704493360663,11.180133064789244,3.8461538461538325,-1.5109890109890056,5.631868131868134,5.631868131868134,0.38054864727052884,5.251319484597605,7.417582417582436,-1.5109890109890056,3.8461538461538325,3.8461538461538325,3.9489914606788634,-0.10283761452503093,7.417582417582436,-1.5109890109890056,,,,,,
2026-07-27,2395,研華,電腦週邊,True,False,other_watch,A,weak_bounce,54,7.3,6,25.08,27.84,28.77749204671124,98.82,Q3,3.5,8.15,2.0,4.75,0.0,6.68,active,active,33.86,66.83,-33.86,66.83,3.0,1.75,negative,positive,reversing_positive,decelerating,3,False,0,16.93,23.08,20.33,25.08,18.4,555.0,0.18018018018017834,-3.6395147313691534,-3.7447895644698637,3.924969744650042,-1.4414414414414378,-5.199306759098787,-7.608704493360663,6.167263051919225,2.7027027027026973,-4.684684684684681,3.7837837837837895,-0.17331022530329143,0.38054864727052884,3.4032351365132607,7.927927927927936,-4.684684684684681,20.180180180180173,15.597920277296362,3.9489914606788634,16.23118871950131,25.225225225225234,-4.684684684684681,,,,,,
2026-07-27,2377,微星,電腦週邊,True,False,other_watch,A,weak_bounce,48,1.21,6,15.67,21.37,13.510351520902907,94.49,Q3,3.5,3.8,2.0,0.75,0.0,5.62,active,active,50.26,56.25,-50.26,56.25,-1.0,1.75,negative,positive,neutral,decelerating,3,False,0,11.870000000000001,13.670000000000002,14.920000000000002,15.670000000000002,10.05,140.0,-0.7142857142857117,-5.119453924914675,-3.7447895644698637,3.030503850184152,-2.857142857142858,-7.167235494880542,-7.608704493360663,4.751561636217804,3.214285714285725,-5.000000000000004,2.1428571428571352,-2.3890784982935176,0.38054864727052884,1.7623084955866064,5.714285714285716,-5.000000000000004,10.71428571428572,5.802047781569963,3.9489914606788634,6.765294253606857,12.857142857142856,-5.000000000000004,,,,,,
2026-07-27,2912,統一超,貿易百貨,True,False,other_watch,A,weak_bounce,48,1.81,6,25.75,32.75,9.502610553452485,89.9,Q4,3.5,12.5,1.5,-1.75,0.0,10.0,active,active,98.54,100.0,-98.54,100.0,-3.5,1.75,negative,positive,stable,decelerating,3,False,0,13.25,24.25,27.5,25.75,15.75,239.0,-0.6276150627615107,-0.8350730688935326,-3.7447895644698637,3.117174501708353,-3.765690376569042,-3.9665970772442605,-7.608704493360663,3.843014116791621,1.2552301255230214,-6.2761506276150625,-7.740585774058573,-7.933194154488521,0.38054864727052884,-8.121134421329103,1.2552301255230214,-7.949790794979084,-8.158995815899583,-8.350730688935283,3.9489914606788634,-12.107987276578447,1.2552301255230214,-8.786610878661083,,,,,,
2026-07-27,2207,和泰車,汽車工業,True,False,other_watch,A,weak_bounce,48,2.89,15,78.78,83.25,5.637810948742549,80.18,Q1,9.0,25.0,2.0,6.75,25.0,11.03,active,active,29.5,80.77,29.5,80.77,5.0,1.75,positive,positive,accelerating,decelerating,3,False,0,53.78,76.78,72.03,53.78,67.75,498.0,0.40160642570281624,0.40160642570281624,-3.7447895644698637,4.14639599017268,10.642570281124497,10.642570281124497,-7.608704493360663,18.25127477448516,11.44578313253013,-0.20080321285140812,4.819277108433728,4.819277108433728,0.38054864727052884,4.438728461163199,15.060240963855431,-0.20080321285140812,3.2128514056224855,3.2128514056224855,3.9489914606788634,-0.7361400550563779,15.060240963855431,-0.20080321285140812,,,,,,
2026-07-27,2059,川湖,電子零組件,True,False,other_watch,A,weak_bounce,48,4.61,12,81.38,84.71,20.48691227853058,97.9,Q1,9.0,25.0,2.0,6.75,25.0,13.63,active,active,57.01,79.33,57.01,79.33,1.75,5.0,positive,positive,decelerating,accelerating,3,False,0,56.379999999999995,79.38,74.63,56.379999999999995,67.75,7715.0,-3.434867141931308,-9.969788519637458,-3.7447895644698637,0.3099224225385555,-7.453013609850945,-13.716012084592144,-7.608704493360663,0.15569088350971771,1.3609850939727774,-11.341542449773168,11.924821775761508,4.350453172205437,0.38054864727052884,11.544273128490978,11.924821775761508,-11.341542449773168,54.30978613091379,43.867069486404844,3.9489914606788634,50.36079467023493,58.39274141283215,-11.341542449773168,,,,,,
2026-07-27,2812,台中銀,金融保險,True,False,other_watch,A,weak_bounce,47,2.22,15,66.44,73.93,6.901487212418822,84.12,Q1,9.0,12.75,2.5,6.75,25.0,10.44,active,active,91.93,12.5,91.93,12.5,5.0,1.75,positive,positive,accelerating,decelerating,3,False,0,53.69,63.94,59.69,41.44,56.0,20.5,1.2195121951219523,0.0,-3.7447895644698637,4.964301759591816,0.7317073170731714,-0.48192771084337727,-7.608704493360663,8.340411810433835,1.7073170731707332,-0.7317073170731603,0.7317073170731714,-0.48192771084337727,0.38054864727052884,0.35115866980264254,1.7073170731707332,-0.7317073170731603,-8.780487804878057,-9.879518072289162,3.9489914606788634,-12.72947926555692,1.7073170731707332,-10.2439024390244,,,,,,
2026-07-27,2027,大成鋼,鋼鐵工業,True,False,other_watch,A,weak_bounce,45,6.45,7,49.51,58.52,13.757642752784893,94.62,Q1,3.5,12.5,2.0,1.5,25.0,5.01,active,active,50.13,79.81,50.13,-79.81,5.0,-3.5,positive,negative,accelerating,stable,3,False,0,37.01,47.51,48.01,24.509999999999998,44.5,43.3,-2.540415704387977,-5.274971941638595,-3.7447895644698637,1.2043738600818865,0.9237875288683695,-1.9079685746352326,-7.608704493360663,8.532492022229032,2.1939953810623525,-3.002309468822162,2.6558891454965483,-0.22446689113354568,0.38054864727052884,2.2753404982260195,3.4642032332563577,-3.002309468822162,9.237875288683606,6.172839506172845,3.9489914606788634,5.288883828004742,10.39260969976905,-3.002309468822162,,,,,,
2026-07-27,6414,樺漢,電腦週邊,True,False,other_watch,A,weak_bounce,44,6.59,7,49.83,58.42,31.84071350019283,99.34,Q1,3.5,12.5,1.5,1.5,25.0,5.83,active,active,58.33,10.58,58.33,-10.58,5.0,-3.5,positive,negative,accelerating,stable,3,False,0,37.33,48.33,48.33,24.83,44.0,457.5,-4.699453551912569,-7.036247334754798,-3.7447895644698637,-0.9546639874427054,-11.912568306010929,-14.072494669509595,-7.608704493360663,-4.303863812650266,3.1693989071038153,-14.098360655737707,-4.371584699453557,-6.716417910447758,0.38054864727052884,-4.752133346724086,3.1693989071038153,-14.098360655737707,5.355191256830594,2.771855010660973,3.9489914606788634,1.4061997961517303,8.087431693989068,-14.098360655737707,,,,,,
2026-07-27,2206,三陽工業,汽車工業,True,False,other_watch,A,weak_bounce,40,1.37,14,52.19,56.68,4.705133430699194,76.51,Q2,9.0,15.23,2.0,6.75,5.0,14.21,active,active,93.52,48.56,93.52,48.56,5.0,1.75,positive,positive,accelerating,decelerating,3,False,0,36.96000000000001,50.190000000000005,45.440000000000005,47.190000000000005,37.980000000000004,63.1,-0.7923930269413626,-0.7923930269413626,-3.7447895644698637,2.952396537528501,2.535657686212356,2.535657686212356,-7.608704493360663,10.144362179573019,2.694136291600624,-1.7432646592710044,1.4263074484944571,1.4263074484944571,0.38054864727052884,1.0457588012239283,5.705229793977806,-1.7432646592710044,-0.6339144215530834,-0.6339144215530834,3.9489914606788634,-4.582905882231946,5.705229793977806,-5.229793977813002,,,,,,
2026-07-27,2801,彰銀,金融保險,True,False,other_watch,A,weak_bounce,40,3.02,6,31.74,32.53,7.659062969994579,85.96,Q3,3.5,12.5,2.0,4.75,0.0,8.99,active,active,84.66,89.9,-84.66,89.9,3.0,1.75,negative,positive,reversing_positive,decelerating,3,False,0,19.240000000000002,29.740000000000002,26.990000000000002,31.740000000000002,22.75,24.5,0.20408163265306367,-0.6072874493927016,-3.7447895644698637,3.9488711971229273,1.2244897959183598,0.4048582995951566,-7.608704493360663,8.833194289279023,1.2244897959183598,-2.0408163265306145,3.6734693877551017,2.8340080971659853,0.38054864727052884,3.292920740484573,5.102040816326525,-2.0408163265306145,-5.3061224489796,-6.072874493927127,3.9489914606788634,-9.255113909658464,5.102040816326525,-6.122448979591832,,,,,,
2026-07-27,2425,承啟,電腦週邊,True,False,other_watch,A,weak_bounce,38,5.93,6,5.45,19.35,18.70680272495865,96.98,Q3,3.5,0.42,1.5,-1.75,0.0,1.78,active,active,51.85,17.79,-51.85,17.79,-3.5,1.75,negative,positive,stable,decelerating,3,False,0,5.03,3.95,7.2,5.45,3.67,44.45,-2.5871766029246457,-5.869565217391315,-3.7447895644698637,1.157612961545218,-3.937007874015752,-7.173913043478253,-7.608704493360663,3.6716966193449108,3.374578177727794,-7.761529808773904,8.66141732283463,5.000000000000004,0.38054864727052884,8.2808686755641,11.698537682789635,-7.761529808773904,11.473565804274454,7.717391304347809,3.9489914606788634,7.5245743435955905,19.010123734533167,-7.761529808773904,,,,,,
2026-07-27,1101,台泥,水泥工業,True,False,excluded,B1,weak_bounce,73,3.61,12,64.84,72.66,3.1387041018096196,67.06,Q1,9.0,12.63,1.5,6.75,25.0,9.96,active,active,91.4,8.17,91.4,8.17,5.0,1.75,positive,positive,accelerating,decelerating,3,False,0,52.21,63.34,58.09,39.84,54.88,24.3,2.0576131687242816,1.6393442622950838,-3.7447895644698637,5.802402733194145,-1.0288065843621408,-1.43442622950819,-7.608704493360663,6.579897908998522,3.0864197530864113,-1.440329218107006,-2.0576131687242816,-2.4590163934426146,0.38054864727052884,-2.4381618159948104,3.0864197530864113,-2.263374485596714,1.0288065843621297,0.6147540983606703,3.9489914606788634,-2.9201848763167337,3.0864197530864113,-3.4979423868312765,,,,,,
2026-07-27,1229,聯華,食品工業,True,False,excluded,B1,weak_bounce,69,-0.6,3,7.94,22.27,0.33672296214219966,55.12,Q3,3.5,0.24,1.5,1.5,0.0,1.2,active,active,34.13,12.02,-34.13,12.02,-3.5,5.0,negative,positive,stable,accelerating,3,False,0,7.7,6.44,6.44,7.94,6.74,41.15,-0.6075334143377908,-1.918465227817756,-3.7447895644698637,3.137256150132073,-1.7010935601457944,-2.9976019184652314,-7.608704493360663,5.907610933214869,0.2430133657351119,-2.1871202916160404,-2.3086269744835852,-3.597122302158273,0.38054864727052884,-2.689175621754114,0.6075334143377908,-2.6731470230862753,-1.0935601458080146,-2.3980815347721784,3.9489914606788634,-5.042551606486878,0.6075334143377908,-3.037667071688943,,,,,,
2026-07-27,1402,遠東新,紡織纖維,True,False,excluded,B1,weak_bounce,63,-1.35,14,66.5,67.8,-1.580703111876769,47.77,Q2,9.0,25.0,2.5,6.75,5.0,18.25,active,active,98.41,84.13,98.41,84.13,1.75,5.0,positive,positive,decelerating,accelerating,3,False,0,41.5,64.0,59.75,61.5,48.25,27.5,-0.363636363636366,-0.18214936247723523,-3.7447895644698637,3.3811532008334977,-1.272727272727281,-1.0928961748633892,-7.608704493360663,6.3359772206333815,0.9090909090909038,-2.9090909090909167,-2.1818181818181848,-2.003642987249543,0.38054864727052884,-2.5623668290887136,0.9090909090909038,-2.9090909090909167,-0.9090909090909038,-0.7285974499089187,3.9489914606788634,-4.858082369769767,0.9090909090909038,-3.2727272727272716,,,,,,
2026-07-27,1476,儒鴻,紡織纖維,True,False,excluded,B1,weak_bounce,74,3.41,7,60.03,60.42,10.344394894629206,91.21,Q1,3.5,12.5,2.5,8.0,25.0,8.53,active,active,85.32,84.62,85.32,-84.62,5.0,3.0,positive,negative,accelerating,reversing_positive,3,False,0,47.53,57.53,52.03,35.03,51.5,338.0,0.2958579881656709,-0.7320644216691097,-3.7447895644698637,4.0406475526355345,4.142011834319526,3.0746705710102518,-7.608704493360663,11.750716327680188,5.177514792899407,-2.9585798816568087,2.51479289940828,1.4641288433382194,0.38054864727052884,2.1342442521377514,5.769230769230771,-2.9585798816568087,-0.295857988165682,-1.3177159590043952,3.9489914606788634,-4.244849448844546,8.875739644970416,-2.9585798816568087,,,,,,
2026-07-27,1563,巧新,汽車工業,True,False,excluded,B1,weak_bounce,48,-5.78,0,0.0,4.5,-1.6232006600951476,47.51,Q4,0.0,0.0,0.0,-3.5,0.0,0.0,active,inactive,76.59,,-76.59,0.0,-3.5,0.0,negative,zero,stable,inactive,3,False,0,0.0,0.0,0.0,0.0,0.0,60.5,-4.297520661157028,-6.612903225806455,-3.7447895644698637,-0.5527310966871646,-12.561983471074377,-14.677419354838717,-7.608704493360663,-4.9532789777137145,0.0,-14.214876033057855,-9.090909090909093,-11.290322580645162,0.38054864727052884,-9.471457738179623,0.0,-14.214876033057855,-6.6115702479338845,-8.870967741935488,3.9489914606788634,-10.560561708612749,0.0,-14.214876033057855,,,,,,
2026-07-27,1708,東鹼,化學工業,True,False,excluded,B1,weak_bounce,38,-8.06,6,15.78,21.39,0.2343485359343478,54.86,Q4,3.5,3.81,2.0,0.75,0.0,5.72,active,active,56.88,57.21,-56.88,57.21,-1.0,1.75,negative,positive,neutral,decelerating,3,False,0,11.97,13.780000000000001,15.030000000000001,15.780000000000001,10.060000000000002,51.0,-2.843137254901962,-5.619047619047624,-3.7447895644698637,0.9016523095679019,-9.411764705882353,-12.0,-7.608704493360663,-1.8030602125216904,0.19607843137254832,-9.607843137254902,-4.70588235294117,-7.428571428571429,0.38054864727052884,-5.086431000211699,0.19607843137254832,-9.607843137254902,-2.0588235294117574,-4.857142857142849,3.9489914606788634,-6.007814990090621,0.19607843137254832,-9.607843137254902,,,,,,
2026-07-27,1904,正隆,造紙工業,True,False,excluded,B1,weak_bounce,56,-5.38,6,12.0,19.22,3.5152721203213777,69.42,Q3,3.5,1.86,2.0,0.75,0.0,3.89,active,active,6.22,38.94,-6.22,38.94,-1.0,1.75,negative,positive,neutral,decelerating,3,False,0,10.14,10.0,11.25,12.0,8.11,21.55,-0.9280742459396696,-0.9280742459396696,-3.7447895644698637,2.816715318530194,-1.392111368909521,-1.392111368909521,-7.608704493360663,6.216593124451142,0.0,-3.9443155452436263,-1.8561484918793614,-1.8561484918793614,0.38054864727052884,-2.23669713914989,0.9280742459396807,-3.9443155452436263,12.296983758700698,12.296983758700698,3.9489914606788634,8.347992298021834,12.529002320185612,-4.408352668213455,,,,,,
2026-07-27,2302,麗正,半導體業,True,False,excluded,B1,weak_bounce,48,-13.04,6,9.59,17.81,-9.786089188533376,22.83,Q4,3.5,0.7,2.0,0.75,0.0,2.64,active,active,55.03,26.44,-55.03,26.44,-1.0,1.75,negative,positive,neutral,decelerating,3,False,0,8.89,7.59,8.84,9.59,6.949999999999999,40.3,-5.955334987593053,-8.674698795180724,-3.7447895644698637,-2.2105454231231896,-16.997518610421825,-19.397590361445772,-7.608704493360663,-9.388814117061163,0.12406947890819531,-18.48635235732009,-0.7444168734491274,-3.6144578313253017,0.38054864727052884,-1.1249655207196563,0.24813895781639062,-18.48635235732009,5.459057071960305,2.4096385542168752,3.9489914606788634,1.5100656112814415,10.421836228287852,-18.48635235732009,,,,,,
2026-07-27,2412,中華電,通信網路,True,False,excluded,B1,weak_bounce,66,1.63,15,75.01,78.77,0.3552556661872708,55.25,Q1,9.0,16.28,2.5,6.75,25.0,15.48,active,active,99.47,55.29,99.47,55.29,5.0,1.75,positive,positive,accelerating,decelerating,3,False,0,58.730000000000004,72.51,68.26,50.010000000000005,59.53,140.5,0.3558718861210064,0.3558718861210064,-3.7447895644698637,4.10066145059087,0.0,0.0,-7.608704493360663,7.608704493360663,1.4234875444839812,-1.4234875444839812,-1.0676156583629859,-1.0676156583629859,0.38054864727052884,-1.4481643056335147,1.4234875444839812,-1.7793594306049876,-2.8469750889679735,-2.8469750889679735,3.9489914606788634,-6.795966549646836,1.4234875444839812,-3.2028469750889688,,,,,,
2026-07-27,2458,義隆,半導體業,True,False,excluded,B1,weak_bounce,56,-6.61,9,36.9,37.99,-1.38486467858423,48.56,Q2,3.5,12.5,2.5,4.75,5.0,8.65,active,active,37.83,86.54,-37.83,86.54,3.0,1.75,negative,positive,reversing_positive,decelerating,3,False,0,24.4,34.4,32.15,31.9,28.25,163.0,-5.214723926380371,-6.927710843373491,-3.7447895644698637,-1.4699343619105072,-9.202453987730063,-10.843373493975905,-7.608704493360663,-1.5937494943694004,0.0,-11.65644171779141,-3.9877300613496924,-5.722891566265065,0.38054864727052884,-4.368278708620221,0.0,-11.65644171779141,-10.73619631901841,-12.349397590361445,3.9489914606788634,-14.685187779697273,0.0,-14.110429447852757,,,,,,
2026-07-27,2484,希華,電子零組件,True,False,excluded,B1,weak_bounce,40,-14.0,6,5.85,20.07,-2.7142009188943166,43.31,Q4,3.5,0.25,2.5,-1.75,0.0,1.35,active,active,7.8,13.46,-7.8,13.46,-3.5,1.75,negative,positive,stable,decelerating,3,False,0,5.6,3.3499999999999996,7.6,5.85,4.5,70.0,-6.000000000000005,-9.986320109439117,-3.7447895644698637,-2.2552104355301417,-17.714285714285715,-21.203830369357036,-7.608704493360663,-10.105581220925053,0.8571428571428452,-18.999999999999993,-9.142857142857142,-12.995896032831734,0.38054864727052884,-9.523405790127672,0.8571428571428452,-18.999999999999993,6.142857142857139,1.641586867305067,3.9489914606788634,2.1938656821782754,12.00000000000001,-18.999999999999993,,,,,,
2026-07-27,2542,興富發,建材營建,True,False,excluded,B1,weak_bounce,55,-0.11,6,25.65,32.72,3.5021088130404165,69.29,Q3,3.5,12.5,1.5,-1.75,0.0,9.9,active,active,97.62,99.04,-97.62,99.04,-3.5,1.75,negative,positive,stable,decelerating,3,False,0,13.149999999999999,24.15,27.4,25.65,15.749999999999998,43.35,-0.9227220299884653,-1.2643678160919491,-3.7447895644698637,2.8220675344813984,2.3068050749711633,1.9540229885057547,-7.608704493360663,9.915509568331826,2.8835063437139485,-1.9607843137254943,1.1534025374855927,0.8045977011494232,0.38054864727052884,0.7728538902150639,3.344867358708181,-1.9607843137254943,2.3068050749711633,1.9540229885057547,3.9489914606788634,-1.6421863857077001,3.344867358708181,-1.9607843137254943,,,,,,
2026-07-27,2882,國泰金,金融保險,True,False,excluded,B1,weak_bounce,71,-0.56,7,40.0,40.4,-4.9719642836741915,36.42,Q2,3.5,12.5,2.5,8.0,5.0,8.5,active,active,85.05,68.27,85.05,-68.27,5.0,3.0,positive,negative,accelerating,reversing_positive,3,False,0,27.5,37.5,32.0,35.0,31.5,97.0,-1.6494845360824684,-3.147208121827405,-3.7447895644698637,2.0953050283873953,-1.855670103092777,-3.3502538071065957,-7.608704493360663,5.753034390267886,0.6185567010309256,-4.639175257731953,3.6082474226804218,2.0304568527918843,0.38054864727052884,3.227698775409893,5.670103092783507,-4.639175257731953,4.123711340206193,2.538071065989844,3.9489914606788634,0.1747198795273297,5.670103092783507,-4.639175257731953,,,,,,
2026-07-27,2885,元大金,金融保險,True,False,excluded,B1,weak_bounce,48,-2.12,15,64.06,66.09,-0.30976558706926616,52.1,Q2,9.0,25.0,3.0,6.75,5.0,15.31,active,active,61.77,91.35,61.77,91.35,1.75,5.0,positive,positive,decelerating,accelerating,3,False,0,39.06,61.06,57.31,59.06,48.75,64.6,-1.7027863777089647,-1.8547140649149974,-3.7447895644698637,2.042003186760899,-2.3219814241486003,-2.472952086553326,-7.608704493360663,5.286723069212062,0.1547987616099311,-6.037151702786369,5.2631578947368585,5.1004636785162205,0.38054864727052884,4.88260924746633,7.120743034055743,-6.037151702786369,5.572755417956676,5.4095826893354015,3.9489914606788634,1.6237639572778129,9.597523219814242,-6.037151702786369,,,,,,
2026-07-27,2890,永豐金,金融保險,True,False,excluded,B1,weak_bounce,43,-0.88,15,62.5,65.63,3.2529327017953524,67.59,Q2,9.0,25.0,2.5,6.75,5.0,14.25,active,active,65.08,77.4,65.08,77.4,5.0,1.75,positive,positive,accelerating,decelerating,3,False,0,37.5,60.0,55.75,57.5,48.25,39.0,-0.8974358974359053,-2.3989898989899006,-3.7447895644698637,2.8473536670339583,-0.38461538461538325,-1.8939393939393923,-7.608704493360663,7.22408910874528,1.4102564102564052,-2.564102564102566,2.6923076923076827,1.1363636363636243,0.38054864727052884,2.311759045037154,5.25641025641026,-2.564102564102566,-0.2564102564102555,-1.7676767676767735,3.9489914606788634,-4.205401717089119,5.25641025641026,-2.564102564102566,,,,,,
2026-07-27,2891,中信金,金融保險,True,False,excluded,B1,weak_bounce,56,-5.19,6,23.75,32.79,-8.280560864366093,25.59,Q4,3.5,12.5,2.0,-1.75,0.0,7.5,active,active,72.88,75.0,-72.88,75.0,-3.5,1.75,negative,positive,stable,decelerating,3,False,0,11.25,21.75,25.5,23.75,16.25,62.6,-0.31948881789137795,-0.9523809523809601,-3.7447895644698637,3.4253007465784857,0.7987220447284393,0.15873015873015817,-7.608704493360663,8.407426538089101,1.437699680511173,-2.8753993610223683,3.514376996805102,2.857142857142847,0.38054864727052884,3.133828349534573,5.111821086261981,-2.8753993610223683,6.230031948881787,5.555555555555558,3.9489914606788634,2.2810404882029234,6.549520766773176,-2.8753993610223683,,,,,,
2026-07-27,2897,王道銀行,金融保險,True,False,excluded,B1,weak_bounce,43,-0.24,14,50.29,55.62,0.1987455096771229,54.46,Q2,9.0,14.2,2.0,6.75,5.0,13.34,active,active,94.97,38.46,94.97,38.46,5.0,1.75,positive,positive,accelerating,decelerating,3,False,0,36.09,48.290000000000006,43.540000000000006,45.290000000000006,36.95,10.25,-0.487804878048792,-0.9708737864077777,-3.7447895644698637,3.2569846864210716,0.0,-0.4854368932038944,-7.608704493360663,7.608704493360663,0.4878048780487809,-1.9512195121951126,-0.487804878048792,-0.9708737864077777,0.38054864727052884,-0.8683535253193209,1.4634146341463428,-1.9512195121951126,-0.9756097560975618,-1.4563106796116498,3.9489914606788634,-4.924601216776425,1.4634146341463428,-1.9512195121951126,,,,,,
2026-07-27,2915,潤泰全,貿易百貨,True,False,excluded,B1,weak_bounce,63,-0.48,0,3.5,4.5,1.1419689529005628,57.22,Q3,0.0,0.0,0.5,3.0,0.0,0.0,active,inactive,15.48,,-15.48,0.0,3.0,0.0,negative,zero,reversing_positive,inactive,3,False,0,3.5,3.0,0.5,3.5,3.5,51.4,-1.7509727626459082,-1.9417475728155331,-3.7447895644698637,1.9938168018239555,0.0,-0.1941747572815511,-7.608704493360663,7.608704493360663,0.9727626459143934,-2.529182879377423,2.1400778210116655,1.9417475728155331,0.38054864727052884,1.7595291737411367,3.112840466926081,-2.529182879377423,3.891050583657596,3.689320388349504,3.9489914606788634,-0.05794087702126749,3.891050583657596,-2.529182879377423,,,,,,
2026-07-27,3005,神基,電腦週邊,True,False,excluded,B1,weak_bounce,62,4.26,0,1.0,8.0,19.291007414439022,97.11,Q3,0.0,0.0,1.5,-0.5,0.0,0.0,active,active,8.07,21.15,-8.07,-21.15,-3.5,3.0,negative,negative,stable,reversing_positive,3,False,0,1.0,0.0,1.5,1.0,1.0,111.5,-1.3452914798206317,-2.2222222222222254,-3.7447895644698637,2.399498084649232,-1.3452914798206317,-2.2222222222222254,-7.608704493360663,6.263413013540031,0.8968609865470878,-6.726457399103136,2.6905829596412634,1.777777777777767,0.38054864727052884,2.3100343123707345,5.3811659192825045,-6.726457399103136,2.6905829596412634,1.777777777777767,3.9489914606788634,-1.2584085010376,5.3811659192825045,-6.726457399103136,,,,,,
2026-07-27,3034,聯詠,半導體業,True,False,excluded,B1,weak_bounce,74,3.19,7,57.22,57.46,3.8716803024547386,71.13,Q1,3.5,12.5,2.5,4.75,25.0,8.97,active,active,89.68,68.75,89.68,-68.75,1.75,3.0,positive,negative,decelerating,reversing_positive,3,False,0,44.72,54.72,52.47,32.22,48.25,499.0,-1.3026052104208374,-4.9227799227799185,-3.7447895644698637,2.4421843540490262,-1.603206412825653,-5.212355212355213,-7.608704493360663,6.00549808053501,4.609218436873741,-2.505010020040077,4.008016032064132,0.19305019305020377,0.38054864727052884,3.6274673847936034,6.412825651302612,-2.505010020040077,9.018036072144287,5.019305019305009,3.9489914606788634,5.069044611465424,14.62925851703407,-2.505010020040077,,,,,,
2026-07-27,3141,晶宏,半導體業,True,False,excluded,B1,weak_bounce,56,-5.99,5,27.22,30.84,-3.4908981799665724,39.76,Q2,3.5,12.5,1.0,1.75,5.0,3.47,active,inactive,34.66,,34.66,0.0,1.75,0.0,positive,zero,decelerating,inactive,3,False,0,14.719999999999999,26.22,25.47,22.22,23.75,65.5,-3.511450381679382,-6.37037037037037,-3.7447895644698637,0.23333918279048182,-8.549618320610685,-11.259259259259258,-7.608704493360663,-0.9409138272500224,0.0,-13.282442748091604,7.6335877862595325,4.444444444444451,0.38054864727052884,7.253039138989004,9.007633587786268,-13.282442748091604,22.137404580152676,18.518518518518512,3.9489914606788634,18.188413119473815,27.480916030534353,-13.282442748091604,,,,,,
2026-07-27,3362,先進光,光電業,True,False,excluded,B1,weak_bounce,40,-3.36,0,0.0,2.5,-10.791229427666238,20.87,Q4,0.0,0.0,0.5,-1.0,0.0,0.0,active,inactive,11.77,,-11.77,0.0,-1.0,0.0,negative,zero,neutral,inactive,3,False,0,0.0,0.0,0.5,0.0,0.0,160.0,-1.2499999999999956,-4.53172205438066,-3.7447895644698637,2.494789564469868,-2.187499999999998,-5.438066465256797,-7.608704493360663,5.421204493360666,13.749999999999996,-2.187499999999998,12.5,8.761329305135956,0.38054864727052884,12.11945135272947,16.874999999999996,-2.187499999999998,11.250000000000004,7.552870090634434,3.9489914606788634,7.30100853932114,22.812499999999993,-2.187499999999998,,,,,,
2026-07-27,3441,聯一光,光電業,True,False,excluded,B1,weak_bounce,40,-2.95,5,12.73,17.57,-13.327114595130352,17.45,Q2,3.5,2.54,1.0,0.0,5.0,0.69,active,inactive,6.88,,6.88,0.0,0.0,0.0,positive,zero,reversing_negative,inactive,3,False,0,10.189999999999998,11.729999999999999,12.729999999999999,7.729999999999999,12.04,67.5,14.370370370370367,9.19377652050919,-3.7447895644698637,18.11515993484023,13.185185185185189,8.062234794908063,-7.608704493360663,20.793889678545852,34.074074074074076,-0.7407407407407418,36.88888888888891,30.6930693069307,0.38054864727052884,36.50834024161838,36.88888888888891,-0.7407407407407418,17.777777777777782,12.446958981612433,3.9489914606788634,13.828786317098919,41.925925925925924,-0.7407407407407418,,,,,,
2026-07-27,3596,智易,通信網路,True,False,excluded,B1,weak_bounce,71,-0.8,7,51.18,54.76,4.031882070086413,72.18,Q1,3.5,12.5,1.5,5.0,25.0,3.68,active,inactive,36.77,,36.77,0.0,5.0,0.0,positive,zero,accelerating,inactive,3,False,0,38.68,49.68,46.18,26.18,47.5,181.0,-2.209944751381221,-4.324324324324325,-3.7447895644698637,1.5348448130886427,-6.906077348066297,-8.918918918918916,-7.608704493360663,0.7026271452943655,0.8287292817679592,-9.66850828729282,0.5524861878453136,-1.6216216216216162,0.38054864727052884,0.17193754057478472,1.104972375690605,-9.66850828729282,-3.8674033149171283,-5.94594594594594,3.9489914606788634,-7.816394775595992,4.6961325966850875,-9.66850828729282,,,,,,
2026-07-27,3702,大聯大,電子通路,True,False,excluded,B1,weak_bounce,70,2.43,9,51.11,58.21,11.023695207866245,92.39,Q1,3.5,12.5,2.0,-1.75,25.0,9.86,active,active,67.46,98.56,-67.46,98.56,-3.5,1.75,negative,positive,stable,decelerating,3,False,0,38.61,49.11,52.86,26.11,41.25,113.5,-3.083700440528636,-5.1724137931034475,-3.7447895644698637,0.6610891239412275,-7.048458149779735,-9.05172413793104,-7.608704493360663,0.5602463435809275,0.4405286343612369,-10.132158590308372,2.2026431718061623,0.0,0.38054864727052884,1.8220945245356335,3.524229074889873,-10.132158590308372,14.537444933920707,12.06896551724137,3.9489914606788634,10.588453473241843,14.977973568281943,-10.132158590308372,,,,,,
2026-07-27,4536,拓凱,37,True,False,excluded,B1,weak_bounce,56,-2.36,7,54.92,56.76,3.018141560780474,66.27,Q1,3.5,12.5,1.5,5.0,25.0,7.42,active,inactive,74.21,,74.21,0.0,5.0,0.0,positive,zero,accelerating,inactive,3,False,0,42.42,53.42,49.92,29.92,47.5,165.0,0.3030303030302939,0.0,-3.7447895644698637,4.0478198675001575,-0.303030303030305,-0.6042296072507503,-7.608704493360663,7.3056741903303575,2.4242424242424176,-0.60606060606061,0.0,-0.30211480362537513,0.38054864727052884,-0.38054864727052884,2.7272727272727337,-0.60606060606061,3.9393939393939315,3.6253776435045237,3.9489914606788634,-0.009597521284931965,3.9393939393939315,-0.60606060606061,,,,,,
2026-07-27,4904,遠傳,通信網路,True,False,excluded,B1,weak_bounce,46,7.34,7,61.42,61.42,2.5707971340651947,63.52,Q1,3.5,12.5,2.5,8.0,25.0,9.92,active,active,99.21,77.88,99.21,-77.88,5.0,3.0,positive,negative,accelerating,reversing_positive,3,False,0,48.92,58.92,53.42,36.42,51.5,106.0,0.0,-1.3953488372092981,-3.7447895644698637,3.7447895644698637,-0.4716981132075526,-1.8604651162790753,-7.608704493360663,7.13700638015311,2.358490566037741,-1.8867924528301883,-2.358490566037741,-3.7209302325581395,0.38054864727052884,-2.7390392133082697,2.358490566037741,-3.301886792452835,-4.245283018867929,-5.581395348837215,3.9489914606788634,-8.194274479546792,2.358490566037741,-5.754716981132068,,,,,,
2026-07-27,5464,霖宏,電子零組件,True,False,excluded,B1,weak_bounce,48,-10.89,0,0.0,4.5,-18.096492585560984,11.42,Q4,0.0,0.0,0.0,-3.5,0.0,0.0,active,inactive,77.51,,-77.51,0.0,-3.5,0.0,negative,zero,stable,inactive,3,False,0,0.0,0.0,0.0,0.0,0.0,73.1,-1.6415868673050449,-9.899749373433576,-3.7447895644698637,2.103202697164819,-18.604651162790688,-25.438596491228072,-7.608704493360663,-10.995946669430026,6.429548563611487,-19.835841313269487,-12.1751025991792,-19.548872180451127,0.38054864727052884,-12.555651246449727,6.429548563611487,-19.835841313269487,-15.59507523939807,-22.681704260651625,3.9489914606788634,-19.544066700076932,6.429548563611487,-19.835841313269487,,,,,,
2026-07-27,6197,佳必琪,電子零組件,True,False,excluded,B1,weak_bounce,48,-9.3,3,5.54,15.61,-12.18220687127527,19.03,Q4,3.5,0.05,1.0,0.75,0.0,0.24,active,active,13.36,2.4,-13.36,2.4,-1.0,1.75,negative,positive,neutral,decelerating,3,False,0,5.49,4.54,4.79,5.54,5.3,301.0,-3.6544850498338888,-7.051282051282048,-3.7447895644698637,0.09030451463597489,-11.794019933554821,-14.903846153846157,-7.608704493360663,-4.185315440194159,1.1627906976744207,-13.621262458471762,0.4983388704318914,-3.044871794871795,0.38054864727052884,0.11779022316136256,2.3255813953488413,-13.621262458471762,2.657807308970095,-0.9615384615384581,3.9489914606788634,-1.2911841517087685,6.644518272425248,-13.621262458471762,,,,,,
2026-07-27,6214,精誠,資訊服務,True,False,excluded,B1,weak_bounce,55,5.43,12,62.68,71.24,15.77538241443902,96.06,Q1,9.0,12.56,1.0,6.75,25.0,8.37,active,active,79.89,3.85,79.89,3.85,5.0,1.75,positive,positive,accelerating,decelerating,3,False,0,50.12,61.68,55.93,37.68,54.31,142.0,0.7042253521126751,-1.718213058419249,-3.7447895644698637,4.449014916582539,1.0563380281690238,-1.3745704467353903,-7.608704493360663,8.665042521529687,3.5211267605633756,-1.0563380281690127,4.577464788732399,2.0618556701030855,0.38054864727052884,4.1969161414618705,8.80281690140845,-1.0563380281690127,1.760563380281699,-0.6872852233676952,3.9489914606788634,-2.1884280803971645,8.80281690140845,-1.4084507042253502,,,,,,
2026-07-27,6277,宏正,電腦週邊,True,False,excluded,B1,weak_bounce,70,2.8,5,50.13,52.45,16.61729551313277,96.33,Q1,3.5,12.5,1.0,1.75,25.0,6.38,active,inactive,63.76,,63.76,0.0,1.75,0.0,positive,zero,decelerating,inactive,3,False,0,37.63,49.13,48.38,25.130000000000003,43.75,78.3,-0.5108556832694622,-1.2674271229404344,-3.7447895644698637,3.2339338812004015,-4.597701149425282,-5.323193916349811,-7.608704493360663,3.011003343935381,0.25542784163474774,-5.2362707535121285,-1.1494252873563093,-1.9011406844106515,0.38054864727052884,-1.5299739346268382,4.0868454661558085,-5.2362707535121285,2.171136653895278,1.39416983523446,3.9489914606788634,-1.7778548067835853,4.0868454661558085,-5.2362707535121285,,,,,,
2026-07-28,2206,三陽工業,汽車工業,True,True,high_priority_watch,A,bear_break60,68,0.56,15,48.93,53.43,8.5156235539667,76.44,Q2,9.0,14.59,3.0,3.5,5.0,13.84,active,active,90.9,47.47,90.9,47.47,1.75,1.75,positive,positive,decelerating,decelerating,4,False,0,34.34,45.93000000000001,45.43000000000001,43.93000000000001,35.09,62.6,1.5974440894568787,1.5974440894568787,-3.500238518468446,5.097682607925325,3.514376996805102,3.514376996805102,3.924346667929468,-0.4099696711243661,6.549520766773176,-0.15974440894569453,-3.9936102236421744,-3.9936102236421744,4.504972265108265,-8.49858248875044,6.549520766773176,-3.9936102236421744,,,,,,,,,,,,
2026-07-28,2027,大成鋼,鋼鐵工業,True,True,high_priority_watch,A,bear_break60,72,0.84,2,19.77,28.76,12.00332716303728,89.79,Q3,3.5,12.5,2.0,-1.75,0.0,3.52,active,active,35.22,83.41,35.22,-83.41,1.75,-3.5,positive,negative,decelerating,stable,4,False,0,7.27,17.77,21.52,19.77,16.25,42.1,2.7315914489311144,2.4881516587677677,-3.500238518468446,6.231829967399561,2.6128266033254244,2.369668246445489,3.924346667929468,-1.3115200646040437,5.1068883610451365,-0.11876484560571221,5.1068883610451365,4.8578199052132565,4.504972265108265,0.6019160959368719,6.413301662707838,-0.11876484560571221,,,,,,,,,,,,
2026-07-28,6277,宏正,電腦週邊,True,True,high_priority_watch,A,bear_break60,80,1.04,5,34.7,36.29,20.939439114843807,98.17,Q2,3.5,12.5,1.5,5.0,5.0,7.2,active,inactive,72.03,,72.03,0.0,5.0,0.0,positive,zero,accelerating,inactive,4,False,0,22.200000000000003,33.2,29.700000000000003,29.700000000000003,27.500000000000004,77.5,-1.5483870967741953,-2.0539152759948776,-3.500238518468446,1.9518514216942506,3.483870967741942,2.9525032092426073,3.924346667929468,-0.4404757001875259,5.161290322580636,-4.258064516129023,0.2580645161290418,-0.25673940949936247,4.504972265108265,-4.246907748979223,5.161290322580636,-4.258064516129023,,,,,,,,,,,,
2026-07-28,6177,達麗,建材營建,True,True,high_priority_watch,A,bear_break60,80,1.23,7,32.32,39.56,12.183643207886796,90.31,Q2,3.5,12.5,1.5,1.5,5.0,8.32,active,active,83.25,64.52,83.25,-64.52,5.0,-3.5,positive,negative,accelerating,stable,4,False,0,19.82,30.82,30.82,27.32,24.0,47.65,-1.1542497376705096,-0.6329113924050556,-3.500238518468446,2.3459887807979363,-0.7345225603357819,-0.21097046413502962,3.924346667929468,-4.6588692282652495,1.9937040923399874,-2.6232948583420734,-0.7345225603357819,-0.21097046413502962,4.504972265108265,-5.239494825444046,1.9937040923399874,-2.6232948583420734,,,,,,,,,,,,
2026-07-28,6416,瑞祺電通,通信網路,True,True,high_priority_watch,A,bear_break60,80,1.27,0,3.5,4.5,28.813704403292952,98.95,Q4,0.0,0.0,0.5,3.0,0.0,0.0,active,inactive,19.79,,-19.79,0.0,3.0,0.0,negative,zero,reversing_positive,inactive,4,False,0,3.5,3.0,0.5,3.5,3.5,95.8,-3.65344467640919,-3.65344467640919,-3.500238518468446,-0.153206157940744,-9.081419624217125,-9.081419624217125,3.924346667929468,-13.005766292146593,0.41753653444676075,-10.751565762004178,-1.2526096033402934,-1.2526096033402934,4.504972265108265,-5.757581868448558,0.41753653444676075,-10.751565762004178,,,,,,,,,,,,
2026-07-28,2615,萬海,航運業,True,True,high_priority_watch,A,bear_break60,72,1.39,12,49.04,54.73,13.909204773699113,93.85,Q2,9.0,13.64,3.0,6.75,5.0,11.65,active,active,80.08,36.41,80.08,36.41,5.0,1.75,positive,positive,accelerating,decelerating,4,False,0,35.4,46.04,42.29,44.04,37.39,84.8,0.2358490566037874,1.674641148325362,-3.500238518468446,3.7360875750722333,-0.1179245283018826,1.3157894736842257,3.924346667929468,-4.042271196231351,2.594339622641506,-1.297169811320753,1.5330188679245182,2.9904306220095656,4.504972265108265,-2.9719533971837464,2.594339622641506,-1.297169811320753,,,,,,,,,,,,
2026-07-28,2395,研華,電腦週邊,True,True,high_priority_watch,A,bear_break60,72,1.55,6,29.09,31.63,25.219839290440483,98.56,Q4,3.5,8.22,2.5,8.0,0.0,6.87,active,active,36.15,68.66,-36.15,68.66,3.0,5.0,negative,positive,reversing_positive,accelerating,4,False,0,20.869999999999997,26.59,21.09,29.09,22.22,549.0,0.18214936247722413,-1.0791366906474864,-3.500238518468446,3.68238788094567,2.550091074681249,1.2589928057553879,3.924346667929468,-1.3742555932482192,9.107468123861562,-3.642987249544627,4.918032786885251,3.597122302158273,4.504972265108265,0.4130605217769867,9.107468123861562,-3.642987249544627,,,,,,,,,,,,
2026-07-28,2618,長榮航,航運業,True,True,high_priority_watch,A,bear_break60,67,2.09,10,62.21,62.24,4.928291641261872,59.82,Q1,3.5,12.5,3.5,8.0,25.0,9.71,active,active,97.1,32.72,97.1,-32.72,5.0,3.0,positive,negative,accelerating,reversing_positive,4,False,0,49.71,58.71,54.21,37.21,52.5,43.0,-3.604651162790695,-3.040935672514611,-3.500238518468446,-0.10441264432224928,0.6976744186046435,1.2865497076023358,3.924346667929468,-3.2266722493248245,1.9767441860465196,-5.232558139534882,1.8604651162790642,2.4561403508771784,4.504972265108265,-2.6445071488292005,2.674418604651163,-5.232558139534882,,,,,,,,,,,,
2026-07-28,5880,合庫金,金融保險,True,True,high_priority_watch,A,bear_break60,66,3.08,15,76.2,79.65,11.974440974619625,89.53,Q1,9.0,16.51,3.5,6.75,25.0,15.44,active,active,95.38,58.99,95.38,58.99,1.75,5.0,positive,positive,decelerating,accelerating,4,False,0,59.69,72.7,69.45,51.2,60.760000000000005,26.0,0.38461538461538325,0.5780346820809301,-3.500238518468446,3.884853903083829,6.153846153846154,6.358381502890187,3.924346667929468,2.229499485916686,6.346153846153846,-1.1538461538461608,2.115384615384608,2.3121387283236983,4.504972265108265,-2.389587649723657,6.346153846153846,-1.1538461538461608,,,,,,,,,,,,
2026-07-28,2637,慧洋-KY,航運業,True,True,high_priority_watch,A,bear_break60,72,3.15,9,57.72,59.93,20.357798973854734,97.91,Q1,3.5,12.5,3.0,4.0,25.0,9.72,active,active,52.51,97.24,-52.51,97.24,-1.0,5.0,negative,positive,neutral,accelerating,4,False,0,45.22,54.72,53.72,32.72,48.0,82.9,-3.0156815440289475,-1.831501831501836,-3.500238518468446,0.4845569744394984,-5.548854041013273,-4.395604395604402,3.924346667929468,-9.473200708942741,0.6031363088057962,-6.272617611580222,1.2062726176115701,2.4420024420024333,4.504972265108265,-3.2986996474966945,1.93003618817853,-6.272617611580222,,,,,,,,,,,,
2026-07-28,2836,高雄銀,金融保險,True,True,high_priority_watch,A,bear_break60,65,3.38,0,0.0,5.0,13.670330598074663,93.46,Q3,0.0,0.0,0.5,-3.5,0.0,0.0,active,inactive,43.4,,-43.4,0.0,-3.5,0.0,negative,zero,stable,inactive,4,False,0,0.0,0.0,0.5,0.0,0.0,12.4,-3.629032258064524,-8.076923076923082,-3.500238518468446,-0.1287937395960781,-2.4193548387096864,-6.923076923076921,3.924346667929468,-6.343701506639155,0.40322580645160144,-4.8387096774193505,-4.0322580645161255,-8.461538461538453,4.504972265108265,-8.53723032962439,0.40322580645160144,-5.241935483870974,,,,,,,,,,,,
2026-07-28,2867,三商壽,金融保險,True,True,high_priority_watch,A,bear_break60,62,4.47,7,34.35,35.4,18.857405428006615,97.25,Q2,3.5,12.5,2.0,1.75,5.0,9.6,active,inactive,96.04,,96.04,0.0,1.75,0.0,positive,zero,decelerating,inactive,4,False,0,21.85,32.35,32.6,29.35,24.75,9.35,0.21390374331551332,0.21390374331551332,-3.500238518468446,3.7141422617839592,5.882352941176472,5.882352941176472,3.924346667929468,1.9580062732470038,7.4866310160427885,-1.6042780748663166,4.385026737967923,4.385026737967923,4.504972265108265,-0.11994552714034157,7.4866310160427885,-1.6042780748663166,,,,,,,,,,,,
2026-07-28,3441,聯一光,光電業,True,True,high_priority_watch,A,bear_break60,57,7.75,5,40.41,44.52,8.860217576488061,78.14,Q1,3.5,4.32,1.5,5.0,25.0,1.09,active,inactive,10.95,,10.95,0.0,5.0,0.0,positive,zero,accelerating,inactive,4,False,0,36.09,38.910000000000004,35.410000000000004,15.410000000000004,39.32,77.5,9.419354838709681,9.844559585492219,-3.500238518468446,12.919593357178128,8.387096774193559,8.808290155440401,3.924346667929468,4.462750106264091,16.774193548387096,-3.2258064516129004,15.612903225806441,16.0621761658031,4.504972265108265,11.107930960698177,23.61290322580645,-3.2258064516129004,,,,,,,,,,,,
2026-07-28,1402,遠東新,紡織纖維,True,False,excluded,B1,bear_break60,63,-1.53,15,84.39,85.5,1.8680193121144875,49.08,Q1,9.0,25.0,3.5,3.5,25.0,18.39,active,active,97.76,86.18,97.76,86.18,1.75,1.75,positive,positive,decelerating,decelerating,4,False,0,59.39,80.89,80.89,59.39,66.0,27.65,-1.446654611211573,-0.5474452554744436,-3.500238518468446,2.053583907256873,-1.8083182640144635,-0.9124087591240837,3.924346667929468,-5.732664931943932,0.3616636528029016,-3.4358047016274873,-1.8083182640144635,-0.9124087591240837,4.504972265108265,-6.313290529122728,0.3616636528029016,-3.4358047016274873,,,,,,,,,,,,
2026-07-28,1476,儒鴻,紡織纖維,True,False,excluded,B1,bear_break60,70,2.65,7,36.56,36.96,11.695347056270833,88.35,Q2,3.5,12.5,3.0,4.75,5.0,7.81,active,active,78.1,82.03,78.1,-82.03,1.75,3.0,positive,negative,decelerating,reversing_positive,4,False,0,24.060000000000002,33.56,31.810000000000002,31.560000000000002,28.750000000000004,339.5,-0.2945508100147265,-0.1474926253687281,-3.500238518468446,3.2056877084537194,1.9145802650957222,2.0648967551622377,3.924346667929468,-2.009766402833746,5.301914580265099,-3.387334315169366,4.41826215022092,4.572271386430682,4.504972265108265,-0.08671011488734504,5.301914580265099,-3.387334315169366,,,,,,,,,,,,
2026-07-28,1904,正隆,造紙工業,True,False,excluded,B1,bear_break60,56,-6.26,15,48.15,54.16,7.547881618482821,71.6,Q2,9.0,13.73,3.0,6.75,5.0,10.67,active,active,69.79,36.87,69.79,36.87,5.0,1.75,positive,positive,accelerating,decelerating,4,False,0,34.42,45.150000000000006,41.400000000000006,43.150000000000006,37.480000000000004,21.5,-2.0930232558139528,-1.4051522248243575,-3.500238518468446,1.4072152626544931,-2.558139534883719,-1.8735362997658211,3.924346667929468,-6.482486202813186,1.1627906976744207,-3.7209302325581395,-0.6976744186046435,0.0,4.504972265108265,-5.202646683712908,1.1627906976744207,-4.1860465116279055,,,,,,,,,,,,
2026-07-28,1909,榮成,造紙工業,True,False,excluded,B1,bear_break60,46,-2.19,5,21.53,25.5,13.784668087827423,93.59,Q2,3.5,5.67,1.0,5.0,5.0,1.36,active,inactive,13.59,,13.59,0.0,5.0,0.0,positive,zero,accelerating,inactive,4,False,0,15.860000000000001,20.53,16.53,16.53,20.17,10.0,-1.19999999999999,-1.691542288557213,-3.500238518468446,2.300238518468456,-1.5000000000000013,-1.9900497512437942,3.924346667929468,-5.42434666792947,2.499999999999991,-2.300000000000002,1.0000000000000009,0.4975124378109319,4.504972265108265,-3.5049722651082638,2.499999999999991,-2.500000000000002,,,,,,,,,,,,
2026-07-28,2412,中華電,通信網路,True,False,excluded,B1,bear_break60,70,2.55,15,75.07,78.91,6.843656266370146,67.93,Q1,9.0,15.51,3.5,6.75,25.0,15.31,active,active,99.21,53.92,99.21,53.92,5.0,1.75,positive,positive,accelerating,decelerating,4,False,0,59.559999999999995,71.57,68.32,50.06999999999999,59.75999999999999,141.0,-0.35460992907800915,-0.35460992907800915,-3.500238518468446,3.1456285893904368,-1.0638297872340385,-1.0638297872340385,3.924346667929468,-4.988176455163506,1.0638297872340496,-1.773049645390068,-3.1914893617021267,-3.1914893617021267,4.504972265108265,-7.696461626810391,1.0638297872340496,-3.546099290780147,,,,,,,,,,,,
2026-07-28,2425,承啟,電腦週邊,True,False,excluded,B1,bear_break60,47,-0.29,3,8.46,17.22,12.900679672010796,91.62,Q3,3.5,0.37,2.0,0.75,0.0,1.84,active,active,45.65,18.43,-45.65,18.43,-1.0,1.75,negative,positive,neutral,decelerating,4,False,0,8.090000000000002,6.460000000000001,7.710000000000001,8.46,6.620000000000001,44.0,0.3409090909090917,1.9630484988452768,-3.500238518468446,3.8411476093775376,6.704545454545463,8.429561200923796,3.924346667929468,2.780198786615995,6.704545454545463,-6.818181818181824,14.090909090909086,15.935334872979222,4.504972265108265,9.585936825800822,15.681818181818175,-6.818181818181824,,,,,,,,,,,,
2026-07-28,2633,台灣高鐵,航運業,True,False,excluded,B1,bear_break60,71,-0.19,14,63.31,65.07,5.6610891656526325,62.7,Q2,9.0,25.0,2.5,6.75,5.0,15.06,active,active,58.44,92.17,58.44,92.17,5.0,1.75,positive,positive,accelerating,decelerating,4,False,0,38.31,60.81,56.56,58.31,48.25,26.1,-0.19157088122605526,0.19230769230769162,-3.500238518468446,3.3086676372423907,-0.19157088122605526,0.19230769230769162,3.924346667929468,-4.115917549155523,1.9157088122605304,-1.532567049808442,-1.3409961685823757,-0.9615384615384581,4.504972265108265,-5.84596843369064,1.9157088122605304,-1.7241379310344973,,,,,,,,,,,,
2026-07-28,2885,元大金,金融保險,True,False,excluded,B1,bear_break60,48,-3.93,9,52.11,59.61,4.199327584997281,57.2,Q1,3.5,12.5,3.5,-1.75,25.0,9.36,active,active,3.83,93.55,-3.83,93.55,-3.5,1.75,negative,positive,stable,decelerating,4,False,0,39.61,48.61,53.86,27.11,42.75,64.4,-3.4161490683229823,-2.0472440944881876,-3.500238518468446,0.08408945014546365,5.745341614906807,7.244094488188968,3.924346667929468,1.820994946977339,7.14285714285714,-5.74534161490684,7.14285714285714,8.661417322834652,4.504972265108265,2.637884877748875,9.937888198757761,-5.74534161490684,,,,,,,,,,,,
2026-07-28,3045,台灣大,通信網路,True,False,excluded,B1,bear_break60,74,0.88,10,59.18,59.2,4.158051110008243,56.81,Q1,3.5,12.5,3.5,4.75,25.0,9.93,active,active,99.34,41.47,99.34,-41.47,1.75,3.0,positive,negative,decelerating,reversing_positive,4,False,0,46.68,55.68,54.43,34.18,49.25,114.0,-0.43859649122807154,-0.43859649122807154,-3.500238518468446,3.0616420272403744,-1.3157894736842146,-1.3157894736842146,3.924346667929468,-5.240136141613682,0.8771929824561431,-1.3157894736842146,-2.631578947368418,-2.631578947368418,4.504972265108265,-7.136551212476682,0.8771929824561431,-3.508771929824561,,,,,,,,,,,,
2026-07-28,3231,緯創,電腦週邊,True,False,excluded,B1,bear_break60,59,5.26,15,80.9,83.67,17.58024407802975,96.34,Q1,9.0,21.09,4.0,6.75,25.0,15.06,active,active,81.0,69.59,81.0,69.59,1.75,5.0,positive,positive,decelerating,accelerating,4,False,0,59.81,76.9,74.15,55.900000000000006,65.84,173.0,-2.023121387283233,-0.2941176470588225,-3.500238518468446,1.4771171311852127,1.7341040462427681,3.529411764705892,3.924346667929468,-2.1902426216867,3.1791907514450823,-8.959537572254339,12.71676300578035,14.705882352941169,4.504972265108265,8.211790740672086,14.45086705202312,-8.959537572254339,,,,,,,,,,,,
2026-07-28,4536,拓凱,37,True,False,excluded,B1,bear_break60,56,-2.36,7,57.34,58.42,7.547881618482821,71.6,Q1,3.5,12.5,2.0,5.0,25.0,9.34,active,inactive,93.4,,93.4,0.0,5.0,0.0,positive,zero,accelerating,inactive,4,False,0,44.84,55.34,52.34,32.34,48.0,166.0,0.6024096385542244,0.9063444108761365,-3.500238518468446,4.102648157022671,-0.3012048192771122,0.0,3.924346667929468,-4.22555148720658,2.108433734939763,-0.9036144578313254,0.0,0.30211480362538623,4.504972265108265,-4.504972265108265,2.108433734939763,-1.2048192771084376,,,,,,,,,,,,
2026-07-28,4904,遠傳,通信網路,True,False,excluded,B1,bear_break60,52,6.37,10,59.14,59.16,7.547881618482821,71.6,Q1,3.5,12.5,3.5,4.75,25.0,9.89,active,active,98.94,73.73,98.94,-73.73,1.75,3.0,positive,negative,decelerating,reversing_positive,4,False,0,46.64,55.64,54.39,34.14,49.25,108.0,-1.388888888888884,0.4716981132075526,-3.500238518468446,2.111349629579562,-2.777777777777779,-0.9433962264150941,3.924346667929468,-6.702124445707247,0.4629629629629539,-3.703703703703709,-6.481481481481477,-4.716981132075471,4.504972265108265,-10.986453746589742,0.4629629629629539,-7.499999999999996,,,,,,,,,,,,
2026-07-28,5876,上海商銀,金融保險,True,False,excluded,B1,bear_break60,57,-0.96,15,56.04,59.49,10.117975076426744,83.25,Q2,9.0,17.9,3.0,6.75,5.0,14.39,active,active,81.66,62.21,81.66,62.21,5.0,1.75,positive,positive,accelerating,decelerating,4,False,0,38.14,53.04,49.29,51.04,41.65,44.0,0.7954545454545547,1.025056947608216,-3.500238518468446,4.295693063923,3.295454545454546,3.530751708428248,3.924346667929468,-0.6288921224749222,3.86363636363638,-0.9090909090909038,0.3409090909090917,0.5694760820045497,4.504972265108265,-4.164063174199173,3.86363636363638,-0.9090909090909038,,,,,,,,,,,,
2026-07-28,6214,精誠,資訊服務,True,False,excluded,B1,bear_break60,62,3.25,12,57.99,66.68,18.40059479677739,96.99,Q1,9.0,12.54,1.0,3.5,25.0,6.95,active,active,66.75,2.76,66.75,2.76,1.75,1.75,positive,positive,decelerating,decelerating,4,False,0,45.45,56.99,54.49,32.99,51.04,144.5,-0.34602076124568004,0.6993006993007089,-3.500238518468446,3.154217757222766,6.57439446366781,7.692307692307687,3.924346667929468,2.6500477957383417,6.92041522491349,-2.768166089965396,3.806228373702414,4.895104895104896,4.504972265108265,-0.6987438914058508,6.92041522491349,-2.768166089965396,,,,,,,,,,,,
2026-07-29,1216,統一,食品工業,True,True,high_priority_watch,A,bear_break60,56,1.23,9,59.39,59.66,18.162346184265655,91.36,Q1,3.5,12.5,4.0,4.75,25.0,9.64,active,active,42.89,96.38,-42.89,96.38,3.0,1.75,negative,positive,reversing_positive,decelerating,5,False,0,46.89,55.39,54.64,34.39,49.75,76.8,-1.5625,-3.3248081841432353,-0.2887482688417653,-1.2737517311582347,-4.9479166666666625,-6.649616368286448,8.333475574660643,-13.281392241327305,0.0,-5.3385416666666625,-4.687499999999989,-6.39386189258312,11.39271100818149,-16.08021100818148,0.0,-5.729166666666652,,,,,,,,,,,,
2026-07-29,3362,先進光,光電業,True,True,high_priority_watch,A,bear_break60,77,1.31,5,35.98,38.82,4.994845030187323,47.77,Q1,3.5,1.11,1.0,5.0,25.0,0.37,active,inactive,3.68,,3.68,0.0,5.0,0.0,positive,zero,accelerating,inactive,5,False,0,34.87,34.98,30.979999999999997,10.979999999999997,35.61,173.5,-9.798270893371763,-9.798270893371763,-0.2887482688417653,-9.509522624529998,3.746397694524495,3.746397694524495,8.333475574660643,-4.587077880136148,7.78097982708934,-9.798270893371763,0.5763688760807018,0.5763688760807018,11.39271100818149,-10.816342132100788,13.256484149855918,-9.798270893371763,,,,,,,,,,,,
2026-07-29,2912,統一超,貿易百貨,True,True,high_priority_watch,A,bear_break60,67,2.44,6,29.71,31.75,21.267652110169287,95.16,Q3,3.5,12.5,3.0,0.75,0.0,9.96,active,active,89.61,99.55,-89.61,99.55,-1.0,1.75,negative,positive,neutral,decelerating,5,False,0,17.21,26.71,28.96,29.71,19.75,232.5,-1.0752688172043001,-4.56431535269709,-0.2887482688417653,-0.7865205483625348,-5.161290322580648,-8.506224066390045,8.333475574660643,-13.49476589724129,1.0752688172043001,-5.376344086021501,-4.731182795698929,-8.091286307053947,11.39271100818149,-16.12389380388042,1.0752688172043001,-6.236559139784948,,,,,,,,,,,,
2026-07-29,5880,合庫金,金融保險,True,True,high_priority_watch,A,bear_break60,65,3.16,15,74.35,77.45,18.226084317764634,91.62,Q1,9.0,16.69,4.5,3.5,25.0,15.66,active,active,94.21,62.44,94.21,62.44,1.75,1.75,positive,positive,decelerating,decelerating,5,False,0,57.66,69.85,70.85,49.349999999999994,58.69,26.1,3.44827586206895,3.44827586206895,-0.2887482688417653,3.7370241309107155,3.0651340996168397,3.0651340996168397,8.333475574660643,-5.268341475043803,5.938697318007646,-1.1494252873563204,1.9157088122605304,1.9157088122605304,11.39271100818149,-9.47700219592096,5.938697318007646,-1.1494252873563204,,,,,,,,,,,,
2026-07-29,2027,大成鋼,鋼鐵工業,True,True,high_priority_watch,A,bear_break60,67,3.35,15,50.36,55.32,20.383015994566456,93.98,Q2,9.0,14.3,3.0,10.0,5.0,9.06,active,active,42.63,47.96,42.63,47.96,5.0,5.0,positive,positive,accelerating,accelerating,5,False,0,36.06,47.36,40.36,45.36,41.3,43.25,1.0404624277456698,1.0404624277456698,-0.2887482688417653,1.329210696587435,2.774566473988438,2.774566473988438,8.333475574660643,-5.558909100672205,3.5838150289017268,-2.3121387283236983,2.543352601156079,2.543352601156079,11.39271100818149,-8.84935840702541,3.5838150289017268,-2.3121387283236983,,,,,,,,,,,,
2026-07-29,2884,玉山金,金融保險,True,True,high_priority_watch,A,bear_break60,61,4.29,15,69.6,73.24,19.146556351709954,92.41,Q1,9.0,16.54,4.5,3.5,25.0,11.06,active,active,49.08,61.54,49.08,61.54,1.75,1.75,positive,positive,decelerating,decelerating,5,False,0,53.059999999999995,65.1,66.1,44.599999999999994,58.53999999999999,36.8,2.44565217391306,3.287671232876721,-0.2887482688417653,2.734400442754825,4.483695652173925,5.3424657534246744,8.333475574660643,-3.849779922486718,6.250000000000022,-1.2228260869565077,3.532608695652195,4.383561643835621,11.39271100818149,-7.860102312529294,6.250000000000022,-1.2228260869565077,,,,,,,,,,,,
2026-07-29,2207,和泰車,汽車工業,True,False,wait_pullback,A,bear_break60,55,5.7,15,75.68,78.35,24.68892149118108,97.64,Q1,9.0,18.75,3.5,3.5,25.0,15.93,active,active,91.84,67.42,91.84,67.42,1.75,1.75,positive,positive,decelerating,decelerating,5,False,0,56.93000000000001,72.18,72.18,50.68000000000001,59.75000000000001,523.0,5.3537284894837445,6.165703275529855,-0.2887482688417653,5.642476758325509,-0.19120458891013214,0.5780346820809301,8.333475574660643,-8.524680163570775,9.560229445506696,-0.9560229445506718,-2.6768642447418722,-1.9267822736030782,11.39271100818149,-14.06957525292336,9.560229445506696,-3.2504780114722798,,,,,,,,,,,,
2026-07-29,1402,遠東新,紡織纖維,True,False,excluded,B1,bear_break60,56,-2.07,15,85.13,86.2,8.809938318964816,58.51,Q1,9.0,25.0,4.5,3.5,25.0,18.13,active,active,94.47,86.88,94.47,86.88,1.75,1.75,positive,positive,decelerating,decelerating,5,False,0,60.129999999999995,80.63,81.63,60.129999999999995,67.0,27.4,-0.9124087591240837,-0.3669724770642202,-0.2887482688417653,-0.6236604902823184,-1.8248175182481785,-1.2844036697247763,8.333475574660643,-10.15829309290882,0.9124087591240837,-2.1897810218978075,-2.5547445255474477,-2.0183486238532167,11.39271100818149,-13.947455533728938,0.9124087591240837,-2.9197080291970656,,,,,,,,,,,,
2026-07-29,1476,儒鴻,紡織纖維,True,False,excluded,B1,bear_break60,62,2.5,7,56.79,56.95,21.515903231245513,95.68,Q1,3.5,12.5,4.0,4.75,25.0,7.04,active,active,70.39,77.38,70.39,-77.38,1.75,3.0,positive,negative,decelerating,reversing_positive,5,False,0,44.29,52.79,52.04,31.79,49.75,338.5,3.9881831610044216,3.9881831610044216,-0.2887482688417653,4.2769314298461865,2.363367799113747,2.363367799113747,8.333475574660643,-5.970107775546896,5.6129985228951185,-1.1816838995568735,4.874446085672091,4.874446085672091,11.39271100818149,-6.518264922509399,5.908419497784334,-1.1816838995568735,,,,,,,,,,,,
2026-07-29,2395,研華,電腦週邊,True,False,excluded,B1,bear_break60,49,-0.99,6,29.14,37.22,24.984521117424386,97.91,Q4,3.5,12.5,3.0,1.5,0.0,8.64,active,active,41.84,86.43,-41.84,86.43,-3.5,5.0,negative,positive,stable,accelerating,5,False,0,16.64,26.14,27.64,29.14,20.5,553.0,-1.0849909584086825,-0.545454545454549,-0.2887482688417653,-0.7962426895669172,4.159132007233279,4.7272727272727355,8.333475574660643,-4.174343567427363,8.318264014466536,-3.2549728752260365,14.46654611211573,15.090909090909088,11.39271100818149,3.0738351039342398,14.46654611211573,-3.2549728752260365,,,,,,,,,,,,
2026-07-29,2890,永豐金,金融保險,True,False,excluded,B1,bear_break60,38,-3.38,15,60.98,62.83,9.937757867837004,61.65,Q2,9.0,25.0,4.0,5.0,5.0,12.98,active,active,46.05,83.71,46.05,83.71,0.0,5.0,positive,positive,reversing_negative,accelerating,5,False,0,35.980000000000004,56.980000000000004,55.980000000000004,55.980000000000004,48.0,39.1,-0.6393861892583175,0.6476683937823857,-0.2887482688417653,-0.3506379204165522,2.4296675191815664,3.756476683937815,8.333475574660643,-5.903808055479076,4.987212276214814,-2.813299232736577,1.1508951406649537,2.4611398963730435,11.39271100818149,-10.241815867516536,4.987212276214814,-2.813299232736577,,,,,,,,,,,,
2026-07-29,2915,潤泰全,貿易百貨,True,False,excluded,B1,bear_break60,45,-1.06,7,34.93,36.08,12.226910983183503,70.55,Q2,3.5,12.5,1.5,5.0,5.0,7.43,active,inactive,74.34,,74.34,0.0,5.0,0.0,positive,zero,accelerating,inactive,5,False,0,22.43,33.43,29.93,29.93,27.5,51.0,0.7843137254901933,0.5870841487279899,-0.2887482688417653,1.0730619943319586,2.941176470588225,2.739726027397249,8.333475574660643,-5.392299104072418,3.9215686274509887,-0.7843137254901933,1.5686274509803866,1.3698630136986134,11.39271100818149,-9.824083557201103,3.9215686274509887,-0.7843137254901933,,,,,,,,,,,,
2026-07-29,4536,拓凱,37,True,False,excluded,B1,bear_break60,63,-1.47,7,58.12,59.13,13.19590323124552,75.65,Q1,3.5,12.5,2.5,5.0,25.0,9.62,active,inactive,96.18,,96.18,0.0,5.0,0.0,positive,zero,accelerating,inactive,5,False,0,45.62,55.62,53.12,33.12,48.5,168.0,-2.083333333333337,-1.4970059880239472,-0.2887482688417653,-1.7945850644915717,-1.7857142857142905,-1.19760479041916,8.333475574660643,-10.119189860374933,0.8928571428571397,-2.083333333333337,-1.1904761904761862,-0.5988023952095856,11.39271100818149,-12.583187198657676,0.8928571428571397,-2.3809523809523836,,,,,,,,,,,,
2026-07-29,4976,佳凌,光電業,True,False,excluded,B1,bear_break60,63,4.43,0,0.5,3.5,13.729236564578862,78.27,Q3,0.0,0.0,1.5,-1.0,0.0,0.0,active,inactive,3.16,,-3.16,0.0,-1.0,0.0,negative,zero,neutral,inactive,5,False,0,0.5,0.0,1.5,0.5,0.5,38.0,-10.657894736842099,-9.946949602122013,-0.2887482688417653,-10.369146468000334,0.0,0.7957559681697646,8.333475574660643,-8.333475574660643,7.8947368421052655,-10.657894736842099,-3.9473684210526327,-3.183023872679047,11.39271100818149,-15.340079429234123,7.8947368421052655,-10.657894736842099,,,,,,,,,,,,
2026-07-30,2646,星宇航空,航運業,True,True,high_priority_watch,A,bear_break60,80,0.12,15,69.78,75.64,17.445139456611294,87.78,Q1,9.0,12.76,4.5,6.75,25.0,11.77,active,active,91.05,26.64,91.05,26.64,1.75,5.0,positive,positive,decelerating,accelerating,6,False,0,57.02,65.28,63.03,44.78,58.010000000000005,21.7,-0.23041474654378336,0.46403712296982924,3.6273130644046025,-3.857727810948386,-2.5345622119815725,-1.8561484918793614,4.2062791340621075,-6.7408413460436805,1.382488479262678,-3.4562211981566837,-2.5345622119815725,-1.8561484918793614,6.696134577951263,-9.230696789932836,1.382488479262678,-3.4562211981566837,,,,,,,,,,,,
2026-07-30,2618,長榮航,航運業,True,True,high_priority_watch,A,bear_break60,60,0.54,7,56.59,63.59,10.172348239258088,59.0,Q1,3.5,12.5,4.5,1.5,25.0,9.59,active,active,95.92,30.37,95.92,-30.37,5.0,-3.5,positive,negative,accelerating,stable,6,False,0,44.09,52.09,55.09,31.590000000000003,47.0,42.5,1.8823529411764683,3.7125748502993883,3.6273130644046025,-1.7449601232281342,3.0588235294117583,4.910179640718559,4.2062791340621075,-1.1474556046503492,3.88235294117647,-1.17647058823529,1.764705882352935,3.592814371257491,6.696134577951263,-4.931428695598328,4.823529411764693,-1.17647058823529,,,,,,,,,,,,
2026-07-30,2610,華航,航運業,True,True,high_priority_watch,A,bear_break60,86,0.81,15,77.77,79.74,11.300441214120328,62.94,Q1,9.0,18.3,5.5,3.5,25.0,16.47,active,active,88.55,76.17,88.55,76.17,1.75,1.75,positive,positive,decelerating,decelerating,6,False,0,59.47,72.27,74.27,52.769999999999996,61.3,22.0,1.8181818181818077,3.2258064516129004,3.6273130644046025,-1.8091312462227949,2.0454545454545503,3.4562211981566726,4.2062791340621075,-2.160824588607557,2.954545454545454,-0.454545454545463,0.6818181818181834,2.073732718894017,6.696134577951263,-6.014316396133079,3.86363636363638,-0.454545454545463,,,,,,,,,,,,
2026-07-30,2633,台灣高鐵,航運業,True,True,high_priority_watch,A,bear_break60,75,0.96,15,88.63,89.26,14.315125563365195,74.38,Q1,9.0,25.0,4.5,6.75,25.0,18.38,active,active,91.71,92.06,91.71,92.06,5.0,1.75,positive,positive,accelerating,decelerating,6,False,0,63.629999999999995,84.13,81.88,63.629999999999995,70.25,26.35,-1.1385199240986799,-0.9505703422053258,3.6273130644046025,-4.765832988503282,-2.2770398481973486,-2.0912547528517123,4.2062791340621075,-6.483318982259457,0.9487666034155628,-2.6565464895635826,-2.0872865275142316,-1.9011406844106515,6.696134577951263,-8.783421105465495,0.9487666034155628,-2.6565464895635826,,,,,,,,,,,,
2026-07-30,2542,興富發,建材營建,True,True,high_priority_watch,A,bear_break60,58,1.84,8,20.98,23.82,19.79239272159291,92.51,Q4,3.5,2.23,4.0,4.75,0.0,6.5,active,active,22.24,64.95,-22.24,64.95,3.0,1.75,negative,positive,reversing_positive,decelerating,6,False,0,18.75,16.98,16.23,20.98,14.48,44.2,-0.4524886877828149,-0.7891770011273946,3.6273130644046025,-4.079801752187418,-0.11312217194571206,-0.450958286358516,4.2062791340621075,-4.319401306007819,1.3574660633484115,-1.6968325791855254,-0.2262443438914019,-0.5636978579481422,6.696134577951263,-6.922378921842665,1.3574660633484115,-1.6968325791855254,,,,,,,,,,,,
2026-07-30,2615,萬海,航運業,True,True,high_priority_watch,A,bear_break60,62,2.37,14,53.04,56.51,22.860391714356798,94.74,Q2,9.0,13.81,5.0,6.75,5.0,13.48,active,active,77.76,57.01,77.76,57.01,1.75,5.0,positive,positive,decelerating,accelerating,6,False,0,39.230000000000004,48.040000000000006,46.290000000000006,48.040000000000006,39.56,85.5,-0.9356725146198785,0.35545023696681444,3.6273130644046025,-4.562985579024481,0.7017543859649145,2.014218009478652,4.2062791340621075,-3.504524748097193,1.7543859649122862,-1.520467836257311,-1.403508771929829,-0.11848341232228998,6.696134577951263,-8.099643349881092,1.7543859649122862,-1.7543859649122862,,,,,,,,,,,,
2026-07-30,2006,東和鋼鐵,鋼鐵工業,True,True,high_priority_watch,A,bear_break60,65,4.04,15,89.14,89.58,23.16998981990227,95.14,Q1,9.0,25.0,5.5,6.75,25.0,17.89,active,active,84.47,94.39,84.47,94.39,5.0,1.75,positive,positive,accelerating,decelerating,6,False,0,64.14,83.64,82.39,64.14,71.25,73.4,1.634877384196165,1.634877384196165,3.6273130644046025,-1.9924356802084375,12.397820163487738,12.397820163487738,4.2062791340621075,8.19154102942563,12.94277929155314,-0.6811989100817484,17.438692098092634,17.438692098092634,6.696134577951263,10.742557520141371,17.438692098092634,-0.6811989100817484,,,,,,,,,,,,
2026-07-30,2027,大成鋼,鋼鐵工業,True,True,high_priority_watch,A,bear_break60,61,4.42,12,52.23,53.81,20.371047363774387,93.17,Q2,9.0,19.3,3.5,5.0,5.0,10.43,active,active,15.0,89.25,15.0,89.25,0.0,5.0,positive,positive,reversing_negative,accelerating,6,False,0,32.92999999999999,48.73,47.23,47.23,41.8,43.8,-1.3698630136986134,-1.1441647597253968,3.6273130644046025,-4.997176078103216,1.0273972602739878,1.258581235697931,4.2062791340621075,-3.1788818737881197,2.2831050228310446,-3.5388127853881235,5.251141552511429,5.491990846681927,6.696134577951263,-1.4449930254398335,7.191780821917826,-3.5388127853881235,,,,,,,,,,,,
2026-07-30,2892,第一金,金融保險,True,True,high_priority_watch,A,bear_break60,65,4.95,15,67.57,70.3,21.99755338787076,94.35,Q1,9.0,13.04,4.5,6.75,25.0,9.28,active,active,18.03,74.77,18.03,74.77,5.0,1.75,positive,positive,accelerating,decelerating,6,False,0,54.529999999999994,63.06999999999999,60.81999999999999,42.56999999999999,58.28999999999999,35.55,3.3755274261603407,3.5211267605633756,3.6273130644046025,-0.2517856382442618,-0.7032348804500654,-0.5633802816901512,4.2062791340621075,-4.9095140145121725,3.797468354430378,-1.1251758087201136,-0.14064697609000865,0.0,6.696134577951263,-6.836781554041272,3.797468354430378,-1.1251758087201136,,,,,,,,,,,,
2026-07-30,5880,合庫金,金融保險,True,False,wait_pullback,A,bear_break60,55,5.06,15,79.59,81.88,23.721754013310147,95.93,Q1,9.0,16.38,5.5,6.75,25.0,16.96,active,active,97.63,71.96,97.63,71.96,5.0,1.75,positive,positive,accelerating,decelerating,6,False,0,63.21000000000001,74.09,72.84,54.59,62.63,26.8,2.9850746268656803,2.2222222222222365,3.6273130644046025,-0.6422384375389223,-0.9328358208955279,-1.6666666666666607,4.2062791340621075,-5.139114954957636,3.171641791044766,-1.4925373134328401,-2.6119402985074647,-3.3333333333333326,6.696134577951263,-9.308074876458727,3.171641791044766,-2.6119402985074647,,,,,,,,,,,,
2026-07-30,2886,兆豐金,金融保險,True,False,wait_pullback,A,bear_break60,55,6.13,15,71.39,72.83,26.66247526389055,97.77,Q1,9.0,16.81,3.5,6.75,25.0,10.33,active,active,9.87,93.46,9.87,93.46,5.0,1.75,positive,positive,accelerating,decelerating,6,False,0,54.58,67.89,64.64,46.39,61.06,51.5,3.106796116504862,3.106796116504862,3.6273130644046025,-0.5205169478997407,-1.5533980582524198,-1.5533980582524198,4.2062791340621075,-5.759677192314527,4.271844660194191,-1.9417475728155331,-2.3300970873786464,-2.3300970873786464,6.696134577951263,-9.02623166532991,4.271844660194191,-2.5242718446601864,,,,,,,,,,,,
2026-07-30,2884,玉山金,金融保險,True,False,wait_pullback,A,bear_break60,55,6.8,15,76.29,78.83,29.659508197992736,98.82,Q1,9.0,15.9,5.5,6.75,25.0,14.14,active,active,72.24,69.16,72.24,69.16,5.0,1.75,positive,positive,accelerating,decelerating,6,False,0,60.38999999999999,70.78999999999999,69.53999999999999,51.28999999999999,62.14999999999999,37.75,2.384105960264904,2.5198938992042397,3.6273130644046025,-1.2432071041396986,0.6622516556291425,0.7957559681697646,4.2062791340621075,-3.544027478432965,3.576158940397356,-0.5298013245033206,0.5298013245033095,0.6631299734747964,6.696134577951263,-6.166333253447953,3.576158940397356,-0.5298013245033206,,,,,,,,,,,,
2026-07-30,2880,華南金,金融保險,True,False,wait_pullback,A,bear_break60,55,8.32,9,27.47,34.71,31.282376604442764,99.08,Q3,3.5,12.5,3.5,-1.75,0.0,9.72,active,active,64.34,97.2,-64.34,97.2,-3.5,1.75,negative,positive,stable,decelerating,6,False,0,14.969999999999999,23.97,29.22,27.47,17.75,42.2,3.5545023696682554,2.4618991793669442,3.6273130644046025,-0.07281069473634716,2.4881516587677677,1.4067995310668158,4.2062791340621075,-1.7181274752943398,6.99052132701421,-0.4739336492891044,4.383886255924163,3.282532239155911,6.696134577951263,-2.3122483220270995,6.99052132701421,-0.4739336492891044,,,,,,,,,,,,
2026-07-30,2207,和泰車,汽車工業,True,False,wait_pullback,A,bear_break60,55,8.46,15,75.04,77.3,33.56446620041126,99.47,Q1,9.0,16.76,4.5,3.5,25.0,16.28,active,active,90.39,72.43,90.39,72.43,1.75,1.75,positive,positive,decelerating,decelerating,6,False,0,58.28,70.54,71.54,50.040000000000006,58.760000000000005,547.0,2.010968921389389,1.2704174228675091,3.6273130644046025,-1.6163441430152137,-5.484460694698356,-6.17059891107078,4.2062791340621075,-9.690739828760464,4.753199268738584,-7.4954296160877565,-5.667276051188297,-6.352087114337568,6.696134577951263,-12.36341062913956,4.753199268738584,-8.226691042047529,,,,,,,,,,,,
2026-07-30,1101,台泥,水泥工業,True,False,excluded,B1,bear_break60,55,1.37,15,67.49,73.89,19.635059935801625,92.12,Q1,9.0,12.69,4.5,6.75,25.0,9.55,active,active,75.92,19.63,75.92,19.63,1.75,5.0,positive,positive,decelerating,accelerating,6,False,0,54.8,62.989999999999995,60.739999999999995,42.489999999999995,57.94,24.35,-0.2053388090349051,1.039501039501034,3.6273130644046025,-3.8326518734395076,-3.285420944558526,-2.079002079002079,4.2062791340621075,-7.491700078620633,1.848049281314168,-3.696098562628347,0.0,1.2474012474012586,6.696134577951263,-6.696134577951263,1.848049281314168,-3.696098562628347,,,,,,,,,,,,
2026-07-30,1402,遠東新,紡織纖維,True,False,excluded,B1,bear_break60,56,-2.43,15,66.11,66.83,11.006238304214577,61.76,Q2,9.0,25.0,5.5,3.5,5.0,18.11,active,active,90.0,91.12,90.0,91.12,1.75,1.75,positive,positive,decelerating,decelerating,6,False,0,41.11,60.61,62.61,61.11,48.0,27.4,-0.9124087591240837,0.0,3.6273130644046025,-4.539721823528686,-0.9124087591240837,0.0,4.2062791340621075,-5.118687893186191,0.9124087591240837,-2.5547445255474477,-1.4598540145985384,-0.5524861878453025,6.696134577951263,-8.1559885925498,0.9124087591240837,-2.9197080291970656,,,,,,,,,,,,
2026-07-30,1904,正隆,造紙工業,True,False,excluded,B1,bear_break60,46,-6.39,15,51.12,55.0,16.744483692822634,84.76,Q2,9.0,13.42,5.0,6.75,5.0,11.95,active,active,67.63,51.87,67.63,51.87,1.75,5.0,positive,positive,decelerating,accelerating,6,False,0,37.7,46.120000000000005,44.370000000000005,46.120000000000005,39.17,21.25,-1.4117647058823568,-1.4117647058823568,3.6273130644046025,-5.039077770286959,0.47058823529413374,0.47058823529413374,4.2062791340621075,-3.7356908987679738,2.35294117647058,-3.0588235294117583,4.941176470588249,4.941176470588249,6.696134577951263,-1.7549581073630138,5.647058823529405,-3.0588235294117583,,,,,,,,,,,,
2026-07-30,1909,榮成,造紙工業,True,False,excluded,B1,bear_break60,46,-2.52,7,32.58,33.68,20.085516525688497,92.77,Q2,3.5,12.5,2.0,5.0,5.0,4.58,active,inactive,45.79,,45.79,0.0,5.0,0.0,positive,zero,accelerating,inactive,6,False,0,20.08,30.58,27.58,27.58,28.0,10.0,-1.5000000000000013,-1.9900497512437942,3.6273130644046025,-5.127313064404603,1.0000000000000009,0.4975124378109319,4.2062791340621075,-3.2062791340621066,2.499999999999991,-2.500000000000002,0.5000000000000115,0.0,6.696134577951263,-6.196134577951251,2.499999999999991,-2.500000000000002,,,,,,,,,,,,
2026-07-30,2412,中華電,通信網路,True,False,excluded,B1,bear_break60,70,2.37,15,68.56,72.68,14.363128763578537,74.51,Q1,9.0,13.32,5.0,1.75,25.0,14.49,active,active,96.32,48.6,96.32,48.6,1.75,0.0,positive,positive,decelerating,reversing_negative,6,False,0,55.24,63.56,66.81,43.56,54.07,140.5,-0.7117437722419906,-0.7117437722419906,3.6273130644046025,-4.339056836646593,-2.8469750889679735,-2.8469750889679735,4.2062791340621075,-7.0532542230300805,0.0,-3.2028469750889688,-2.491103202846978,-2.491103202846978,6.696134577951263,-9.187237780798242,0.0,-3.2028469750889688,,,,,,,,,,,,
2026-07-30,2885,元大金,金融保險,True,False,excluded,B1,bear_break60,28,-4.54,9,36.28,38.66,10.675903150557875,60.45,Q2,3.5,12.5,5.0,0.75,5.0,9.53,active,active,32.5,95.33,-32.5,95.33,-1.0,1.75,negative,positive,neutral,decelerating,6,False,0,23.78,31.28,35.53,31.28,26.75,64.4,5.745341614906807,7.923930269413626,3.6273130644046025,2.1180285505022045,7.14285714285714,9.350237717908083,4.2062791340621075,2.936578008795032,9.937888198757761,-0.15527950310559868,4.192546583850909,6.339144215530901,6.696134577951263,-2.5035879941003536,9.937888198757761,-0.15527950310559868,,,,,,,,,,,,
2026-07-30,2890,永豐金,金融保險,True,False,excluded,B1,bear_break60,48,-2.75,15,82.68,84.01,12.194842544497275,65.31,Q1,9.0,22.64,5.0,6.75,25.0,14.29,active,active,58.82,84.11,58.82,84.11,5.0,1.75,positive,positive,accelerating,decelerating,6,False,0,60.040000000000006,77.68,75.93,57.68000000000001,68.39000000000001,39.1,3.8363171355498826,4.504504504504503,3.6273130644046025,0.20900407114528008,1.278772378516635,1.9305019305019266,4.2062791340621075,-2.9275067555454726,4.987212276214814,-0.2557544757033292,-1.0230179028132946,-0.38610038610038533,6.696134577951263,-7.719152480764557,4.987212276214814,-1.0230179028132946,,,,,,,,,,,,
2026-07-30,2915,潤泰全,貿易百貨,True,False,excluded,B1,bear_break60,63,-0.48,7,36.64,37.65,14.489571751460506,75.3,Q2,3.5,12.5,2.0,5.0,5.0,8.64,active,inactive,86.45,,86.45,0.0,5.0,0.0,positive,zero,accelerating,inactive,6,False,0,24.14,34.64,31.64,31.64,28.0,51.9,0.5780346820809301,1.5564202334630517,3.6273130644046025,-3.0492783823236724,-0.19267822736031004,0.7782101167315147,4.2062791340621075,-4.3989573614224176,2.1194605009633882,-0.770712909441229,-1.348747591522148,-0.38910505836574627,6.696134577951263,-8.04488216947341,2.1194605009633882,-1.541425818882458,,,,,,,,,,,,
2026-07-30,3045,台灣大,通信網路,True,False,excluded,B1,bear_break60,74,0.88,15,80.37,82.56,11.680012036022692,63.99,Q1,9.0,17.06,5.5,6.75,25.0,17.06,active,active,97.24,73.36,97.24,73.36,5.0,1.75,positive,positive,accelerating,decelerating,6,False,0,63.31,74.87,73.62,55.370000000000005,63.31,113.5,-0.8810572687224627,-1.3157894736842146,3.6273130644046025,-4.508370333127065,-2.2026431718061623,-2.631578947368418,4.2062791340621075,-6.40892230586827,0.8810572687224738,-3.083700440528636,-2.643171806167399,-3.0701754385964897,6.696134577951263,-9.339306384118661,0.8810572687224738,-3.083700440528636,,,,,,,,,,,,
2026-07-30,4904,遠傳,通信網路,True,False,excluded,B1,bear_break60,60,5.34,7,53.42,60.42,17.002209694255733,85.94,Q1,3.5,12.5,4.5,-1.75,25.0,9.67,active,active,96.71,75.7,96.71,-75.7,1.75,-3.5,positive,negative,decelerating,stable,6,False,0,40.92,48.92,55.17,28.42,43.75,105.5,-0.4739336492891044,-0.4739336492891044,3.6273130644046025,-4.1012467136937065,-4.265402843601896,-4.265402843601896,4.2062791340621075,-8.471681977664003,0.4739336492890933,-5.308056872037914,-3.3175355450236976,-3.3175355450236976,6.696134577951263,-10.013670122974961,0.4739336492890933,-5.308056872037914,,,,,,,,,,,,
2026-07-30,6214,精誠,資訊服務,True,False,excluded,B1,bear_break60,62,3.24,15,67.42,74.05,24.61182727732171,97.11,Q1,9.0,12.67,2.5,10.0,25.0,8.25,active,active,65.66,16.82,65.66,16.82,5.0,5.0,positive,positive,accelerating,accelerating,6,False,0,54.75,64.92,57.42,42.42,59.17,148.0,4.054054054054057,7.317073170731714,3.6273130644046025,0.4267409896494545,1.3513513513513598,4.529616724738683,4.2062791340621075,-2.8549277827107478,4.391891891891886,-3.0405405405405372,-1.6891891891891886,1.3937282229965264,6.696134577951263,-8.385323767140452,4.391891891891886,-5.405405405405405,,,,,,,,,,,,
2026-07-31,3362,先進光,光電業,True,True,high_priority_watch,A,bear_break60,67,0.44,5,18.49,19.63,-0.5129491025157247,46.48,Q2,3.5,3.06,1.5,5.0,5.0,0.43,active,inactive,4.31,,4.31,0.0,5.0,0.0,positive,zero,accelerating,inactive,7,False,0,15.430000000000001,16.990000000000002,13.490000000000002,13.490000000000002,18.060000000000002,172.0,4.651162790697683,4.651162790697683,1.4165084276649642,3.2346543630327185,1.4534883720930258,1.4534883720930258,4.2804152162185805,-2.8269268441255546,14.244186046511631,-3.1976744186046457,0.8720930232558155,0.8720930232558155,3.3788546673839903,-2.506761644128175,14.244186046511631,-3.1976744186046457,,,,,,,,,,,,
2026-07-31,2542,興富發,建材營建,True,True,high_priority_watch,A,bear_break60,86,0.57,15,46.56,49.59,9.841884617515216,83.68,Q2,9.0,14.61,5.0,3.5,5.0,9.45,active,active,31.98,62.56,31.98,62.56,1.75,1.75,positive,positive,decelerating,decelerating,7,False,0,31.950000000000003,41.56,43.06,41.56,37.11,44.0,-0.3409090909090917,-0.3409090909090917,1.4165084276649642,-1.757417518574056,0.1136363636363491,0.1136363636363491,4.2804152162185805,-4.166778852582231,0.6818181818181834,-1.2499999999999956,0.6818181818181834,0.6818181818181834,3.3788546673839903,-2.697036485565807,1.3636363636363669,-1.2499999999999956,,,,,,,,,,,,
2026-07-31,2615,萬海,航運業,True,True,high_priority_watch,A,bear_break60,72,2.73,15,48.37,52.13,15.104794877205428,92.82,Q2,9.0,13.71,6.0,3.5,5.0,11.16,active,active,59.53,52.05,59.53,52.05,1.75,1.75,positive,positive,decelerating,decelerating,7,False,0,34.660000000000004,42.370000000000005,44.870000000000005,43.370000000000005,37.21000000000001,84.7,1.6528925619834656,1.6528925619834656,1.4165084276649642,0.23638413431850136,0.8264462809917328,0.8264462809917328,4.2804152162185805,-3.4539689352268477,2.4793388429751984,-0.5903187721369552,0.23612750885477762,0.23612750885477762,3.3788546673839903,-3.1427271585292127,2.4793388429751984,-1.0625737898465215,,,,,,,,,,,,
2026-07-31,2027,大成鋼,鋼鐵工業,True,True,high_priority_watch,A,bear_break60,64,3.23,12,41.71,42.71,14.026780294778252,92.43,Q2,9.0,13.36,3.5,1.75,5.0,9.1,active,active,1.04,89.95,1.04,89.95,0.0,1.75,positive,positive,reversing_negative,decelerating,7,False,0,28.35,38.21,39.96,36.71,32.61,43.2,2.893518518518512,2.893518518518512,1.4165084276649642,1.4770100908535477,2.662037037037024,2.662037037037024,4.2804152162185805,-1.6183781791815566,3.703703703703698,-2.199074074074081,7.870370370370372,7.870370370370372,3.3788546673839903,4.491515702986382,8.680555555555557,-2.199074074074081,,,,,,,,,,,,
2026-07-31,2610,華航,航運業,True,True,high_priority_watch,A,bear_break60,75,4.07,15,81.18,83.18,5.784352137455084,63.84,Q1,9.0,17.29,6.5,6.75,25.0,16.64,active,active,91.51,74.89,91.51,74.89,5.0,1.75,positive,positive,accelerating,decelerating,7,False,0,63.88999999999999,74.67999999999999,74.42999999999999,56.17999999999999,64.53999999999999,22.25,0.8988764044943753,0.22321428571427937,1.4165084276649642,-0.5176320231705889,1.573033707865168,0.8928571428571619,4.2804152162185805,-2.7073815083534125,2.696629213483148,-1.573033707865179,1.1235955056179803,0.44642857142858094,3.3788546673839903,-2.25525916176601,2.696629213483148,-1.573033707865179,,,,,,,,,,,,
2026-07-31,2882,國泰金,金融保險,True,False,wait_pullback,A,bear_break60,71,4.1,15,83.58,83.98,16.30986729677125,93.99,Q1,9.0,25.0,5.5,6.75,25.0,12.33,active,active,27.42,95.89,27.42,95.89,5.0,1.75,positive,positive,accelerating,decelerating,7,False,0,58.58,78.08,76.83,58.58,71.25,100.5,0.0,-0.9852216748768461,1.4165084276649642,-1.4165084276649642,0.0,-0.9852216748768461,4.2804152162185805,-4.2804152162185805,1.4925373134328401,-2.7860696517412853,-1.0945273631840724,-2.0689655172413723,3.3788546673839903,-4.473382030568063,1.4925373134328401,-2.985074626865669,,,,,,,,,,,,
2026-07-31,2881,富邦金,金融保險,True,True,high_priority_watch,A,bear_break60,57,4.21,15,87.12,87.62,16.540328442812026,94.52,Q1,9.0,25.0,6.0,10.0,25.0,12.12,active,active,26.63,94.52,26.63,94.52,5.0,5.0,positive,positive,accelerating,accelerating,7,False,0,62.120000000000005,81.12,77.12,62.120000000000005,75.0,129.0,0.3875968992248069,-0.38461538461538325,1.4165084276649642,-1.0289115284401573,0.3875968992248069,-0.38461538461538325,4.2804152162185805,-3.8928183169937736,2.7131782945736482,-1.9379844961240345,-1.5503875968992276,-2.3076923076923106,3.3788546673839903,-4.929242264283218,2.7131782945736482,-3.100775193798455,,,,,,,,,,,,
2026-07-31,2006,東和鋼鐵,鋼鐵工業,True,True,high_priority_watch,A,bear_break60,65,4.63,15,78.63,80.23,15.869659593136431,93.6,Q1,9.0,19.1,6.5,3.5,25.0,15.53,active,active,74.93,80.37,74.93,80.37,1.75,1.75,positive,positive,decelerating,decelerating,7,False,0,59.529999999999994,72.13,75.13,53.629999999999995,63.099999999999994,74.6,7.774798927613946,7.774798927613946,1.4165084276649642,6.358290499948982,5.0938337801608835,5.0938337801608835,4.2804152162185805,0.813418563942303,11.126005361930314,-0.6702412868632712,18.63270777479893,18.63270777479893,3.3788546673839903,15.25385310741494,18.63270777479893,-0.6702412868632712,,,,,,,,,,,,
2026-07-31,5880,合庫金,金融保險,True,False,wait_pullback,A,bear_break60,55,6.05,15,83.99,86.26,20.177342818733436,96.74,Q1,9.0,16.52,6.5,10.0,25.0,16.97,active,active,98.04,71.69,98.04,71.69,5.0,5.0,positive,positive,accelerating,accelerating,7,False,0,67.47,77.49,73.99,58.989999999999995,67.02,27.0,-0.37037037037037646,-2.5362318840579823,1.4165084276649642,-1.7868787980353407,-1.4814814814814725,-3.6231884057971064,4.2804152162185805,-5.7618966977000525,1.4814814814814836,-2.2222222222222254,-2.9629629629629672,-5.072463768115954,3.3788546673839903,-6.341817630346958,1.4814814814814836,-3.518518518518521,,,,,,,,,,,,
2026-07-31,2884,玉山金,金融保險,True,False,wait_pullback,A,bear_break60,48,6.33,15,81.76,84.0,22.442144863854196,97.91,Q1,9.0,16.62,6.5,10.0,25.0,14.64,active,active,74.28,72.15,74.28,72.15,5.0,5.0,positive,positive,accelerating,accelerating,7,False,0,65.14,75.26,71.76,56.760000000000005,67.12,38.65,-0.5174644243208126,-0.5174644243208126,1.4165084276649642,-1.9339728519857768,-1.4230271668822736,-1.4230271668822736,4.2804152162185805,-5.703442383100854,0.6468305304010435,-2.7166882276843385,-1.2936610608020649,-1.2936610608020649,3.3788546673839903,-4.672515728186055,0.6468305304010435,-2.7166882276843385,,,,,,,,,,,,
2026-07-31,2540,愛山林,建材營建,True,False,wait_pullback,A,bear_break60,55,6.55,7,53.53,54.53,21.55968771340467,97.26,Q1,3.5,12.5,3.0,1.75,25.0,7.78,active,inactive,77.81,,77.81,0.0,1.75,0.0,positive,zero,decelerating,inactive,7,False,0,41.03,50.53,51.78,28.53,45.75,60.9,-1.4778325123152691,-1.6393442622950838,1.4165084276649642,-2.8943409399802333,-5.090311986863716,-5.245901639344264,4.2804152162185805,-9.370727203082296,0.0,-9.688013136288998,-9.852216748768472,-9.999999999999998,3.3788546673839903,-13.231071416152462,0.0,-11.165845648604266,,,,,,,,,,,,
2026-07-31,2892,第一金,金融保險,True,False,wait_pullback,A,bear_break60,55,6.68,15,74.58,76.54,22.23969887256215,97.78,Q1,9.0,17.6,5.5,6.75,25.0,10.73,active,active,31.07,76.26,31.07,76.26,5.0,1.75,positive,positive,accelerating,decelerating,7,False,0,56.98,69.08,67.83,49.58,63.849999999999994,36.3,-0.9641873278236734,-2.176870748299309,1.4165084276649642,-2.3806957554886377,-1.1019283746556474,-2.3129251700680364,4.2804152162185805,-5.382343590874228,0.4132231404958775,-3.1680440771349794,-2.066115702479343,-3.2653061224489854,3.3788546673839903,-5.444970369863333,0.4132231404958775,-3.1680440771349794,,,,,,,,,,,,
2026-07-31,2867,三商壽,金融保險,True,False,wait_pullback,A,bear_break60,55,6.74,7,58.56,59.56,24.22430579944507,98.56,Q1,3.5,12.5,3.5,5.0,25.0,9.06,active,inactive,90.6,,90.6,0.0,5.0,0.0,positive,zero,accelerating,inactive,7,False,0,46.06,55.06,53.56,33.56,49.5,10.0,-1.8000000000000016,-0.8080808080808133,1.4165084276649642,-3.216508427664966,-2.300000000000002,-1.3131313131313216,4.2804152162185805,-6.580415216218583,0.0,-3.499999999999992,-1.8999999999999906,-0.9090909090909038,3.3788546673839903,-5.278854667383981,0.0,-3.499999999999992,,,,,,,,,,,,
2026-07-31,2886,兆豐金,金融保險,True,False,wait_pullback,A,bear_break60,55,7.22,15,81.91,82.46,23.188500172846602,98.04,Q1,9.0,24.98,4.5,6.75,25.0,11.68,active,active,22.72,94.06,22.72,94.06,5.0,1.75,positive,positive,accelerating,decelerating,7,False,0,56.92999999999999,77.41,75.16,56.91,70.22999999999999,52.3,-1.338432122370925,-2.824858757062143,1.4165084276649642,-2.7549405500358892,-2.1032504780114647,-3.5781544256120457,4.2804152162185805,-6.383665694230045,1.147227533460815,-4.015296367112797,-2.6768642447418722,-4.143126177024492,3.3788546673839903,-6.0557189121258626,1.147227533460815,-4.015296367112797,,,,,,,,,,,,
2026-07-31,2880,華南金,金融保險,True,False,wait_pullback,A,bear_break60,55,7.57,9,56.32,63.49,27.152624667976085,99.22,Q1,3.5,12.5,4.0,1.5,25.0,9.82,active,active,38.12,98.17,-38.12,98.17,-3.5,5.0,negative,positive,stable,accelerating,7,False,0,43.82,52.32,54.82,31.32,46.5,42.95,0.2328288707799553,-1.4874141876430325,1.4165084276649642,-1.183679556885009,1.9790454016297865,0.22883295194506825,4.2804152162185805,-2.301369814588794,3.3760186263096514,-2.211874272409786,3.3760186263096514,1.6018306636155444,3.3788546673839903,-0.0028360410743388798,3.8416763678696064,-2.211874272409786,,,,,,,,,,,,
2026-07-31,3441,聯一光,光電業,True,True,high_priority_watch,A,bear_break60,45,10.02,5,39.63,40.75,12.753717564150946,90.6,Q1,3.5,3.58,2.0,5.0,25.0,0.55,active,inactive,5.48,,5.48,0.0,5.0,0.0,positive,zero,accelerating,inactive,7,False,0,36.05,37.629999999999995,34.629999999999995,14.629999999999995,39.08,87.0,6.20689655172415,10.000000000000009,1.4165084276649642,4.790388124059186,-1.8390804597701038,1.666666666666683,4.2804152162185805,-6.119495675988684,10.114942528735638,-4.252873563218396,-2.9885057471264354,0.4761904761904745,3.3788546673839903,-6.367360414510426,10.114942528735638,-6.5517241379310365,,,,,,,,,,,,
2026-07-31,1101,台泥,水泥工業,True,False,excluded,B1,bear_break60,70,2.42,15,71.85,77.97,12.948522758956138,91.12,Q1,9.0,12.74,5.5,10.0,25.0,9.61,active,active,74.15,21.92,74.15,21.92,5.0,5.0,positive,positive,accelerating,accelerating,7,False,0,59.10999999999999,66.35,61.849999999999994,46.849999999999994,62.239999999999995,24.25,-1.855670103092777,-2.0576131687242816,1.4165084276649642,-3.272178530757741,-0.8247422680412342,-1.0288065843621408,4.2804152162185805,-5.105157484259815,0.0,-3.298969072164948,0.4123711340206171,0.2057613168724215,3.3788546673839903,-2.9664835333633732,2.0618556701030855,-3.298969072164948,,,,,,,,,,,,
2026-07-31,1303,南亞,塑膠工業,True,False,excluded,B1,bear_break60,46,-12.72,5,32.06,32.09,-11.281815430772914,27.94,Q2,3.5,12.5,4.0,3.0,5.0,4.06,active,active,40.6,90.41,40.6,-90.41,0.0,3.0,positive,negative,reversing_negative,reversing_positive,7,False,0,19.560000000000002,28.060000000000002,29.060000000000002,27.060000000000002,28.000000000000004,166.0,-0.6024096385542133,3.4482758620689724,1.4165084276649642,-2.0189180662191775,6.626506024096379,10.971786833855802,4.2804152162185805,2.3460908078777987,10.843373493975905,-2.409638554216864,13.25301204819278,17.868338557993724,3.3788546673839903,9.87415738080879,16.26506024096386,-2.409638554216864,,,,,,,,,,,,
2026-07-31,1402,遠東新,紡織纖維,True,False,excluded,B1,bear_break60,48,-2.43,15,64.39,65.85,3.352309113446716,56.01,Q2,9.0,20.11,6.5,6.75,5.0,17.03,active,active,88.12,82.19,88.12,82.19,5.0,1.75,positive,positive,accelerating,decelerating,7,False,0,44.28,57.89,57.64,59.39,47.36,27.0,-0.37037037037037646,-0.9208103130755041,1.4165084276649642,-1.7868787980353407,-1.1111111111111183,-1.6574585635359074,4.2804152162185805,-5.391526327329698,0.92592592592593,-1.4814814814814725,1.85185185185186,1.2891344383057168,3.3788546673839903,-1.5270028155321302,2.2222222222222365,-1.4814814814814725,,,,,,,,,,,,
2026-07-31,2059,川湖,電子零組件,True,False,excluded,B1,bear_break60,43,-0.25,9,56.73,63.96,7.373006904252465,71.8,Q1,3.5,12.5,4.5,1.5,25.0,9.73,active,active,29.24,97.26,-29.24,97.26,-3.5,5.0,negative,positive,stable,accelerating,7,False,0,44.230000000000004,52.230000000000004,55.230000000000004,31.730000000000004,47.0,8380.0,3.0429594272076477,10.000000000000009,1.4165084276649642,1.6264509995426835,13.007159904534603,20.636942675159233,4.2804152162185805,8.726744688316023,14.260143198090702,-2.5656324582338907,32.57756563245824,41.528662420382155,3.3788546673839903,29.19871096507425,32.57756563245824,-2.5656324582338907,,,,,,,,,,,,
2026-07-31,2101,南港,橡膠工業,True,False,excluded,B1,bear_break60,51,-0.67,7,56.83,57.83,10.694894034739189,86.42,Q1,3.5,12.5,2.5,5.0,25.0,8.33,active,inactive,83.29,,83.29,0.0,5.0,0.0,positive,zero,accelerating,inactive,7,False,0,44.33,54.33,51.83,31.83,48.5,33.25,0.3007518796992459,0.3007518796992459,1.4165084276649642,-1.1157565479657183,3.609022556390995,3.609022556390995,4.2804152162185805,-0.6713926598275854,3.759398496240607,-1.8045112781954975,6.766917293233088,6.766917293233088,3.3788546673839903,3.3880626258490976,9.022556390977442,-1.8045112781954975,,,,,,,,,,,,
2026-07-31,2357,華碩,電腦週邊,True,False,excluded,B1,bear_break60,49,10.43,15,85.13,86.17,29.192997923971042,99.48,Q1,9.0,24.42,5.0,6.75,25.0,14.96,active,active,62.4,87.21,62.4,87.21,5.0,1.75,positive,positive,accelerating,decelerating,7,False,0,60.709999999999994,80.13,78.38,60.129999999999995,70.16999999999999,790.0,1.13924050632912,-1.3580246913580285,1.4165084276649642,-0.2772679213358442,6.075949367088618,3.4567901234567877,4.2804152162185805,1.7955341508700373,8.734177215189876,-1.139240506329109,3.417721518987338,0.8641975308641969,3.3788546673839903,0.03886685160334746,8.734177215189876,-1.139240506329109,,,,,,,,,,,,
2026-07-31,2377,微星,電腦週邊,True,False,excluded,B1,bear_break60,41,-1.9,12,37.33,41.92,7.054416864850243,69.84,Q2,9.0,6.8,4.5,6.75,5.0,5.28,active,active,10.31,42.47,10.31,42.47,5.0,1.75,positive,positive,accelerating,decelerating,7,False,0,30.529999999999998,32.83,30.58,32.33,32.05,140.5,1.7793594306049876,0.7042253521126751,1.4165084276649642,0.36285100294002337,7.4733096085409345,6.338028169014076,4.2804152162185805,3.192894392322354,9.964412811387891,-0.7117437722419906,8.896797153024917,7.746478873239426,3.3788546673839903,5.517942485640926,12.455516014234869,-0.7117437722419906,,,,,,,,,,,,
2026-07-31,2527,宏璟,建材營建,True,False,excluded,B1,bear_break60,34,-3.36,15,33.94,40.72,16.41225414951678,94.26,Q2,9.0,5.6,2.0,10.0,5.0,2.34,active,active,9.27,14.16,9.27,14.16,5.0,5.0,positive,positive,accelerating,accelerating,7,False,0,28.339999999999996,31.939999999999998,23.939999999999998,28.939999999999998,31.599999999999998,43.9,2.6195899772209597,1.122334455667784,1.4165084276649642,1.2030815495559954,-2.6195899772209486,-4.040404040404033,4.2804152162185805,-6.9000051934395294,3.6446469248291535,-4.32801822323462,7.289293849658329,5.723905723905731,3.3788546673839903,3.910439182274339,11.503416856492032,-4.32801822323462,,,,,,,,,,,,
2026-07-31,2891,中信金,金融保險,True,False,excluded,B1,bear_break60,56,-2.33,15,83.43,84.04,0.6006417415472249,48.3,Q1,9.0,25.0,5.0,6.75,25.0,12.68,active,active,33.68,93.15,33.68,93.15,5.0,1.75,positive,positive,accelerating,decelerating,7,False,0,58.43000000000001,78.43,76.68,58.43000000000001,70.75,64.0,1.2499999999999956,-0.1540832049306773,1.4165084276649642,-0.16650842766496865,3.125,1.6949152542372836,4.2804152162185805,-1.1554152162185805,4.218750000000004,-0.31250000000000444,2.499999999999991,1.0785824345146189,3.3788546673839903,-0.8788546673839992,4.218750000000004,-0.31250000000000444,,,,,,,,,,,,
2026-07-31,3231,緯創,電腦週邊,True,False,excluded,B1,bear_break60,45,8.98,15,58.53,60.34,18.794727027873336,95.82,Q2,9.0,17.93,6.5,10.0,5.0,10.1,active,active,22.45,78.54,22.45,78.54,5.0,5.0,positive,positive,accelerating,accelerating,7,False,0,40.6,52.03,48.53,53.53,48.43,172.5,7.826086956521738,5.681818181818188,1.4165084276649642,6.409578528856774,11.884057971014483,9.659090909090917,4.2804152162185805,7.603642754795903,17.391304347826097,-1.7391304347826098,6.376811594202891,4.2613636363636465,3.3788546673839903,2.997956926818901,17.391304347826097,-1.7391304347826098,,,,,,,,,,,,
2026-07-31,4536,拓凱,37,True,False,excluded,B1,bear_break60,46,-2.36,14,52.73,56.77,6.855513971336569,68.54,Q2,9.0,13.44,4.0,6.75,5.0,14.54,active,active,97.0,48.4,97.0,48.4,1.75,5.0,positive,positive,decelerating,accelerating,7,False,0,39.29,48.73,45.98,47.73,38.19,166.5,-0.9009009009009028,-0.30211480362537513,1.4165084276649642,-2.317409328565867,-0.30030030030030463,0.30211480362538623,4.2804152162185805,-4.580715516518885,0.0,-1.501501501501501,2.1021021021021102,2.7190332326284095,3.3788546673839903,-1.27675256528188,3.003003003003002,-1.501501501501501,,,,,,,,,,,,
2026-07-31,4976,佳凌,光電業,True,False,excluded,B1,bear_break60,73,3.32,7,43.17,44.27,6.69270960659124,67.75,Q1,3.5,6.13,2.5,5.0,25.0,1.04,active,inactive,10.44,,10.44,0.0,5.0,0.0,positive,zero,accelerating,inactive,7,False,0,37.03999999999999,40.669999999999995,38.169999999999995,18.169999999999995,42.129999999999995,37.0,2.7027027027026973,1.8766756032171594,1.4165084276649642,1.286194275037733,-1.3513513513513487,-2.144772117962457,4.2804152162185805,-5.6317665675699295,6.486486486486487,-2.972972972972976,-2.0270270270270285,-2.815013404825728,3.3788546673839903,-5.405881694411018,6.486486486486487,-3.513513513513511,,,,,,,,,,,,
2026-07-31,5434,崇越,電子通路,True,False,excluded,B1,bear_break60,38,-6.98,15,51.69,55.5,0.17515933864262756,47.91,Q2,9.0,13.67,4.5,10.0,5.0,9.52,active,active,43.6,51.6,43.6,51.6,5.0,5.0,positive,positive,accelerating,accelerating,7,False,0,38.019999999999996,47.19,41.69,46.69,42.17,505.0,0.1980198019801982,1.200000000000001,1.4165084276649642,-1.218488625684766,1.3861386138613874,2.400000000000002,4.2804152162185805,-2.894276602357193,5.346534653465351,-1.3861386138613874,-1.1881188118811892,-0.20000000000000018,3.3788546673839903,-4.5669734792651795,5.346534653465351,-1.980198019801982,,,,,,,,,,,,
2026-08-03,2890,永豐金,金融保險,True,True,high_priority_watch,A,bear_break60,68,0.25,14,83.25,84.21,8.13720395359676,84.82,Q1,9.0,24.19,6.5,3.5,25.0,15.06,active,active,62.3,88.34,62.3,88.34,1.75,1.75,positive,positive,decelerating,decelerating,8,False,0,59.06,76.75,79.75,58.25,68.19,39.3,0.7633587786259666,-1.1235955056179692,0.6223169877073165,0.1410417909186501,-1.5267175572518887,-3.3707865168539186,3.026538938730705,-4.553256495982594,3.30788804071247,-1.5267175572518887,-1.0178117048346036,-2.871410736579272,4.261233899433425,-5.279045604268029,3.30788804071247,-2.16284987277352,,,,,,,,,,,,
2026-08-03,6277,宏正,電腦週邊,True,True,high_priority_watch,A,bear_break60,80,0.39,12,42.68,50.21,16.732253814826148,95.68,Q2,9.0,12.59,3.5,3.5,5.0,9.09,active,active,83.25,7.62,83.25,7.62,1.75,1.75,positive,positive,decelerating,decelerating,8,False,0,30.090000000000007,39.18000000000001,39.18000000000001,37.68000000000001,33.59,77.0,0.9090909090909038,0.3875968992248069,0.6223169877073165,0.28677392138358737,-2.207792207792214,-2.7131782945736593,3.026538938730705,-5.234331146522919,5.1948051948051965,-2.207792207792214,3.8961038961038863,3.3591731266149782,4.261233899433425,-0.36513000332953904,5.1948051948051965,-2.207792207792214,,,,,,,,,,,,
2026-08-03,2206,三陽工業,汽車工業,True,True,high_priority_watch,A,bear_break60,72,1.51,5,54.7,61.7,7.255591862916666,80.76,Q1,3.5,12.5,6.0,-1.75,25.0,9.45,active,active,94.5,82.06,94.5,-82.06,1.75,-3.5,positive,negative,decelerating,stable,8,False,0,42.2,48.7,56.45,29.700000000000003,45.25,62.4,-3.685897435897434,-6.093749999999998,0.6223169877073165,-4.308214423604751,-1.602564102564108,-4.062500000000002,3.026538938730705,-4.6291030412948135,1.6025641025640969,-4.166666666666674,0.48076923076922906,-2.0312499999999956,4.261233899433425,-3.7804646686641963,1.6025641025640969,-4.166666666666674,,,,,,,,,,,,
2026-08-03,1476,儒鴻,紡織纖維,True,True,high_priority_watch,A,bear_break60,76,1.99,14,61.11,68.84,14.365329111757475,93.98,Q1,9.0,12.58,6.5,1.75,25.0,6.28,active,active,57.46,5.38,57.46,5.38,1.75,0.0,positive,positive,decelerating,reversing_negative,8,False,0,48.53,54.61,59.36,36.11,54.83,342.5,3.5036496350364876,2.3088023088023046,0.6223169877073165,2.881332647329171,6.423357664233587,5.1948051948051965,3.026538938730705,3.3968187255028814,7.445255474452561,-0.29197080291970545,-1.6058394160583966,-2.741702741702745,4.261233899433425,-5.867073315491822,7.445255474452561,-1.6058394160583966,,,,,,,,,,,,
2026-08-03,2881,富邦金,金融保險,True,True,high_priority_watch,A,bear_break60,68,2.98,9,45.05,45.43,14.280385251346427,93.85,Q2,3.5,12.5,6.5,8.0,5.0,9.55,active,active,1.05,95.52,-1.05,95.52,3.0,5.0,negative,positive,reversing_positive,accelerating,8,False,0,32.55,38.55,37.05,40.05,35.5,127.0,1.1811023622047223,-0.7722007722007707,0.6223169877073165,0.5587853744974058,-0.7874015748031482,-2.7027027027026973,3.026538938730705,-3.8139405135338533,4.330708661417315,-1.5748031496062964,1.1811023622047223,-0.7722007722007707,4.261233899433425,-3.080131537228703,4.330708661417315,-1.5748031496062964,,,,,,,,,,,,
2026-08-03,2882,國泰金,金融保險,True,True,high_priority_watch,A,bear_break60,68,3.08,9,64.69,64.96,14.627386734711534,94.24,Q1,3.5,12.5,6.0,8.0,25.0,9.69,active,active,4.19,96.86,-4.19,96.86,3.0,5.0,negative,positive,reversing_positive,accelerating,8,False,0,52.19,58.69,56.69,39.69,55.0,98.6,0.6085192697768749,-1.2935323383084563,0.6223169877073165,-0.0137977179304416,-1.1156186612576002,-2.985074626865669,3.026538938730705,-4.142157599988305,3.4482758620689724,-1.1156186612576002,2.4340770791075217,0.4975124378109541,4.261233899433425,-1.8271568203259037,3.4482758620689724,-1.1156186612576002,,,,,,,,,,,,
2026-08-03,2395,研華,電腦週邊,True,True,high_priority_watch,A,bear_break60,50,3.69,6,19.3,23.0,17.81221374391475,95.94,Q4,3.5,2.28,5.0,3.0,0.0,5.52,active,active,6.81,55.16,-6.81,55.16,3.0,0.0,negative,positive,reversing_positive,reversing_negative,8,False,0,17.019999999999996,14.299999999999997,16.299999999999997,19.299999999999997,13.779999999999998,567.0,1.5873015873015817,0.0,0.6223169877073165,0.9649845995942652,9.700176366843039,7.986111111111116,3.026538938730705,6.673637428112333,18.518518518518512,-0.5291005291005346,17.636684303350968,15.798611111111116,4.261233899433425,13.375450403917544,22.57495590828924,-0.5291005291005346,,,,,,,,,,,,
2026-08-03,2880,華南金,金融保險,True,True,high_priority_watch,A,bear_break60,61,3.92,9,56.96,64.0,21.598221344988367,98.17,Q1,3.5,12.5,4.5,1.5,25.0,9.96,active,active,62.7,99.55,-62.7,99.55,-3.5,5.0,negative,positive,stable,accelerating,8,False,0,44.46,52.46,55.46,31.96,47.0,42.0,2.9761904761904656,0.4645760743321681,0.6223169877073165,2.353873488483149,4.880952380952364,2.3228803716608626,3.026538938730705,1.8544134422216585,6.190476190476191,0.0,4.761904761904767,2.2067363530778206,4.261233899433425,0.5006708624713418,6.785714285714284,0.0,,,,,,,,,,,,
2026-08-03,2610,華航,航運業,True,True,high_priority_watch,A,bear_break60,72,4.3,7,55.75,62.75,6.812132882872312,78.66,Q1,3.5,12.5,7.0,-1.75,25.0,9.5,active,active,95.03,23.77,95.03,-23.77,1.75,-3.5,positive,negative,decelerating,stable,8,False,0,43.25,48.75,57.5,30.75,46.25,22.2,1.1261261261261257,0.0,0.6223169877073165,0.5038091384188093,-0.22522522522522292,-1.3363028953229383,3.026538938730705,-3.251764163955928,2.9279279279279313,-1.3513513513513598,-7.88288288288288,-8.908685968819597,4.261233899433425,-12.144116782316306,2.9279279279279313,-8.558558558558548,,,,,,,,,,,,
2026-08-03,3362,先進光,光電業,True,True,high_priority_watch,A,bear_break60,61,5.11,0,0.0,6.0,3.512276354895272,63.22,Q3,0.0,0.0,1.5,-3.5,0.0,0.0,active,inactive,1.83,,-1.83,0.0,-3.5,0.0,negative,zero,stable,inactive,8,False,0,0.0,0.0,1.5,0.0,0.0,176.0,1.9886363636363535,-0.2777777777777768,0.6223169877073165,1.366319375929037,0.0,-2.2222222222222254,3.026538938730705,-3.026538938730705,11.64772727272727,-2.5568181818181768,1.1363636363636465,-1.1111111111111072,4.261233899433425,-3.124870263069779,11.64772727272727,-2.5568181818181768,,,,,,,,,,,,
2026-08-03,2850,新產,金融保險,True,False,wait_pullback,A,bear_break60,56,6.8,12,68.04,71.99,22.23817026012922,98.43,Q1,9.0,14.4,5.0,3.5,25.0,11.14,active,active,58.9,52.47,58.9,52.47,1.75,1.75,positive,positive,decelerating,decelerating,8,False,0,53.63999999999999,63.03999999999999,64.53999999999999,43.03999999999999,56.89999999999999,162.0,-1.851851851851849,-3.6363636363636376,0.6223169877073165,-2.4741688395591654,-3.0864197530864224,-4.848484848484846,3.026538938730705,-6.112958691817127,0.92592592592593,-5.555555555555558,-0.30864197530864335,-2.1212121212121238,4.261233899433425,-4.569875874742069,1.85185185185186,-5.555555555555558,,,,,,,,,,,,
2026-08-03,2006,東和鋼鐵,鋼鐵工業,True,False,wait_pullback,A,bear_break60,55,7.77,14,70.89,76.69,23.105735955135675,98.56,Q1,9.0,12.97,7.0,5.0,25.0,11.92,active,active,90.05,29.15,90.05,29.15,5.0,0.0,positive,positive,accelerating,reversing_negative,8,False,0,57.92,63.89,65.89,45.89,58.97,78.8,4.695431472081224,2.6119402985074647,0.6223169877073165,4.0731144843739076,9.390862944162448,7.213930348258701,3.026538938730705,6.364324005431743,9.390862944162448,-1.1421319796954155,9.010152284263961,6.840796019900508,4.261233899433425,4.748918384830536,13.197969543147225,-1.1421319796954155,,,,,,,,,,,,
2026-08-03,5490,同亨,電腦週邊,True,False,wait_pullback,A,bear_break60,45,10.11,7,52.97,54.06,23.51174949838464,98.69,Q1,3.5,12.5,3.0,5.0,25.0,3.97,active,inactive,39.66,,39.66,0.0,5.0,0.0,positive,zero,accelerating,inactive,8,False,0,40.47,49.97,47.97,27.97,49.0,34.35,-2.6200873362445365,-5.508474576271172,0.6223169877073165,-3.242404323951853,-2.911208151382827,-5.790960451977389,3.026538938730705,-5.9377470901135325,0.4366812227074135,-7.860262008733631,-8.588064046579335,-11.299435028248583,4.261233899433425,-12.849297946012761,0.4366812227074135,-11.935953420669577,,,,,,,,,,,,
2026-08-03,2101,南港,橡膠工業,True,False,excluded,B1,bear_break60,67,-0.37,5,53.23,54.23,7.105891264114284,80.24,Q1,3.5,12.5,2.5,1.75,25.0,7.98,active,inactive,79.84,,79.84,0.0,1.75,0.0,positive,zero,decelerating,inactive,8,False,0,40.730000000000004,50.730000000000004,51.480000000000004,28.230000000000004,45.25,33.0,2.1212121212121238,1.0494752623688264,0.6223169877073165,1.4988951335048073,4.8484848484848575,3.748125937031488,3.026538938730705,1.8219459097541524,4.8484848484848575,-0.9090909090909038,3.9393939393939315,2.8485757121439192,4.261233899433425,-0.3218399600394939,9.84848484848484,-0.9090909090909038,,,,,,,,,,,,
2026-08-03,2302,麗正,半導體業,True,False,excluded,B1,bear_break60,48,-10.86,15,42.35,50.03,-15.821331214006406,19.11,Q2,9.0,12.61,5.5,6.75,5.0,3.49,active,active,26.83,8.07,26.83,8.07,1.75,5.0,positive,positive,decelerating,accelerating,8,False,0,29.740000000000002,36.85,35.6,37.35,38.86,40.1,4.48877805486283,4.749999999999988,0.6223169877073165,3.8664610671555133,7.356608478802973,7.624999999999993,3.026538938730705,4.330069540072268,10.97256857855362,-0.24937655860349794,5.985037406483795,6.25,4.261233899433425,1.7238035070503699,10.97256857855362,-0.24937655860349794,,,,,,,,,,,,
2026-08-03,2357,華碩,電腦週邊,True,False,excluded,B1,bear_break60,64,8.41,12,76.41,78.51,25.625962233287037,99.35,Q1,9.0,18.64,5.5,3.5,25.0,14.77,active,active,73.3,74.44,73.3,74.44,1.75,1.75,positive,positive,decelerating,decelerating,8,False,0,57.769999999999996,70.91,72.91,51.41,61.64,781.0,3.201024327784885,0.8760951188986343,0.6223169877073165,2.5787073400775684,4.737516005121645,2.377972465581979,3.026538938730705,1.7109770663909396,9.98719590268886,0.0,4.737516005121645,2.377972465581979,4.261233899433425,0.4762821056882194,9.98719590268886,0.0,,,,,,,,,,,,
2026-08-03,2377,微星,電腦週邊,True,False,excluded,B1,bear_break60,59,-1.21,5,26.78,34.04,7.255591862916666,80.76,Q2,3.5,10.01,5.0,1.5,5.0,1.77,active,active,17.67,39.46,17.67,-39.46,5.0,-3.5,positive,negative,accelerating,stable,8,False,0,16.769999999999996,21.779999999999998,25.279999999999998,21.779999999999998,25.009999999999998,141.5,5.653710247349819,4.545454545454541,0.6223169877073165,5.031393259642503,8.833922261484094,7.692307692307687,3.026538938730705,5.807383322753389,11.660777385159005,-1.4134275618374548,9.540636042402827,8.391608391608397,4.261233899433425,5.279402142969402,11.660777385159005,-1.4134275618374548,,,,,,,,,,,,
2026-08-03,2527,宏璟,建材營建,True,False,excluded,B1,bear_break60,38,-2.28,6,10.51,18.44,16.600252057091414,95.55,Q4,3.5,0.04,2.0,4.75,0.0,0.22,active,active,4.58,2.24,-4.58,2.24,3.0,1.75,negative,positive,reversing_positive,decelerating,8,False,0,10.47,8.51,5.76,10.51,10.29,44.75,-4.916201117318442,-5.549389567147611,0.6223169877073165,-5.538518105025759,2.681564245810053,1.997780244173164,3.026538938730705,-0.3449746929206521,2.7932960893854775,-5.698324022346357,6.3687150837988815,5.660377358490565,4.261233899433425,2.107481184365456,9.385474860335208,-5.698324022346357,,,,,,,,,,,,
2026-08-03,2891,中信金,金融保險,True,False,excluded,B1,bear_break60,54,-2.48,14,65.82,66.65,-0.9597055875082647,48.56,Q2,9.0,25.0,5.5,6.0,5.0,15.32,active,active,63.48,89.69,63.48,89.69,5.0,1.0,positive,positive,accelerating,neutral,8,False,0,40.81999999999999,60.31999999999999,59.81999999999999,60.81999999999999,50.49999999999999,65.0,-0.3076923076923088,0.0,0.6223169877073165,-0.9300092953996253,-0.6153846153846287,-0.30864197530864335,3.026538938730705,-3.641923554115334,2.6153846153846194,-1.0769230769230864,2.3076923076922995,2.6234567901234573,4.261233899433425,-1.9535415917411258,2.6153846153846194,-1.0769230769230864,,,,,,,,,,,,
2026-08-03,3141,晶宏,半導體業,True,False,excluded,B1,bear_break60,59,-0.63,7,36.09,37.09,-7.496524219308243,34.82,Q2,3.5,12.5,3.0,5.0,5.0,7.09,active,inactive,70.94,,70.94,0.0,5.0,0.0,positive,zero,accelerating,inactive,8,False,0,23.590000000000003,33.09,31.090000000000003,31.090000000000003,29.000000000000004,70.4,1.9886363636363535,1.8439716312056653,0.6223169877073165,1.366319375929037,11.363636363636353,11.205673758865252,3.026538938730705,8.337097424905647,13.636363636363624,-1.8465909090909283,13.636363636363624,13.475177304964546,4.261233899433425,9.375129736930198,18.60795454545454,-1.8465909090909283,,,,,,,,,,,,
2026-08-03,3293,鈊象,文化創意,True,False,excluded,B1,bear_break60,62,3.7,7,55.03,62.03,3.993358487759824,65.58,Q1,3.5,12.5,6.0,-1.75,25.0,9.78,active,active,97.77,24.66,97.77,-24.66,1.75,-3.5,positive,negative,decelerating,stable,8,False,0,42.53,49.03,56.78,30.03,45.25,765.0,1.17647058823529,0.3891050583657574,0.6223169877073165,0.5541536005279735,2.4836601307189454,1.6861219195849486,3.026538938730705,-0.5428788080117597,2.614379084967311,0.0,3.529411764705892,2.7237354085603016,4.261233899433425,-0.7318221347275333,5.228758169934644,0.0,,,,,,,,,,,,
2026-08-03,3303,岱稜,其他電子,True,False,excluded,B1,bear_break60,56,1.44,7,51.42,52.42,3.330677187148745,62.43,Q1,3.5,12.5,2.0,1.75,25.0,6.67,active,inactive,66.75,,66.75,0.0,1.75,0.0,positive,zero,decelerating,inactive,8,False,0,38.92,49.42,49.67,26.42,44.75,56.4,-1.4184397163120477,-1.243339253996445,0.6223169877073165,-2.040756704019364,-4.07801418439716,-3.9076376554173953,3.026538938730705,-7.104553123127865,1.9503546099290725,-5.49645390070922,-0.7092198581560294,-0.5328596802841923,4.261233899433425,-4.970453757589455,1.9503546099290725,-5.49645390070922,,,,,,,,,,,,
2026-08-03,3617,碩天,其他電子,True,False,excluded,B1,bear_break60,61,-1.68,12,67.44,72.6,6.801046408371214,78.4,Q1,9.0,13.23,3.5,6.75,25.0,9.96,active,active,62.43,37.22,62.43,37.22,5.0,1.75,positive,positive,accelerating,decelerating,8,False,0,54.209999999999994,63.94,60.69,42.44,57.48,216.5,2.0785219399538146,0.9132420091324311,0.6223169877073165,1.4562049522464982,5.542725173210172,4.337899543378998,3.026538938730705,2.516186234479467,8.545034642032334,0.0,8.083140877598161,6.849315068493156,4.261233899433425,3.821906978164736,9.468822170900705,0.0,,,,,,,,,,,,
2026-08-03,4536,拓凱,37,True,False,excluded,B1,bear_break60,56,-2.65,12,48.64,53.38,2.907765775960147,60.99,Q2,9.0,13.4,4.0,3.5,5.0,13.74,active,active,95.29,42.15,95.29,42.15,1.75,1.75,positive,positive,decelerating,decelerating,8,False,0,35.24,44.64,45.14,43.64,34.9,165.0,0.60606060606061,0.60606060606061,0.6223169877073165,-0.016256381646706508,1.5151515151515138,1.5151515151515138,3.026538938730705,-1.5113874235791913,1.5151515151515138,-0.60606060606061,3.9393939393939315,3.9393939393939315,4.261233899433425,-0.3218399600394939,3.9393939393939315,-0.60606060606061,,,,,,,,,,,,
2026-08-03,4904,遠傳,通信網路,True,False,excluded,B1,bear_break60,70,3.34,7,44.54,44.54,5.8270204343452425,74.08,Q2,3.5,12.5,6.0,8.0,5.0,9.54,active,active,95.42,60.99,95.42,-60.99,5.0,3.0,positive,negative,accelerating,reversing_positive,8,False,0,32.04,38.54,36.54,39.54,35.0,102.0,-0.9803921568627416,-2.4154589371980673,0.6223169877073165,-1.602709144570058,0.0,-1.449275362318836,3.026538938730705,-3.026538938730705,0.4901960784313708,-2.0588235294117574,-0.4901960784313708,-1.9323671497584516,4.261233899433425,-4.751429977864796,1.9607843137254832,-2.0588235294117574,,,,,,,,,,,,
2026-08-03,4976,佳凌,光電業,True,False,excluded,B1,bear_break60,51,5.78,5,33.38,35.14,1.6655297511154243,56.54,Q1,3.5,0.5,2.5,1.75,25.0,0.13,active,inactive,1.31,,1.31,0.0,1.75,0.0,positive,zero,decelerating,inactive,8,False,0,32.88,30.880000000000003,31.630000000000003,8.380000000000003,33.25,37.5,-0.5333333333333412,-1.8421052631579005,0.6223169877073165,-1.1556503210406577,-0.9333333333333416,-2.2368421052631593,3.026538938730705,-3.9598722720640467,3.4666666666666623,-4.799999999999994,-3.600000000000003,-4.868421052631577,4.261233899433425,-7.8612338994334285,4.266666666666663,-4.799999999999994,,,,,,,,,,,,
2026-08-03,5434,崇越,電子通路,True,False,excluded,B1,bear_break60,56,-5.86,5,28.42,35.47,2.54749393447975,59.29,Q2,3.5,12.5,4.5,-1.75,5.0,4.67,active,active,46.73,53.81,46.73,-53.81,1.75,-3.5,positive,negative,decelerating,stable,8,False,0,15.920000000000002,23.92,30.17,23.42,23.75,508.0,0.19685039370078705,0.5928853754940677,0.6223169877073165,-0.4254665940065294,0.19685039370078705,0.5928853754940677,3.026538938730705,-2.829688545029918,4.724409448818889,-2.5590551181102317,1.1811023622047223,1.5810276679841806,4.261233899433425,-3.080131537228703,4.724409448818889,-2.5590551181102317,,,,,,,,,,,,
2026-08-03,6414,樺漢,電腦週邊,True,False,excluded,B1,bear_break60,49,-1.46,5,15.29,17.76,23.766910105260198,98.95,Q2,3.5,4.03,3.0,-1.0,5.0,0.76,active,active,7.59,0.45,7.59,-0.45,0.0,-1.0,positive,negative,reversing_negative,neutral,8,False,0,11.260000000000002,12.290000000000001,16.29,10.290000000000001,14.530000000000001,428.0,1.985981308411211,-0.22857142857143353,0.6223169877073165,1.3636643207038945,9.345794392523366,6.971428571428562,3.026538938730705,6.319255453792661,15.537383177570096,0.0,12.616822429906538,10.171428571428564,4.261233899433425,8.355588530473113,15.537383177570096,0.0,,,,,,,,,,,,
2026-08-04,2915,潤泰全,貿易百貨,True,True,high_priority_watch,A,bear_break60,78,0.29,12,64.53,72.7,5.719176230661683,79.5,Q1,9.0,12.52,3.5,5.0,25.0,9.51,active,active,94.25,0.89,94.25,0.89,0.0,5.0,positive,positive,reversing_negative,accelerating,9,False,0,52.010000000000005,61.03,59.53,39.53,55.02,52.0,-0.38461538461539435,0.0,1.830122307744153,-2.2147376923595474,-0.19230769230769162,0.19305019305020377,0.9497458653862312,-1.1420535576939228,1.3461538461538414,-1.7307692307692246,,,,,,,,,,,,,,,,,,
2026-08-04,2101,南港,橡膠工業,True,True,high_priority_watch,A,bear_break60,74,0.67,5,48.55,49.8,5.546498439596237,78.72,Q1,3.5,12.5,2.5,0.0,25.0,5.05,active,inactive,50.46,,50.46,0.0,0.0,0.0,positive,zero,reversing_negative,inactive,9,False,0,36.05,46.05,48.55,23.549999999999997,43.5,33.9,1.6224188790560534,2.2255192878338326,1.830122307744153,-0.20770342868809966,4.71976401179941,5.3412462908011715,0.9497458653862312,3.770018146413179,6.932153392330398,-1.6224188790560423,,,,,,,,,,,,,,,,,,
2026-08-04,6277,宏正,電腦週邊,True,True,high_priority_watch,A,bear_break60,80,0.78,12,40.84,48.74,16.920871622396675,96.74,Q2,9.0,12.59,4.0,1.75,5.0,8.5,active,active,80.13,4.91,80.13,4.91,0.0,1.75,positive,positive,reversing_negative,decelerating,9,False,0,28.250000000000004,36.84,39.09,35.84,32.34,78.8,-1.6497461928933976,-0.2574002574002643,1.830122307744153,-3.4798685006375507,0.5076142131979822,1.9305019305019266,0.9497458653862312,-0.442131652188249,1.522842639593902,-4.441624365482233,,,,,,,,,,,,,,,,,,
2026-08-04,2542,興富發,建材營建,True,True,high_priority_watch,A,bear_break60,76,0.91,12,59.08,64.94,4.975325509711726,75.26,Q1,9.0,13.27,5.5,0.0,25.0,6.31,active,active,25.62,37.5,25.62,37.5,0.0,0.0,positive,positive,reversing_negative,reversing_negative,9,False,0,45.81,53.58,59.08,34.08,52.769999999999996,44.05,0.0,-0.22650056625141968,1.830122307744153,-1.830122307744153,0.567536889897835,0.3397508493771184,0.9497458653862312,-0.38220897548839616,1.2485811577752637,-0.5675368898978461,,,,,,,,,,,,,,,,,,
2026-08-04,5880,合庫金,金融保險,True,True,high_priority_watch,A,bear_break60,71,1.24,15,82.05,83.94,13.705260676266619,94.91,Q1,9.0,21.5,7.5,1.75,25.0,17.3,active,active,95.29,77.68,95.29,77.68,0.0,1.75,positive,positive,reversing_negative,decelerating,9,False,0,60.55,74.55,80.3,57.05,64.75,26.7,-0.3745318352059823,0.18832391713747842,1.830122307744153,-2.2046541429501354,-1.8726591760299671,-1.3182674199623379,0.9497458653862312,-2.8224050414161983,0.3745318352059934,-2.434456928838946,,,,,,,,,,,,,,,,,,
2026-08-04,2882,國泰金,金融保險,True,True,high_priority_watch,A,bear_break60,76,1.74,15,83.47,84.12,13.074064505667005,94.39,Q1,9.0,25.0,6.5,5.0,25.0,12.97,active,active,31.5,98.21,31.5,98.21,0.0,5.0,positive,positive,reversing_negative,accelerating,9,False,0,58.47,76.97,78.47,58.47,70.5,100.5,0.0,1.310483870967749,1.830122307744153,-1.830122307744153,-1.0945273631840724,0.20161290322580072,0.9497458653862312,-2.0442732285703036,1.4925373134328401,-2.985074626865669,,,,,,,,,,,,,,,,,,
2026-08-04,3005,神基,電腦週邊,True,True,high_priority_watch,A,bear_break60,78,1.79,5,53.22,60.24,10.50057803496426,91.64,Q1,3.5,12.5,5.5,-1.75,25.0,8.47,active,active,84.71,62.5,84.71,-62.5,1.75,-3.5,positive,negative,decelerating,stable,9,False,0,40.72,47.72,54.97,28.22,44.75,115.0,0.0,0.8771929824561431,1.830122307744153,-1.830122307744153,0.0,0.8771929824561431,0.9497458653862312,-0.9497458653862312,1.7391304347825987,-1.30434782608696,,,,,,,,,,,,,,,,,,
2026-08-04,2886,兆豐金,金融保險,True,True,high_priority_watch,A,bear_break60,64,1.91,9,57.51,64.91,16.36745413942137,96.21,Q1,3.5,12.5,5.5,1.5,25.0,9.51,active,active,14.9,95.09,-14.9,95.09,-3.5,5.0,negative,positive,stable,accelerating,9,False,0,45.01,52.01,56.01,32.51,48.0,50.7,0.9861932938856066,0.9861932938856066,1.830122307744153,-0.8439290138585465,0.39447731755424265,0.39447731755424265,0.9497458653862312,-0.5552685478319885,2.3668639053254337,-0.9861932938856066,,,,,,,,,,,,,,,,,,
2026-08-04,2887,台新新光金,金融保險,True,True,high_priority_watch,A,bear_break60,68,2.16,14,66.35,71.5,10.508529267405276,91.91,Q1,9.0,13.37,5.5,1.75,25.0,11.73,active,active,78.04,39.29,78.04,39.29,1.75,0.0,positive,positive,decelerating,reversing_negative,9,False,0,52.98,60.849999999999994,64.6,41.349999999999994,54.61999999999999,36.0,-0.8333333333333304,0.42194092827005925,1.830122307744153,-2.6634556410774834,-2.361111111111114,-1.1251758087201136,0.9497458653862312,-3.310856976497345,0.8333333333333304,-4.1666666666666625,,,,,,,,,,,,,,,,,,
2026-08-04,2881,富邦金,金融保險,True,True,high_priority_watch,A,bear_break60,77,2.19,15,81.57,82.42,12.625531271028601,93.99,Q1,9.0,23.68,7.0,5.0,25.0,11.89,active,active,20.26,98.66,20.26,98.66,0.0,5.0,positive,positive,reversing_negative,accelerating,9,False,0,57.89000000000001,74.57000000000001,76.57000000000001,56.57000000000001,69.68,130.0,-0.38461538461538325,0.7782101167315147,1.830122307744153,-2.2147376923595363,-2.3076923076923106,-1.1673151750972721,0.9497458653862312,-3.2574381730785418,1.9230769230769162,-3.8461538461538436,,,,,,,,,,,,,,,,,,
2026-08-04,2850,新產,金融保險,True,True,high_priority_watch,A,bear_break60,64,2.91,12,65.24,69.56,14.660824568092156,95.82,Q1,9.0,14.46,5.0,1.75,25.0,10.03,active,active,48.1,52.23,48.1,52.23,0.0,1.75,positive,positive,reversing_negative,decelerating,9,False,0,50.779999999999994,60.239999999999995,63.489999999999995,40.239999999999995,55.209999999999994,159.0,-0.9433962264150941,-0.9433962264150941,1.830122307744153,-2.773518534159247,2.515723270440251,2.515723270440251,0.9497458653862312,1.5659774050540198,2.515723270440251,-3.7735849056603765,,,,,,,,,,,,,,,,,,
2026-08-04,2395,研華,電腦週邊,True,True,high_priority_watch,A,bear_break60,68,3.69,5,37.58,45.84,18.70887459277538,97.52,Q1,3.5,1.71,5.5,1.5,25.0,0.37,active,active,3.66,41.07,3.66,-41.07,5.0,-3.5,positive,negative,accelerating,stable,9,False,0,35.87,32.08,36.08,12.579999999999998,37.21,590.0,7.288135593220346,9.895833333333325,1.830122307744153,5.458013285476193,7.457627118644061,10.069444444444443,0.9497458653862312,6.50788125325783,13.898305084745765,0.0,,,,,,,,,,,,,,,,,,
2026-08-04,2880,華南金,金融保險,True,True,high_priority_watch,A,bear_break60,68,4.03,9,57.46,64.5,19.93610982343722,97.78,Q1,3.5,12.5,5.0,1.5,25.0,9.96,active,active,56.21,99.55,-56.21,99.55,-3.5,5.0,negative,positive,stable,accelerating,9,False,0,44.96,52.46,55.96,32.46,47.5,43.3,1.1547344110854452,1.2716763005780285,1.830122307744153,-0.6753878966587079,2.5404157043879882,2.6589595375722475,0.9497458653862312,1.590669839001757,3.002309468822184,-0.34642032332563577,,,,,,,,,,,,,,,,,,
2026-08-04,2884,玉山金,金融保險,True,True,high_priority_watch,A,bear_break60,72,4.04,12,66.05,70.35,17.16900394867319,96.87,Q1,9.0,14.41,6.5,0.0,25.0,11.14,active,active,60.52,50.89,60.52,50.89,0.0,0.0,positive,positive,reversing_negative,reversing_negative,9,False,0,51.64,59.55,66.05,41.05,54.91,38.1,0.0,0.263157894736854,1.830122307744153,-1.830122307744153,0.1312335958005173,0.39473684210526994,0.9497458653862312,-0.8185122695857139,0.6561679790026309,-1.3123359580052507,,,,,,,,,,,,,,,,,,
2026-08-04,2610,華航,航運業,True,True,high_priority_watch,A,bear_break60,76,4.3,7,58.87,60.87,6.864214398600621,83.75,Q1,3.5,12.5,8.0,0.75,25.0,9.12,active,active,91.24,36.16,91.24,-36.16,1.75,-1.0,positive,negative,decelerating,neutral,9,False,0,46.37,50.87,58.12,33.87,49.75,22.7,-0.4405286343612258,0.6681514476614803,1.830122307744153,-2.270650942105379,-0.8810572687224627,0.22271714922048602,0.9497458653862312,-1.8308031341086939,0.6607929515418665,-3.083700440528636,,,,,,,,,,,,,,,,,,
2026-08-04,6214,精誠,資訊服務,True,True,high_priority_watch,A,bear_break60,60,4.35,12,55.04,63.4,16.75432428871052,96.48,Q1,9.0,12.52,3.5,0.0,25.0,5.02,active,active,48.37,1.79,48.37,1.79,0.0,0.0,positive,positive,reversing_negative,reversing_negative,9,False,0,42.519999999999996,51.53999999999999,55.03999999999999,30.039999999999992,50.019999999999996,151.0,1.324503311258285,2.0000000000000018,1.830122307744153,-0.5056189964858682,-2.98013245033113,-2.3333333333333317,0.9497458653862312,-3.929878315717361,1.655629139072845,-7.284768211920534,,,,,,,,,,,,,,,,,,
2026-08-04,2867,三商壽,金融保險,True,True,high_priority_watch,A,bear_break60,72,4.39,7,56.58,57.58,18.5346949477997,97.39,Q1,3.5,12.5,4.5,1.75,25.0,9.33,active,inactive,93.33,,93.33,0.0,1.75,0.0,positive,zero,decelerating,inactive,9,False,0,44.08,52.08,54.83,31.58,47.25,9.76,0.10245901639343025,0.10245901639343025,1.830122307744153,-1.7276632913507228,0.5122950819672178,0.5122950819672178,0.9497458653862312,-0.43745078341901333,1.3319672131147708,-1.127049180327866,,,,,,,,,,,,,,,,,,
2026-08-04,2618,長榮航,航運業,True,True,high_priority_watch,A,bear_break60,56,5.67,7,55.58,62.58,7.438267211459404,86.03,Q1,3.5,12.5,6.5,-1.75,25.0,9.83,active,active,98.3,75.0,98.3,-75.0,1.75,-3.5,positive,negative,decelerating,stable,9,False,0,43.08,49.08,57.33,30.58,45.75,44.0,-0.454545454545463,0.0,1.830122307744153,-2.284667762289616,0.9090909090909038,1.3698630136986356,0.9497458653862312,-0.04065495629532734,1.3636363636363669,-2.7272727272727337,,,,,,,,,,,,,,,,,,
2026-08-04,2006,東和鋼鐵,鋼鐵工業,True,False,wait_pullback,A,bear_break60,55,9.49,7,59.61,66.61,27.12660506915458,99.61,Q1,3.5,12.5,7.5,1.5,25.0,9.61,active,active,96.08,57.14,96.08,-57.14,5.0,-3.5,positive,negative,accelerating,stable,9,False,0,47.11,52.11,58.11,34.61,50.0,81.9,-4.273504273504269,-4.969696969696957,1.830122307744153,-6.103626581248422,8.058608058608051,7.272727272727275,0.9497458653862312,7.10886219322182,8.058608058608051,-4.884004884004889,,,,,,,,,,,,,,,,,,
2026-08-04,2425,承啟,電腦週邊,True,True,high_priority_watch,A,bear_break60,45,11.93,3,6.1,21.11,27.537291321677536,99.74,Q3,3.5,0.04,4.0,-1.75,0.0,0.31,active,active,7.19,3.12,-7.19,3.12,-3.5,1.75,negative,positive,stable,decelerating,9,False,0,6.06,2.0999999999999996,7.85,6.1,5.79,51.0,-3.7254901960784292,-2.1912350597609542,1.830122307744153,-5.555612503822582,3.725490196078418,5.378486055776888,0.9497458653862312,2.775744330692187,3.725490196078418,-7.7450980392156925,,,,,,,,,,,,,,,,,,
2026-08-04,1303,南亞,塑膠工業,True,False,excluded,B1,bear_break60,48,-6.7,0,4.5,11.5,-0.9736234392372136,48.96,Q4,0.0,0.0,5.0,-0.5,0.0,0.0,active,active,41.96,54.02,-41.96,-54.02,-3.5,3.0,negative,negative,stable,reversing_positive,9,False,0,4.5,0.0,5.0,4.5,4.5,180.0,-1.6666666666666718,3.8123167155425186,1.830122307744153,-3.496788974410825,4.444444444444451,10.26392961876832,0.9497458653862312,3.4946985790582197,7.222222222222219,-5.833333333333335,,,,,,,,,,,,,,,,,,
2026-08-04,1402,遠東新,紡織纖維,True,False,excluded,B1,bear_break60,61,-1.0,7,39.58,46.58,0.16318347076555995,53.13,Q2,3.5,12.5,7.5,1.5,5.0,9.58,active,active,95.82,83.04,95.82,-83.04,5.0,-3.5,positive,negative,accelerating,stable,9,False,0,27.08,32.08,38.08,34.58,30.0,27.1,-1.4760147601476148,-1.6574585635359074,1.830122307744153,-3.306137067891768,1.4760147601476037,1.2891344383057168,0.9497458653862312,0.5262688947613725,1.845018450184499,-1.845018450184499,,,,,,,,,,,,,,,,,,
2026-08-04,1477,聚陽,紡織纖維,True,False,excluded,B1,bear_break60,51,0.0,6,26.99,35.98,3.385953529035402,65.93,Q3,3.5,8.36,6.0,1.5,0.0,7.63,active,active,15.82,76.34,-15.82,76.34,-3.5,5.0,negative,positive,stable,accelerating,9,False,0,18.63,20.99,25.49,26.99,19.36,224.0,0.44642857142858094,1.3513513513513598,1.830122307744153,-1.3836937363155721,0.0,0.9009009009008917,0.9497458653862312,-0.9497458653862312,2.4553571428571397,-1.1160714285714302,,,,,,,,,,,,,,,,,,
2026-08-04,1709,和益,化學工業,True,False,excluded,B1,bear_break60,43,-1.47,5,47.5,48.96,8.272665102825972,87.86,Q1,3.5,12.5,3.0,0.0,25.0,3.5,active,inactive,35.03,,35.03,0.0,0.0,0.0,positive,zero,reversing_negative,inactive,9,False,0,35.0,44.5,47.5,22.5,44.0,25.45,2.946954813359537,3.9682539682539764,1.830122307744153,1.1168325056153838,9.23379174852652,10.317460317460325,0.9497458653862312,8.28404588314029,11.787819253438103,-0.9823182711198419,,,,,,,,,,,,,,,,,,
2026-08-04,2207,和泰車,汽車工業,True,False,excluded,B1,bear_break60,65,-0.96,12,66.4,72.99,15.363689739628951,95.95,Q1,9.0,12.76,6.5,1.75,25.0,11.39,active,active,92.94,20.98,92.94,20.98,1.75,0.0,positive,positive,decelerating,reversing_negative,9,False,0,53.64000000000001,59.900000000000006,64.65,41.400000000000006,55.010000000000005,530.0,-3.9622641509433953,-1.5473887814313358,1.830122307744153,-5.792386458687549,-2.6415094339622636,-0.19342359767892114,0.9497458653862312,-3.5912552993484947,0.0,-5.283018867924527,,,,,,,,,,,,,,,,,,
2026-08-04,2302,麗正,半導體業,True,False,excluded,B1,bear_break60,55,-1.93,12,29.64,38.36,-12.867586367682913,22.45,Q2,9.0,6.21,6.0,1.75,5.0,1.68,active,active,9.67,7.14,9.67,7.14,0.0,1.75,positive,positive,reversing_negative,decelerating,9,False,0,23.43,23.64,27.89,24.64,27.96,43.5,-2.5287356321839094,1.193317422434359,1.830122307744153,-4.358857939928063,-1.379310344827589,2.3866348448687402,0.9497458653862312,-2.32905621021382,2.298850574712641,-6.5517241379310365,,,,,,,,,,,,,,,,,,
2026-08-04,2357,華碩,電腦週邊,True,False,excluded,B1,bear_break60,64,9.14,15,82.83,84.97,25.393626163306507,99.09,Q1,9.0,20.53,6.5,6.75,25.0,15.05,active,active,75.03,75.45,75.03,75.45,1.75,5.0,positive,positive,decelerating,accelerating,9,False,0,62.3,76.33,76.08,57.83,67.78,813.0,3.075030750307506,3.970223325062028,1.830122307744153,1.2449084425633528,0.49200492004919383,1.3647642679900818,0.9497458653862312,-0.45774094533703735,5.658056580565796,-0.9840098400983988,,,,,,,,,,,,,,,,,,
2026-08-04,2464,盟立,其他電子,True,False,excluded,B1,bear_break60,43,10.2,15,72.78,76.23,2.722202564281096,62.79,Q1,9.0,17.78,5.0,6.75,25.0,9.25,active,active,26.01,66.52,26.01,66.52,1.75,5.0,positive,positive,decelerating,accelerating,9,False,0,55.0,67.78,66.03,47.78,63.53,168.5,0.8902077151335286,4.938271604938271,1.830122307744153,-0.9399145926106245,2.9673590504450953,7.098765432098775,0.9497458653862312,2.017613185058864,9.792284866468837,-2.077151335311578,,,,,,,,,,,,,,,,,,
2026-08-04,2484,希華,電子零組件,True,False,excluded,B1,bear_break60,56,-11.91,12,32.42,41.31,-20.17127620682735,10.05,Q2,9.0,9.92,5.5,1.0,5.0,2.0,active,active,17.78,2.23,17.78,2.23,1.0,0.0,positive,positive,neutral,reversing_negative,9,False,0,22.5,26.92,31.42,27.42,30.42,71.7,-1.673640167364021,0.8583690987124415,1.830122307744153,-3.503762475108174,0.0,2.5751072961373245,0.9497458653862312,-0.9497458653862312,3.905160390516027,-4.881450488145045,,,,,,,,,,,,,,,,,,
2026-08-04,2890,永豐金,金融保險,True,False,excluded,B1,bear_break60,63,-0.88,14,80.45,82.92,3.449580252259166,66.45,Q1,9.0,18.97,7.0,5.0,25.0,15.48,active,active,83.79,70.98,83.79,70.98,5.0,0.0,positive,positive,accelerating,reversing_negative,9,False,0,61.480000000000004,73.45,75.45,55.45,64.97,39.8,-0.6281407035175879,-0.12626262626264095,1.830122307744153,-2.458263011261741,-2.1356783919597833,-1.6414141414141326,0.9497458653862312,-3.0854242573460144,0.7537688442211143,-2.763819095477371,,,,,,,,,,,,,,,,,,
2026-08-04,2891,中信金,金融保險,True,False,excluded,B1,bear_break60,54,-2.48,15,68.27,69.48,-2.3794830803909868,44.91,Q2,9.0,25.0,6.5,6.75,5.0,16.02,active,active,73.2,87.05,73.2,87.05,1.75,5.0,positive,positive,decelerating,accelerating,9,False,0,43.269999999999996,61.769999999999996,61.519999999999996,63.269999999999996,52.25,65.1,1.382488479262678,1.85185185185186,1.830122307744153,-0.44763382848147515,0.7680491551459223,1.2345679012345734,0.9497458653862312,-0.18169671024030887,2.457757296466978,-0.7680491551459334,,,,,,,,,,,,,,,,,,
2026-08-04,3017,奇鋐,電腦週邊,True,False,excluded,B1,bear_break60,35,10.87,15,77.88,79.46,4.242491552158679,70.89,Q1,9.0,21.03,5.5,6.75,25.0,10.6,active,active,14.51,91.52,14.51,91.52,5.0,1.75,positive,positive,accelerating,decelerating,9,False,0,56.849999999999994,72.38,71.13,52.879999999999995,67.28,2660.0,2.6315789473684292,5.000000000000004,1.830122307744153,0.8014566396242762,4.699248120300759,7.115384615384612,0.9497458653862312,3.7495022549145274,11.466165413533824,-0.7518796992481258,,,,,,,,,,,,,,,,,,
2026-08-04,3029,零壹,資訊服務,True,False,excluded,B1,bear_break60,74,2.55,12,60.2,67.67,9.762765123238292,90.6,Q1,9.0,12.65,4.0,0.0,25.0,9.55,active,active,84.84,10.71,84.84,10.71,0.0,0.0,positive,positive,reversing_negative,reversing_negative,9,False,0,47.550000000000004,56.2,60.2,35.2,50.650000000000006,108.0,-0.92592592592593,0.46948356807512415,1.830122307744153,-2.756048233670083,1.388888888888884,2.8169014084507005,0.9497458653862312,0.4391430235026528,5.555555555555558,-2.314814814814814,,,,,,,,,,,,,,,,,,
2026-08-04,3141,晶宏,半導體業,True,False,excluded,B1,bear_break60,62,3.38,7,38.75,39.76,-6.837708678322462,34.86,Q2,3.5,12.5,3.5,5.0,5.0,9.25,active,inactive,92.55,,92.55,0.0,5.0,0.0,positive,zero,accelerating,inactive,9,False,0,26.25,35.25,33.75,33.75,29.5,73.3,1.5006821282401273,3.6211699164345523,1.830122307744153,-0.3294401795040258,7.776261937244211,10.027855153203348,0.9497458653862312,6.82651607185798,13.915416098226462,0.0,,,,,,,,,,,,,,,,,,
2026-08-04,3293,鈊象,文化創意,True,False,excluded,B1,bear_break60,74,4.81,7,55.57,62.57,4.34532271094319,71.28,Q1,3.5,12.5,6.5,-1.75,25.0,9.82,active,active,98.17,63.39,98.17,-63.39,1.75,-3.5,positive,negative,decelerating,stable,9,False,0,43.07,49.07,57.32,30.57,45.75,774.0,0.3875968992248069,0.3875968992248069,1.830122307744153,-1.4425254085193462,3.2299741602067167,3.2299741602067167,0.9497458653862312,2.2802282948204855,4.0051679586563305,-0.6459948320413411,,,,,,,,,,,,,,,,,,
2026-08-04,3617,碩天,其他電子,True,False,excluded,B1,bear_break60,69,-0.79,14,63.53,69.08,7.3187598531460845,85.77,Q1,9.0,13.21,4.0,1.75,25.0,10.57,active,active,70.85,34.82,70.85,34.82,1.75,0.0,positive,positive,decelerating,reversing_negative,9,False,0,50.32,59.53,61.78,38.53,52.96,225.5,2.6607538802660757,4.751131221719462,1.830122307744153,0.8306315725219227,2.882483370288247,4.977375565610864,0.9497458653862312,1.9327375049020157,5.09977827050998,-0.8869179600886956,,,,,,,,,,,,,,,,,,
2026-08-04,3702,大聯大,電子通路,True,False,excluded,B1,bear_break60,64,4.44,7,50.62,57.84,13.682396216782433,94.78,Q1,3.5,12.5,6.0,-1.75,25.0,5.37,active,active,53.73,72.32,53.73,-72.32,1.75,-3.5,positive,negative,decelerating,stable,9,False,0,38.12,44.62,52.37,25.619999999999997,45.25,119.0,8.403361344537807,9.787234042553195,1.830122307744153,6.5732390367936535,2.941176470588225,4.255319148936176,0.9497458653862312,1.9914306052019937,8.403361344537807,0.0,,,,,,,,,,,,,,,,,,
2026-08-04,4162,智擎,生技醫療,True,False,excluded,B1,bear_break60,46,-3.45,5,30.28,31.55,5.920818172185527,80.29,Q2,3.5,12.5,3.5,1.0,5.0,4.78,active,inactive,47.84,,47.84,0.0,1.0,0.0,positive,zero,neutral,inactive,9,False,0,17.78,26.78,29.28,25.28,25.5,63.6,0.15723270440251014,1.1111111111111072,1.830122307744153,-1.672889603341643,0.15723270440251014,1.1111111111111072,0.9497458653862312,-0.792513160983721,1.5723270440251458,-1.5723270440251569,,,,,,,,,,,,,,,,,,
2026-08-04,4536,拓凱,37,True,False,excluded,B1,bear_break60,48,-2.06,5,55.75,62.75,1.7213572557434835,59.14,Q1,3.5,12.5,4.5,1.5,25.0,8.75,active,active,87.45,78.57,87.45,-78.57,5.0,-3.5,positive,negative,accelerating,stable,9,False,0,43.25,51.25,54.25,30.75,47.0,166.5,-0.30030030030030463,0.0,1.830122307744153,-2.1304226080444577,2.1021021021021102,2.4096385542168752,0.9497458653862312,1.152356236715879,3.003003003003002,-0.9009009009009028,,,,,,,,,,,,,,,,,,
2026-08-04,4541,晟田,其他,True,False,excluded,B1,bear_break60,56,-8.65,5,27.72,29.44,1.017137936831503,56.14,Q2,3.5,12.5,3.5,1.0,5.0,2.22,active,inactive,22.22,,22.22,0.0,1.0,0.0,positive,zero,neutral,inactive,9,False,0,15.219999999999999,24.22,26.72,22.72,25.5,63.3,4.2654028436019065,5.095541401273884,1.830122307744153,2.4352805358577534,4.107424960505535,4.936305732484092,0.9497458653862312,3.1576790951193034,9.004739336492907,0.0,,,,,,,,,,,,,,,,,,
2026-08-04,5434,崇越,電子通路,True,False,excluded,B1,bear_break60,56,-5.3,5,34.39,41.5,4.373792942661925,71.41,Q2,3.5,12.5,5.0,1.5,5.0,6.89,active,active,68.89,90.18,68.89,-90.18,5.0,-3.5,positive,negative,accelerating,stable,9,False,0,21.89,29.39,32.89,29.39,27.5,523.0,-2.103250478011476,0.5893909626718985,1.830122307744153,-3.933372785755629,-4.588910133843216,-1.9646365422396839,0.9497458653862312,-5.538655999229447,1.7208413001912115,-5.3537284894837445,,,,,,,,,,,,,,,,,,
2026-08-04,6187,萬潤,半導體業,True,False,excluded,B1,bear_break60,35,11.74,7,55.8,56.11,12.17822406043637,93.6,Q1,3.5,12.5,5.5,4.75,25.0,4.55,active,active,45.49,68.3,45.49,-68.3,1.75,3.0,positive,negative,decelerating,reversing_positive,9,False,0,43.3,50.3,51.05,30.799999999999997,51.25,1090.0,-1.834862385321101,-1.834862385321101,1.830122307744153,-3.664984693065254,3.669724770642202,3.669724770642202,0.9497458653862312,2.719978905255971,8.715596330275233,-5.045871559633031,,,,,,,,,,,,,,,,,,
2026-08-04,6414,樺漢,電腦週邊,True,False,excluded,B1,bear_break60,59,-1.69,5,34.76,37.07,20.536089398600623,98.17,Q1,3.5,1.46,3.5,1.0,25.0,0.3,active,inactive,3.01,,3.01,0.0,1.0,0.0,positive,zero,neutral,inactive,9,False,0,33.3,31.259999999999998,33.76,9.759999999999998,34.46,443.0,5.869074492099324,7.44558991981672,1.830122307744153,4.038952184355171,6.997742663656892,8.59106529209621,0.9497458653862312,6.047996798270661,11.625282167042883,-0.5643340857787837,,,,,,,,,,,,,,,,,,
2026-08-04,6416,瑞祺電通,通信網路,True,False,excluded,B1,bear_break60,52,-3.22,5,32.27,33.68,21.11542212806922,98.43,Q2,3.5,12.5,2.5,5.0,5.0,3.77,active,inactive,37.65,,37.65,0.0,5.0,0.0,positive,zero,accelerating,inactive,9,False,0,19.770000000000003,29.770000000000003,27.270000000000003,27.270000000000003,28.500000000000004,95.0,4.842105263157892,5.285412262156441,1.830122307744153,3.011982955413739,8.421052631578952,8.879492600422845,0.9497458653862312,7.471306766192721,10.000000000000009,0.0,,,,,,,,,,,,,,,,,,
2026-08-05,2605,新興,航運業,True,True,buy_candidates,A,healthy_pullback,80,1.67,14,71.08,78.47,9.110166436945555,92.8,Q1,9.0,12.71,8.5,6.75,25.0,9.12,active,active,73.56,17.62,73.56,17.62,5.0,1.75,positive,positive,accelerating,decelerating,10,True,0,58.37,62.58,64.33,46.08,61.96,32.3,-0.9287925696594312,0.0,-0.20509419994690914,-0.7236983697125221,2.4767801857585203,3.4375000000000044,0.9908720876171451,1.4859080981413753,4.024767801857609,-2.0123839009287936,,,,,,,,,,,,,,,,,,
2026-08-05,2887,台新新光金,金融保險,True,True,buy_candidates,A,healthy_pullback,78,2.59,7,57.68,64.77,4.199749980259093,85.21,Q1,3.5,12.5,6.0,1.5,25.0,9.18,active,active,91.75,39.21,91.75,-39.21,5.0,-3.5,positive,negative,accelerating,stable,10,True,0,45.18,51.68,56.18,32.68,48.5,35.3,-2.2662889518413554,-3.3613445378151363,-0.20509419994690914,-2.0611947518944462,1.6997167138810276,0.5602240896358524,0.9908720876171451,0.7088446262638826,1.6997167138810276,-2.2662889518413554,,,,,,,,,,,,,,,,,,
2026-08-05,3005,神基,電腦週邊,True,True,buy_candidates,A,healthy_pullback,78,2.68,5,57.44,64.57,9.384121883962582,92.93,Q1,3.5,12.5,6.0,1.5,25.0,8.94,active,active,89.4,61.67,89.4,-61.67,5.0,-3.5,positive,negative,accelerating,stable,10,True,0,44.94,51.44,55.94,32.44,48.5,114.5,0.8733624454148492,0.43478260869564966,-0.20509419994690914,1.0784566453617583,0.0,-0.43478260869564966,0.9908720876171451,-0.9908720876171451,2.183406113537112,-2.183406113537123,,,,,,,,,,,,,,,,,,
2026-08-05,2882,國泰金,金融保險,True,True,buy_candidates,A,healthy_pullback,76,3.08,12,84.68,85.71,5.515733792624311,87.7,Q1,9.0,25.0,7.0,2.75,25.0,15.93,active,active,61.91,97.36,61.91,97.36,1.0,1.75,positive,positive,neutral,decelerating,10,True,0,59.68000000000001,77.68,81.93,59.68000000000001,68.75,99.3,-1.8126888217522619,-2.985074626865669,-0.20509419994690914,-1.6075946218053527,1.7119838872104776,0.4975124378109541,0.9908720876171451,0.7211117995933325,1.7119838872104776,-1.8126888217522619,,,,,,,,,,,,,,,,,,
2026-08-05,3362,先進光,光電業,True,True,buy_candidates,A,healthy_pullback,76,1.9,0,1.0,4.0,9.957021973659064,93.59,Q3,0.0,0.0,2.0,-1.0,0.0,0.0,active,inactive,7.98,,-7.98,0.0,-1.0,0.0,negative,zero,neutral,inactive,10,True,0,1.0,0.0,2.0,1.0,1.0,173.0,1.7341040462427681,0.8595988538681931,-0.20509419994690914,1.9391982461896773,2.8901734104046284,2.005730659025784,0.9908720876171451,1.8993013227874833,4.6242774566473965,-0.8670520231213841,,,,,,,,,,,,,,,,,,
2026-08-05,2881,富邦金,金融保險,True,True,buy_candidates,A,healthy_pullback,76,2.37,12,83.81,85.32,7.1920392154723345,90.31,Q1,9.0,25.0,7.5,2.75,25.0,14.56,active,active,47.77,97.8,47.77,97.8,1.0,1.75,positive,positive,neutral,decelerating,10,True,0,58.81,76.31,81.06,58.81,69.25,128.5,-1.945525291828798,-2.7027027027026973,-0.20509419994690914,-1.7404310918818888,0.0,-0.7722007722007707,0.9908720876171451,-0.9908720876171451,0.7782101167315147,-2.7237354085603127,,,,,,,,,,,,,,,,,,
2026-08-05,2610,華航,航運業,True,True,buy_candidates,A,healthy_pullback,76,4.99,7,67.57,67.62,4.634759097216623,86.39,Q1,3.5,12.5,9.0,8.0,25.0,9.57,active,active,95.68,24.67,95.68,-24.67,5.0,3.0,positive,negative,accelerating,reversing_positive,10,True,0,55.06999999999999,58.56999999999999,59.56999999999999,42.56999999999999,57.99999999999999,22.6,-1.9911504424778848,-1.9911504424778848,-0.20509419994690914,-1.7860562425309756,-9.513274336283196,-9.513274336283196,0.9908720876171451,-10.504146423900341,0.4424778761061843,-10.176991150442483,,,,,,,,,,,,,,,,,,
2026-08-05,1101,台泥,水泥工業,True,True,buy_candidates,B1,healthy_pullback,74,1.37,3,16.52,25.36,4.685264147721679,86.52,Q4,3.5,0.21,7.0,4.0,0.0,1.81,active,active,85.47,18.06,-85.47,18.06,-1.0,5.0,negative,positive,neutral,accelerating,10,True,0,16.31,9.52,12.52,16.52,14.709999999999999,23.95,1.6701461377870652,1.2474012474012586,-0.20509419994690914,1.8752403377339744,2.5052192066805867,2.079002079002068,0.9908720876171451,1.5143471190634417,3.3402922755741082,0.0,,,,,,,,,,,,,,,,,,
2026-08-05,2302,麗正,半導體業,True,True,buy_candidates,A,healthy_pullback,70,3.6,12,43.66,53.11,-11.384947167888427,25.79,Q2,9.0,12.38,6.5,6.75,5.0,4.03,active,active,29.71,10.57,29.71,10.57,5.0,1.75,positive,positive,accelerating,decelerating,10,True,0,31.28,37.160000000000004,36.910000000000004,38.660000000000004,39.63,41.9,2.7446300715990413,1.5330188679245182,-0.20509419994690914,2.9497242715459504,1.4319809069212486,0.2358490566037874,0.9908720876171451,0.4411088193041035,6.205250596658707,-2.9832935560859197,,,,,,,,,,,,,,,,,,
2026-08-05,3293,鈊象,文化創意,True,True,buy_candidates,B1,healthy_pullback,64,5.36,7,59.37,66.38,2.816577279034793,82.2,Q1,3.5,12.5,7.0,1.5,25.0,9.87,active,active,98.69,64.76,98.69,-64.76,5.0,-3.5,positive,negative,accelerating,stable,10,True,0,46.87,52.37,57.87,34.37,49.5,777.0,0.9009009009008917,0.9009009009008917,-0.20509419994690914,1.1059951008478008,1.9305019305019266,1.9305019305019266,0.9908720876171451,0.9396298428847816,3.603603603603611,-0.9009009009009028,,,,,,,,,,,,,,,,,,
2026-08-05,2540,愛山林,建材營建,True,True,high_priority_watch,A,healthy_pullback,61,0.96,5,23.87,27.16,10.350263105403545,94.37,Q2,3.5,9.92,3.0,0.0,5.0,2.45,active,inactive,24.48,,24.48,0.0,0.0,0.0,positive,zero,reversing_negative,inactive,10,True,0,13.950000000000001,20.87,23.87,18.87,21.42,56.9,-3.866432337434089,-5.363321799307952,-0.20509419994690914,-3.66133813748718,-20.562390158172228,-21.7993079584775,0.9908720876171451,-21.553262245789373,0.17574692442883233,-21.265377855887525,,,,,,,,,,,,,,,,,,
2026-08-05,5880,合庫金,金融保險,True,True,high_priority_watch,A,healthy_pullback,72,1.33,12,81.84,83.87,8.734795606891698,92.02,Q1,9.0,21.65,7.5,1.75,25.0,16.94,active,active,91.88,77.53,91.88,77.53,0.0,1.75,positive,positive,reversing_negative,decelerating,10,True,0,60.190000000000005,74.34,80.09,56.84,64.9,26.45,-1.3232514177693666,-1.8796992481203034,-0.20509419994690914,-1.1181572178224575,-1.3232514177693666,-1.8796992481203034,0.9908720876171451,-2.3141235053865117,0.945179584120992,-1.7013232514177634,,,,,,,,,,,,,,,,,,
2026-08-05,6177,達麗,建材營建,True,True,high_priority_watch,A,healthy_pullback,76,1.54,0,0.0,7.5,7.199658365533734,90.45,Q3,0.0,0.0,3.0,-4.5,0.0,0.0,active,active,94.5,22.47,-94.5,-22.47,-1.0,-3.5,negative,negative,neutral,stable,10,True,0,0.0,0.0,3.0,0.0,0.0,47.35,0.9503695881731611,0.10471204188480243,-0.20509419994690914,1.1554637881200702,2.428722280887019,1.5706806282722585,0.9908720876171451,1.437850193269874,4.223864836325242,-0.21119324181626542,,,,,,,,,,,,,,,,,,
2026-08-05,2892,第一金,金融保險,True,True,high_priority_watch,A,healthy_pullback,61,2.57,6,21.59,31.2,9.715294177751698,93.19,Q3,3.5,5.92,7.0,-1.75,0.0,6.92,active,active,51.05,69.16,-51.05,69.16,-3.5,1.75,negative,positive,stable,decelerating,10,True,0,15.670000000000003,14.590000000000003,23.340000000000003,21.590000000000003,14.670000000000003,35.8,-0.8379888268156388,-1.114206128133699,-0.20509419994690914,-0.6328946268687297,-2.3743016759776414,-2.646239554317542,0.9908720876171451,-3.3651737635947865,1.3966480446927276,-2.5139664804469275,,,,,,,,,,,,,,,,,,
2026-08-05,2886,兆豐金,金融保險,True,True,high_priority_watch,A,healthy_pullback,72,2.91,9,58.02,65.41,11.309195771653302,95.29,Q1,3.5,12.5,6.0,1.5,25.0,9.52,active,active,34.95,95.15,-34.95,95.15,-3.5,5.0,negative,positive,stable,accelerating,10,True,0,45.519999999999996,52.019999999999996,56.519999999999996,33.019999999999996,48.5,50.5,-0.3960396039603964,-1.757812500000011,-0.20509419994690914,-0.19094540401348725,0.990099009900991,-0.390625,0.9908720876171451,-0.0007730777161540914,2.7722772277227747,-0.5940594059405835,,,,,,,,,,,,,,,,,,
2026-08-05,2615,萬海,航運業,True,True,high_priority_watch,A,healthy_pullback,72,3.08,14,66.16,73.11,12.816577279034803,96.2,Q1,9.0,12.79,7.5,1.75,25.0,10.12,active,active,79.58,21.59,79.58,21.59,1.75,0.0,positive,positive,decelerating,reversing_negative,10,True,0,53.37,58.66,64.41,41.16,56.04,85.1,-0.9400705052878933,-1.2880562060890055,-0.20509419994690914,-0.7349763053409841,2.820211515863691,2.4590163934426146,0.9908720876171451,1.8293394282465458,3.877790834312589,-1.527614571092828,,,,,,,,,,,,,,,,,,
2026-08-05,2884,玉山金,金融保險,True,True,high_priority_watch,A,healthy_pullback,72,4.31,12,65.01,70.83,12.342268978639549,96.07,Q1,9.0,13.56,6.5,0.0,25.0,10.95,active,active,71.2,38.33,71.2,38.33,0.0,0.0,positive,positive,reversing_negative,reversing_negative,10,True,0,51.45,58.510000000000005,65.01,40.010000000000005,54.06,37.7,0.6631299734747964,-0.3937007874015741,-0.20509419994690914,0.8682241734217055,0.2652519893899141,-0.7874015748031593,0.9908720876171451,-0.725620098227231,1.591511936339507,-1.1936339522546469,,,,,,,,,,,,,,,,,,
2026-08-05,2867,三商壽,金融保險,True,True,high_priority_watch,A,healthy_pullback,72,4.49,7,57.38,58.44,13.820430241650627,96.86,Q1,3.5,12.5,5.0,1.75,25.0,9.63,active,inactive,96.34,,96.34,0.0,1.75,0.0,positive,zero,decelerating,inactive,10,True,0,44.88,52.38,55.63,32.38,47.75,9.68,0.9297520661156966,0.0,-0.20509419994690914,1.1348462660626057,0.20661157024792765,-0.7164790174002067,0.9908720876171451,-0.7842605173692174,1.8595041322313932,-1.2396694214875992,,,,,,,,,,,,,,,,,,
2026-08-05,1907,永豐餘,造紙工業,True,True,high_priority_watch,A,healthy_pullback,66,4.85,14,90.36,91.87,6.845757974882161,89.79,Q1,9.0,25.0,7.5,6.75,25.0,17.11,active,active,86.52,84.58,86.52,84.58,5.0,1.75,positive,positive,accelerating,decelerating,10,True,0,65.36,82.86,83.61,65.36,73.25,29.7,2.1885521885522063,2.0168067226890907,-0.20509419994690914,2.3936463884991155,3.872053872053871,3.6974789915966477,0.9908720876171451,2.881181784436726,5.387205387205385,0.0,,,,,,,,,,,,,,,,,,
2026-08-05,2885,元大金,金融保險,True,True,high_priority_watch,A,healthy_pullback,66,4.99,15,90.51,91.81,1.334420467365105,74.48,Q1,9.0,25.0,8.5,6.75,25.0,16.26,active,active,70.55,92.07,70.55,92.07,5.0,1.75,positive,positive,accelerating,decelerating,10,True,0,65.51,82.01,83.76,65.51,74.25,68.4,-1.9005847953216581,-3.3141210374639907,-0.20509419994690914,-1.695490595374749,-0.29239766081872176,-1.729106628242083,0.9908720876171451,-1.2832697484358668,1.3157894736842035,-1.9005847953216581,,,,,,,,,,,,,,,,,,
2026-08-05,2883,凱基金,金融保險,True,False,wait_pullback,A,healthy_pullback,57,5.16,12,82.22,84.53,6.8908750742628255,90.05,Q1,9.0,19.68,6.5,5.0,25.0,17.04,active,active,97.25,73.13,97.25,73.13,5.0,0.0,positive,positive,accelerating,reversing_negative,10,True,0,62.54,75.72,77.22,57.22,65.18,31.15,-1.7656500802568087,-3.164556962025311,-0.20509419994690914,-1.5605558803098996,-0.32102728731941976,-1.7405063291139222,0.9908720876171451,-1.3118993749365648,0.6420545746388617,-2.728731942215079,,,,,,,,,,,,,,,,,,
2026-08-05,3029,零壹,資訊服務,True,True,high_priority_watch,B1,healthy_pullback,66,3.03,12,62.09,69.76,5.7909815155749556,88.09,Q1,9.0,12.59,4.5,1.0,25.0,10.0,active,active,91.62,8.37,91.62,8.37,1.0,0.0,positive,positive,neutral,reversing_negative,10,True,0,49.5,57.59,61.09,37.09,52.09,111.0,-0.9009009009009028,2.8037383177569986,-0.20509419994690914,-0.6958067009539937,-1.8018018018018056,1.869158878504673,0.9908720876171451,-2.7926738894189507,2.7027027027026973,-2.2522522522522515,,,,,,,,,,,,,,,,,,
2026-08-05,3596,智易,通信網路,True,False,wait_pullback,B1,healthy_pullback,54,3.16,7,36.24,43.26,-1.1932888238545658,59.82,Q2,3.5,12.5,4.0,1.5,5.0,9.74,active,active,97.38,80.18,97.38,-80.18,5.0,-3.5,positive,negative,accelerating,stable,10,True,0,23.740000000000002,32.24,34.74,31.240000000000002,26.5,187.0,-2.4064171122994638,-2.6666666666666616,-0.20509419994690914,-2.2013229123525546,-6.951871657754005,-7.199999999999996,0.9908720876171451,-7.94274374537115,0.0,-7.219251336898392,,,,,,,,,,,,,,,,,,
2026-08-05,2330,台積電,半導體業,True,True,high_priority_watch,B1,healthy_pullback,64,3.22,6,48.52,52.56,0.4730601404356882,69.63,Q1,3.5,8.4,5.0,-1.0,25.0,7.62,active,active,0.65,76.21,-0.65,76.21,-1.0,0.0,negative,positive,neutral,reversing_negative,10,True,0,40.12,43.519999999999996,49.519999999999996,23.519999999999996,40.9,2395.0,-1.2526096033402934,-1.6632016632016633,-0.20509419994690914,-1.0475154033933842,-0.6263048016701411,-1.039501039501034,0.9908720876171451,-1.6171768892872862,0.6263048016701411,-1.6701461377870541,,,,,,,,,,,,,,,,,,
2026-08-05,4938,和碩,電腦週邊,True,True,high_priority_watch,B1,healthy_pullback,52,5.11,15,77.54,81.64,10.65596753640805,94.5,Q1,9.0,15.37,7.5,6.75,25.0,13.92,active,active,84.16,55.07,84.16,55.07,5.0,1.75,positive,positive,accelerating,decelerating,10,True,0,62.169999999999995,70.03999999999999,70.78999999999999,52.53999999999999,63.61999999999999,88.0,0.0,-1.6759776536312887,-0.20509419994690914,0.20509419994690914,1.7045454545454586,0.0,0.9908720876171451,0.7136733669283135,1.931818181818179,-1.2499999999999956,,,,,,,,,,,,,,,,,,
2026-08-05,3023,信邦,電子零組件,True,False,wait_pullback,B1,healthy_pullback,46,5.65,15,64.61,67.3,-0.24635978390226132,64.79,Q2,9.0,23.66,6.5,6.75,5.0,13.7,active,active,56.41,80.62,56.41,80.62,5.0,1.75,positive,positive,accelerating,decelerating,10,True,0,40.95,58.11,57.86,59.61,50.91,316.0,2.215189873417711,1.572327044025168,-0.20509419994690914,2.4202840733646203,-0.4746835443038,-1.1006289308176154,0.9908720876171451,-1.465555631920945,3.164556962025311,-3.0063291139240556,,,,,,,,,,,,,,,,,,
2026-08-05,6213,聯茂,電子零組件,True,True,high_priority_watch,B1,healthy_pullback,47,5.82,5,24.6,27.47,-8.118898854330514,33.9,Q2,3.5,3.66,3.5,8.0,5.0,0.94,active,active,9.42,37.89,9.42,-37.89,5.0,3.0,positive,negative,accelerating,reversing_positive,10,True,0,20.94,21.1,16.6,19.6,23.66,341.0,9.97067448680351,9.97067448680351,-0.20509419994690914,10.17576868675042,25.366568914956012,25.366568914956012,0.9908720876171451,24.375696827338867,25.366568914956012,-1.319648093841641,,,,,,,,,,,,,,,,,,
2026-08-05,3709,鑫聯大投控,電腦週邊,True,False,wait_pullback,B1,healthy_pullback,52,6.22,7,57.46,58.93,7.694834956754115,91.1,Q1,3.5,12.5,4.0,5.0,25.0,7.46,active,inactive,74.61,,74.61,0.0,5.0,0.0,positive,zero,accelerating,inactive,10,True,0,44.96,53.46,52.46,32.46,50.0,79.5,0.0,1.1450381679389388,-0.20509419994690914,0.20509419994690914,0.0,1.1450381679389388,0.9908720876171451,-0.9908720876171451,1.132075471698113,-2.8930817610062887,,,,,,,,,,,,,,,,,,
2026-08-05,3034,聯詠,半導體業,True,True,high_priority_watch,B1,healthy_pullback,45,7.53,7,58.48,65.73,5.485640795555935,87.57,Q1,3.5,12.5,7.5,1.5,25.0,8.48,active,active,84.82,64.32,84.82,-64.32,5.0,-3.5,positive,negative,accelerating,stable,10,True,0,45.980000000000004,50.980000000000004,56.980000000000004,33.480000000000004,50.0,547.0,-0.7312614259597838,-1.2727272727272698,-0.20509419994690914,-0.5261672260128747,-0.5484460694698323,-1.0909090909090868,0.9908720876171451,-1.5393181570869774,1.8281535648994485,-2.7422303473491727,,,,,,,,,,,,,,,,,,
2026-08-05,2347,聯強,電子通路,True,False,wait_pullback,B1,healthy_pullback,36,8.73,12,72.34,78.07,8.26016983106108,91.62,Q1,9.0,13.05,6.5,6.0,25.0,12.79,active,active,95.29,32.6,95.29,32.6,5.0,1.0,positive,positive,accelerating,neutral,10,True,0,59.290000000000006,65.84,66.34,47.34,59.550000000000004,95.7,-1.0449320794148398,-2.471678681771361,-0.20509419994690914,-0.8398378794679306,-3.9707419017763868,-5.355303810504619,0.9908720876171451,-4.961613989393532,1.2539184952978122,-5.642633228840133,,,,,,,,,,,,,,,,,,
2026-08-05,3032,偉訓,電子零組件,True,True,high_priority_watch,B1,healthy_pullback,35,9.56,5,56.09,57.55,15.763695520270682,97.64,Q1,3.5,12.5,2.5,5.0,25.0,7.59,active,inactive,75.92,,75.92,0.0,5.0,0.0,positive,zero,accelerating,inactive,10,True,0,43.59,53.59,51.09,31.090000000000003,48.5,86.8,-2.7649769585253337,-3.0998851894374124,-0.20509419994690914,-2.5598827585784245,-6.336405529953915,-6.659012629161875,0.9908720876171451,-7.32727761757106,1.497695852534564,-6.5668202764976975,,,,,,,,,,,,,,,,,,
2026-08-05,2357,華碩,電腦週邊,True,False,wait_pullback,B1,healthy_pullback,48,9.61,14,83.2,85.74,28.302659823940868,99.87,Q1,9.0,19.76,7.0,6.75,25.0,15.69,active,active,83.38,73.57,83.38,73.57,5.0,1.75,positive,positive,accelerating,decelerating,10,True,0,63.44,76.2,76.45,58.2,67.51,830.0,-1.4457831325301207,-2.3866348448687402,-0.20509419994690914,-1.2406889325832116,-1.4457831325301207,-2.3866348448687402,0.9908720876171451,-2.4366552201472658,1.5662650602409567,-3.0120481927710885,,,,,,,,,,,,,,,,,,
2026-08-05,5392,能率,光電業,True,False,wait_pullback,B1,healthy_pullback,25,10.28,7,37.67,39.0,-4.0702238630854986,47.64,Q2,3.5,12.5,3.5,5.0,5.0,8.17,active,inactive,81.68,,81.68,0.0,5.0,0.0,positive,zero,accelerating,inactive,10,True,0,25.17,34.17,32.67,32.67,29.5,46.7,-1.0706638115631661,-0.4310344827586077,-0.20509419994690914,-0.865569611616257,0.8565310492505418,1.5086206896551824,0.9908720876171451,-0.13434103836660327,2.1413276231263323,-1.927194860813719,,,,,,,,,,,,,,,,,,
2026-08-05,3702,大聯大,電子通路,True,True,high_priority_watch,B1,healthy_pullback,35,11.69,5,50.52,58.68,20.2561102231549,98.82,Q1,3.5,12.5,6.0,-1.75,25.0,5.27,active,active,52.75,75.77,52.75,-75.77,1.75,-3.5,positive,negative,decelerating,stable,10,True,0,38.019999999999996,44.519999999999996,52.269999999999996,25.519999999999996,45.25,126.5,-0.7905138339920903,-2.7131782945736482,-0.20509419994690914,-0.5854196340451812,2.7667984189723382,0.7751937984496138,0.9908720876171451,1.7759263313551932,3.1620553359683834,-4.347826086956519,,,,,,,,,,,,,,,,,,
2026-08-05,3450,聯鈞,半導體業,True,True,high_priority_watch,B1,healthy_pullback,44,11.76,5,29.95,32.24,-2.132917670460155,55.63,Q2,3.5,9.54,6.5,3.0,5.0,2.41,active,active,24.08,71.81,24.08,-71.81,0.0,3.0,positive,negative,reversing_negative,reversing_positive,10,True,0,20.41,23.45,26.95,24.95,27.54,463.5,6.040992448759441,3.4736842105263177,-0.20509419994690914,6.246086648706351,13.05285868392665,10.315789473684212,0.9908720876171451,12.061986596309504,13.700107874865154,0.0,,,,,,,,,,,,,,,,,,
2026-08-05,6277,宏正,電腦週邊,True,False,other_watch,A,healthy_pullback,66,0.52,12,59.02,67.17,12.149307138080445,95.81,Q1,9.0,12.61,4.0,1.0,25.0,7.41,active,active,63.09,11.01,63.09,11.01,0.0,1.0,positive,positive,reversing_negative,neutral,10,True,0,46.41,55.019999999999996,58.019999999999996,34.019999999999996,51.61,76.4,-1.4397905759162444,-2.83870967741936,-0.20509419994690914,-1.2346963759693352,4.712041884816753,3.2258064516129004,0.9908720876171451,3.7211697971996083,5.104712041884807,-1.4397905759162444,,,,,,,,,,,,,,,,,,
2026-08-05,2915,潤泰全,貿易百貨,True,False,other_watch,A,healthy_pullback,58,0.29,12,61.67,69.82,1.7148081425835793,76.18,Q1,9.0,12.52,4.0,1.75,25.0,9.4,active,active,92.28,1.76,92.28,1.76,0.0,1.75,positive,positive,reversing_negative,decelerating,10,True,0,49.14999999999999,57.669999999999995,59.919999999999995,36.669999999999995,52.269999999999996,51.6,-0.7751937984496138,-1.1583011583011449,-0.20509419994690914,-0.5700995985027046,3.48837209302324,3.0888030888030826,0.9908720876171451,2.4975000054060947,3.48837209302324,-0.9689922480620172,,,,,,,,,,,,,,,,,,
2026-08-05,6416,瑞祺電通,通信網路,True,False,wait_pullback,A,healthy_pullback,58,1.89,7,50.66,52.97,11.358035820493328,95.42,Q1,3.5,12.5,3.0,1.75,25.0,4.91,active,inactive,49.08,,49.08,0.0,1.75,0.0,positive,zero,decelerating,inactive,10,True,0,38.16,47.66,48.91,25.659999999999997,45.75,98.5,4.5685279187817285,3.4136546184738936,-0.20509419994690914,4.773622118728637,5.076142131979688,3.915662650602414,0.9908720876171451,4.085270044362543,6.091370558375631,0.0,,,,,,,,,,,,,,,,,,
2026-08-05,1709,和益,化學工業,True,False,other_watch,A,healthy_pullback,58,2.44,0,0.0,7.5,8.846261880147965,92.28,Q3,0.0,0.0,3.0,-3.5,0.0,0.0,active,inactive,26.44,,-26.44,0.0,-3.5,0.0,negative,zero,stable,inactive,10,True,0,0.0,0.0,3.0,0.0,0.0,26.2,5.534351145038174,5.534351145038174,-0.20509419994690914,5.739445344985084,4.198473282442761,4.198473282442761,0.9908720876171451,3.2076011948256156,8.969465648854968,-1.5267175572518998,,,,,,,,,,,,,,,,,,
2026-08-05,1477,聚陽,紡織纖維,True,False,other_watch,A,healthy_pullback,56,1.35,6,23.43,32.65,-0.9002890080258785,60.99,Q4,3.5,7.78,6.5,-1.75,0.0,7.4,active,active,43.85,74.01,-43.85,74.01,-3.5,1.75,negative,positive,stable,decelerating,10,True,0,15.649999999999999,16.93,25.18,23.43,16.03,225.0,0.4444444444444473,0.4444444444444473,-0.20509419994690914,0.6495386443913564,-1.3333333333333308,-1.3333333333333308,0.9908720876171451,-2.324205420950476,2.0000000000000018,-1.7777777777777781,,,,,,,,,,,,,,,,,,
2026-08-05,1476,儒鴻,紡織纖維,True,False,other_watch,A,healthy_pullback,56,3.57,14,74.73,81.98,6.165929835435824,88.87,Q1,9.0,12.71,8.5,10.0,25.0,9.52,active,active,76.7,18.5,76.7,18.5,5.0,5.0,positive,positive,accelerating,accelerating,10,True,0,62.02,66.23,64.73,49.730000000000004,65.21000000000001,355.5,2.5316455696202445,2.6760563380281654,-0.20509419994690914,2.7367397695671536,-5.203938115330519,-5.0704225352112715,0.9908720876171451,-6.194810202947664,3.5161744022503605,-5.203938115330519,,,,,,,,,,,,,,,,,,
2026-08-05,2880,華南金,金融保險,True,False,other_watch,A,healthy_pullback,56,4.91,9,57.96,65.0,14.35934773066274,97.12,Q1,3.5,12.5,5.5,1.5,25.0,9.96,active,active,71.73,99.56,-71.73,99.56,-3.5,5.0,negative,positive,stable,accelerating,10,True,0,45.46,52.46,56.46,32.96,48.0,43.2,1.967592592592582,0.5707762557077611,-0.20509419994690914,2.172686792539491,1.8518518518518379,0.4566210045662267,0.9908720876171451,0.8609797642346928,3.819444444444442,-0.11574074074075513,,,,,,,,,,,,,,,,,,
2026-08-05,2618,長榮航,航運業,True,False,other_watch,A,healthy_pullback,56,5.16,7,59.43,66.45,5.209373162396713,86.78,Q1,3.5,12.5,7.0,1.5,25.0,9.93,active,active,99.35,66.08,99.35,-66.08,5.0,-3.5,positive,negative,accelerating,stable,10,True,0,46.93,52.43,57.93,34.43,49.5,43.7,-1.0297482837528626,-1.2557077625570678,-0.20509419994690914,-0.8246540838059535,-2.40274599542335,-2.6255707762557035,0.9908720876171451,-3.393618083040495,2.0594965675057253,-5.034324942791768,,,,,,,,,,,,,,,,,,
2026-08-05,2101,南港,橡膠工業,True,False,other_watch,A,healthy_pullback,55,2.91,5,55.96,57.62,2.9338793318207212,82.59,Q1,3.5,12.5,3.0,5.0,25.0,6.96,active,inactive,69.63,,69.63,0.0,5.0,0.0,positive,zero,accelerating,inactive,10,True,0,43.46,52.96,50.96,30.96,49.0,34.3,0.8746355685131268,0.4354136429608024,-0.20509419994690914,1.079729768460036,0.0,-0.43541364296082463,0.9908720876171451,-0.9908720876171451,5.685131195335291,-2.0408163265306034,,,,,,,,,,,,,,,,,,
2026-08-05,2539,櫻花建,建材營建,True,False,other_watch,A,healthy_pullback,55,4.9,5,55.58,57.62,10.827084359893657,94.63,Q1,3.5,12.5,4.0,5.0,25.0,5.58,active,inactive,55.76,,55.76,0.0,5.0,0.0,positive,zero,accelerating,inactive,10,True,0,43.08,51.58,50.58,30.58,50.0,42.85,0.5834305717619559,-0.5767012687427964,-0.20509419994690914,0.788524771708865,0.0,-1.1534025374855816,0.9908720876171451,-0.9908720876171451,2.100350058343059,-0.8168028004667427,,,,,,,,,,,,,,,,,,
2026-08-05,2850,新產,金融保險,True,False,other_watch,A,healthy_pullback,50,1.94,12,60.65,67.1,10.154909050356252,93.98,Q1,9.0,12.37,5.0,1.75,25.0,7.53,active,active,25.52,49.78,25.52,49.78,0.0,1.75,positive,positive,reversing_negative,decelerating,10,True,0,48.28,55.65,58.9,35.65,53.12,154.5,1.6181229773462702,-0.31746031746031633,-0.20509419994690914,1.8232171772931793,4.53074433656957,2.5396825396825307,0.9908720876171451,3.539872248952425,6.796116504854366,-0.9708737864077666,,,,,,,,,,,,,,,,,,
2026-08-05,2377,微星,電腦週邊,True,False,other_watch,A,healthy_pullback,50,4.32,7,52.54,60.08,12.12646447213368,95.68,Q1,3.5,12.5,6.0,-1.75,25.0,7.29,active,active,72.91,51.54,72.91,-51.54,1.75,-3.5,positive,negative,decelerating,stable,10,True,0,40.04,46.54,54.29,27.54,45.25,151.0,1.9867549668874274,1.9867549668874274,-0.20509419994690914,2.1918491668343365,2.6490066225165476,2.6490066225165476,0.9908720876171451,1.6581345348994025,4.635761589403975,-0.3311258278145712,,,,,,,,,,,,,,,,,,
2026-08-05,2637,慧洋-KY,航運業,True,False,wait_pullback,A,healthy_pullback,48,3.14,14,87.42,89.09,10.008752192728698,93.85,Q1,9.0,25.0,7.5,5.0,25.0,15.92,active,active,72.38,86.78,72.38,86.78,5.0,0.0,positive,positive,accelerating,reversing_negative,10,True,0,62.42,79.92,82.42,62.42,71.5,86.2,-0.8120649651972234,0.11709601873535203,-0.20509419994690914,-0.6069707652503142,2.204176334106722,3.1615925058547933,0.9908720876171451,1.2133042464895771,2.9002320185614883,-1.9721577726218076,,,,,,,,,,,,,,,,,,
2026-08-05,3617,碩天,其他電子,True,False,other_watch,A,healthy_pullback,48,3.93,14,68.29,74.42,8.835892836456583,92.15,Q1,9.0,13.0,4.5,5.0,25.0,11.79,active,active,88.87,29.07,88.87,29.07,5.0,0.0,positive,positive,accelerating,reversing_negative,10,True,0,55.28999999999999,63.78999999999999,63.28999999999999,43.28999999999999,56.49999999999999,230.0,-0.6521739130434745,-1.295896328293733,-0.20509419994690914,-0.44707971309656536,1.7391304347825987,1.0799136069114423,0.9908720876171451,0.7482583471654536,3.04347826086957,-2.826086956521734,,,,,,,,,,,,,,,,,,
2026-08-05,6414,樺漢,電腦週邊,True,False,other_watch,A,healthy_pullback,48,5.63,0,0.0,8.0,19.1574863699439,98.43,Q3,0.0,0.0,3.5,-4.5,0.0,0.0,active,active,3.8,24.23,-3.8,-24.23,-1.0,-3.5,negative,negative,neutral,stable,10,True,0,0.0,0.0,3.5,0.0,0.0,469.0,-0.2132196162046962,-0.2132196162046962,-0.20509419994690914,-0.008125416257787066,2.771855010660973,2.771855010660973,0.9908720876171451,1.7809829230438279,5.4371002132196145,-1.279317697228144,,,,,,,,,,,,,,,,,,
2026-08-05,5371,中光電,光電業,True,False,wait_pullback,A,healthy_pullback,48,5.85,7,52.63,59.71,0.49136436558658847,69.9,Q1,3.5,12.5,4.0,-1.75,25.0,9.38,active,active,93.85,90.31,93.85,-90.31,1.75,-3.5,positive,negative,decelerating,stable,10,True,0,40.13,48.63,54.38,27.630000000000003,43.25,89.4,-3.0201342281879207,-4.198895027624305,-0.20509419994690914,-2.8150400282410115,-4.25055928411634,-5.414364640883984,0.9908720876171451,-5.241431371733485,0.5592841163311046,-9.060402684563762,,,,,,,,,,,,,,,,,,
2026-08-05,2006,東和鋼鐵,鋼鐵工業,True,False,other_watch,A,healthy_pullback,44,4.05,5,55.9,62.99,15.695585063702966,97.51,Q1,3.5,12.5,7.5,-1.75,25.0,9.15,active,active,91.49,58.59,91.49,-58.59,1.75,-3.5,positive,negative,decelerating,stable,10,True,0,43.4,48.4,57.65,30.9,46.75,78.4,9.948979591836737,9.948979591836737,-0.20509419994690914,10.154073791783647,9.566326530612246,9.566326530612246,0.9908720876171451,8.5754544429951,13.77551020408163,-0.5102040816326592,,,,,,,,,,,,,,,,,,
2026-08-05,3441,聯一光,光電業,True,False,other_watch,A,healthy_pullback,44,8.1,0,0.0,6.5,22.020003950815912,99.21,Q3,0.0,0.0,2.0,-3.5,0.0,0.0,active,inactive,5.5,,-5.5,0.0,-3.5,0.0,negative,zero,stable,inactive,10,True,0,0.0,0.0,2.0,0.0,0.0,84.6,4.491725768321531,3.512880562060894,-0.20509419994690914,4.696819968268439,-6.028368794326234,-6.908665105386424,0.9908720876171451,-7.019240881943379,11.465721040189125,-6.619385342789597,,,,,,,,,,,,,,,,,,
2026-08-05,2027,大成鋼,鋼鐵工業,True,False,other_watch,A,healthy_pullback,42,5.97,7,51.99,55.32,10.342694193904766,94.24,Q1,3.5,12.5,5.5,0.75,25.0,4.74,active,active,47.38,76.65,47.38,-76.65,1.75,-1.0,positive,negative,decelerating,neutral,10,True,0,39.49,46.49,51.24,26.990000000000002,47.25,44.35,3.945885005636973,3.945885005636973,-0.20509419994690914,4.150979205583882,6.651634723788047,6.651634723788047,0.9908720876171451,5.660762636170902,7.779030439684309,0.0,,,,,,,,,,,,,,,,,,
2026-08-05,6214,精誠,資訊服務,True,False,other_watch,A,healthy_pullback,38,6.25,5,56.67,66.04,16.945080354906295,98.04,Q1,9.0,12.5,4.0,1.0,25.0,5.17,active,active,51.31,0.44,51.31,0.44,1.0,0.0,positive,positive,neutral,reversing_negative,10,True,0,44.17,52.67,55.67,31.67,51.5,147.5,-1.3559322033898313,-4.90196078431373,-0.20509419994690914,-1.1508380034429222,-2.033898305084747,-5.555555555555558,0.9908720876171451,-3.024770392701892,1.016949152542379,-5.0847457627118615,,,,,,,,,,,,,,,,,,
2026-08-05,4536,拓凱,37,True,False,other_watch,B1,healthy_pullback,71,-1.48,2,33.51,41.4,-2.4152802006612966,54.06,Q2,3.5,12.5,5.0,1.5,5.0,6.01,active,active,60.08,89.43,60.08,-89.43,5.0,-3.5,positive,negative,accelerating,stable,10,True,0,21.009999999999998,28.509999999999998,32.01,28.509999999999998,27.5,165.0,1.5151515151515138,0.9036144578313143,-0.20509419994690914,1.720245715098423,3.9393939393939315,3.3132530120481896,0.9908720876171451,2.9485218517767864,3.9393939393939315,0.0,,,,,,,,,,,,,,,,,,
2026-08-05,6197,佳必琪,電子零組件,True,False,other_watch,B1,healthy_pullback,71,-1.73,3,21.49,25.36,-11.286958074500554,25.98,Q4,3.5,2.78,5.0,4.75,0.0,5.46,active,active,17.93,54.63,-17.93,54.63,3.0,1.75,negative,positive,reversing_positive,decelerating,10,True,0,18.71,16.490000000000002,16.740000000000002,21.490000000000002,16.03,312.5,1.2799999999999923,1.2799999999999923,-0.20509419994690914,1.4850941999469014,-1.1199999999999988,-1.1199999999999988,0.9908720876171451,-2.110872087617144,2.719999999999989,-6.240000000000001,,,,,,,,,,,,,,,,,,
2026-08-05,2890,永豐金,金融保險,True,False,other_watch,B1,healthy_pullback,63,-1.0,14,57.76,61.27,-1.863803167769018,56.68,Q2,9.0,16.16,7.5,5.0,5.0,15.1,active,active,91.1,59.91,91.1,59.91,5.0,0.0,positive,positive,accelerating,reversing_negative,10,True,0,41.599999999999994,50.26,52.76,52.76,42.66,39.2,-1.2755102040816313,-2.14917825537293,-0.20509419994690914,-1.0704160041347222,-0.7653061224489943,-1.643489254108721,0.9908720876171451,-1.7561782100661394,1.0204081632652962,-1.913265306122447,,,,,,,,,,,,,,,,,,
2026-08-05,2891,中信金,金融保險,True,False,other_watch,B1,healthy_pullback,61,-0.3,14,50.51,57.62,-4.0754196129620945,47.51,Q2,9.0,12.67,7.0,6.0,5.0,10.84,active,active,92.54,15.86,92.54,15.86,5.0,1.0,positive,positive,accelerating,neutral,10,True,0,37.84,43.510000000000005,44.510000000000005,45.510000000000005,39.67,65.1,-0.7680491551459334,-2.121212121212135,-0.20509419994690914,-0.5629549551990243,2.1505376344086002,0.7575757575757569,0.9908720876171451,1.1596655467914552,2.1505376344086002,-0.7680491551459334,,,,,,,,,,,,,,,,,,
2026-08-05,2633,台灣高鐵,航運業,True,False,other_watch,B1,healthy_pullback,61,-0.48,2,25.33,28.65,0.013546976004497058,66.36,Q4,3.5,12.5,5.5,-1.0,0.0,4.83,active,active,48.3,92.95,48.3,-92.95,0.0,-1.0,positive,negative,reversing_negative,neutral,10,True,0,12.829999999999998,19.83,26.33,25.33,20.5,25.7,0.3891050583657574,-0.3861003861003742,-0.20509419994690914,0.5941992583126665,0.7782101167315147,0.0,0.9908720876171451,-0.21266197088563032,1.1673151750972721,-0.1945525291828787,,,,,,,,,,,,,,,,,,
2026-08-05,6278,台表科,光電業,True,False,other_watch,B1,healthy_pullback,59,-1.18,2,8.58,13.89,-11.938667476209952,24.35,Q4,3.5,0.04,6.0,-1.0,0.0,0.04,active,active,0.39,77.97,0.39,-77.97,0.0,-1.0,positive,negative,reversing_negative,neutral,10,True,0,8.54,2.5799999999999983,9.579999999999998,8.579999999999998,8.54,165.0,-1.5151515151515138,-3.2738095238095233,-0.20509419994690914,-1.3100573152046047,3.9393939393939315,2.083333333333326,0.9908720876171451,2.9485218517767864,3.9393939393939315,-6.666666666666665,,,,,,,,,,,,,,,,,,
2026-08-05,2601,益航,航運業,True,False,other_watch,B1,healthy_pullback,56,-8.96,7,21.63,25.18,-3.4782487101143396,50.79,Q2,3.5,6.77,3.0,1.75,5.0,1.61,active,inactive,16.1,,16.1,0.0,1.75,0.0,positive,zero,decelerating,inactive,10,True,0,14.86,18.63,19.88,16.63,20.02,6.4,-2.0312500000000067,-3.538461538461546,-0.20509419994690914,-1.8261558000530975,-1.2499999999999956,-2.7692307692307683,0.9908720876171451,-2.2408720876171406,1.5625,-3.5937500000000067,,,,,,,,,,,,,,,,,,
2026-08-05,6196,帆宣,其他電子,True,False,wait_pullback,B1,healthy_pullback,53,-1.55,7,11.0,21.17,-7.523118612262515,35.73,Q4,3.5,1.44,7.5,-1.75,0.0,0.31,active,active,3.14,49.34,3.14,-49.34,1.75,-3.5,positive,negative,decelerating,stable,10,True,0,9.56,3.5,12.75,11.0,10.69,501.0,1.3972055888223478,-0.19646365422396617,-0.20509419994690914,1.602299788769257,1.1976047904191711,-0.39292730844793233,0.9908720876171451,0.20673270280202605,3.792415169660668,-3.4930139720558917,,,,,,,,,,,,,,,,,,
2026-08-05,5876,上海商銀,金融保險,True,False,other_watch,B1,healthy_pullback,51,-1.01,5,38.54,40.57,6.034844860509936,88.61,Q2,3.5,12.5,7.0,0.75,5.0,9.79,active,active,97.91,81.5,97.91,-81.5,1.75,-1.0,positive,negative,decelerating,neutral,10,True,0,26.04,31.54,37.79,33.54,28.75,43.65,-0.45819014891178567,-1.5855039637599044,-0.20509419994690914,-0.2530959489648765,-0.6872852233676952,-1.812004530011324,0.9908720876171451,-1.6781573109848402,1.7182130584192379,-1.718213058419249,,,,,,,,,,,,,,,,,,
2026-08-05,2646,星宇航空,航運業,True,False,other_watch,B1,healthy_pullback,51,-1.16,5,39.0,41.36,1.9074863699438893,77.36,Q2,3.5,12.5,6.0,4.0,5.0,8.0,active,active,79.97,88.99,79.97,-88.99,5.0,-1.0,positive,negative,accelerating,neutral,10,True,0,26.5,33.0,35.0,34.0,31.0,21.2,-0.2358490566037763,-0.7042253521126862,-0.20509419994690914,-0.03075485665686717,-2.1226415094339535,-2.5821596244131495,0.9908720876171451,-3.1135135970510985,0.943396226415083,-3.0660377358490476,,,,,,,,,,,,,,,,,,
2026-08-05,2889,國票金,金融保險,True,False,other_watch,B1,healthy_pullback,51,-1.76,12,34.94,44.96,2.234283755564803,79.58,Q2,9.0,12.52,4.0,1.0,5.0,3.42,active,active,32.85,1.32,32.85,1.32,0.0,1.0,positive,positive,reversing_negative,neutral,10,True,0,22.419999999999998,30.939999999999998,33.94,29.939999999999998,31.519999999999996,15.3,0.0,-0.32573289902279035,-0.20509419994690914,0.20509419994690914,0.32679738562091387,0.0,0.9908720876171451,-0.6640747019962312,0.6535947712418277,-0.6535947712418388,,,,,,,,,,,,,,,,,,
2026-08-05,1303,南亞,塑膠工業,True,False,other_watch,B1,healthy_pullback,48,-3.15,3,17.63,27.28,8.213792676250197,91.49,Q3,3.5,5.76,5.0,-3.5,0.0,6.87,active,active,74.08,68.72,-74.08,68.72,-3.5,0.0,negative,positive,stable,reversing_negative,10,True,0,11.87,12.629999999999999,21.13,17.63,10.759999999999998,174.0,2.586206896551735,0.8474576271186418,-0.20509419994690914,2.791301096498644,6.321839080459779,4.519774011299438,0.9908720876171451,5.330966992842634,10.919540229885062,-2.5862068965517238,,,,,,,,,,,,,,,,,,
2026-08-05,4541,晟田,其他,True,False,wait_pullback,B1,healthy_pullback,48,-4.0,7,45.35,48.92,9.92712630447743,93.46,Q1,3.5,6.35,4.0,5.0,25.0,1.5,active,inactive,15.05,,15.05,0.0,5.0,0.0,positive,zero,accelerating,inactive,10,True,0,39.0,41.35,40.35,20.35,43.85,66.4,-4.06626506024097,-3.4848484848484795,-0.20509419994690914,-3.861170860294061,-1.5060240963855387,-0.9090909090909038,0.9908720876171451,-2.4968961840026838,0.9036144578313143,-4.367469879518082,,,,,,,,,,,,,,,,,,
2026-08-05,5434,崇越,電子通路,True,False,other_watch,B1,healthy_pullback,48,-4.74,5,56.64,63.83,1.1322925714942755,73.43,Q1,3.5,12.5,5.5,1.5,25.0,8.64,active,active,86.39,98.24,86.39,-98.24,5.0,-3.5,positive,negative,accelerating,stable,10,True,0,44.14,51.14,55.14,31.64,48.0,512.0,-0.5859375,-0.5859375,-0.20509419994690914,-0.38084330005309086,0.390625,0.390625,0.9908720876171451,-0.6002470876171451,2.9296875,-3.3203125,,,,,,,,,,,,,,,,,,
2026-08-05,2527,宏璟,建材營建,True,False,other_watch,B1,healthy_pullback,46,-7.27,3,3.52,18.36,2.2595990460002158,79.97,Q3,3.5,0.04,2.0,-2.5,0.0,0.48,active,active,77.88,4.85,-77.88,4.85,-3.5,1.0,negative,positive,stable,neutral,10,True,0,3.48,1.52,6.02,3.52,3.04,42.45,8.244994110718483,7.485380116959073,-0.20509419994690914,8.450088310665393,12.131919905771493,11.345029239766081,0.9908720876171451,11.141047818154348,15.31213191990577,0.0,,,,,,,,,,,,,,,,,,
2026-08-05,4162,智擎,生技醫療,True,False,other_watch,B1,healthy_pullback,44,-2.38,0,2.5,5.5,1.7507465580316683,76.31,Q3,0.0,0.0,3.5,-1.0,0.0,0.0,active,inactive,7.59,,-7.59,0.0,-1.0,0.0,negative,zero,neutral,inactive,10,True,0,2.5,0.0,3.5,2.5,2.5,63.8,-0.940438871473348,-0.7849293563579329,-0.20509419994690914,-0.7353446715264389,1.4106583072100332,1.5698587127158659,0.9908720876171451,0.4197862195928881,1.4106583072100332,-1.8808777429467072,,,,,,,,,,,,,,,,,,
2026-08-05,4939,亞電,電子零組件,True,False,other_watch,B1,healthy_pullback,44,-4.27,0,6.0,7.0,2.4151005831418493,80.37,Q3,0.0,0.0,3.0,3.0,0.0,0.0,active,inactive,4.45,,-4.45,0.0,3.0,0.0,negative,zero,reversing_positive,inactive,10,True,0,6.0,3.0,3.0,6.0,6.0,59.4,3.367003367003374,3.367003367003374,-0.20509419994690914,3.572097566950283,3.1986531986532007,3.1986531986532007,0.9908720876171451,2.2077811110360557,13.13131313131315,-0.16835016835017313,,,,,,,,,,,,,,,,,,
2026-08-05,2845,遠東銀,金融保險,True,False,other_watch,B1,healthy_pullback,43,-0.56,12,43.36,51.46,2.6650621275196684,82.07,Q2,9.0,12.53,5.5,1.75,5.0,9.58,active,active,93.59,2.2,93.59,2.2,0.0,1.75,positive,positive,reversing_negative,decelerating,10,True,0,30.83,37.86,41.61,38.36,33.78,13.2,-0.37878787878786735,-1.1278195488721776,-0.20509419994690914,-0.1736936788409582,-0.37878787878786735,-1.1278195488721776,0.9908720876171451,-1.3696599664050124,1.1363636363636465,-0.7575757575757569,,,,,,,,,,,,,,,,,,
2026-08-06,6177,達麗,建材營建,True,True,buy_candidates,A,healthy_pullback,86,1.65,0,0.0,7.5,8.677167435110334,90.34,Q3,0.0,0.0,3.0,-4.5,0.0,0.0,active,active,96.86,26.24,-96.86,-26.24,-3.5,-1.0,negative,negative,stable,neutral,11,True,0,0.0,0.0,3.0,0.0,0.0,47.95,1.7726798748696426,2.092050209205021,-0.5045675685627415,2.277247443432384,,,,,,,,,,,,,,,,,,,,,,,,
2026-08-06,2605,新興,航運業,True,True,buy_candidates,A,healthy_pullback,80,1.67,12,66.99,74.77,6.150761497342705,86.42,Q1,9.0,12.66,7.5,2.75,25.0,10.08,active,active,84.05,16.74,84.05,16.74,1.75,1.0,positive,positive,decelerating,neutral,11,True,0,54.33,59.489999999999995,64.24,41.989999999999995,56.91,32.0,1.7187499999999911,1.7187499999999911,-0.5045675685627415,2.2233175685627327,,,,,,,,,,,,,,,,,,,,,,,,
2026-08-06,5371,中光電,光電業,True,True,buy_candidates,A,healthy_pullback,80,1.4,7,33.03,40.33,-8.424738205803928,27.94,Q2,3.5,12.5,4.5,-1.75,5.0,9.28,active,active,92.81,92.31,92.81,-92.31,1.75,-3.5,positive,negative,decelerating,stable,11,True,0,20.53,28.53,34.78,28.03,23.75,86.7,-4.267589388696658,-4.267589388696658,-0.5045675685627415,-3.7630218201339165,,,,,,,,,,,,,,,,,,,,,,,,
2026-08-06,3362,先進光,光電業,True,True,buy_candidates,A,healthy_pullback,76,2.77,3,5.5,6.5,7.686859807634572,88.64,Q3,0.0,0.0,2.5,3.0,0.0,0.0,active,inactive,1.31,,-1.31,0.0,3.0,0.0,negative,zero,reversing_positive,inactive,11,True,0,5.5,3.0,2.5,5.5,5.5,180.0,-3.6111111111111094,-1.4204545454545414,-0.5045675685627415,-3.106543542548368,,,,,,,,,,,,,,,,,,,,,,,,
2026-08-06,2330,台積電,半導體業,True,True,buy_candidates,B1,healthy_pullback,74,1.5,6,31.49,34.0,-1.1318400861160427,52.74,Q2,3.5,7.93,5.0,3.0,5.0,7.06,active,active,1.44,70.59,-1.44,70.59,3.0,0.0,negative,positive,reversing_positive,reversing_negative,11,True,0,23.56,26.49,28.49,26.49,24.43,2390.0,-0.8368200836820106,0.21141649048626032,-0.5045675685627415,-0.332252515119269,,,,,,,,,,,,,,,,,,,,,,,,
2026-08-06,3005,神基,電腦週邊,True,True,buy_candidates,A,healthy_pullback,72,3.12,5,52.88,60.63,10.366815510846084,93.08,Q1,3.5,12.5,5.5,-1.75,25.0,8.13,active,active,81.31,60.18,81.31,-60.18,1.75,-3.5,positive,negative,decelerating,stable,11,True,0,40.38,47.38,54.63,27.880000000000003,44.75,115.5,-0.43290043290042934,-0.43290043290042934,-0.5045675685627415,0.0716671356623122,,,,,,,,,,,,,,,,,,,,,,,,
2026-08-06,2302,麗正,半導體業,True,True,buy_candidates,A,healthy_pullback,66,5.51,12,38.16,49.38,-7.574005453230702,30.94,Q2,9.0,9.79,6.5,5.0,5.0,2.87,active,active,23.27,5.43,23.27,5.43,5.0,0.0,positive,positive,accelerating,reversing_negative,11,True,0,28.369999999999997,31.659999999999997,33.16,33.16,35.29,43.2,-0.6944444444444531,-0.34843205574912606,-0.5045675685627415,-0.18987687588171154,,,,,,,,,,,,,,,,,,,,,,,,
2026-08-06,3034,聯詠,半導體業,True,True,buy_candidates,B1,healthy_pullback,64,6.16,7,54.97,62.71,2.7411315163180405,74.02,Q1,3.5,12.5,7.5,-1.75,25.0,8.22,active,active,82.22,65.16,82.22,-65.16,1.75,-3.5,positive,negative,decelerating,stable,11,True,0,42.47,47.47,56.72,29.97,46.75,541.0,0.1848428835489857,-0.18416206261510082,-0.5045675685627415,0.6894104521117272,,,,,,,,,,,,,,,,,,,,,,,,
2026-08-06,3709,鑫聯大投控,電腦週邊,True,True,buy_candidates,B1,healthy_pullback,60,7.43,7,58.05,59.82,11.53151242277899,94.78,Q1,3.5,12.5,4.0,5.0,25.0,8.05,active,inactive,80.52,,80.52,0.0,5.0,0.0,positive,zero,accelerating,inactive,11,True,0,45.55,54.05,53.05,33.05,50.0,79.8,-0.5012531328320691,-0.12578616352200145,-0.5045675685627415,0.0033144357306724714,,,,,,,,,,,,,,,,,,,,,,,,
2026-08-06,3293,鈊象,文化創意,True,True,buy_candidates,B1,healthy_pullback,56,6.31,7,66.72,66.84,7.737789270328732,88.77,Q1,3.5,12.5,8.0,8.0,25.0,9.72,active,active,97.25,57.92,97.25,-57.92,5.0,3.0,positive,negative,accelerating,reversing_positive,11,True,0,54.22,58.72,58.72,41.72,57.0,784.0,1.913265306122458,1.913265306122458,-0.5045675685627415,2.4178328746851996,,,,,,,,,,,,,,,,,,,,,,,,
2026-08-06,1402,遠東新,紡織纖維,True,True,high_priority_watch,A,healthy_pullback,76,0.09,7,47.88,47.95,-0.12710958622711432,58.03,Q2,3.5,12.5,9.0,8.0,5.0,9.88,active,active,98.82,76.02,98.82,-76.02,5.0,3.0,positive,negative,accelerating,reversing_positive,11,True,0,35.38,38.88,39.88,42.88,38.0,26.9,2.230483271375472,1.85185185185186,-0.5045675685627415,2.7350508399382134,,,,,,,,,,,,,,,,,,,,,,,,
2026-08-06,2886,兆豐金,金融保險,True,True,high_priority_watch,A,healthy_pullback,72,1.11,6,33.23,40.46,10.40358752436228,93.21,Q4,3.5,12.5,6.0,1.5,0.0,9.73,active,active,81.57,97.29,-81.57,97.29,-3.5,5.0,negative,positive,stable,accelerating,11,True,0,20.730000000000004,27.230000000000004,31.730000000000004,33.230000000000004,23.500000000000004,51.2,-0.5859375000000111,1.1928429423459175,-0.5045675685627415,-0.08136993143726956,,,,,,,,,,,,,,,,,,,,,,,,
2026-08-06,2885,元大金,金融保險,True,True,high_priority_watch,A,healthy_pullback,62,1.51,12,61.02,63.77,-3.228891108116361,45.17,Q2,9.0,25.0,7.5,0.0,5.0,14.52,active,active,57.91,87.33,57.91,87.33,0.0,0.0,positive,positive,reversing_negative,reversing_negative,11,True,0,36.019999999999996,53.519999999999996,61.019999999999996,56.019999999999996,46.5,68.6,-1.311953352769668,0.8941877794336861,-0.5045675685627415,-0.8073857842069265,,,,,,,,,,,,,,,,,,,,,,,,
2026-08-06,2615,萬海,航運業,True,True,high_priority_watch,A,healthy_pullback,72,1.57,5,31.22,39.33,9.096239680490491,90.99,Q2,3.5,12.5,6.5,-3.5,5.0,7.22,active,active,72.16,22.62,72.16,-22.62,0.0,-3.5,positive,negative,reversing_negative,stable,11,True,0,18.72,24.72,34.72,26.22,24.0,84.6,0.35460992907803135,0.7117437722420128,-0.5045675685627415,0.8591774976407729,,,,,,,,,,,,,,,,,,,,,,,,
2026-08-06,2850,新產,金融保險,True,True,high_priority_watch,A,healthy_pullback,72,1.62,12,43.94,50.28,10.459201621072278,93.34,Q2,9.0,14.84,4.5,1.0,5.0,9.6,active,active,45.36,50.68,45.36,50.68,0.0,1.0,positive,positive,reversing_negative,neutral,11,True,0,29.100000000000005,39.440000000000005,42.940000000000005,38.940000000000005,34.34,155.5,4.8231511254019255,3.821656050955413,-0.5045675685627415,5.327718693964667,,,,,,,,,,,,,,,,,,,,,,,,
2026-08-06,3617,碩天,其他電子,True,True,high_priority_watch,A,healthy_pullback,72,2.58,12,44.16,50.9,-1.0666415929256545,53.0,Q2,9.0,12.98,4.0,1.75,5.0,11.43,active,active,85.36,28.96,85.36,28.96,1.75,0.0,positive,positive,decelerating,reversing_negative,11,True,0,31.180000000000003,40.160000000000004,42.410000000000004,39.160000000000004,32.730000000000004,229.5,1.089324618736387,1.5317286652078765,-0.5045675685627415,1.5938921872991285,,,,,,,,,,,,,,,,,,,,,,,,
2026-08-06,5490,同亨,電腦週邊,True,True,high_priority_watch,A,healthy_pullback,68,3.73,0,2.0,5.0,12.990961646389865,95.56,Q3,0.0,0.0,3.0,-1.0,0.0,0.0,active,inactive,19.22,,-19.22,0.0,-1.0,0.0,negative,zero,neutral,inactive,11,True,0,2.0,0.0,3.0,2.0,2.0,32.2,-4.658385093167716,-7.946026986506749,-0.5045675685627415,-4.153817524604975,,,,,,,,,,,,,,,,,,,,,,,,
2026-08-06,2618,長榮航,航運業,True,True,high_priority_watch,A,healthy_pullback,68,3.84,7,56.0,63.11,11.45695002690923,94.52,Q1,3.5,12.5,7.0,-1.75,25.0,9.75,active,active,97.52,65.61,97.52,-65.61,1.75,-3.5,positive,negative,decelerating,stable,11,True,0,43.5,49.0,57.75,31.0,46.25,43.2,2.777777777777768,2.6589595375722475,-0.5045675685627415,3.2823453463405095,,,,,,,,,,,,,,,,,,,,,,,,
2026-08-06,2884,玉山金,金融保險,True,True,high_priority_watch,A,healthy_pullback,72,3.9,12,61.42,69.43,12.133588139255002,95.04,Q1,9.0,9.54,6.5,5.0,25.0,6.38,active,active,17.65,46.15,17.65,46.15,0.0,5.0,positive,positive,reversing_negative,accelerating,11,True,0,51.88,54.92,56.42,36.42,55.04,37.8,0.92592592592593,0.5270092226613787,-0.5045675685627415,1.4304934944886716,,,,,,,,,,,,,,,,,,,,,,,,
2026-08-06,2867,三商壽,金融保險,True,True,high_priority_watch,A,healthy_pullback,72,4.49,7,60.07,61.44,13.19583540690361,95.95,Q1,3.5,12.5,5.0,5.0,25.0,9.07,active,inactive,90.72,,90.72,0.0,5.0,0.0,positive,zero,accelerating,inactive,11,True,0,47.57,55.07,55.07,35.07,51.0,9.77,0.4094165813715467,0.4094165813715467,-0.5045675685627415,0.9139841499342882,,,,,,,,,,,,,,,,,,,,,,,,
2026-08-06,1907,永豐餘,造紙工業,True,False,wait_pullback,A,healthy_pullback,55,5.75,14,89.29,91.75,11.901615727956004,94.91,Q1,9.0,24.92,7.5,6.75,25.0,16.12,active,active,80.65,80.54,80.65,80.54,5.0,1.75,positive,positive,accelerating,decelerating,11,True,0,64.37,81.79,82.54,64.29,73.17,30.45,1.3136288998357948,1.6474464579901094,-0.5045675685627415,1.8181964683985363,,,,,,,,,,,,,,,,,,,,,,,,
2026-08-06,2027,大成鋼,鋼鐵工業,True,False,wait_pullback,A,healthy_pullback,55,8.28,7,62.95,63.35,16.611761457567063,97.13,Q1,3.5,12.5,5.0,8.0,25.0,8.95,active,active,89.54,89.59,89.54,-89.59,5.0,3.0,positive,negative,accelerating,reversing_positive,11,True,0,50.45,57.95,54.95,37.95,54.0,45.95,1.4145810663764857,1.0845986984815648,-0.5045675685627415,1.9191486349392273,,,,,,,,,,,,,,,,,,,,,,,,
2026-08-06,2006,東和鋼鐵,鋼鐵工業,True,True,high_priority_watch,A,healthy_pullback,45,11.3,5,62.02,64.23,28.215652720148412,99.48,Q1,3.5,12.5,7.5,4.0,25.0,9.52,active,active,95.16,52.49,95.16,-52.49,5.0,-1.0,positive,negative,accelerating,neutral,11,True,0,49.519999999999996,54.519999999999996,58.019999999999996,37.019999999999996,52.5,85.6,3.3878504672897325,2.6682134570765736,-0.5045675685627415,3.892418035852474,,,,,,,,,,,,,,,,,,,,,,,,
2026-08-06,1101,台泥,水泥工業,True,True,high_priority_watch,B1,healthy_pullback,64,2.63,3,17.32,24.26,8.336210456985205,89.95,Q3,3.5,0.17,7.0,4.75,0.0,1.9,active,active,62.61,19.0,-62.61,19.0,3.0,1.75,negative,positive,reversing_positive,decelerating,11,True,0,17.15,10.32,12.57,17.32,15.42,24.3,0.2057613168724215,0.0,-0.5045675685627415,0.710328885435163,,,,,,,,,,,,,,,,,,,,,,,,
2026-08-06,6279,胡連,電子零組件,True,True,high_priority_watch,B1,healthy_pullback,74,2.77,7,56.27,59.13,0.10237440056851677,59.01,Q1,3.5,12.5,3.5,4.0,25.0,7.77,active,active,77.65,28.05,77.65,-28.05,5.0,-1.0,positive,negative,accelerating,neutral,11,True,0,43.769999999999996,52.769999999999996,52.269999999999996,31.269999999999996,48.5,121.5,4.115226337448563,4.9792531120331995,-0.5045675685627415,4.619793906011305,,,,,,,,,,,,,,,,,,,,,,,,
2026-08-06,1477,聚陽,紡織纖維,True,True,high_priority_watch,B1,healthy_pullback,53,2.84,6,24.11,33.51,3.8178121885869443,79.24,Q3,3.5,8.16,7.0,-1.75,0.0,7.2,active,active,76.47,71.95,-76.47,71.95,-3.5,1.75,negative,positive,stable,decelerating,11,True,0,15.95,17.11,25.86,24.11,16.91,226.0,-0.8849557522123908,-0.8849557522123908,-0.5045675685627415,-0.3803881836496492,,,,,,,,,,,,,,,,,,,,,,,,
2026-08-06,3032,偉訓,電子零組件,True,True,high_priority_watch,B1,healthy_pullback,46,5.5,5,51.5,53.77,14.270601483724542,96.34,Q1,3.5,12.5,2.0,1.75,25.0,6.75,active,inactive,67.45,,67.45,0.0,1.75,0.0,positive,zero,decelerating,inactive,11,True,0,39.0,49.5,49.75,26.5,44.75,84.4,-2.6066350710900466,-2.6066350710900466,-0.5045675685627415,-2.102067502527305,,,,,,,,,,,,,,,,,,,,,,,,
2026-08-06,3023,信邦,電子零組件,True,False,wait_pullback,B1,healthy_pullback,46,7.31,15,84.73,88.44,4.020416704571739,80.29,Q1,9.0,25.0,6.5,6.75,25.0,12.48,active,active,38.82,85.97,38.82,85.97,1.75,5.0,positive,positive,decelerating,accelerating,11,True,0,59.730000000000004,78.23,77.98,59.730000000000004,72.25,320.0,-0.6249999999999978,-1.5479876160990669,-0.5045675685627415,-0.12043243143725624,,,,,,,,,,,,,,,,,,,,,,,,
2026-08-06,2354,鴻準,其他電子,True,False,wait_pullback,B1,healthy_pullback,35,8.73,14,63.82,72.03,8.279013767664178,89.82,Q1,9.0,12.64,6.5,1.75,25.0,8.93,active,active,74.38,14.93,74.38,14.93,1.75,0.0,positive,positive,decelerating,reversing_negative,11,True,0,51.18,57.32,62.07,38.82,54.89,62.7,-1.4354066985646008,1.3114754098360715,-0.5045675685627415,-0.9308391300018592,,,,,,,,,,,,,,,,,,,,,,,,
2026-08-06,3260,威剛,半導體業,True,False,wait_pullback,B1,healthy_pullback,41,10.72,14,62.31,72.43,7.132875837809016,87.99,Q1,9.0,12.6,6.0,5.0,25.0,4.71,active,active,33.99,13.12,33.99,13.12,5.0,0.0,positive,positive,accelerating,reversing_negative,11,True,0,49.71,56.31,57.31,37.31,57.6,427.0,-2.576112412177989,-1.187648456057011,-0.5045675685627415,-2.0715448436152473,,,,,,,,,,,,,,,,,,,,,,,,
2026-08-06,3665,貿聯-KY,其他電子,True,False,wait_pullback,B1,healthy_pullback,36,11.79,9,64.96,65.42,27.661797150992975,99.22,Q1,3.5,12.5,6.5,8.0,25.0,9.46,active,active,13.33,94.57,-13.33,94.57,3.0,5.0,negative,positive,reversing_positive,accelerating,11,True,0,52.46000000000001,58.46000000000001,56.96000000000001,39.96000000000001,55.50000000000001,2300.0,-4.347826086956519,-7.1729957805907185,-0.5045675685627415,-3.8432585183937773,,,,,,,,,,,,,,,,,,,,,,,,
2026-08-06,6214,精誠,資訊服務,True,False,other_watch,A,healthy_pullback,62,0.87,5,34.91,40.9,10.702732823507578,93.73,Q1,3.5,2.87,4.0,-1.0,25.0,0.54,active,active,5.36,9.95,5.36,-9.95,0.0,-1.0,positive,negative,reversing_negative,neutral,11,True,0,32.040000000000006,30.910000000000004,35.910000000000004,9.910000000000004,34.370000000000005,145.0,1.0344827586206806,0.6872852233676952,-0.5045675685627415,1.5390503271834222,,,,,,,,,,,,,,,,,,,,,,,,
2026-08-06,2425,承啟,電腦週邊,True,False,other_watch,A,healthy_pullback,62,5.3,5,35.58,40.66,24.362533860357807,98.69,Q1,3.5,1.75,4.0,1.0,25.0,0.33,active,active,3.27,0.68,3.27,0.0,1.0,0.0,positive,zero,neutral,neutral,11,True,0,33.83,31.58,34.58,10.579999999999998,35.25,48.2,9.751037344398327,9.865005192108,-0.5045675685627415,10.255604912961068,,,,,,,,,,,,,,,,,,,,,,,,
2026-08-06,2637,慧洋-KY,航運業,True,False,other_watch,A,healthy_pullback,56,3.26,12,89.73,91.58,9.799955045729813,92.17,Q1,9.0,25.0,7.5,6.75,25.0,16.48,active,active,74.77,90.05,74.77,90.05,1.75,5.0,positive,positive,decelerating,accelerating,11,True,0,64.73,82.23,82.98,64.73,73.25,85.8,2.447552447552459,2.807017543859658,-0.5045675685627415,2.9521200161152006,,,,,,,,,,,,,,,,,,,,,,,,
2026-08-06,2101,南港,橡膠工業,True,False,other_watch,A,healthy_pullback,56,3.36,5,51.26,54.2,5.59557819113039,84.73,Q1,3.5,12.5,3.5,1.75,25.0,5.01,active,inactive,50.07,,50.07,0.0,1.75,0.0,positive,zero,decelerating,inactive,11,True,0,38.76,47.76,49.51,26.259999999999998,46.25,34.45,3.0478955007256836,2.6011560693641522,-0.5045675685627415,3.552463069288425,,,,,,,,,,,,,,,,,,,,,,,,
2026-08-06,2539,櫻花建,建材營建,True,False,other_watch,A,healthy_pullback,56,4.17,5,49.31,53.24,13.014354790301974,95.69,Q1,3.5,12.5,3.5,1.75,25.0,3.06,active,inactive,30.59,,30.59,0.0,1.75,0.0,positive,zero,decelerating,inactive,11,True,0,36.81,45.81,47.56,24.310000000000002,46.25,43.4,-0.23041474654378336,0.46403712296982924,-0.5045675685627415,0.2741528220189582,,,,,,,,,,,,,,,,,,,,,,,,
2026-08-06,2883,凱基金,金融保險,True,False,other_watch,A,healthy_pullback,54,1.83,12,87.02,89.41,2.5992221467070142,73.24,Q1,9.0,23.14,6.5,6.75,25.0,16.63,active,active,89.8,76.47,89.8,76.47,1.75,5.0,positive,positive,decelerating,accelerating,11,True,0,63.879999999999995,80.52,80.27,62.019999999999996,70.39,30.5,1.1475409836065653,0.8169934640522847,-0.5045675685627415,1.6521085521693069,,,,,,,,,,,,,,,,,,,,,,,,
2026-08-06,3231,緯創,電腦週邊,True,False,wait_pullback,A,healthy_pullback,52,10.98,12,79.02,83.25,32.27649088190727,99.87,Q1,9.0,20.5,8.5,3.5,25.0,12.52,active,active,53.73,71.49,53.73,71.49,1.75,1.75,positive,positive,decelerating,decelerating,11,True,0,58.519999999999996,70.52,75.52,54.019999999999996,66.5,188.0,-2.393617021276595,-3.16622691292876,-0.5045675685627415,-1.8890494527138535,,,,,,,,,,,,,,,,,,,,,,,,
2026-08-06,6414,樺漢,電腦週邊,True,False,other_watch,A,healthy_pullback,50,5.41,0,3.0,10.0,18.766539204145637,97.52,Q3,0.0,0.0,3.5,-0.5,0.0,0.0,active,active,4.71,37.1,-4.71,-37.1,3.0,-3.5,negative,negative,reversing_positive,stable,11,True,0,3.0,0.0,3.5,3.0,3.0,467.5,1.3903743315508033,1.2820512820512775,-0.5045675685627415,1.8949419001135448,,,,,,,,,,,,,,,,,,,,,,,,
2026-08-06,1476,儒鴻,紡織纖維,True,False,other_watch,A,healthy_pullback,48,4.89,7,54.17,62.56,11.407097902872666,94.39,Q1,3.5,12.5,8.5,-1.75,25.0,6.42,active,active,64.18,20.36,64.18,-20.36,1.75,-3.5,positive,negative,decelerating,stable,11,True,0,41.67,45.67,55.92,29.17,47.75,360.0,-3.6111111111111094,-4.80109739368999,-0.5045675685627415,-3.106543542548368,,,,,,,,,,,,,,,,,,,,,,,,
2026-08-06,6416,瑞祺電通,通信網路,True,False,wait_pullback,A,healthy_pullback,48,5.37,7,52.22,54.78,8.892033235030205,90.6,Q1,3.5,12.5,3.5,1.75,25.0,5.97,active,inactive,59.74,,59.74,0.0,1.75,0.0,positive,zero,decelerating,inactive,11,True,0,39.72,48.72,50.47,27.22,46.25,102.0,0.9803921568627416,0.0,-0.5045675685627415,1.4849597254254832,,,,,,,,,,,,,,,,,,,,,,,,
2026-08-06,1709,和益,化學工業,True,False,other_watch,A,healthy_pullback,47,8.11,0,0.0,7.0,18.373806820260064,97.39,Q3,0.0,0.0,2.5,-3.5,0.0,0.0,active,inactive,32.94,,-32.94,0.0,-3.5,0.0,negative,zero,stable,inactive,11,True,0,0.0,0.0,2.5,0.0,0.0,27.8,0.0,0.5424954792043524,-0.5045675685627415,0.5045675685627415,,,,,,,,,,,,,,,,,,,,,,,,
2026-08-06,2880,華南金,金融保險,True,False,other_watch,A,healthy_pullback,42,5.51,9,58.0,65.0,13.882133887039606,96.08,Q1,3.5,12.5,5.5,1.5,25.0,10.0,active,active,84.18,100.0,-84.18,100.0,-3.5,5.0,negative,positive,stable,accelerating,11,True,0,45.5,52.5,56.5,33.0,48.0,44.15,0.5662514156285381,0.7945516458569779,-0.5045675685627415,1.0708189841912796,,,,,,,,,,,,,,,,,,,,,,,,
2026-08-06,3441,聯一光,光電業,True,False,other_watch,A,healthy_pullback,42,11.9,0,5.0,6.0,30.48628260705737,99.74,Q3,0.0,0.0,2.0,3.0,0.0,0.0,active,inactive,2.75,,-2.75,0.0,3.0,0.0,negative,zero,reversing_positive,inactive,11,True,0,5.0,3.0,2.0,5.0,5.0,87.0,-2.9885057471264354,-4.524886877828049,-0.5045675685627415,-2.483938178563694,,,,,,,,,,,,,,,,,,,,,,,,
2026-08-06,2377,微星,電腦週邊,True,False,wait_pullback,A,healthy_pullback,38,6.39,7,60.16,61.0,11.375659271081927,94.26,Q1,3.5,12.5,6.5,4.75,25.0,7.91,active,active,79.08,37.56,79.08,-37.56,1.75,3.0,positive,negative,decelerating,reversing_positive,11,True,0,47.66,53.66,55.41,35.16,52.25,154.0,-0.649350649350644,-0.649350649350644,-0.5045675685627415,-0.14478308078790247,,,,,,,,,,,,,,,,,,,,,,,,
2026-08-06,4536,拓凱,37,True,False,other_watch,B1,healthy_pullback,71,-0.3,7,36.9,40.13,-0.25423570571527776,57.31,Q2,3.5,12.5,5.0,4.0,5.0,6.9,active,active,69.02,87.78,69.02,-87.78,5.0,-1.0,positive,negative,accelerating,neutral,11,True,0,24.4,31.9,32.9,31.9,30.0,167.0,1.7964071856287456,1.4925373134328401,-0.5045675685627415,2.300974754191487,,,,,,,,,,,,,,,,,,,,,,,,
2026-08-06,4123,晟德,生技醫療,True,False,other_watch,B1,healthy_pullback,70,1.84,12,68.7,74.0,1.4001774091351393,66.19,Q1,9.0,19.3,4.0,1.75,25.0,9.65,active,active,18.69,77.83,18.69,77.83,0.0,1.75,positive,positive,reversing_negative,decelerating,11,True,0,49.400000000000006,64.7,66.95,43.7,59.050000000000004,38.75,0.903225806451613,0.903225806451613,-0.5045675685627415,1.4077933750143545,,,,,,,,,,,,,,,,,,,,,,,,
2026-08-06,4976,佳凌,光電業,True,False,other_watch,B1,healthy_pullback,70,3.48,5,37.11,41.99,4.01339041987947,80.16,Q1,3.5,3.58,2.5,1.75,25.0,0.78,active,inactive,7.84,,7.84,0.0,1.75,0.0,positive,zero,decelerating,inactive,11,True,0,33.53,34.61,35.36,12.11,36.33,36.55,-0.8207934336525224,-2.4226110363391617,-0.5045675685627415,-0.3162258650897809,,,,,,,,,,,,,,,,,,,,,,,,
2026-08-06,6197,佳必琪,電子零組件,True,False,other_watch,B1,healthy_pullback,69,-0.47,6,21.88,25.92,-11.302687230692966,22.32,Q4,3.5,2.84,5.5,4.75,0.0,5.29,active,active,10.2,52.94,-10.2,52.94,3.0,1.75,negative,positive,reversing_positive,decelerating,11,True,0,19.04,16.38,17.13,21.88,16.59,307.0,-4.3973941368078195,-7.26698262243286,-0.5045675685627415,-3.892826568245078,,,,,,,,,,,,,,,,,,,,,,,,
2026-08-06,2207,和泰車,汽車工業,True,False,other_watch,B1,healthy_pullback,65,-1.34,15,49.67,56.49,10.313092402649682,92.69,Q2,9.0,13.36,7.5,5.0,5.0,9.81,active,active,60.13,38.01,60.13,38.01,0.0,5.0,positive,positive,reversing_negative,accelerating,11,True,0,36.31,42.17,44.67,44.67,39.86,514.0,0.3891050583657574,0.0,-0.5045675685627415,0.8936726269284989,,,,,,,,,,,,,,,,,,,,,,,,
2026-08-06,4939,亞電,電子零組件,True,False,other_watch,B1,healthy_pullback,63,-1.05,0,6.0,7.0,9.522177267952014,91.78,Q3,0.0,0.0,3.0,3.0,0.0,0.0,active,inactive,8.5,,-8.5,0.0,3.0,0.0,negative,zero,reversing_positive,inactive,11,True,0,6.0,3.0,3.0,6.0,6.0,61.4,-0.9771986970684043,-0.9771986970684043,-0.5045675685627415,-0.4726311285056628,,,,,,,,,,,,,,,,,,,,,,,,
2026-08-06,6196,帆宣,其他電子,True,False,other_watch,B1,healthy_pullback,63,-1.74,6,22.57,28.88,-4.034751913977153,42.56,Q2,3.5,0.4,7.0,4.0,5.0,2.67,active,active,1.18,26.7,-1.18,26.7,3.0,1.0,negative,positive,reversing_positive,neutral,11,True,0,22.17,15.57,18.57,17.57,19.9,506.0,-2.4703557312252933,-2.8543307086614123,-0.5045675685627415,-1.9657881626625517,,,,,,,,,,,,,,,,,,,,,,,,
2026-08-06,2610,華航,航運業,True,False,other_watch,B1,healthy_pullback,62,3.14,5,63.75,63.96,3.3784697849588152,77.02,Q1,3.5,12.5,8.5,4.75,25.0,9.5,active,active,95.03,30.77,95.03,-30.77,1.75,3.0,positive,negative,decelerating,reversing_positive,11,True,0,51.25,55.25,59.0,38.75,54.25,22.05,2.0408163265306145,1.5801354401805856,-0.5045675685627415,2.545383895093356,,,,,,,,,,,,,,,,,,,,,,,,
2026-08-06,2527,宏璟,建材營建,True,False,other_watch,B1,healthy_pullback,59,-0.33,3,6.76,16.58,14.184034948877523,96.21,Q3,3.5,0.04,2.5,0.0,0.0,0.72,active,active,66.93,7.24,-66.93,7.24,-1.0,1.0,negative,positive,neutral,neutral,11,True,0,6.72,4.26,6.76,6.76,6.04,45.9,2.614379084967333,2.502720348204557,-0.5045675685627415,3.1189466535300747,,,,,,,,,,,,,,,,,,,,,,,,
2026-08-06,4162,智擎,生技醫療,True,False,other_watch,B1,healthy_pullback,56,-3.14,0,0.0,7.5,2.296024228119742,71.93,Q3,0.0,0.0,3.0,-3.5,0.0,0.0,active,inactive,50.33,,-50.33,0.0,-3.5,0.0,negative,zero,stable,inactive,11,True,0,0.0,0.0,3.0,0.0,0.0,62.7,1.594896331738438,0.7911392405063333,-0.5045675685627415,2.0994639003011795,,,,,,,,,,,,,,,,,,,,,,,,
2026-08-06,5434,崇越,電子通路,True,False,other_watch,B1,healthy_pullback,56,-5.3,7,53.01,60.73,2.9249550457298046,74.8,Q1,3.5,12.5,5.5,-1.75,25.0,8.26,active,active,82.61,99.1,82.61,-99.1,1.75,-3.5,positive,negative,decelerating,stable,11,True,0,40.51,47.51,54.76,28.009999999999998,44.75,507.0,-1.5779092702169595,-1.9646365422396839,-0.5045675685627415,-1.073341701654218,,,,,,,,,,,,,,,,,,,,,,,,
2026-08-06,2484,希華,電子零組件,True,False,other_watch,B1,healthy_pullback,56,-6.56,3,8.23,18.41,-19.935283307466293,7.7,Q4,3.5,0.0,5.5,-1.0,0.0,0.23,active,active,15.29,2.26,-15.29,2.26,-1.0,0.0,negative,positive,neutral,reversing_negative,11,True,0,8.23,2.7300000000000004,9.23,8.23,8.0,72.8,-1.5109890109890056,0.7022471910112404,-0.5045675685627415,-1.006421442426264,,,,,,,,,,,,,,,,,,,,,,,,
2026-08-06,4541,晟田,其他,True,False,other_watch,B1,healthy_pullback,56,-7.35,0,6.5,7.5,8.388531204670201,90.08,Q3,0.0,0.0,3.5,3.0,0.0,0.0,active,inactive,6.27,,-6.27,0.0,3.0,0.0,negative,zero,reversing_positive,inactive,11,True,0,6.5,3.0,3.5,6.5,6.5,63.5,3.779527559055129,3.4536891679748827,-0.5045675685627415,4.284095127617871,,,,,,,,,,,,,,,,,,,,,,,,
2026-08-06,2882,國泰金,金融保險,True,False,other_watch,B1,healthy_pullback,55,0.0,12,74.67,78.31,2.4147509640971565,72.19,Q1,9.0,21.83,7.0,0.0,25.0,11.84,active,active,22.48,95.93,22.48,95.93,0.0,0.0,positive,positive,reversing_negative,reversing_negative,11,True,0,52.84,67.67,74.67,49.67,62.83,99.4,0.0,1.9487179487179596,-0.5045675685627415,0.5045675685627415,,,,,,,,,,,,,,,,,,,,,,,,
2026-08-06,2357,華碩,電腦週邊,True,False,other_watch,B1,healthy_pullback,52,6.65,12,79.59,83.55,21.993368437287295,98.17,Q1,9.0,17.26,7.0,6.75,25.0,14.58,active,active,84.71,61.09,84.71,61.09,1.75,5.0,positive,positive,decelerating,accelerating,11,True,0,62.33,72.59,72.84,54.59,65.01,816.0,0.1225490196078427,-0.12224938875305957,-0.5045675685627415,0.6271165881705842,,,,,,,,,,,,,,,,,,,,,,,,
2026-08-06,2646,星宇航空,航運業,True,False,other_watch,B1,healthy_pullback,51,-1.86,5,32.97,36.63,2.6891059891260283,73.63,Q2,3.5,12.5,5.5,0.75,5.0,5.72,active,active,57.25,88.24,57.25,-88.24,1.75,-1.0,positive,negative,decelerating,neutral,11,True,0,20.47,27.47,32.22,27.97,27.25,21.15,0.7092198581560405,0.7092198581560405,-0.5045675685627415,1.213787426718782,,,,,,,,,,,,,,,,,,,,,,,,
2026-08-06,2891,中信金,金融保險,True,False,other_watch,B1,healthy_pullback,50,-2.42,14,49.36,54.86,-6.471959400273009,34.07,Q2,9.0,13.55,7.0,1.75,5.0,13.06,active,active,91.24,39.37,91.24,39.37,1.75,0.0,positive,positive,decelerating,reversing_negative,11,True,0,35.81,42.36,47.61,44.36,36.3,65.7,-0.15220700152208666,1.5479876160990669,-0.5045675685627415,0.3523605670406549,,,,,,,,,,,,,,,,,,,,,,,,
2026-08-06,1303,南亞,塑膠工業,True,False,other_watch,B1,healthy_pullback,48,-2.33,3,19.17,24.31,1.0018781226528772,63.45,Q3,3.5,5.33,5.0,-1.0,0.0,6.34,active,active,73.07,63.35,-73.07,63.35,-1.0,0.0,negative,positive,neutral,reversing_negative,11,True,0,13.840000000000002,14.170000000000002,20.17,19.17,12.830000000000002,189.0,-0.5291005291005346,5.3221288515406195,-0.5045675685627415,-0.02453296053779308,,,,,,,,,,,,,,,,,,,,,,,,
2026-08-06,2881,富邦金,金融保險,True,False,other_watch,B1,healthy_pullback,43,-0.4,12,77.73,81.65,2.9249550457298046,74.8,Q1,9.0,23.3,7.0,1.75,25.0,11.68,active,active,24.97,91.86,24.97,91.86,1.75,0.0,positive,positive,decelerating,reversing_negative,11,True,0,54.42999999999999,70.72999999999999,75.97999999999999,52.72999999999999,66.04999999999998,127.0,0.0,0.7936507936507908,-0.5045675685627415,0.5045675685627415,,,,,,,,,,,,,,,,,,,,,,,,
2026-08-06,2915,潤泰全,貿易百貨,True,False,other_watch,B1,healthy_pullback,43,-0.87,12,39.83,49.02,2.149761247280191,70.63,Q2,9.0,12.52,4.0,1.75,5.0,7.56,active,active,71.5,4.07,71.5,4.07,0.0,1.75,positive,positive,reversing_negative,decelerating,11,True,0,27.31,35.83,38.08,34.83,32.269999999999996,51.7,0.3868471953578201,1.3671875,-0.5045675685627415,0.8914147639205616,,,,,,,,,,,,,,,,,,,,,,,,
2026-08-06,2889,國票金,金融保險,True,False,other_watch,B1,healthy_pullback,36,-2.08,0,0.5,8.5,0.3771843450928736,60.57,Q4,0.0,0.0,4.0,-3.5,0.0,0.0,active,inactive,75.16,,-75.16,0.0,-3.5,0.0,negative,zero,stable,inactive,11,True,0,0.5,0.0,4.0,0.5,0.5,15.25,0.3278688524590123,0.0,-0.5045675685627415,0.8324364210217539,,,,,,,,,,,,,,,,,,,,,,,,
2026-08-06,5876,上海商銀,金融保險,True,False,other_watch,B1,healthy_pullback,36,-2.8,5,35.67,43.07,5.040113682627578,83.55,Q2,3.5,12.5,7.5,-1.75,5.0,8.92,active,active,89.15,90.95,89.15,-90.95,1.75,-3.5,positive,negative,decelerating,stable,11,True,0,23.17,28.17,37.42,30.67,26.75,43.25,0.46242774566473965,0.0,-0.5045675685627415,0.9669953142274812,,,,,,,,,,,,,,,,,,,,,,,,
2026-08-06,2887,台新新光金,金融保險,True,False,other_watch,B1,healthy_pullback,33,-0.86,5,30.62,38.53,-0.8407353308392373,54.31,Q2,3.5,12.5,5.5,-3.5,5.0,7.62,active,active,76.21,45.7,76.21,-45.7,0.0,-3.5,positive,negative,reversing_negative,stable,11,True,0,18.12,25.12,34.120000000000005,25.62,23.0,35.4,-0.7062146892655385,1.8840579710144967,-0.5045675685627415,-0.201647120702797,,,,,,,,,,,,,,,,,,,,,,,,
2026-08-06,2845,遠東銀,金融保險,True,False,other_watch,B1,healthy_pullback,33,-1.68,12,37.99,48.56,2.1702380645977293,70.89,Q2,9.0,12.51,5.5,1.75,5.0,4.23,active,active,38.69,3.62,38.69,3.62,0.0,1.75,positive,positive,reversing_negative,decelerating,11,True,0,25.479999999999997,32.489999999999995,36.239999999999995,32.989999999999995,33.75999999999999,13.15,0.3802281368821214,0.3802281368821214,-0.5045675685627415,0.884795705444863,,,,,,,,,,,,,,,,,,,,,,,,
2026-08-06,2347,聯強,電子通路,True,False,other_watch,B1,healthy_pullback,32,6.05,14,78.44,83.64,9.210027997469439,91.38,Q1,9.0,13.83,7.0,10.0,25.0,13.61,active,active,94.9,41.18,94.9,41.18,5.0,5.0,positive,positive,accelerating,accelerating,11,True,0,64.61,71.44,68.44,53.44,64.83,92.9,0.5382131324004336,-1.372756071805703,-0.5045675685627415,1.042780700963175,,,,,,,,,,,,,,,,,,,,,,,,
2026-08-06,5880,合庫金,金融保險,True,False,other_watch,B1,healthy_pullback,25,-0.57,12,52.48,57.69,6.909018790749721,87.47,Q2,9.0,19.45,7.5,1.75,5.0,9.78,active,active,19.48,78.28,19.48,78.28,0.0,1.75,positive,positive,reversing_negative,decelerating,11,True,0,33.03,44.980000000000004,50.730000000000004,47.480000000000004,42.7,26.1,0.3831417624520883,0.3831417624520883,-0.5045675685627415,0.8877093310148298,,,,,,,,,,,,,,,,,,,,,,,,
2026-08-06,2890,永豐金,金融保險,True,False,other_watch,B1,healthy_pullback,18,-3.13,5,35.52,42.82,-4.712276457850139,39.3,Q2,3.5,12.5,7.0,-1.75,5.0,9.27,active,active,92.68,39.82,92.68,-39.82,1.75,-3.5,positive,negative,decelerating,stable,11,True,0,23.019999999999996,28.519999999999996,37.269999999999996,30.519999999999996,26.249999999999996,39.05,-0.2560819462227748,0.6459948320413522,-0.5045675685627415,0.24848562233996674,,,,,,,,,,,,,,,,,,,,,,,,
2026-08-06,2801,彰銀,金融保險,True,False,other_watch,B1,healthy_pullback,18,-5.32,3,16.72,26.83,-0.21312026807772666,57.7,Q4,3.5,5.34,5.0,-3.5,0.0,6.38,active,active,89.02,63.8,-89.02,63.8,-3.5,0.0,negative,positive,stable,reversing_negative,11,True,0,11.379999999999999,11.719999999999999,20.22,16.72,10.34,23.2,-0.21551724137931494,0.0,-0.5045675685627415,0.2890503271834266,,,,,,,,,,,,,,,,,,,,,,,,
2026-08-07,2882,國泰金,金融保險,True,True,buy_candidates,A,healthy_pullback,84,1.95,6,36.99,39.43,5.707716680457986,86.24,Q2,3.5,12.5,6.5,0.0,5.0,9.49,active,active,44.17,94.88,-44.17,94.88,-1.0,1.0,negative,positive,neutral,neutral,12,True,0,24.490000000000002,30.490000000000002,36.99,31.990000000000002,27.5,100.0,1.0000000000000009,1.609657947686105,0.8712233243077794,0.1287766756922215,,,,,,,,,,,,,,,,,,,,,,,,
2026-08-07,2891,中信金,金融保險,True,True,buy_candidates,A,healthy_pullback,84,0.23,7,37.94,45.49,-3.6630354844059636,43.64,Q2,3.5,12.5,6.5,1.5,5.0,8.94,active,active,89.38,49.77,89.38,-49.77,5.0,-3.5,positive,negative,accelerating,stable,12,True,0,25.439999999999998,31.439999999999998,36.44,32.94,29.0,65.8,1.0638297872340496,1.371951219512213,0.8712233243077794,0.19260646292627026,,,,,,,,,,,,,,,,,,,,,,,,
2026-08-07,1402,遠東新,紡織纖維,True,True,buy_candidates,A,healthy_pullback,78,1.95,10,67.84,67.93,2.670759085510477,74.05,Q1,3.5,12.5,9.0,8.0,25.0,9.84,active,active,98.43,74.88,98.43,-74.88,5.0,3.0,positive,negative,accelerating,reversing_positive,12,True,0,55.34,58.84,59.84,42.84,58.0,27.4,-0.5474452554744436,-0.9090909090909038,0.8712233243077794,-1.418668579782223,,,,,,,,,,,,,,,,,,,,,,,,
2026-08-07,3005,神基,電腦週邊,True,True,buy_candidates,A,healthy_pullback,76,2.68,5,51.77,61.93,5.167181151604671,84.67,Q1,3.5,12.5,5.5,1.5,25.0,3.77,active,active,37.75,66.51,37.75,-66.51,5.0,-3.5,positive,negative,accelerating,stable,12,True,0,39.27,46.27,50.27,26.770000000000003,48.0,114.0,0.43859649122806044,-0.43478260869564966,0.8712233243077794,-0.43262683307971894,,,,,,,,,,,,,,,,,,,,,,,,
2026-08-07,2330,台積電,半導體業,True,True,buy_candidates,B1,healthy_pullback,74,1.72,0,3.5,7.5,0.6252556857661684,62.91,Q4,0.0,0.0,5.5,-2.0,0.0,0.0,active,active,45.61,31.16,-45.61,-31.16,-1.0,-1.0,negative,negative,neutral,neutral,12,True,0,3.5,0.0,5.5,3.5,3.5,2390.0,-0.4184100418409997,0.42194092827003704,0.8712233243077794,-1.289633366148779,,,,,,,,,,,,,,,,,,,,,,,,
2026-08-07,2542,興富發,建材營建,True,True,buy_candidates,B1,healthy_pullback,74,1.32,6,31.44,35.01,4.094114310189212,81.13,Q3,3.5,12.5,6.5,0.75,0.0,8.19,active,active,65.4,81.86,-65.4,81.86,-1.0,1.75,negative,positive,neutral,decelerating,12,True,0,18.939999999999998,24.939999999999998,30.689999999999998,31.439999999999998,23.25,44.05,0.6810442678774287,0.11286681715576563,0.8712233243077794,-0.1901790564303507,,,,,,,,,,,,,,,,,,,,,,,,
2026-08-07,6177,達麗,建材營建,True,True,buy_candidates,A,healthy_pullback,71,2.85,0,5.0,7.0,10.214879038706536,93.32,Q3,0.0,0.0,3.0,2.0,0.0,0.0,active,active,46.13,25.12,-46.13,-25.12,3.0,-1.0,negative,negative,reversing_positive,neutral,12,True,0,5.0,2.0,3.0,5.0,5.0,49.2,-1.4227642276422814,-0.6147540983606481,0.8712233243077794,-2.2939875519500608,,,,,,,,,,,,,,,,,,,,,,,,
2026-08-07,3709,鑫聯大投控,電腦週邊,True,True,buy_candidates,B1,healthy_pullback,64,7.3,7,54.8,56.99,2.237353441626233,71.43,Q1,3.5,12.5,4.5,1.75,25.0,7.55,active,inactive,75.49,,75.49,0.0,1.75,0.0,positive,zero,decelerating,inactive,12,True,0,42.3,50.3,53.05,29.799999999999997,47.25,78.2,1.662404092071612,0.12594458438286438,0.8712233243077794,0.7911807677638327,,,,,,,,,,,,,,,,,,,,,,,,
2026-08-07,3029,零壹,資訊服務,True,True,buy_candidates,A,healthy_pullback,64,3.45,7,18.78,30.37,8.799289334683735,90.96,Q2,3.5,3.41,4.5,1.5,5.0,0.87,active,active,8.65,17.67,8.65,-17.67,5.0,-3.5,positive,negative,accelerating,stable,12,True,0,15.370000000000001,14.280000000000001,17.28,13.780000000000001,17.91,112.0,-2.67857142857143,-0.45662100456621557,0.8712233243077794,-3.5497947528792095,,,,,,,,,,,,,,,,,,,,,,,,
2026-08-07,2377,微星,電腦週邊,True,True,buy_candidates,A,healthy_pullback,62,5.7,5,59.71,60.69,8.005851102343609,89.52,Q1,3.5,12.5,6.0,4.75,25.0,7.96,active,active,79.55,36.28,79.55,-36.28,1.75,3.0,positive,negative,decelerating,reversing_positive,12,True,0,47.21,53.71,54.96,34.71,51.75,154.5,0.3236245954692629,1.3071895424836555,0.8712233243077794,-0.5475987288385165,,,,,,,,,,,,,,,,,,,,,,,,
2026-08-07,2302,麗正,半導體業,True,True,buy_candidates,B1,healthy_pullback,56,5.47,12,28.7,41.52,-4.954755972759628,39.45,Q2,9.0,5.26,6.0,1.75,5.0,1.69,active,active,12.71,4.19,12.71,4.19,1.75,0.0,positive,positive,decelerating,reversing_negative,12,True,0,23.439999999999998,22.7,26.95,23.7,27.009999999999998,43.1,-1.392111368909521,-0.9324009324009341,0.8712233243077794,-2.2633346932173004,,,,,,,,,,,,,,,,,,,,,,,,
2026-08-07,2915,潤泰全,貿易百貨,True,True,high_priority_watch,A,healthy_pullback,68,0.48,9,25.48,38.3,2.296302030725561,71.69,Q2,9.0,4.3,4.5,1.0,5.0,1.68,active,active,11.27,5.58,11.27,5.58,0.0,1.0,positive,positive,reversing_negative,neutral,12,True,0,21.18,20.98,24.48,20.48,23.8,52.4,1.9083969465648831,2.8901734104046284,0.8712233243077794,1.0371736222571037,,,,,,,,,,,,,,,,,,,,,,,,
2026-08-07,6277,宏正,電腦週邊,True,True,high_priority_watch,A,healthy_pullback,58,0.89,5,26.42,31.47,14.51124055754528,96.2,Q2,3.5,7.51,3.5,5.0,5.0,1.91,active,inactive,19.13,,19.13,0.0,5.0,0.0,positive,zero,accelerating,inactive,12,True,0,18.909999999999997,22.919999999999998,21.419999999999998,21.419999999999998,24.509999999999998,80.0,0.0,1.0101010101010166,0.8712233243077794,-0.8712233243077794,,,,,,,,,,,,,,,,,,,,,,,,
2026-08-07,2887,台新新光金,金融保險,True,True,high_priority_watch,A,healthy_pullback,68,1.01,5,30.84,35.43,-2.1246874275773426,48.49,Q2,3.5,12.5,6.0,-1.0,5.0,4.84,active,active,48.36,58.14,48.36,-58.14,0.0,-1.0,positive,negative,reversing_negative,neutral,12,True,0,18.34,24.84,31.84,25.84,26.0,35.4,1.412429378531077,2.1337126600284417,0.8712233243077794,0.5412060542232977,,,,,,,,,,,,,,,,,,,,,,,,
2026-08-07,4536,拓凱,37,True,True,high_priority_watch,A,healthy_pullback,72,1.19,7,53.95,57.36,1.613974154520137,67.63,Q1,3.5,12.5,5.0,0.75,25.0,7.2,active,active,71.95,86.98,71.95,-86.98,1.75,-1.0,positive,negative,decelerating,neutral,12,True,0,41.45,48.95,53.2,28.950000000000003,46.75,170.0,0.8823529411764675,0.8823529411764675,0.8712233243077794,0.011129616868688075,,,,,,,,,,,,,,,,,,,,,,,,
2026-08-07,3362,先進光,光電業,True,True,high_priority_watch,A,healthy_pullback,72,1.31,2,6.0,7.0,-1.1225013880778567,52.82,Q4,0.0,0.0,3.0,3.0,0.0,0.0,active,inactive,14.15,,-14.15,0.0,3.0,0.0,negative,zero,reversing_positive,inactive,12,True,0,6.0,3.0,3.0,6.0,6.0,176.0,1.1363636363636465,2.5936599423631135,0.8712233243077794,0.2651403120558671,,,,,,,,,,,,,,,,,,,,,,,,
2026-08-07,6214,精誠,資訊服務,True,True,high_priority_watch,A,healthy_pullback,72,1.56,0,6.5,8.5,4.579202057528031,83.22,Q4,0.0,0.0,4.5,2.0,0.0,0.0,active,active,59.24,10.23,-59.24,-10.23,-1.0,3.0,negative,negative,neutral,reversing_positive,12,True,0,6.5,2.0,4.5,6.5,6.5,144.5,0.0,-1.3651877133105783,0.8712233243077794,-0.8712233243077794,,,,,,,,,,,,,,,,,,,,,,,,
2026-08-07,2527,宏璟,建材營建,True,True,high_priority_watch,A,healthy_pullback,68,2.17,0,6.0,7.0,13.051990004723402,95.41,Q3,0.0,0.0,3.0,3.0,0.0,0.0,active,inactive,70.64,,-70.64,0.0,3.0,0.0,negative,zero,reversing_positive,inactive,12,True,0,6.0,3.0,3.0,6.0,6.0,47.0,1.276595744680864,1.0615711252653925,0.8712233243077794,0.40537242037308463,,,,,,,,,,,,,,,,,,,,,,,,
2026-08-07,2615,萬海,航運業,True,True,high_priority_watch,A,healthy_pullback,72,2.29,5,58.16,61.58,8.085624648406398,89.91,Q1,3.5,12.5,6.0,4.0,25.0,7.16,active,active,71.56,19.53,71.56,-19.53,5.0,-1.0,positive,negative,accelerating,neutral,12,True,0,45.66,52.16,54.16,33.16,51.0,86.2,1.5081206496519783,3.062426383981154,0.8712233243077794,0.636897325344199,,,,,,,,,,,,,,,,,,,,,,,,
2026-08-07,2883,凱基金,金融保險,True,True,high_priority_watch,A,healthy_pullback,64,2.66,12,63.14,67.13,5.150839340337743,84.4,Q2,9.0,25.0,6.0,5.0,5.0,13.14,active,active,46.26,85.12,46.26,85.12,0.0,5.0,positive,positive,reversing_negative,accelerating,12,True,0,38.14,57.14,58.14,58.14,50.0,31.0,0.1612903225806539,0.6482982171799101,0.8712233243077794,-0.7099330017271255,,,,,,,,,,,,,,,,,,,,,,,,
2026-08-07,2885,元大金,金融保險,True,True,high_priority_watch,A,healthy_pullback,72,3.6,6,36.24,39.36,1.61013241703033,67.5,Q2,3.5,12.5,7.5,-1.0,5.0,8.74,active,active,2.23,87.44,-2.23,87.44,-1.0,0.0,negative,positive,neutral,reversing_negative,12,True,0,23.740000000000002,28.740000000000002,37.24,31.240000000000002,27.5,68.6,-0.5830903790087327,0.7385524372230501,0.8712233243077794,-1.454313703316512,,,,,,,,,,,,,,,,,,,,,,,,
2026-08-07,2884,玉山金,金融保險,True,True,high_priority_watch,A,healthy_pullback,68,4.45,3,19.84,26.91,12.272782384903758,94.89,Q4,3.5,1.61,6.5,4.0,0.0,4.23,active,active,41.42,42.33,-41.42,42.33,-1.0,5.0,negative,positive,neutral,accelerating,12,True,0,18.23,13.34,15.84,19.84,15.61,38.15,-0.9174311926605561,-0.9174311926605561,0.8712233243077794,-1.7886545169683354,,,,,,,,,,,,,,,,,,,,,,,,
2026-08-07,2867,三商壽,金融保險,True,True,high_priority_watch,A,healthy_pullback,68,4.92,7,39.58,41.25,13.2109573528301,95.54,Q2,3.5,12.5,5.0,5.0,5.0,8.58,active,inactive,85.85,,85.85,0.0,5.0,0.0,positive,zero,accelerating,inactive,12,True,0,27.08,34.58,34.58,34.58,31.0,9.8,-1.0204081632653184,-1.121304791029576,0.8712233243077794,-1.8916314875730977,,,,,,,,,,,,,,,,,,,,,,,,
2026-08-07,3617,碩天,其他電子,True,True,high_priority_watch,A,healthy_pullback,62,5.45,5,42.54,43.21,-1.6436216819254228,49.8,Q2,3.5,12.5,5.0,8.0,5.0,8.54,active,active,85.45,14.42,85.45,-14.42,5.0,3.0,positive,negative,accelerating,reversing_positive,12,True,0,30.04,37.54,34.54,37.54,34.0,234.5,-0.2132196162046962,0.8620689655172376,0.8712233243077794,-1.0844429405124756,,,,,,,,,,,,,,,,,,,,,,,,
2026-08-07,2850,新產,金融保險,True,True,high_priority_watch,A,healthy_pullback,46,5.5,3,14.2,21.04,16.07745989724928,96.72,Q3,3.5,0.37,4.0,4.0,0.0,2.33,active,active,19.79,23.26,-19.79,23.26,3.0,1.0,negative,positive,reversing_positive,neutral,12,True,0,13.830000000000002,10.200000000000001,10.200000000000001,14.200000000000001,11.870000000000001,165.0,-2.1212121212121238,-0.9202453987730008,0.8712233243077794,-2.992435445519903,,,,,,,,,,,,,,,,,,,,,,,,
2026-08-07,2637,慧洋-KY,航運業,True,False,wait_pullback,A,healthy_pullback,45,5.9,12,89.9,92.12,8.392224180864593,90.56,Q1,9.0,25.0,7.0,6.75,25.0,17.15,active,active,92.4,79.07,92.4,79.07,5.0,1.75,positive,positive,accelerating,decelerating,12,True,0,64.9,82.9,83.15,64.9,72.75,88.3,-0.22650056625141968,0.22753128555175195,0.8712233243077794,-1.097723890559199,,,,,,,,,,,,,,,,,,,,,,,,
2026-08-07,1907,永豐餘,造紙工業,True,False,wait_pullback,A,healthy_pullback,48,6.29,14,86.16,88.34,13.65978089420442,95.94,Q1,9.0,25.0,7.5,2.75,25.0,16.91,active,active,86.76,82.33,86.76,82.33,1.75,1.0,positive,positive,decelerating,neutral,12,True,0,61.16,78.66,83.41,61.16,69.25,31.3,-1.4376996805111841,0.0,0.8712233243077794,-2.3089230048189635,,,,,,,,,,,,,,,,,,,,,,,,
2026-08-07,2880,華南金,金融保險,True,False,wait_pullback,A,healthy_pullback,42,6.35,6,29.75,36.75,16.77432400874753,96.99,Q3,3.5,12.5,5.5,-1.75,0.0,10.0,active,active,94.23,100.0,-94.23,100.0,-3.5,1.75,negative,positive,stable,decelerating,12,True,0,17.25,24.25,31.5,29.75,19.75,44.7,-1.5659955257270708,-0.9009009009009028,0.8712233243077794,-2.43721885003485,,,,,,,,,,,,,,,,,,,,,,,,
2026-08-07,2027,大成鋼,鋼鐵工業,True,False,wait_pullback,A,healthy_pullback,46,9.45,7,60.45,60.9,18.988609723033257,97.38,Q1,3.5,12.5,5.5,4.75,25.0,9.2,active,active,92.01,67.91,92.01,-67.91,1.75,3.0,positive,negative,decelerating,reversing_positive,12,True,0,47.95,54.95,55.7,35.45,51.25,47.45,-0.31612223393046035,1.5021459227467782,0.8712233243077794,-1.1873455582382397,,,,,,,,,,,,,,,,,,,,,,,,
2026-08-07,1101,台泥,水泥工業,True,True,high_priority_watch,B1,healthy_pullback,64,2.63,5,13.7,22.34,9.757332189993607,92.14,Q3,3.5,0.01,7.0,3.0,0.0,0.19,active,active,61.47,1.86,-61.47,1.86,3.0,0.0,negative,positive,reversing_positive,reversing_negative,12,True,0,13.69,6.699999999999999,10.7,13.7,13.51,24.5,0.20408163265306367,0.8213552361396204,0.8712233243077794,-0.6671416916547157,,,,,,,,,,,,,,,,,,,,,,,,
2026-08-07,4123,晟德,生技醫療,True,True,high_priority_watch,B1,healthy_pullback,66,2.76,12,69.88,75.69,2.8737188372822797,75.36,Q1,9.0,20.45,4.5,1.0,25.0,9.93,active,active,21.63,77.67,21.63,77.67,0.0,1.0,positive,positive,reversing_negative,neutral,12,True,0,49.42999999999999,65.38,68.88,44.879999999999995,59.949999999999996,39.05,0.8962868117797784,0.7672634271099765,0.8712233243077794,0.025063487471999046,,,,,,,,,,,,,,,,,,,,,,,,
2026-08-07,2727,王品,觀光餐旅,True,True,high_priority_watch,B1,healthy_pullback,63,3.62,5,57.13,59.77,0.617507851931387,62.65,Q1,3.5,12.5,4.5,5.0,25.0,6.63,active,inactive,66.32,,66.32,0.0,5.0,0.0,positive,zero,accelerating,inactive,12,True,0,44.63,52.63,52.13,32.13,50.5,238.0,1.4705882352941124,2.330508474576276,0.8712233243077794,0.599364910986333,,,,,,,,,,,,,,,,,,,,,,,,
2026-08-07,3023,信邦,電子零組件,True,True,high_priority_watch,B1,healthy_pullback,56,5.82,9,59.17,66.46,0.034621992971906046,58.85,Q1,3.5,12.5,7.0,1.5,25.0,9.67,active,active,54.78,96.74,-54.78,96.74,-3.5,5.0,negative,positive,stable,accelerating,12,True,0,46.67,52.17,57.67,34.17,49.5,313.0,0.4792332268370503,-1.1006289308176154,0.8712233243077794,-0.3919900974707291,,,,,,,,,,,,,,,,,,,,,,,,
2026-08-07,2606,裕民,航運業,True,True,high_priority_watch,B1,healthy_pullback,53,5.97,7,57.42,64.46,9.461668360117248,91.74,Q1,3.5,12.5,5.0,1.5,25.0,9.92,active,active,99.21,76.74,99.21,-76.74,5.0,-3.5,positive,negative,accelerating,stable,12,True,0,44.92,52.42,55.92,32.42,47.5,66.7,0.14992503748125774,-1.0370370370370363,0.8712233243077794,-0.7212982868265216,,,,,,,,,,,,,,,,,,,,,,,,
2026-08-07,6279,胡連,電子零組件,True,True,high_priority_watch,B1,healthy_pullback,35,6.75,7,56.24,63.37,5.7539158454822275,86.5,Q1,3.5,12.5,4.0,1.5,25.0,9.74,active,active,97.38,20.93,97.38,-20.93,5.0,-3.5,positive,negative,accelerating,stable,12,True,0,43.74,52.24,54.74,31.240000000000002,46.5,127.5,1.9607843137254832,2.7667984189723382,0.8712233243077794,1.0895609894177039,,,,,,,,,,,,,,,,,,,,,,,,
2026-08-07,3293,鈊象,文化創意,True,True,high_priority_watch,B1,healthy_pullback,45,7.46,7,66.67,66.83,9.881082841312827,92.27,Q1,3.5,12.5,8.0,8.0,25.0,9.67,active,active,96.72,65.12,96.72,-65.12,5.0,3.0,positive,negative,accelerating,reversing_positive,12,True,0,54.17,58.67,58.67,41.67,57.0,801.0,-1.1235955056179803,-0.8760951188986232,0.8712233243077794,-1.9948188299257597,,,,,,,,,,,,,,,,,,,,,,,,
2026-08-07,2421,建準,電子零組件,True,False,wait_pullback,B1,healthy_pullback,32,10.58,7,54.28,61.53,8.80439919671746,91.09,Q1,3.5,12.5,5.5,-1.75,25.0,9.53,active,active,95.28,30.23,95.28,-30.23,1.75,-3.5,positive,negative,decelerating,stable,12,True,0,41.78,48.78,56.03,29.28,44.75,154.0,-2.922077922077926,-1.320132013201325,0.8712233243077794,-3.793301246385705,,,,,,,,,,,,,,,,,,,,,,,,
2026-08-07,3231,緯創,電腦週邊,True,False,other_watch,A,healthy_pullback,62,7.47,12,74.62,80.71,29.478229100195875,99.74,Q1,9.0,16.36,8.0,5.0,25.0,11.26,active,active,58.19,54.42,58.19,54.42,5.0,0.0,positive,positive,accelerating,reversing_negative,12,True,0,58.260000000000005,66.62,69.62,49.620000000000005,63.36000000000001,185.5,4.043126684636111,5.177111716621252,0.8712233243077794,3.171903360328332,,,,,,,,,,,,,,,,,,,,,,,,
2026-08-07,1303,南亞,塑膠工業,True,False,other_watch,A,healthy_pullback,60,2.87,3,16.28,26.92,6.069876940664109,87.16,Q3,3.5,4.92,4.5,-2.5,0.0,5.86,active,active,66.84,58.6,-66.84,58.6,-3.5,1.0,negative,positive,stable,neutral,12,True,0,11.360000000000001,11.780000000000001,18.78,16.28,10.420000000000002,188.5,-1.8567639257294433,-1.5957446808510634,0.8712233243077794,-2.7279872500372226,,,,,,,,,,,,,,,,,,,,,,,,
2026-08-07,2881,富邦金,金融保險,True,False,other_watch,A,healthy_pullback,58,0.4,12,50.22,56.1,4.496641851547311,82.83,Q2,9.0,15.36,6.5,5.0,5.0,9.36,active,active,7.08,86.51,7.08,86.51,5.0,0.0,positive,positive,accelerating,reversing_negative,12,True,0,34.86,43.72,45.22,45.22,40.86,128.0,0.390625,1.1811023622047223,0.8712233243077794,-0.4805983243077794,,,,,,,,,,,,,,,,,,,,,,,,
2026-08-07,2892,第一金,金融保險,True,False,other_watch,A,healthy_pullback,58,1.57,6,29.03,37.54,8.292181151604671,90.17,Q4,3.5,12.5,6.5,-1.75,0.0,8.28,active,active,95.54,82.79,-95.54,82.79,-3.5,1.75,negative,positive,stable,decelerating,12,True,0,16.53,22.53,30.78,29.03,20.75,35.7,-2.1008403361344574,-1.6877637130801482,0.8712233243077794,-2.972063660442237,,,,,,,,,,,,,,,,,,,,,,,,
2026-08-07,2886,兆豐金,金融保險,True,False,other_watch,A,healthy_pullback,58,2.31,6,30.02,37.22,11.482185740163874,94.23,Q4,3.5,12.5,6.0,-1.75,0.0,9.77,active,active,94.5,97.67,-94.5,97.67,-3.5,1.75,negative,positive,stable,decelerating,12,True,0,17.52,24.02,31.77,30.02,20.25,51.9,-1.7341040462427681,0.19646365422396617,0.8712233243077794,-2.6053273705505475,,,,,,,,,,,,,,,,,,,,,,,,
2026-08-07,2605,新興,航運業,True,False,other_watch,A,healthy_pullback,56,3.42,12,65.76,74.57,9.385161447171175,91.61,Q1,9.0,12.55,7.0,2.75,25.0,9.46,active,active,87.16,7.44,87.16,7.44,1.75,1.0,positive,positive,decelerating,neutral,12,True,0,53.209999999999994,58.75999999999999,63.00999999999999,40.75999999999999,56.29999999999999,32.75,1.0687022900763399,1.6897081413210557,0.8712233243077794,0.1974789657685605,,,,,,,,,,,,,,,,,,,,,,,,
2026-08-07,2539,櫻花建,建材營建,True,False,other_watch,A,healthy_pullback,56,4.34,5,48.54,52.58,12.666726771379311,95.15,Q1,3.5,12.5,3.5,0.0,25.0,4.04,active,inactive,40.37,,40.37,0.0,0.0,0.0,positive,zero,reversing_negative,inactive,12,True,0,36.04,45.04,48.54,23.54,44.5,43.75,-2.0571428571428574,-1.0392609699768962,0.8712233243077794,-2.9283661814506368,,,,,,,,,,,,,,,,,,,,,,,,
2026-08-07,6414,樺漢,電腦週邊,True,False,other_watch,A,healthy_pullback,56,6.76,5,49.35,59.67,22.793178250952028,99.08,Q1,3.5,12.5,3.5,1.5,25.0,3.35,active,active,33.55,37.67,33.55,-37.67,5.0,-3.5,positive,negative,accelerating,stable,12,True,0,36.85,45.85,47.85,24.35,46.0,476.0,1.2605042016806678,1.6877637130801704,0.8712233243077794,0.3892808773728884,,,,,,,,,,,,,,,,,,,,,,,,
2026-08-07,3441,聯一光,光電業,True,False,other_watch,A,healthy_pullback,54,6.84,0,0.0,6.5,27.340680728950428,99.34,Q3,0.0,0.0,2.0,-3.5,0.0,0.0,active,inactive,13.37,,-13.37,0.0,-3.5,0.0,negative,zero,stable,inactive,12,True,0,0.0,0.0,2.0,0.0,0.0,82.7,-3.8694074969770287,-5.805687203791477,0.8712233243077794,-4.7406308212848085,,,,,,,,,,,,,,,,,,,,,,,,
2026-08-07,2618,長榮航,航運業,True,False,other_watch,A,healthy_pullback,46,5.21,7,65.59,65.79,14.609821844245364,96.33,Q1,3.5,12.5,7.0,8.0,25.0,9.59,active,active,95.94,63.72,95.94,-63.72,5.0,3.0,positive,negative,accelerating,reversing_positive,12,True,0,53.09,58.59,57.59,40.59,56.0,43.0,-0.8139534883720989,-3.94144144144144,0.8712233243077794,-1.6851768126798783,,,,,,,,,,,,,,,,,,,,,,,,
2026-08-07,6416,瑞祺電通,通信網路,True,False,other_watch,A,healthy_pullback,46,5.37,7,58.9,60.45,7.163406471000721,88.6,Q1,3.5,12.5,4.0,5.0,25.0,8.9,active,inactive,88.99,,88.99,0.0,5.0,0.0,positive,zero,accelerating,inactive,12,True,0,46.4,54.9,53.9,33.9,50.0,101.5,1.9704433497536922,0.4854368932038833,0.8712233243077794,1.0992200254459128,,,,,,,,,,,,,,,,,,,,,,,,
2026-08-07,1709,和益,化學工業,True,False,other_watch,A,healthy_pullback,46,8.7,0,5.5,6.5,16.423035952541454,96.85,Q3,0.0,0.0,2.5,3.0,0.0,0.0,active,inactive,3.67,,-3.67,0.0,3.0,0.0,negative,zero,reversing_positive,inactive,12,True,0,5.5,3.0,2.5,5.5,5.5,28.3,-3.5335689045936425,-1.7985611510791366,0.8712233243077794,-4.404792228901422,,,,,,,,,,,,,,,,,,,,,,,,
2026-08-07,2395,研華,電腦週邊,True,False,other_watch,A,healthy_pullback,45,8.79,5,56.4,60.68,19.896017130440658,98.17,Q1,3.5,12.5,6.0,4.0,25.0,5.4,active,active,54.0,69.3,54.0,-69.3,5.0,-1.0,positive,negative,accelerating,neutral,12,True,0,43.9,50.4,52.4,31.4,51.0,648.0,2.9320987654321007,5.205047318611977,0.8712233243077794,2.0608754411243213,,,,,,,,,,,,,,,,,,,,,,,,
2026-08-07,2480,敦陽科,資訊服務,True,False,other_watch,B1,healthy_pullback,71,-0.79,2,3.5,10.5,-0.003602114972978132,58.72,Q4,0.0,0.0,4.0,-0.5,0.0,0.0,active,active,93.97,33.02,-93.97,-33.02,3.0,-3.5,negative,negative,reversing_positive,stable,12,True,0,3.5,0.0,4.0,3.5,3.5,157.0,-1.5923566878980888,-1.2779552715655007,0.8712233243077794,-2.463580012205868,,,,,,,,,,,,,,,,,,,,,,,,
2026-08-07,1477,聚陽,紡織纖維,True,False,other_watch,B1,healthy_pullback,70,1.93,6,27.6,37.21,3.1627670264040453,77.06,Q3,3.5,8.62,7.0,1.5,0.0,6.98,active,active,82.44,69.77,-82.44,69.77,-3.5,5.0,negative,positive,stable,accelerating,12,True,0,18.979999999999997,20.599999999999998,26.099999999999998,27.599999999999998,20.619999999999997,225.5,-1.552106430155209,-0.8928571428571397,0.8712233243077794,-2.4233297544629884,,,,,,,,,,,,,,,,,,,,,,,,
2026-08-07,4904,遠傳,通信網路,True,False,other_watch,B1,healthy_pullback,66,1.38,15,57.04,63.23,10.909662354612205,93.91,Q2,9.0,14.13,7.0,10.0,5.0,11.91,active,active,76.28,42.79,76.28,42.79,5.0,5.0,positive,positive,accelerating,accelerating,12,True,0,42.910000000000004,50.040000000000006,47.040000000000006,52.040000000000006,45.13000000000001,104.0,-2.4038461538461564,-1.4563106796116498,0.8712233243077794,-3.275069478153936,,,,,,,,,,,,,,,,,,,,,,,,
2026-08-07,2207,和泰車,汽車工業,True,False,other_watch,B1,healthy_pullback,65,-1.34,6,24.56,29.76,10.778221475394211,93.71,Q4,3.5,1.47,7.5,8.0,0.0,4.09,active,active,34.86,40.93,-34.86,40.93,3.0,5.0,negative,positive,reversing_positive,accelerating,12,True,0,23.09,17.06,16.56,24.56,20.47,524.0,-1.9083969465648831,-0.3875968992248069,0.8712233243077794,-2.7796202708726625,,,,,,,,,,,,,,,,,,,,,,,,
2026-08-07,2610,華航,航運業,True,False,other_watch,B1,healthy_pullback,62,4.77,12,87.05,90.18,7.62879663892112,89.25,Q1,9.0,22.14,8.5,6.75,25.0,15.66,active,active,84.93,71.63,84.93,71.63,1.75,5.0,positive,positive,decelerating,accelerating,12,True,0,64.91,78.55,80.3,62.05,71.39,21.4,-4.439252336448596,-9.111111111111114,0.8712233243077794,-5.310475660756375,,,,,,,,,,,,,,,,,,,,,,,,
2026-08-07,2646,星宇航空,航運業,True,False,other_watch,B1,healthy_pullback,61,-1.16,2,21.7,27.85,3.197829581189293,77.2,Q4,3.5,7.0,5.5,4.0,0.0,1.7,active,active,17.04,91.63,17.04,-91.63,5.0,-1.0,positive,negative,accelerating,neutral,12,True,0,14.7,16.2,17.7,21.7,20.0,21.15,-1.891252955082734,-2.5821596244131495,0.8712233243077794,-2.7624762793905133,,,,,,,,,,,,,,,,,,,,,,,,
2026-08-07,2206,三陽工業,汽車工業,True,False,other_watch,B1,healthy_pullback,61,-1.67,0,7.5,9.5,-0.9381815542253147,54.0,Q4,0.0,0.0,5.5,2.0,0.0,0.0,active,active,21.23,95.35,-21.23,-95.35,3.0,-1.0,negative,negative,reversing_positive,neutral,12,True,0,7.5,2.0,5.5,7.5,7.5,62.2,0.8038585209003246,1.1290322580645107,0.8712233243077794,-0.06736480340745477,,,,,,,,,,,,,,,,,,,,,,,,
2026-08-07,3034,聯詠,半導體業,True,False,other_watch,B1,healthy_pullback,60,5.96,7,54.89,62.54,2.4886097230332527,73.0,Q1,3.5,12.5,7.0,-1.75,25.0,8.64,active,active,86.37,77.21,86.37,-77.21,1.75,-3.5,positive,negative,decelerating,stable,12,True,0,42.39,47.89,56.64,29.89,46.25,546.0,-0.366300366300365,0.36900369003689537,0.8712233243077794,-1.2375236906081444,,,,,,,,,,,,,,,,,,,,,,,,
2026-08-07,1216,統一,食品工業,True,False,other_watch,B1,healthy_pullback,59,-1.11,7,38.96,45.97,-0.9552678279871607,53.87,Q2,3.5,12.5,6.5,1.5,5.0,9.96,active,active,99.61,73.49,99.61,-73.49,5.0,-3.5,positive,negative,accelerating,stable,12,True,0,26.46,32.46,37.46,33.96,29.0,75.7,-0.26420079260238705,-0.26420079260238705,0.8712233243077794,-1.1354241169101664,,,,,,,,,,,,,,,,,,,,,,,,
2026-08-07,2347,聯強,電子通路,True,False,other_watch,B1,healthy_pullback,58,4.59,12,61.99,66.93,8.02533288687507,89.65,Q2,9.0,25.0,6.5,5.0,5.0,11.49,active,active,34.47,80.47,34.47,80.47,0.0,5.0,positive,positive,reversing_negative,accelerating,12,True,0,36.99,55.49,56.99,56.99,50.5,93.4,-1.6059957173447548,-1.6059957173447548,0.8712233243077794,-2.477219041652534,,,,,,,,,,,,,,,,,,,,,,,,
2026-08-07,5434,崇越,電子通路,True,False,other_watch,B1,healthy_pullback,56,-7.16,4,28.01,35.79,0.5239731807935688,61.6,Q4,3.5,12.5,5.5,-1.75,0.0,8.26,active,active,82.57,99.53,82.57,-99.53,1.75,-3.5,positive,negative,decelerating,stable,12,True,0,15.509999999999998,22.509999999999998,29.759999999999998,28.009999999999998,19.75,500.0,2.8000000000000025,3.006012024048088,0.8712233243077794,1.928776675692223,,,,,,,,,,,,,,,,,,,,,,,,
2026-08-07,2357,華碩,電腦週邊,True,False,other_watch,B1,healthy_pullback,52,5.62,5,57.82,65.57,21.933054167477696,98.69,Q1,3.5,12.5,7.0,1.5,25.0,8.32,active,active,83.22,71.16,83.22,-71.16,5.0,-3.5,positive,negative,accelerating,stable,12,True,0,45.32,50.82,56.32,32.82,49.5,820.0,-0.24390243902439046,0.1223990208078396,0.8712233243077794,-1.1151257633321698,,,,,,,,,,,,,,,,,,,,,,,,
2026-08-07,4162,智擎,生技醫療,True,False,other_watch,B1,healthy_pullback,48,-2.38,5,54.69,57.84,1.2482996455138728,65.53,Q1,3.5,12.5,3.0,5.0,25.0,5.69,active,inactive,56.88,,56.88,0.0,5.0,0.0,positive,zero,accelerating,inactive,12,True,0,42.19,51.69,49.69,29.689999999999998,49.0,63.4,2.0504731861198833,1.5698587127158659,0.8712233243077794,1.179249861812104,,,,,,,,,,,,,,,,,,,,,,,,
2026-08-07,4541,晟田,其他,True,False,other_watch,B1,healthy_pullback,48,-4.15,5,52.1,56.68,10.521396608279165,93.58,Q1,3.5,12.15,3.5,5.0,25.0,2.95,active,inactive,29.49,,29.49,0.0,5.0,0.0,positive,zero,accelerating,inactive,12,True,0,39.95,48.6,47.1,27.1,49.15,65.0,0.6153846153846176,-0.7587253414264028,0.8712233243077794,-0.25583870892316174,,,,,,,,,,,,,,,,,,,,,,,,
2026-08-07,2484,希華,電子零組件,True,False,other_watch,B1,healthy_pullback,48,-4.59,0,0.0,9.0,-18.459571092843262,10.48,Q4,0.0,0.0,4.5,-4.5,0.0,0.0,active,active,11.8,2.79,-11.8,-2.79,-3.5,-1.0,negative,negative,stable,neutral,12,True,0,0.0,0.0,4.5,0.0,0.0,75.8,-1.978891820580475,3.6262203626220346,0.8712233243077794,-2.8501151448882545,,,,,,,,,,,,,,,,,,,,,,,,
2026-08-07,3702,大聯大,電子通路,True,False,other_watch,B1,healthy_pullback,48,6.06,5,44.12,48.42,17.512083901437002,97.12,Q1,3.5,5.72,5.5,3.0,25.0,1.4,active,active,14.02,55.35,14.02,-55.35,0.0,3.0,positive,negative,reversing_negative,reversing_positive,12,True,0,38.4,38.62,41.12,19.119999999999997,42.72,123.0,5.691056910569103,6.1224489795918435,0.8712233243077794,4.819833586261324,,,,,,,,,,,,,,,,,,,,,,,,
2026-08-07,1476,儒鴻,紡織纖維,True,False,other_watch,B1,healthy_pullback,47,-0.14,6,46.93,58.09,6.070699275272052,87.29,Q1,3.5,3.63,8.0,1.5,25.0,5.3,active,active,0.52,53.02,-0.52,53.02,-3.5,5.0,negative,positive,stable,accelerating,12,True,0,43.29999999999999,38.92999999999999,45.42999999999999,21.929999999999993,41.629999999999995,348.0,-3.1609195402298895,-2.8818443804034533,0.8712233243077794,-4.0321428645376685,,,,,,,,,,,,,,,,,,,,,,,,
2026-08-07,3665,貿聯-KY,其他電子,True,False,other_watch,B1,healthy_pullback,44,3.77,6,50.61,54.96,20.4510762109689,98.3,Q1,3.5,9.81,6.0,-1.0,25.0,7.3,active,active,16.64,73.02,-16.64,73.02,-1.0,0.0,negative,positive,neutral,reversing_negative,12,True,0,40.8,44.61,51.61,25.61,43.31,2190.0,0.0,-0.4545454545454519,0.8712233243077794,-0.8712233243077794,,,,,,,,,,,,,,,,,,,,,,,,
2026-08-07,5880,合庫金,金融保險,True,False,other_watch,B1,healthy_pullback,43,-0.19,3,31.7,35.46,6.6635600212439865,88.07,Q4,3.5,12.5,7.0,0.75,0.0,7.95,active,active,67.76,79.53,-67.76,79.53,-1.0,1.75,negative,positive,neutral,decelerating,12,True,0,19.2,24.7,30.95,31.7,23.75,26.45,-1.3232514177693666,-0.3816793893129722,0.8712233243077794,-2.194474742077146,,,,,,,,,,,,,,,,,,,,,,,,
2026-08-07,2845,遠東銀,金融保險,True,False,other_watch,B1,healthy_pullback,43,-1.31,3,9.15,19.83,2.4886097230332527,73.0,Q4,3.5,0.01,5.5,0.0,0.0,0.14,active,active,84.4,1.4,-84.4,1.4,-1.0,1.0,negative,positive,neutral,neutral,12,True,0,9.14,3.6500000000000004,9.15,9.15,9.01,13.25,-0.7547169811320753,-0.37878787878786735,0.8712233243077794,-1.6259403054398547,,,,,,,,,,,,,,,,,,,,,,,,
2026-08-07,4939,亞電,電子零組件,True,False,other_watch,B1,healthy_pullback,40,-2.01,3,0.0,7.5,9.909104422679881,92.4,Q3,0.0,0.0,3.0,-3.5,0.0,0.0,active,inactive,1.18,,-1.18,0.0,-3.5,0.0,negative,zero,stable,inactive,12,True,0,0.0,0.0,3.0,0.0,0.0,60.8,0.8223684210526327,0.8223684210526327,0.8712233243077794,-0.04885490325514663,,,,,,,,,,,,,,,,,,,,,,,,
2026-08-07,2889,國票金,金融保險,True,False,other_watch,B1,healthy_pullback,36,-2.08,0,3.0,6.0,-0.6759472389920584,54.65,Q4,0.0,0.0,4.0,-1.0,0.0,0.0,active,inactive,95.67,,-95.67,0.0,-1.0,0.0,negative,zero,neutral,inactive,12,True,0,3.0,0.0,4.0,3.0,3.0,15.35,0.0,0.32679738562091387,0.8712233243077794,-0.8712233243077794,,,,,,,,,,,,,,,,,,,,,,,,
2026-08-07,5876,上海商銀,金融保險,True,False,other_watch,B1,healthy_pullback,36,-3.71,5,40.29,43.36,4.007301311818312,81.0,Q2,3.5,12.5,7.5,4.0,5.0,7.79,active,active,77.85,93.49,77.85,-93.49,5.0,-1.0,positive,negative,accelerating,neutral,12,True,0,27.79,32.79,36.29,35.29,32.5,43.75,-0.9142857142857119,-0.23014959723820505,0.8712233243077794,-1.7855090385934913,,,,,,,,,,,,,,,,,,,,,,,,
2026-08-07,3017,奇鋐,電腦週邊,True,False,wait_pullback,B1,healthy_pullback,32,11.85,15,88.43,90.53,20.999248020905593,98.56,Q1,9.0,25.0,6.5,6.75,25.0,16.18,active,active,67.89,93.95,67.89,93.95,1.75,5.0,positive,positive,decelerating,accelerating,12,True,0,63.43000000000001,81.93,81.68,63.43000000000001,72.25,2865.0,-3.4904013961605584,-0.7181328545781018,0.8712233243077794,-4.361624720468338,,,,,,,,,,,,,,,,,,,,,,,,
2026-08-10,1402,遠東新,紡織纖維,True,True,buy_candidates,A,healthy_pullback,84,1.02,10,64.59,64.66,2.4852501121285564,76.53,Q1,3.5,12.5,9.0,4.75,25.0,9.84,active,active,98.43,66.34,98.43,-66.34,1.75,3.0,positive,negative,decelerating,reversing_positive,13,True,0,52.09,55.59,59.84,39.59,54.75,,,,,,,,,,,,,,,,,,,,,,,,,,,,,
2026-08-10,3362,先進光,光電業,True,True,buy_candidates,A,healthy_pullback,76,4.4,7,20.75,25.74,-4.574799579398691,37.81,Q2,4.5,5.16,3.0,1.75,5.0,1.34,active,inactive,13.45,,13.45,0.0,1.75,0.0,positive,zero,decelerating,inactive,13,True,0,15.59,17.75,19.0,15.75,19.41,,,,,,,,,,,,,,,,,,,,,,,,,,,,,
2026-08-10,2882,國泰金,金融保險,True,True,buy_candidates,A,healthy_pullback,76,3.59,12,64.65,70.41,5.442234700374959,86.44,Q1,9.0,14.56,6.0,1.0,25.0,9.09,active,active,6.79,84.16,6.79,84.16,1.0,0.0,positive,positive,neutral,reversing_negative,13,True,0,50.09,58.650000000000006,63.650000000000006,39.650000000000006,55.56,,,,,,,,,,,,,,,,,,,,,,,,,,,,,
2026-08-10,2891,中信金,金融保險,True,True,buy_candidates,A,healthy_pullback,76,3.74,14,79.11,82.87,0.995492197789638,68.12,Q1,9.0,16.51,7.0,6.75,25.0,14.85,active,active,83.68,64.85,83.68,64.85,1.75,5.0,positive,positive,decelerating,accelerating,13,True,0,62.599999999999994,72.11,72.36,54.11,64.26,,,,,,,,,,,,,,,,,,,,,,,,,,,,,
2026-08-10,2330,台積電,半導體業,True,True,buy_candidates,B1,healthy_pullback,74,2.37,0,12.0,12.0,-1.4635241956529876,51.63,Q4,0.0,0.0,6.0,6.0,0.0,0.0,active,active,14.75,42.08,-14.75,-42.08,3.0,3.0,negative,negative,reversing_positive,reversing_positive,13,True,0,12.0,6.0,6.0,12.0,12.0,,,,,,,,,,,,,,,,,,,,,,,,,,,,,
2026-08-10,6197,佳必琪,電子零組件,True,True,buy_candidates,B1,healthy_pullback,74,3.95,3,13.07,20.68,-4.940580861571098,36.77,Q4,3.5,0.91,5.0,0.0,0.0,3.66,active,active,37.6,36.63,-37.6,36.63,-1.0,1.0,negative,positive,neutral,neutral,13,True,0,12.16,8.07,13.07,13.07,9.41,,,,,,,,,,,,,,,,,,,,,,,,,,,,,
2026-08-10,2542,興富發,建材營建,True,True,buy_candidates,B1,healthy_pullback,74,1.43,9,34.46,41.92,3.5388447989457172,80.44,Q3,4.5,12.5,6.5,1.5,0.0,9.46,active,active,65.67,94.55,-65.67,94.55,-3.5,5.0,negative,positive,stable,accelerating,13,True,0,21.96,27.96,32.96,34.46,25.0,,,,,,,,,,,,,,,,,,,,,,,,,,,,,
2026-08-10,5371,中光電,光電業,True,True,buy_candidates,B1,healthy_pullback,74,2.33,7,37.18,44.74,-9.182891852577624,22.69,Q2,4.5,12.5,5.0,1.5,5.0,8.68,active,active,86.81,97.03,86.81,-97.03,5.0,-3.5,positive,negative,accelerating,stable,13,True,0,24.68,32.18,35.68,32.18,28.5,,,,,,,,,,,,,,,,,,,,,,,,,,,,,
2026-08-10,2606,裕民,航運業,True,True,buy_candidates,B1,healthy_pullback,74,4.87,5,57.45,59.58,5.533833355849104,86.7,Q1,4.5,12.5,5.0,0.75,25.0,9.7,active,active,97.0,77.23,97.0,-77.23,1.75,-1.0,positive,negative,decelerating,neutral,13,True,0,44.95,52.45,56.7,32.45,47.75,,,,,,,,,,,,,,,,,,,,,,,,,,,,,
2026-08-10,1303,南亞,塑膠工業,True,True,buy_candidates,A,healthy_pullback,70,1.23,0,5.0,12.0,-6.272678228275531,32.46,Q4,1.0,0.0,4.5,-0.5,0.0,0.0,active,active,50.78,46.04,-50.78,-46.04,-3.5,3.0,negative,negative,stable,reversing_positive,13,True,0,5.0,0.5,5.5,5.0,5.0,,,,,,,,,,,,,,,,,,,,,,,,,,,,,
2026-08-10,2484,希華,電子零組件,True,True,buy_candidates,A,healthy_pullback,68,1.57,0,0.0,11.5,-10.866904006243573,18.51,Q4,1.0,0.0,4.5,-6.0,0.0,0.0,active,active,12.4,2.97,-12.4,-2.97,-5.0,-1.0,negative,negative,accelerating,neutral,13,True,0,0.0,0.0,5.5,0.0,0.0,,,,,,,,,,,,,,,,,,,,,,,,,,,,,
2026-08-10,6177,達麗,建材營建,True,True,buy_candidates,A,healthy_pullback,68,2.21,0,5.5,7.5,6.201565950501131,87.87,Q3,1.0,0.0,2.5,2.0,0.0,0.0,active,active,55.61,24.26,-55.61,-24.26,3.0,-1.0,negative,negative,reversing_positive,neutral,13,True,0,5.5,3.0,3.5,5.5,5.5,,,,,,,,,,,,,,,,,,,,,,,,,,,,,
2026-08-10,2302,麗正,半導體業,True,True,buy_candidates,B1,healthy_pullback,66,4.49,5,15.55,21.94,-1.4155296162172482,52.15,Q2,3.5,2.49,5.0,-1.0,5.0,0.56,active,active,5.61,8.42,5.61,-8.42,0.0,-1.0,positive,negative,reversing_negative,neutral,13,True,0,13.06,10.55,16.55,10.55,14.99,,,,,,,,,,,,,,,,,,,,,,,,,,,,,
2026-08-10,4938,和碩,電腦週邊,True,True,buy_candidates,B1,healthy_pullback,64,5.11,15,83.11,86.09,9.349003093673424,92.7,Q1,9.0,18.37,8.0,6.75,25.0,15.99,active,active,87.6,72.28,87.6,72.28,5.0,1.75,positive,positive,accelerating,decelerating,13,True,0,64.74,75.11,76.36,58.11,67.12,,,,,,,,,,,,,,,,,,,,,,,,,,,,,
2026-08-10,3441,聯一光,光電業,True,True,high_priority_watch,A,healthy_pullback,72,0.63,0,0.0,6.0,7.994146302769456,90.61,Q4,0.0,0.0,1.5,-3.5,0.0,0.0,active,inactive,10.84,,-10.84,0.0,-3.5,0.0,negative,zero,stable,inactive,13,True,0,0.0,0.0,1.5,0.0,0.0,,,,,,,,,,,,,,,,,,,,,,,,,,,,,
2026-08-10,2618,長榮航,航運業,True,True,high_priority_watch,A,healthy_pullback,72,0.95,5,41.44,41.82,5.658068884906198,87.09,Q2,3.5,12.5,6.5,4.75,5.0,9.19,active,active,91.91,50.99,91.91,-50.99,1.75,3.0,positive,negative,decelerating,reversing_positive,13,True,0,28.939999999999998,34.94,36.69,36.44,32.25,,,,,,,,,,,,,,,,,,,,,,,,,,,,,
2026-08-10,2881,富邦金,金融保險,True,True,high_priority_watch,A,healthy_pullback,68,1.58,12,49.45,56.2,2.1765945599943604,74.84,Q2,9.0,14.77,6.0,5.0,5.0,9.68,active,active,46.34,50.5,46.34,50.5,5.0,0.0,positive,positive,accelerating,reversing_negative,13,True,0,34.67999999999999,43.449999999999996,44.449999999999996,44.449999999999996,39.769999999999996,,,,,,,,,,,,,,,,,,,,,,,,,,,,,
2026-08-10,6277,宏正,電腦週邊,True,True,high_priority_watch,A,healthy_pullback,66,1.85,5,53.77,56.02,7.947363855543655,90.35,Q1,3.5,12.5,4.0,1.75,25.0,7.02,active,inactive,70.23,,70.23,0.0,1.75,0.0,positive,zero,decelerating,inactive,13,True,0,41.269999999999996,49.769999999999996,52.019999999999996,28.769999999999996,46.75,,,,,,,,,,,,,,,,,,,,,,,,,,,,,
2026-08-10,2539,櫻花建,建材營建,True,True,high_priority_watch,A,healthy_pullback,72,2.7,5,39.31,44.17,5.635296837594284,86.96,Q1,3.5,6.23,3.0,0.0,25.0,1.58,active,inactive,15.8,,15.8,0.0,0.0,0.0,positive,zero,reversing_negative,inactive,13,True,0,33.08,36.31,39.31,14.310000000000002,37.730000000000004,,,,,,,,,,,,,,,,,,,,,,,,,,,,,
2026-08-10,3029,零壹,資訊服務,True,True,high_priority_watch,A,healthy_pullback,72,2.98,5,48.01,52.73,7.858237295828852,90.22,Q1,3.5,12.5,4.0,-1.0,25.0,4.01,active,active,40.08,15.84,40.08,-15.84,0.0,-1.0,positive,negative,reversing_negative,neutral,13,True,0,35.51,44.01,49.01,23.009999999999998,44.0,,,,,,,,,,,,,,,,,,,,,,,,,,,,,
2026-08-10,2884,玉山金,金融保險,True,True,high_priority_watch,A,healthy_pullback,72,3.49,6,15.98,26.98,10.24404711108443,93.74,Q4,3.5,2.78,6.0,-1.75,0.0,5.45,active,active,62.66,54.46,-62.66,54.46,-3.5,1.75,negative,positive,stable,decelerating,13,True,0,13.200000000000001,9.98,17.73,15.98,10.530000000000001,,,,,,,,,,,,,,,,,,,,,,,,,,,,,
2026-08-10,2867,三商壽,金融保險,True,True,high_priority_watch,A,healthy_pullback,72,3.74,7,35.95,37.68,10.848266829726205,94.52,Q2,3.5,12.5,5.0,1.75,5.0,8.2,active,inactive,81.98,,81.98,0.0,1.75,0.0,positive,zero,decelerating,inactive,13,True,0,23.450000000000003,30.950000000000003,34.2,30.950000000000003,27.750000000000004,,,,,,,,,,,,,,,,,,,,,,,,,,,,,
2026-08-10,2885,元大金,金融保險,True,True,high_priority_watch,A,healthy_pullback,72,4.36,12,71.52,77.87,0.849079313455825,67.41,Q1,9.0,15.29,7.0,5.0,25.0,10.23,active,active,47.39,54.95,47.39,54.95,5.0,0.0,positive,positive,accelerating,reversing_negative,13,True,0,56.23,64.52,66.52,46.519999999999996,61.28999999999999,,,,,,,,,,,,,,,,,,,,,,,,,,,,,
2026-08-10,2887,台新新光金,金融保險,True,True,high_priority_watch,A,healthy_pullback,68,4.59,12,72.76,80.34,1.41507261737005,70.01,Q1,9.0,13.34,6.0,10.0,25.0,9.42,active,active,59.53,34.65,59.53,34.65,5.0,5.0,positive,positive,accelerating,accelerating,13,True,0,59.42,66.76,62.760000000000005,47.760000000000005,63.34,,,,,,,,,,,,,,,,,,,,,,,,,,,,,
2026-08-10,2615,萬海,航運業,True,True,high_priority_watch,A,healthy_pullback,45,5.11,5,57.68,65.06,11.475290177587604,94.92,Q1,3.5,12.5,6.0,1.5,25.0,9.18,active,active,91.78,18.32,91.78,-18.32,5.0,-3.5,positive,negative,accelerating,stable,13,True,0,45.18,51.68,56.18,32.68,48.5,,,,,,,,,,,,,,,,,,,,,,,,,,,,,
2026-08-10,1907,永豐餘,造紙工業,True,False,wait_pullback,A,healthy_pullback,46,5.65,14,77.56,80.87,15.043551347512373,96.74,Q1,9.0,17.68,7.5,2.75,25.0,15.63,active,active,87.99,68.32,87.99,68.32,1.75,1.0,positive,positive,decelerating,neutral,13,True,0,59.88,70.06,74.81,52.56,61.93,,,,,,,,,,,,,,,,,,,,,,,,,,,,,
2026-08-10,2637,慧洋-KY,航運業,True,True,high_priority_watch,A,healthy_pullback,46,5.95,5,57.99,60.35,5.009659848320924,85.53,Q1,3.5,12.5,7.0,0.75,25.0,9.24,active,active,92.43,29.7,92.43,-29.7,1.75,-1.0,positive,negative,decelerating,neutral,13,True,0,45.49,50.99,57.24,32.99,48.75,,,,,,,,,,,,,,,,,,,,,,,,,,,,,
2026-08-10,2377,微星,電腦週邊,True,False,wait_pullback,A,healthy_pullback,46,7.08,15,71.01,78.66,4.674421963675924,84.35,Q1,10.0,12.84,6.0,6.75,25.0,10.42,active,active,82.38,21.78,82.38,21.78,5.0,1.75,positive,positive,accelerating,decelerating,13,True,0,58.17,65.01,64.26,46.010000000000005,60.59,,,,,,,,,,,,,,,,,,,,,,,,,,,,,
2026-08-10,1101,台泥,水泥工業,True,True,high_priority_watch,B1,healthy_pullback,64,3.48,14,60.83,71.56,8.435317143085042,91.4,Q1,9.0,12.5,7.0,1.75,25.0,5.58,active,active,54.31,1.49,54.31,1.49,1.75,0.0,positive,positive,decelerating,reversing_negative,13,True,0,48.33,53.83,59.08,35.83,55.25,,,,,,,,,,,,,,,,,,,,,,,,,,,,,
2026-08-10,4123,晟德,生技醫療,True,True,high_priority_watch,B1,healthy_pullback,69,3.55,3,21.85,25.02,4.543455404097141,83.83,Q3,3.5,3.96,4.0,4.0,0.0,6.39,active,active,17.75,63.86,-17.75,63.86,3.0,1.0,negative,positive,reversing_positive,neutral,13,True,0,17.89,17.85,17.85,21.85,15.46,,,,,,,,,,,,,,,,,,,,,,,,,,,,,
2026-08-10,2002,中鋼,鋼鐵工業,True,True,high_priority_watch,B1,healthy_pullback,63,3.69,14,70.94,79.71,7.788970458659195,89.96,Q1,10.0,12.51,7.5,6.0,25.0,9.93,active,active,95.82,3.47,95.82,3.47,5.0,1.0,positive,positive,accelerating,neutral,13,True,0,58.43,63.44,64.94,45.94,61.01,,,,,,,,,,,,,,,,,,,,,,,,,,,,,
2026-08-10,2609,陽明,航運業,True,True,high_priority_watch,B1,healthy_pullback,73,3.98,15,68.61,77.38,3.9895041738375325,81.29,Q1,9.0,13.15,7.5,6.75,25.0,7.21,active,active,41.91,30.2,41.91,30.2,5.0,1.75,positive,positive,accelerating,decelerating,13,True,0,55.46,61.11,61.86,43.61,61.4,,,,,,,,,,,,,,,,,,,,,,,,,,,,,
2026-08-10,6409,旭隼,其他電子,True,True,high_priority_watch,B1,healthy_pullback,66,4.05,0,0.0,10.5,-0.4263087500776641,58.28,Q4,0.0,0.0,3.5,-7.0,0.0,0.0,active,active,40.99,28.71,-40.99,-28.71,-3.5,-3.5,negative,negative,stable,stable,13,True,0,0.0,0.0,3.5,0.0,0.0,,,,,,,,,,,,,,,,,,,,,,,,,,,,,
2026-08-10,2409,友達,光電業,True,True,high_priority_watch,B1,healthy_pullback,56,5.06,3,15.48,22.76,-6.696815494518049,30.57,Q4,4.5,0.2,6.0,3.0,0.0,1.78,active,active,7.31,17.82,-7.31,17.82,3.0,0.0,negative,positive,reversing_positive,reversing_negative,13,True,0,15.28,9.479999999999999,12.479999999999999,15.479999999999999,13.7,,,,,,,,,,,,,,,,,,,,,,,,,,,,,
2026-08-10,2603,長榮,航運業,True,True,high_priority_watch,B1,healthy_pullback,63,5.16,14,89.56,91.28,10.739081941379391,94.13,Q1,9.0,24.21,7.0,6.75,25.0,17.6,active,active,90.86,85.15,90.86,85.15,5.0,1.75,positive,positive,accelerating,decelerating,13,True,0,65.35,82.56,82.81,64.56,71.96000000000001,,,,,,,,,,,,,,,,,,,,,,,,,,,,,
2026-08-10,2727,王品,觀光餐旅,True,False,wait_pullback,B1,healthy_pullback,35,5.69,7,56.48,57.83,2.0415173023921596,73.79,Q1,3.5,12.5,4.5,1.75,25.0,9.23,active,inactive,92.3,,92.3,0.0,1.75,0.0,positive,zero,decelerating,inactive,13,True,0,43.980000000000004,51.980000000000004,54.730000000000004,31.480000000000004,47.25,,,,,,,,,,,,,,,,,,,,,,,,,,,,,
2026-08-10,6279,胡連,電子零組件,True,False,wait_pullback,B1,healthy_pullback,45,7.88,7,56.6,58.9,7.9913769714521905,90.48,Q1,4.5,12.5,4.5,0.75,25.0,9.35,active,active,93.47,14.36,93.47,-14.36,1.75,-1.0,positive,negative,decelerating,neutral,13,True,0,44.1,52.1,55.85,31.6,47.25,,,,,,,,,,,,,,,,,,,,,,,,,,,,,
2026-08-10,2421,建準,電子零組件,True,True,high_priority_watch,B1,healthy_pullback,46,8.33,5,53.8,61.23,9.328825531122963,92.57,Q1,3.5,12.5,5.5,-1.75,25.0,9.05,active,active,90.47,44.55,90.47,-44.55,1.75,-3.5,positive,negative,decelerating,stable,13,True,0,41.3,48.3,55.55,28.799999999999997,44.75,,,,,,,,,,,,,,,,,,,,,,,,,,,,,
2026-08-10,3709,鑫聯大投控,電腦週邊,True,False,wait_pullback,B1,healthy_pullback,56,9.28,7,38.38,40.29,-1.3386601363627015,52.67,Q2,3.5,12.5,4.5,5.0,5.0,7.88,active,inactive,78.85,,78.85,0.0,5.0,0.0,positive,zero,accelerating,inactive,13,True,0,25.880000000000003,33.88,33.38,33.38,30.500000000000004,,,,,,,,,,,,,,,,,,,,,,,,,,,,,
2026-08-10,2027,大成鋼,鋼鐵工業,True,False,wait_pullback,B1,healthy_pullback,46,10.0,14,78.24,81.1,20.742327640827607,98.57,Q1,9.0,18.51,6.0,3.5,25.0,16.23,active,active,88.51,73.76,88.51,73.76,1.75,1.75,positive,positive,decelerating,decelerating,13,True,0,59.730000000000004,72.24000000000001,74.74000000000001,53.24000000000001,62.010000000000005,,,,,,,,,,,,,,,,,,,,,,,,,,,,,
2026-08-10,6278,台表科,光電業,True,True,high_priority_watch,B1,healthy_pullback,53,11.0,5,26.33,30.68,-3.9906573866978934,39.24,Q2,4.5,3.11,5.0,8.0,5.0,0.72,active,active,7.18,32.67,7.18,-32.67,5.0,3.0,positive,negative,accelerating,reversing_positive,13,True,0,23.22,21.33,18.33,21.33,25.61,,,,,,,,,,,,,,,,,,,,,,,,,,,,,
2026-08-10,3498,陽程,其他電子,True,True,high_priority_watch,B1,healthy_pullback,46,11.56,0,0.0,6.5,-3.5846604739660832,41.33,Q4,0.0,0.0,2.0,-3.5,0.0,0.0,active,inactive,38.9,,-38.9,0.0,-3.5,0.0,negative,zero,stable,inactive,13,True,0,0.0,0.0,2.0,0.0,0.0,,,,,,,,,,,,,,,,,,,,,,,,,,,,,
2026-08-10,3702,大聯大,電子通路,True,False,wait_pullback,B1,healthy_pullback,36,11.83,9,47.9,52.08,12.106603308900754,95.31,Q1,4.5,2.4,6.0,4.75,25.0,5.25,active,active,3.39,52.48,-3.39,52.48,3.0,1.75,negative,positive,reversing_positive,decelerating,13,True,0,45.5,41.9,43.15,22.9,42.65,,,,,,,,,,,,,,,,,,,,,,,,,,,,,
2026-08-10,6214,精誠,資訊服務,True,False,other_watch,A,healthy_pullback,66,0.17,0,11.0,11.0,3.4777617013357465,80.18,Q4,1.0,0.0,4.0,6.0,0.0,0.0,active,active,31.85,3.96,-31.85,-3.96,3.0,3.0,negative,negative,reversing_positive,reversing_positive,13,True,0,11.0,7.0,5.0,11.0,11.0,,,,,,,,,,,,,,,,,,,,,,,,,,,,,
2026-08-10,6414,樺漢,電腦週邊,True,False,wait_pullback,A,healthy_pullback,66,8.56,7,36.88,43.18,25.062416264713693,99.22,Q1,3.5,3.32,3.5,0.75,25.0,0.81,active,active,8.09,44.06,8.09,-44.06,1.75,-1.0,positive,negative,decelerating,neutral,13,True,0,33.56,33.38,36.13,11.880000000000003,36.07,,,,,,,,,,,,,,,,,,,,,,,,,,,,,
2026-08-10,3005,神基,電腦週邊,True,False,other_watch,A,healthy_pullback,58,2.23,2,21.31,27.25,0.5607095890939884,64.93,Q2,3.5,5.62,5.0,0.75,5.0,1.44,active,active,14.36,59.41,14.36,-59.41,1.75,-1.0,positive,negative,decelerating,neutral,13,True,0,15.690000000000001,16.310000000000002,20.560000000000002,16.310000000000002,19.87,,,,,,,,,,,,,,,,,,,,,,,,,,,,,
2026-08-10,2886,兆豐金,金融保險,True,False,other_watch,A,healthy_pullback,58,2.51,6,31.05,38.24,9.506130495661967,93.09,Q4,4.5,12.5,6.0,-1.75,0.0,9.8,active,active,96.34,98.02,-96.34,98.02,-3.5,1.75,negative,positive,stable,decelerating,13,True,0,18.55,25.05,32.8,31.05,21.25,,,,,,,,,,,,,,,,,,,,,,,,,,,,,
2026-08-10,2527,宏璟,建材營建,True,False,other_watch,A,healthy_pullback,58,3.25,2,6.0,7.0,5.267124180264993,86.31,Q3,0.0,0.0,3.0,3.0,0.0,0.0,active,inactive,52.87,,-52.87,0.0,3.0,0.0,negative,zero,reversing_positive,inactive,13,True,0,6.0,3.0,3.0,6.0,6.0,,,,,,,,,,,,,,,,,,,,,,,,,,,,,
2026-08-10,2883,凱基金,金融保險,True,False,other_watch,A,healthy_pullback,58,3.33,15,84.6,87.28,5.190123070272856,86.05,Q1,9.0,25.0,5.5,5.0,25.0,15.1,active,active,62.92,88.12,62.92,88.12,0.0,5.0,positive,positive,reversing_negative,accelerating,13,True,0,59.599999999999994,79.1,79.6,59.599999999999994,69.5,,,,,,,,,,,,,,,,,,,,,,,,,,,,,
2026-08-10,4536,拓凱,37,True,False,other_watch,A,healthy_pullback,56,2.24,7,55.22,57.88,0.995492197789638,68.12,Q1,3.5,12.5,5.0,0.75,25.0,8.47,active,active,84.73,93.56,84.73,-93.56,1.75,-1.0,positive,negative,decelerating,neutral,13,True,0,42.72,50.22,54.47,30.22,46.75,,,,,,,,,,,,,,,,,,,,,,,,,,,,,
2026-08-10,6416,瑞祺電通,通信網路,True,False,other_watch,A,healthy_pullback,56,5.88,7,59.06,60.67,8.027550108854776,90.74,Q1,3.5,12.5,4.5,5.0,25.0,8.56,active,inactive,85.64,,85.64,0.0,5.0,0.0,positive,zero,accelerating,inactive,13,True,0,46.56,54.56,54.06,34.06,50.5,,,,,,,,,,,,,,,,,,,,,,,,,,,,,
2026-08-10,3617,碩天,其他電子,True,False,other_watch,A,healthy_pullback,56,7.59,5,58.77,59.59,2.51393037566382,76.66,Q1,3.5,12.5,5.0,4.75,25.0,8.02,active,active,80.16,9.9,80.16,-9.9,1.75,3.0,positive,negative,decelerating,reversing_positive,13,True,0,46.269999999999996,53.769999999999996,54.019999999999996,33.769999999999996,50.75,,,,,,,,,,,,,,,,,,,,,,,,,,,,,
2026-08-10,2101,南港,橡膠工業,True,False,other_watch,A,healthy_pullback,54,1.03,5,51.64,54.65,0.2719031963424601,63.75,Q1,3.5,12.5,3.5,1.75,25.0,5.39,active,inactive,53.92,,53.92,0.0,1.75,0.0,positive,zero,decelerating,inactive,13,True,0,39.14,48.14,49.89,26.64,46.25,,,,,,,,,,,,,,,,,,,,,,,,,,,,,
2026-08-10,2850,新產,金融保險,True,False,other_watch,A,healthy_pullback,52,4.53,0,6.5,7.5,12.374802542617214,95.57,Q4,0.0,0.0,3.5,3.0,0.0,0.0,active,inactive,22.19,,-22.19,0.0,3.0,0.0,negative,zero,reversing_positive,inactive,13,True,0,6.5,3.0,3.5,6.5,6.5,,,,,,,,,,,,,,,,,,,,,,,,,,,,,
2026-08-10,2880,華南金,金融保險,True,False,other_watch,A,healthy_pullback,52,5.39,6,30.25,37.25,13.816005018302457,96.48,Q3,4.5,12.5,5.0,-1.75,0.0,10.0,active,active,95.04,100.0,-95.04,100.0,-3.5,1.75,negative,positive,stable,decelerating,13,True,0,17.75,25.25,32.0,30.25,20.25,,,,,,,,,,,,,,,,,,,,,,,,,,,,,
2026-08-10,2915,潤泰全,貿易百貨,True,False,other_watch,A,healthy_pullback,48,3.19,12,63.48,73.65,6.947873150170592,88.66,Q1,9.0,12.53,4.5,6.0,25.0,6.45,active,active,58.09,6.44,58.09,6.44,5.0,1.0,positive,positive,accelerating,neutral,13,True,0,50.95,58.980000000000004,57.480000000000004,38.480000000000004,57.03,,,,,,,,,,,,,,,,,,,,,,,,,,,,,
2026-08-10,2605,新興,航運業,True,False,other_watch,A,healthy_pullback,48,4.66,5,61.25,63.21,9.165426838312506,92.05,Q1,4.5,12.5,6.5,5.0,25.0,7.75,active,inactive,77.55,,77.55,0.0,5.0,0.0,positive,zero,accelerating,inactive,13,True,0,48.75,54.75,56.25,36.25,53.5,,,,,,,,,,,,,,,,,,,,,,,,,,,,,
2026-08-10,1709,和益,化學工業,True,False,other_watch,A,healthy_pullback,46,6.74,5,46.1,50.79,2.8611638395806938,78.36,Q1,3.5,8.13,2.5,5.0,25.0,1.97,active,inactive,19.71,,19.71,0.0,5.0,0.0,positive,zero,accelerating,inactive,13,True,0,37.97,43.6,41.1,21.1,44.13,,,,,,,,,,,,,,,,,,,,,,,,,,,,,
2026-08-10,2006,東和鋼鐵,鋼鐵工業,True,False,other_watch,A,healthy_pullback,42,8.6,5,57.08,59.38,23.360164562462003,98.83,Q1,3.5,12.5,6.0,0.75,25.0,9.33,active,active,93.34,49.01,93.34,-49.01,1.75,-1.0,positive,negative,decelerating,neutral,13,True,0,44.58,51.08,56.33,32.08,47.75,,,,,,,,,,,,,,,,,,,,,,,,,,,,,
2026-08-10,2425,承啟,電腦週邊,True,False,other_watch,A,healthy_pullback,34,6.44,0,0.0,7.5,13.481303775542186,96.35,Q3,0.0,0.0,3.0,-4.5,0.0,0.0,active,active,40.34,4.46,-40.34,-4.46,-3.5,-1.0,negative,negative,stable,neutral,13,True,0,0.0,0.0,3.0,0.0,0.0,,,,,,,,,,,,,,,,,,,,,,,,,,,,,
2026-08-10,2347,聯強,電子通路,True,False,other_watch,B1,healthy_pullback,70,2.91,15,79.59,83.51,12.38943159172904,95.7,Q1,9.0,25.0,6.5,1.75,25.0,12.34,active,active,33.81,89.6,33.81,89.6,0.0,1.75,positive,positive,reversing_negative,decelerating,13,True,0,54.59,73.09,77.84,54.59,67.25,,,,,,,,,,,,,,,,,,,,,,,,,,,,,
2026-08-10,6196,帆宣,其他電子,True,False,other_watch,B1,healthy_pullback,69,-1.93,5,37.35,41.37,-6.989988745949017,29.6,Q2,3.5,12.5,7.0,4.0,5.0,5.35,active,active,53.52,86.14,53.52,-86.14,5.0,-1.0,positive,negative,accelerating,neutral,13,True,0,24.85,30.35,33.35,32.35,32.0,,,,,,,,,,,,,,,,,,,,,,,,,,,,,
2026-08-10,1216,統一,食品工業,True,False,other_watch,B1,healthy_pullback,67,-1.37,7,35.68,42.71,-2.826163853165775,44.33,Q2,3.5,12.5,6.5,-1.75,5.0,9.93,active,active,99.35,75.74,99.35,-75.74,1.75,-3.5,positive,negative,decelerating,stable,13,True,0,23.18,29.18,37.43,30.68,25.75,,,,,,,,,,,,,,,,,,,,,,,,,,,,,
2026-08-10,1477,聚陽,紡織纖維,True,False,other_watch,B1,healthy_pullback,62,1.02,6,24.84,34.2,-0.7744193066351435,55.93,Q4,3.5,6.01,6.5,1.5,0.0,7.33,active,active,79.63,73.27,-79.63,73.27,-3.5,5.0,negative,positive,stable,accelerating,13,True,0,18.83,18.339999999999996,23.339999999999996,24.839999999999996,17.509999999999998,,,,,,,,,,,,,,,,,,,,,,,,,,,,,
2026-08-10,2633,台灣高鐵,航運業,True,False,other_watch,B1,healthy_pullback,61,0.0,6,14.47,25.61,-1.0839028872765222,54.11,Q4,3.5,2.42,5.0,-1.75,0.0,5.3,active,active,98.3,52.97,-98.3,52.97,-3.5,1.75,negative,positive,stable,decelerating,13,True,0,12.049999999999999,9.469999999999999,16.22,14.469999999999999,9.169999999999998,,,,,,,,,,,,,,,,,,,,,,,,,,,,,
2026-08-10,2206,三陽工業,汽車工業,True,False,other_watch,B1,healthy_pullback,61,-0.56,4,21.44,27.25,-0.5743665149262167,57.5,Q4,3.5,6.74,5.5,4.0,0.0,1.7,active,active,16.97,91.09,16.97,-91.09,5.0,-1.0,positive,negative,accelerating,neutral,13,True,0,14.700000000000001,15.940000000000001,17.44,21.44,19.740000000000002,,,,,,,,,,,,,,,,,,,,,,,,,,,,,
2026-08-10,4939,亞電,電子零組件,True,False,other_watch,B1,healthy_pullback,61,-1.21,0,0.0,7.0,8.163324365621804,91.0,Q3,0.0,0.0,2.5,-3.5,0.0,0.0,active,inactive,10.97,,-10.97,0.0,-3.5,0.0,negative,zero,stable,inactive,13,True,0,0.0,0.0,2.5,0.0,0.0,,,,,,,,,,,,,,,,,,,,,,,,,,,,,
2026-08-10,2889,國票金,金融保險,True,False,other_watch,B1,healthy_pullback,61,-1.29,3,9.76,25.41,-2.159081934702478,46.81,Q4,4.5,0.01,3.5,1.5,0.0,0.25,active,active,93.86,2.48,-93.86,2.48,-3.5,5.0,negative,positive,stable,accelerating,13,True,0,9.75,6.26,8.26,9.76,9.51,,,,,,,,,,,,,,,,,,,,,,,,,,,,,
2026-08-10,3023,信邦,電子零組件,True,False,other_watch,B1,healthy_pullback,60,5.18,6,37.9,40.21,-1.9366065676424626,48.11,Q2,3.5,12.5,6.5,0.75,5.0,9.65,active,active,12.01,96.53,-12.01,96.53,-1.0,1.75,negative,positive,neutral,decelerating,13,True,0,25.4,31.4,37.15,32.9,28.25,,,,,,,,,,,,,,,,,,,,,,,,,,,,,
2026-08-10,3034,聯詠,半導體業,True,False,other_watch,B1,healthy_pullback,60,6.35,7,60.81,63.35,17.359128561425997,97.13,Q1,3.5,12.5,7.0,4.0,25.0,8.81,active,active,88.12,82.18,88.12,-82.18,5.0,-1.0,positive,negative,accelerating,neutral,13,True,0,48.31,53.81,56.81,35.81,52.0,,,,,,,,,,,,,,,,,,,,,,,,,,,,,
2026-08-10,3260,威剛,半導體業,True,False,other_watch,B1,healthy_pullback,60,6.61,5,45.38,55.7,2.4769736792711217,76.14,Q1,4.5,11.72,5.0,-3.5,25.0,2.66,active,active,26.63,25.25,26.63,-25.25,0.0,-3.5,positive,negative,reversing_negative,stable,13,True,0,33.66,40.379999999999995,48.879999999999995,20.379999999999995,42.72,,,,,,,,,,,,,,,,,,,,,,,,,,,,,
2026-08-10,3665,貿聯-KY,其他電子,True,False,other_watch,B1,healthy_pullback,54,3.3,6,39.44,50.26,18.42176565623467,97.91,Q1,3.5,3.25,5.5,-3.5,25.0,5.69,active,active,1.83,56.93,-1.83,56.93,-3.5,0.0,negative,positive,stable,reversing_negative,13,True,0,36.19,33.94,42.94,14.439999999999998,33.75,,,,,,,,,,,,,,,,,,,,,,,,,,,,,
2026-08-10,2890,永豐金,金融保險,True,False,other_watch,B1,healthy_pullback,53,-1.08,5,33.96,41.69,-2.2383386479815193,46.41,Q2,3.5,12.5,6.5,-1.75,5.0,8.21,active,active,82.11,80.69,82.11,-80.69,1.75,-3.5,positive,negative,decelerating,stable,13,True,0,21.46,27.46,35.71,28.96,25.75,,,,,,,,,,,,,,,,,,,,,,,,,,,,,
2026-08-10,2357,華碩,電腦週邊,True,False,other_watch,B1,healthy_pullback,52,5.75,5,62.09,64.68,17.18867401597145,97.0,Q1,4.5,12.5,7.5,4.0,25.0,8.59,active,active,85.9,55.94,85.9,-55.94,5.0,-1.0,positive,negative,accelerating,neutral,13,True,0,49.59,54.59,58.09,37.09,53.5,,,,,,,,,,,,,,,,,,,,,,,,,,,,,
2026-08-10,5434,崇越,電子通路,True,False,other_watch,B1,healthy_pullback,48,-4.37,4,34.67,37.23,-7.054597247648642,29.07,Q4,3.5,12.5,6.0,4.0,0.0,8.67,active,active,86.68,99.5,86.68,-99.5,5.0,-1.0,positive,negative,accelerating,neutral,13,True,0,22.17,28.67,30.67,34.67,26.0,,,,,,,,,,,,,,,,,,,,,,,,,,,,,
2026-08-10,4541,晟田,其他,True,False,other_watch,B1,healthy_pullback,48,-4.87,5,22.67,27.41,-1.5380398439391096,51.11,Q2,3.5,7.55,3.0,1.75,5.0,1.87,active,inactive,18.67,,18.67,0.0,1.75,0.0,positive,zero,decelerating,inactive,13,True,0,15.120000000000001,19.67,20.92,17.67,20.8,,,,,,,,,,,,,,,,,,,,,,,,,,,,,
2026-08-10,3293,鈊象,文化創意,True,False,other_watch,B1,healthy_pullback,48,6.52,7,56.49,66.61,9.637467506431607,93.22,Q1,4.5,12.5,8.0,-3.25,25.0,9.74,active,active,97.39,66.83,97.39,-66.83,1.75,-5.0,positive,negative,decelerating,accelerating,13,True,0,43.99,48.49,59.74,31.490000000000002,46.75,,,,,,,,,,,,,,,,,,,,,,,,,,,,,
2026-08-10,2845,遠東銀,金融保險,True,False,other_watch,B1,healthy_pullback,43,-1.68,3,12.21,20.9,-0.5026351430343245,58.15,Q4,3.5,0.01,4.5,4.0,0.0,0.2,active,active,80.03,1.98,-80.03,1.98,3.0,1.0,negative,positive,reversing_positive,neutral,13,True,0,12.2,7.709999999999999,8.209999999999999,12.209999999999999,12.01,,,,,,,,,,,,,,,,,,,,,,,,,,,,,
2026-08-10,3017,奇鋐,電腦週邊,True,False,wait_pullback,B1,healthy_pullback,42,11.04,15,83.49,85.79,25.26515511913795,99.35,Q1,10.0,25.0,6.5,1.75,25.0,15.24,active,active,56.4,96.04,56.4,96.04,0.0,1.75,positive,positive,reversing_negative,decelerating,13,True,0,58.489999999999995,76.99,81.74,58.489999999999995,68.25,,,,,,,,,,,,,,,,,,,,,,,,,,,,,
2026-08-10,5876,上海商銀,金融保險,True,False,other_watch,B1,healthy_pullback,36,-3.67,7,43.29,44.66,-0.8165123322216861,55.28,Q2,3.5,12.5,7.5,8.0,5.0,6.79,active,active,67.89,87.62,67.89,-87.62,5.0,3.0,positive,negative,accelerating,reversing_positive,13,True,0,30.79,35.79,35.29,38.29,36.5,,,,,,,,,,,,,,,,,,,,,,,,,,,,,
2026-08-10,2892,第一金,金融保險,True,False,other_watch,B1,healthy_pullback,35,-0.14,6,29.91,38.08,4.858790860493956,85.27,Q4,4.5,12.5,6.0,-1.75,0.0,8.66,active,active,94.91,86.63,-94.91,86.63,-3.5,1.75,negative,positive,stable,decelerating,13,True,0,17.41,23.91,31.66,29.91,21.25,,,,,,,,,,,,,,,,,,,,,,,,,,,,,
2026-08-10,6187,萬潤,半導體業,True,False,other_watch,B1,healthy_pullback,34,6.55,15,69.93,77.37,6.309501859625389,88.14,Q1,10.0,14.87,7.0,5.0,25.0,8.06,active,active,28.59,51.98,28.59,51.98,5.0,0.0,positive,positive,accelerating,reversing_negative,13,True,0,55.059999999999995,62.92999999999999,64.92999999999999,44.92999999999999,61.86999999999999,,,,,,,,,,,,,,,,,,,,,,,,,,,,,
