code,name,eligible_common_stock,old_category,new_category,old_final_score,new_final_score,category_changed,final_score_changed,chip_bonus_v1,capital_flow_score_v2_shadow,v1_rank,v2_rank,rank_change,v1_percentile,v2_percentile,case,movement_reason,flow_price_quadrant,foreign_flow_ratio_5d,trust_flow_ratio_5d,foreign_flow_percentile,trust_flow_percentile,rs20,rs20_percentile,flow_identity_score,flow_intensity_score,flow_persistence_score,flow_momentum_score,flow_price_confirmation_score,flow_relative_score,current_research_rank,shadow_rank_v2,shadow_rank_change
00401A,主動摩根台灣鑫收,False,excluded,excluded,0,0,False,False,,,,,,,,,,,,,,,,,,,,,,,,,
0050,元大台灣50,False,excluded,excluded,0,0,False,False,,,,,,,,,,,,,,,,,,,,,,,,,
0051,元大中型100,False,excluded,excluded,0,0,False,False,,,,,,,,,,,,,,,,,,,,,,,,,
0052,富邦科技,False,excluded,excluded,0,0,False,False,,,,,,,,,,,,,,,,,,,,,,,,,
0053,元大電子,False,excluded,excluded,0,0,False,False,,,,,,,,,,,,,,,,,,,,,,,,,
0055,元大MSCI金融,False,excluded,excluded,0,0,False,False,,,,,,,,,,,,,,,,,,,,,,,,,
0056,元大高股息,False,excluded,excluded,0,0,False,False,,,,,,,,,,,,,,,,,,,,,,,,,
0057,富邦摩台,False,excluded,excluded,0,0,False,False,,,,,,,,,,,,,,,,,,,,,,,,,
0061,元大寶滬深,False,excluded,excluded,0,0,False,False,,,,,,,,,,,,,,,,,,,,,,,,,
006205,富邦上証,False,excluded,excluded,0,0,False,False,,,,,,,,,,,,,,,,,,,,,,,,,
006206,元大上證50,False,excluded,excluded,0,0,False,False,,,,,,,,,,,,,,,,,,,,,,,,,
00632R,元大台灣50反1,False,excluded,excluded,0,0,False,False,,,,,,,,,,,,,,,,,,,,,,,,,
00634R,富邦上証反1,False,excluded,excluded,0,0,False,False,,,,,,,,,,,,,,,,,,,,,,,,,
00635U,期元大S&P黃金,False,excluded,excluded,0,0,False,False,,,,,,,,,,,,,,,,,,,,,,,,,
00636,國泰中國A50,False,excluded,excluded,0,0,False,False,,,,,,,,,,,,,,,,,,,,,,,,,
00643,群益深証中小,False,excluded,excluded,0,0,False,False,,,,,,,,,,,,,,,,,,,,,,,,,
00645,富邦日本,False,excluded,excluded,0,0,False,False,,,,,,,,,,,,,,,,,,,,,,,,,
00646,元大S&P500,False,excluded,excluded,0,0,False,False,,,,,,,,,,,,,,,,,,,,,,,,,
00647L,元大S&P500正2,False,excluded,excluded,0,0,False,False,,,,,,,,,,,,,,,,,,,,,,,,,
00650L,復華香港正2,False,excluded,excluded,0,0,False,False,,,,,,,,,,,,,,,,,,,,,,,,,
00651R,復華香港反1,False,excluded,excluded,0,0,False,False,,,,,,,,,,,,,,,,,,,,,,,,,
00652,富邦印度,False,excluded,excluded,0,0,False,False,,,,,,,,,,,,,,,,,,,,,,,,,
00653L,富邦印度正2,False,excluded,excluded,0,0,False,False,,,,,,,,,,,,,,,,,,,,,,,,,
00655L,國泰中國A50正2,False,excluded,excluded,0,0,False,False,,,,,,,,,,,,,,,,,,,,,,,,,
00664R,國泰臺灣加權反1,False,excluded,excluded,0,0,False,False,,,,,,,,,,,,,,,,,,,,,,,,,
00665L,富邦恒生國企正2,False,excluded,excluded,0,0,False,False,,,,,,,,,,,,,,,,,,,,,,,,,
00668,國泰美國道瓊,False,excluded,excluded,0,0,False,False,,,,,,,,,,,,,,,,,,,,,,,,,
00671R,富邦NASDAQ反1,False,excluded,excluded,0,0,False,False,,,,,,,,,,,,,,,,,,,,,,,,,
00673R,期元大S&P原油反1,False,excluded,excluded,0,0,False,False,,,,,,,,,,,,,,,,,,,,,,,,,
00674R,期元大S&P黃金反1,False,excluded,excluded,0,0,False,False,,,,,,,,,,,,,,,,,,,,,,,,,
00676R,富邦臺灣加權反1,False,excluded,excluded,0,0,False,False,,,,,,,,,,,,,,,,,,,,,,,,,
00678,群益那斯達克生技,False,excluded,excluded,0,0,False,False,,,,,,,,,,,,,,,,,,,,,,,,,
00679B,元大美債20年,False,excluded,excluded,0,0,False,False,,,,,,,,,,,,,,,,,,,,,,,,,
00680L,元大美債20正2,False,excluded,excluded,0,0,False,False,,,,,,,,,,,,,,,,,,,,,,,,,
00681R,元大美債20反1,False,excluded,excluded,0,0,False,False,,,,,,,,,,,,,,,,,,,,,,,,,
00686R,群益臺灣加權反1,False,excluded,excluded,0,0,False,False,,,,,,,,,,,,,,,,,,,,,,,,,
00687B,國泰20年美債,False,excluded,excluded,0,0,False,False,,,,,,,,,,,,,,,,,,,,,,,,,
00688L,國泰20年美債正2,False,excluded,excluded,0,0,False,False,,,,,,,,,,,,,,,,,,,,,,,,,
00689R,國泰20年美債反1,False,excluded,excluded,0,0,False,False,,,,,,,,,,,,,,,,,,,,,,,,,
00694B,富邦美債1-3,False,excluded,excluded,0,0,False,False,,,,,,,,,,,,,,,,,,,,,,,,,
00695B,富邦美債7-10,False,excluded,excluded,0,0,False,False,,,,,,,,,,,,,,,,,,,,,,,,,
00696B,富邦美債20年,False,excluded,excluded,0,0,False,False,,,,,,,,,,,,,,,,,,,,,,,,,
00697B,元大美債7-10,False,excluded,excluded,0,0,False,False,,,,,,,,,,,,,,,,,,,,,,,,,
00700,富邦恒生國企,False,excluded,excluded,0,0,False,False,,,,,,,,,,,,,,,,,,,,,,,,,
00708L,期元大S&P黃金正2,False,excluded,excluded,0,0,False,False,,,,,,,,,,,,,,,,,,,,,,,,,
00709,富邦歐洲,False,excluded,excluded,0,0,False,False,,,,,,,,,,,,,,,,,,,,,,,,,
00710B,復華彭博非投等債,False,excluded,excluded,0,0,False,False,,,,,,,,,,,,,,,,,,,,,,,,,
00712,復華富時不動產,False,excluded,excluded,0,0,False,False,,,,,,,,,,,,,,,,,,,,,,,,,
00714,群益道瓊美國地產,False,excluded,excluded,0,0,False,False,,,,,,,,,,,,,,,,,,,,,,,,,
00717,富邦美國特別股,False,excluded,excluded,0,0,False,False,,,,,,,,,,,,,,,,,,,,,,,,,
00719B,元大美債1-3,False,excluded,excluded,0,0,False,False,,,,,,,,,,,,,,,,,,,,,,,,,
00720B,元大投資級公司債,False,excluded,excluded,0,0,False,False,,,,,,,,,,,,,,,,,,,,,,,,,
00722B,群益投資級電信債,False,excluded,excluded,0,0,False,False,,,,,,,,,,,,,,,,,,,,,,,,,
00724B,群益投資級金融債,False,excluded,excluded,0,0,False,False,,,,,,,,,,,,,,,,,,,,,,,,,
00725B,國泰投資級公司債,False,excluded,excluded,0,0,False,False,,,,,,,,,,,,,,,,,,,,,,,,,
00726B,國泰新興投等債,False,excluded,excluded,0,0,False,False,,,,,,,,,,,,,,,,,,,,,,,,,
00737,國泰AI機器人,False,excluded,excluded,0,0,False,False,,,,,,,,,,,,,,,,,,,,,,,,,
00738U,期元大道瓊白銀,False,excluded,excluded,0,0,False,False,,,,,,,,,,,,,,,,,,,,,,,,,
00740B,富邦全球投等債,False,excluded,excluded,0,0,False,False,,,,,,,,,,,,,,,,,,,,,,,,,
00741B,富邦全球非投等債,False,excluded,excluded,0,0,False,False,,,,,,,,,,,,,,,,,,,,,,,,,
00746B,富邦A級公司債,False,excluded,excluded,0,0,False,False,,,,,,,,,,,,,,,,,,,,,,,,,
00751B,元大AAA至A公司債,False,excluded,excluded,0,0,False,False,,,,,,,,,,,,,,,,,,,,,,,,,
00752,中信中國50,False,excluded,excluded,0,0,False,False,,,,,,,,,,,,,,,,,,,,,,,,,
00753L,中信中國50正2,False,excluded,excluded,0,0,False,False,,,,,,,,,,,,,,,,,,,,,,,,,
00756B,群益投等新興公債,False,excluded,excluded,0,0,False,False,,,,,,,,,,,,,,,,,,,,,,,,,
00757,統一FANG+,False,excluded,excluded,0,0,False,False,,,,,,,,,,,,,,,,,,,,,,,,,
00761B,國泰A級公司債,False,excluded,excluded,0,0,False,False,,,,,,,,,,,,,,,,,,,,,,,,,
00764B,群益25年美債,False,excluded,excluded,0,0,False,False,,,,,,,,,,,,,,,,,,,,,,,,,
00768B,復華20年美債,False,excluded,excluded,0,0,False,False,,,,,,,,,,,,,,,,,,,,,,,,,
00772B,中信高評級公司債,False,excluded,excluded,0,0,False,False,,,,,,,,,,,,,,,,,,,,,,,,,
00773B,中信優先金融債,False,excluded,excluded,0,0,False,False,,,,,,,,,,,,,,,,,,,,,,,,,
00780B,國泰A級金融債,False,excluded,excluded,0,0,False,False,,,,,,,,,,,,,,,,,,,,,,,,,
00789B,復華公司債A3,False,excluded,excluded,0,0,False,False,,,,,,,,,,,,,,,,,,,,,,,,,
00795B,中信美國公債20年,False,excluded,excluded,0,0,False,False,,,,,,,,,,,,,,,,,,,,,,,,,
00799B,國泰A級醫療債,False,excluded,excluded,0,0,False,False,,,,,,,,,,,,,,,,,,,,,,,,,
00844B,台新15年IG金融債,False,excluded,excluded,0,0,False,False,,,,,,,,,,,,,,,,,,,,,,,,,
00849B,中信EM主權債0-5,False,excluded,excluded,0,0,False,False,,,,,,,,,,,,,,,,,,,,,,,,,
00851,台新全球AI,False,excluded,excluded,0,0,False,False,,,,,,,,,,,,,,,,,,,,,,,,,
00853B,統一美債10年Aa-A,False,excluded,excluded,0,0,False,False,,,,,,,,,,,,,,,,,,,,,,,,,
00857B,永豐20年美公債,False,excluded,excluded,0,0,False,False,,,,,,,,,,,,,,,,,,,,,,,,,
00858,永豐美國500大,False,excluded,excluded,0,0,False,False,,,,,,,,,,,,,,,,,,,,,,,,,
00859B,群益0-1年美債,False,excluded,excluded,0,0,False,False,,,,,,,,,,,,,,,,,,,,,,,,,
00862B,中信投資級公司債,False,excluded,excluded,0,0,False,False,,,,,,,,,,,,,,,,,,,,,,,,,
00863B,中信全球電信債,False,excluded,excluded,0,0,False,False,,,,,,,,,,,,,,,,,,,,,,,,,
00864B,中信美國公債0-1,False,excluded,excluded,0,0,False,False,,,,,,,,,,,,,,,,,,,,,,,,,
00875,國泰網路資安,False,excluded,excluded,0,0,False,False,,,,,,,,,,,,,,,,,,,,,,,,,
00882,中信中國高股息,False,excluded,excluded,0,0,False,False,,,,,,,,,,,,,,,,,,,,,,,,,
00885,富邦越南,False,excluded,excluded,0,0,False,False,,,,,,,,,,,,,,,,,,,,,,,,,
00890B,凱基ESG BBB債15+,False,excluded,excluded,0,0,False,False,,,,,,,,,,,,,,,,,,,,,,,,,
00894,中信小資高價30,False,excluded,excluded,0,0,False,False,,,,,,,,,,,,,,,,,,,,,,,,,
00895,富邦未來車,False,excluded,excluded,0,0,False,False,,,,,,,,,,,,,,,,,,,,,,,,,
00897,富邦基因免疫生技,False,excluded,excluded,0,0,False,False,,,,,,,,,,,,,,,,,,,,,,,,,
00898,國泰基因免疫革命,False,excluded,excluded,0,0,False,False,,,,,,,,,,,,,,,,,,,,,,,,,
00899,FT潔淨能源,False,excluded,excluded,0,0,False,False,,,,,,,,,,,,,,,,,,,,,,,,,
00900,富邦特選高股息30,False,excluded,excluded,0,0,False,False,,,,,,,,,,,,,,,,,,,,,,,,,
00901,永豐智能車供應鏈,False,excluded,excluded,0,0,False,False,,,,,,,,,,,,,,,,,,,,,,,,,
00902,中信電池及儲能,False,excluded,excluded,0,0,False,False,,,,,,,,,,,,,,,,,,,,,,,,,
00903,富邦元宇宙,False,excluded,excluded,0,0,False,False,,,,,,,,,,,,,,,,,,,,,,,,,
00904,台新臺灣半導體30,False,excluded,excluded,0,0,False,False,,,,,,,,,,,,,,,,,,,,,,,,,
00910,第一金太空衛星,False,excluded,excluded,0,0,False,False,,,,,,,,,,,,,,,,,,,,,,,,,
00912,中信臺灣智慧50,False,excluded,excluded,0,0,False,False,,,,,,,,,,,,,,,,,,,,,,,,,
00915,凱基優選高股息30,False,excluded,excluded,0,0,False,False,,,,,,,,,,,,,,,,,,,,,,,,,
00916,國泰全球品牌50,False,excluded,excluded,0,0,False,False,,,,,,,,,,,,,,,,,,,,,,,,,
00917,中信特選金融,False,excluded,excluded,0,0,False,False,,,,,,,,,,,,,,,,,,,,,,,,,
00918,大華優利高填息30,False,excluded,excluded,0,0,False,False,,,,,,,,,,,,,,,,,,,,,,,,,
00924,復華S&P500成長,False,excluded,excluded,0,0,False,False,,,,,,,,,,,,,,,,,,,,,,,,,
00928,中信上櫃ESG30,False,excluded,excluded,0,0,False,False,,,,,,,,,,,,,,,,,,,,,,,,,
00931B,統一美債20年,False,excluded,excluded,0,0,False,False,,,,,,,,,,,,,,,,,,,,,,,,,
00933B,國泰10Y+金融債,False,excluded,excluded,0,0,False,False,,,,,,,,,,,,,,,,,,,,,,,,,
00937B,群益ESG投等債20+,False,excluded,excluded,0,0,False,False,,,,,,,,,,,,,,,,,,,,,,,,,
00942B,台新美A公司債20+,False,excluded,excluded,0,0,False,False,,,,,,,,,,,,,,,,,,,,,,,,,
00944,野村趨勢動能高息,False,excluded,excluded,0,0,False,False,,,,,,,,,,,,,,,,,,,,,,,,,
00945B,凱基美國非投等債,False,excluded,excluded,0,0,False,False,,,,,,,,,,,,,,,,,,,,,,,,,
00948B,中信優息投資級債,False,excluded,excluded,0,0,False,False,,,,,,,,,,,,,,,,,,,,,,,,,
00949,復華日本龍頭,False,excluded,excluded,0,0,False,False,,,,,,,,,,,,,,,,,,,,,,,,,
00950B,凱基A級公司債,False,excluded,excluded,0,0,False,False,,,,,,,,,,,,,,,,,,,,,,,,,
00955,中信日本商社,False,excluded,excluded,0,0,False,False,,,,,,,,,,,,,,,,,,,,,,,,,
00956,中信日經高股息,False,excluded,excluded,0,0,False,False,,,,,,,,,,,,,,,,,,,,,,,,,
00957B,兆豐US優選投等債,False,excluded,excluded,0,0,False,False,,,,,,,,,,,,,,,,,,,,,,,,,
00958B,永豐ESG銀行債15+,False,excluded,excluded,0,0,False,False,,,,,,,,,,,,,,,,,,,,,,,,,
00959B,大華投等美債15Y+,False,excluded,excluded,0,0,False,False,,,,,,,,,,,,,,,,,,,,,,,,,
00960,野村全球航運龍頭,False,excluded,excluded,0,0,False,False,,,,,,,,,,,,,,,,,,,,,,,,,
00965,元大航太防衛科技,False,excluded,excluded,0,0,False,False,,,,,,,,,,,,,,,,,,,,,,,,,
00970B,台新BBB投等債20+,False,excluded,excluded,0,0,False,False,,,,,,,,,,,,,,,,,,,,,,,,,
009800,中信NASDAQ,False,excluded,excluded,0,0,False,False,,,,,,,,,,,,,,,,,,,,,,,,,
009801,中信美國創新科技,False,excluded,excluded,0,0,False,False,,,,,,,,,,,,,,,,,,,,,,,,,
009805,台新美國電力基建,False,excluded,excluded,0,0,False,False,,,,,,,,,,,,,,,,,,,,,,,,,
00980D,主動聯博投等入息,False,excluded,excluded,0,0,False,False,,,,,,,,,,,,,,,,,,,,,,,,,
00980T,平衡凱基美國TOP,False,excluded,excluded,0,0,False,False,,,,,,,,,,,,,,,,,,,,,,,,,
009810,玉山全球藍籌100,False,excluded,excluded,0,0,False,False,,,,,,,,,,,,,,,,,,,,,,,,,
009811,統一美國50,False,excluded,excluded,0,0,False,False,,,,,,,,,,,,,,,,,,,,,,,,,
009813,貝萊德標普卓越50,False,excluded,excluded,0,0,False,False,,,,,,,,,,,,,,,,,,,,,,,,,
009814,富邦標普500,False,excluded,excluded,0,0,False,False,,,,,,,,,,,,,,,,,,,,,,,,,
009815,大華美國MAG7+,False,excluded,excluded,0,0,False,False,,,,,,,,,,,,,,,,,,,,,,,,,
009817,國泰日本不動產,False,excluded,excluded,0,0,False,False,,,,,,,,,,,,,,,,,,,,,,,,,
009818,華南永昌NASDAQxT,False,excluded,excluded,0,0,False,False,,,,,,,,,,,,,,,,,,,,,,,,,
009819,中信數據及電力,False,excluded,excluded,0,0,False,False,,,,,,,,,,,,,,,,,,,,,,,,,
00981B,第一金優選非投債,False,excluded,excluded,0,0,False,False,,,,,,,,,,,,,,,,,,,,,,,,,
00981D,主動中信非投等債,False,excluded,excluded,0,0,False,False,,,,,,,,,,,,,,,,,,,,,,,,,
00981T,平衡凱基雙核收息,False,excluded,excluded,0,0,False,False,,,,,,,,,,,,,,,,,,,,,,,,,
009821,野村稀土關鍵資源,False,excluded,excluded,0,0,False,False,,,,,,,,,,,,,,,,,,,,,,,,,
009823,群益S&P500,False,excluded,excluded,0,0,False,False,,,,,,,,,,,,,,,,,,,,,,,,,
00982D,主動富邦動態入息,False,excluded,excluded,0,0,False,False,,,,,,,,,,,,,,,,,,,,,,,,,
00983A,主動中信ARK創新,False,excluded,excluded,0,0,False,False,,,,,,,,,,,,,,,,,,,,,,,,,
00983D,主動富邦複合收益,False,excluded,excluded,0,0,False,False,,,,,,,,,,,,,,,,,,,,,,,,,
00984B,大華優利美A債15,False,excluded,excluded,0,0,False,False,,,,,,,,,,,,,,,,,,,,,,,,,
00985A,主動野村台灣50,False,excluded,excluded,0,0,False,False,,,,,,,,,,,,,,,,,,,,,,,,,
00986A,主動台新龍頭成長,False,excluded,excluded,0,0,False,False,,,,,,,,,,,,,,,,,,,,,,,,,
00986D,主動復華金融債息,False,excluded,excluded,0,0,False,False,,,,,,,,,,,,,,,,,,,,,,,,,
00987A,主動台新優勢成長,False,excluded,excluded,0,0,False,False,,,,,,,,,,,,,,,,,,,,,,,,,
00988B,玉山嚴選非投債,False,excluded,excluded,0,0,False,False,,,,,,,,,,,,,,,,,,,,,,,,,
00989A,主動摩根美國科技,False,excluded,excluded,0,0,False,False,,,,,,,,,,,,,,,,,,,,,,,,,
00990B,國泰收益非投等債,False,excluded,excluded,0,0,False,False,,,,,,,,,,,,,,,,,,,,,,,,,
00993A,主動安聯台灣,False,excluded,excluded,0,0,False,False,,,,,,,,,,,,,,,,,,,,,,,,,
00995A,主動中信台灣卓越,False,excluded,excluded,0,0,False,False,,,,,,,,,,,,,,,,,,,,,,,,,
00997A,主動群益美國增長,False,excluded,excluded,0,0,False,False,,,,,,,,,,,,,,,,,,,,,,,,,
00998A,主動復華金融股息,False,excluded,excluded,0,0,False,False,,,,,,,,,,,,,,,,,,,,,,,,,
01001T,土銀富邦R1,False,excluded,excluded,0,0,False,False,,,,,,,,,,,,,,,,,,,,,,,,,
01007T,兆豐國泰R2,False,excluded,excluded,0,0,False,False,,,,,,,,,,,,,,,,,,,,,,,,,
01009T,王道圓滿R1,False,excluded,excluded,0,0,False,False,,,,,,,,,,,,,,,,,,,,,,,,,
020028,元大特選電動車N,False,excluded,excluded,0,0,False,False,,,,,,,,,,,,,,,,,,,,,,,,,
1101,台泥,True,high_priority_watch,high_priority_watch,58,58,False,False,14.0,71.56,14.0,22.0,-8.0,97.78357235984355,97.26205997392438,B_V1_strong_V2_weak,V1連買訊號高（外資4日／投信0日）；近期flow已轉負,Q1,0.10154263935207242,1.86830330035778e-05,74.32,88.79,8.435317143085042,91.4,9.0,12.5,7.0,1.75,25.0,16.31,27.0,8.0,19.0
1102,亞泥,True,excluded,excluded,0,0,False,False,2.0,11.5,437.0,462.0,-25.0,41.19947848761408,39.70013037809648,,V1連買訊號高（外資4日／投信0日）；實際介入強度低（強度分 0.0/25）；全市場flow percentile偏低（外資P46、投信P2）；價格未確認（Q4、RS20 -4.59）,Q4,-0.0044936296296296295,-0.05033051851851852,45.5,2.09,-4.591900352353617,37.68,0.0,0.0,7.5,4.0,0.0,0.0,,,
1103,嘉泥,True,excluded,excluded,0,0,False,False,0.0,5.5,468.0,699.0,-231.0,19.621903520208605,7.496740547588006,D_V1_weak_V2_weak,實際介入強度低（強度分 0.0/25）；全市場flow percentile偏低（外資P2、投信P52）；價格未確認（Q4、RS20 -1.59）,Q4,-0.34703914835164834,0.0,2.48,51.76,-1.587533632468674,50.52,0.0,0.0,1.5,4.0,0.0,0.0,,,
1104,環泥,True,excluded,excluded,0,0,False,False,0.0,7.5,469.0,520.0,-51.0,19.621903520208605,29.85658409387223,,實際介入強度低（強度分 0.0/25）；全市場flow percentile偏低（外資P4、投信P52）；價格未確認（Q4、RS20 -0.67）,Q4,-0.303102104173853,0.0,3.91,51.76,-0.6650244073764244,56.98,0.0,0.0,3.5,4.0,0.0,0.0,,,
1108,幸福,True,excluded,excluded,0,0,False,False,5.0,36.82,151.0,282.0,-131.0,64.27640156453715,63.363754889178615,,全市場flow percentile偏低（外資P63、投信P52）；價格未確認（Q2、RS20 -10.36）,Q2,0.05908488458674609,0.0,63.23,51.76,-10.359819157521722,20.47,3.5,12.5,3.5,6.0,5.0,6.32,,,
1109,信大,True,excluded,excluded,0,0,False,False,0.0,7.0,470.0,559.0,-89.0,19.621903520208605,23.598435462842243,D_V1_weak_V2_weak,實際介入強度低（強度分 0.0/25）；全市場flow percentile偏低（外資P8、投信P52）；價格未確認（Q4、RS20 -6.51）,Q4,-0.21455737704918032,0.0,7.56,51.76,-6.513040225418553,31.55,0.0,0.0,2.5,4.5,0.0,0.0,,,
1110,東泥,True,excluded,excluded,0,0,False,False,0.0,7.5,471.0,521.0,-50.0,19.621903520208605,29.85658409387223,,實際介入強度低（強度分 0.0/25）；全市場flow percentile偏低（外資P34、投信P52）,Q3,-0.04080300065231572,0.0,34.16,51.76,4.817148248745051,85.01,0.0,0.0,3.5,4.0,0.0,0.0,,,
1201,味全,True,excluded,excluded,0,0,False,False,0.0,6.0,472.0,667.0,-195.0,19.621903520208605,11.147327249022164,D_V1_weak_V2_weak,實際介入強度低（強度分 0.0/25）；全市場flow percentile偏低（外資P1、投信P52）；價格未確認（Q4、RS20 -2.19）,Q4,-0.43589111747851,0.0,1.17,51.76,-2.1917587982262954,46.68,0.0,0.0,1.5,4.5,0.0,0.0,,,
1203,味王,True,excluded,excluded,0,0,False,False,5.0,39.45,152.0,209.0,-57.0,64.27640156453715,72.81616688396349,,價格未確認（Q2、RS20 +8.70）,Q2,0.1746987951807229,0.0,84.49,51.76,8.696775745047514,91.79,3.5,12.5,4.0,6.0,5.0,8.45,,,
1210,大成,False,excluded,excluded,0,0,False,False,,,,,,,,,,,,,,,,,,,,,,,,,
1213,大飲,False,excluded,excluded,0,0,False,False,,,,,,,,,,,,,,,,,,,,,,,,,
1215,卜蜂,False,excluded,excluded,0,0,False,False,,,,,,,,,,,,,,,,,,,,,,,,,
1216,統一,True,other_watch,other_watch,59,59,False,False,7.0,42.71,45.0,171.0,-126.0,88.33116036505866,77.83572359843546,,V1連買訊號高（外資10日／投信0日）；價格未確認（Q2、RS20 -2.83）；近期flow正在減速,Q2,0.5277813430113102,-0.02733452387810358,99.61,3.65,-2.826163853165775,44.33,3.5,12.5,6.5,5.25,5.0,9.96,,,
1217,愛之味,True,excluded,excluded,0,0,False,False,0.0,6.5,473.0,616.0,-143.0,19.621903520208605,16.558018252933508,D_V1_weak_V2_weak,實際介入強度低（強度分 0.0/25）；全市場flow percentile偏低（外資P13、投信P52）；價格未確認（Q4、RS20 -0.60）,Q4,-0.14912940670679278,0.0,13.04,51.76,-0.6045078022103634,57.37,0.0,0.0,2.0,4.5,0.0,0.0,,,
1218,泰山,False,excluded,excluded,0,0,False,False,,,,,,,,,,,,,,,,,,,,,,,,,
1219,福壽,False,excluded,excluded,0,0,False,False,,,,,,,,,,,,,,,,,,,,,,,,,
1220,台榮,True,excluded,excluded,0,0,False,False,0.0,6.5,474.0,617.0,-143.0,19.621903520208605,16.558018252933508,D_V1_weak_V2_weak,實際介入強度低（強度分 0.0/25）；全市場flow percentile偏低（外資P30、投信P52）；價格未確認（Q4、RS20 -1.62）,Q4,-0.059935211267605634,0.0,30.25,51.76,-1.6245951384548984,50.2,0.0,0.0,2.5,4.0,0.0,0.0,,,
1225,福懋油,True,excluded,excluded,0,0,False,False,0.0,7.0,475.0,560.0,-85.0,19.621903520208605,23.598435462842243,D_V1_weak_V2_weak,實際介入強度低（強度分 0.0/25）；全市場flow percentile偏低（外資P24、投信P52）；價格未確認（Q4、RS20 -4.31）,Q4,-0.08241053677932406,0.0,24.25,51.76,-4.30753810524066,38.46,0.0,0.0,3.0,4.0,0.0,0.0,,,
1227,佳格,True,excluded,excluded,0,0,False,False,0.0,9.0,476.0,480.0,-4.0,19.621903520208605,37.222946544980445,,實際介入強度低（強度分 0.0/25）；全市場flow percentile偏低（外資P12、投信P52）；價格未確認（Q4、RS20 -1.99）,Q4,-0.15942573546998326,0.0,11.86,51.76,-1.9945410248017326,47.59,0.0,0.0,5.0,4.0,0.0,0.0,,,
1229,聯華,True,excluded,excluded,0,0,False,False,4.0,23.46,400.0,421.0,-21.0,47.84876140808344,45.241199478487616,,V1連買訊號高（外資3日／投信1日）；實際介入強度低（強度分 5.8/25）；全市場flow percentile偏低（外資P54、投信P3）；近期flow正在減速,Q3,0.02320415988844992,-0.037488496397861955,54.11,2.74,1.988048029055156,73.27,3.5,5.8,6.0,2.75,0.0,5.41,,,
1231,聯華食,False,excluded,excluded,0,0,False,False,,,,,,,,,,,,,,,,,,,,,,,,,
1232,大統益,True,excluded,excluded,0,0,False,False,0.0,6.0,477.0,668.0,-191.0,19.621903520208605,11.147327249022164,D_V1_weak_V2_weak,實際介入強度低（強度分 0.0/25）；全市場flow percentile偏低（外資P17、投信P52）,Q3,-0.1189032006245121,0.0,17.47,51.76,4.306750475935328,82.53,0.0,0.0,2.0,4.0,0.0,0.0,,,
1233,天仁,True,excluded,excluded,0,0,False,False,0.0,4.0,478.0,750.0,-272.0,19.621903520208605,1.7601043024771839,D_V1_weak_V2_weak,實際介入強度低（強度分 0.0/25）；全市場flow percentile偏低（外資P33、投信P52）；價格未確認（Q4、RS20 +1.71）,Q4,-0.04580152671755725,0.0,33.38,51.76,1.7072359700316286,71.84,0.0,0.0,2.0,2.0,0.0,0.0,,,
1234,黑松,True,excluded,excluded,0,0,False,False,0.0,7.0,479.0,561.0,-82.0,19.621903520208605,23.598435462842243,D_V1_weak_V2_weak,實際介入強度低（強度分 0.0/25）；全市場flow percentile偏低（外資P4、投信P52）；價格未確認（Q4、RS20 +1.45）,Q4,-0.30271084337349397,0.0,4.04,51.76,1.445942648240106,70.27,0.0,0.0,2.5,4.5,0.0,0.0,,,
1235,興泰,True,excluded,excluded,0,0,False,False,0.0,10.0,480.0,474.0,6.0,19.621903520208605,38.200782268578884,,連買天數不長，但V2不只依賴連買,Q4,-0.015625,0.0,41.59,51.76,2.806077156006903,77.84,0.0,0.0,4.0,6.0,0.0,0.0,,,
1236,宏亞,True,excluded,excluded,0,0,False,False,5.0,52.17,153.0,139.0,14.0,64.27640156453715,82.0078226857888,C_V1_weak_V2_strong,價格與RS同步確認（RS20 +10.65）；連買天數不長，但V2不只依賴連買,Q1,0.049473684210526316,0.0,60.5,51.76,10.652144558304666,93.87,3.5,12.37,2.5,2.75,25.0,6.05,,,
1240,茂生農經,True,excluded,excluded,0,0,False,False,5.0,33.04,154.0,339.0,-185.0,64.27640156453715,55.932203389830505,,價格未確認（Q2、RS20 -4.84）；近期flow已轉負,Q2,0.18181818181818182,0.0,85.4,51.76,-4.836411747321856,37.16,3.5,12.5,2.5,1.0,5.0,8.54,,,
1256,鮮活果汁-KY,True,excluded,excluded,0,0,False,False,5.0,30.04,155.0,370.0,-215.0,64.27640156453715,51.89048239895697,,全市場flow percentile偏低（外資P58、投信P52）；價格未確認（Q2、RS20 -6.30）；近期flow正在減速,Q2,0.039949074074074074,0.0,58.02,51.76,-6.296174468877025,32.2,3.5,9.99,3.0,2.75,5.0,5.8,,,
1259,安心,True,excluded,excluded,0,0,False,False,0.0,5.5,481.0,700.0,-219.0,19.621903520208605,7.496740547588006,D_V1_weak_V2_weak,實際介入強度低（強度分 0.0/25）；全市場flow percentile偏低（外資P28、投信P52）,Q3,-0.06896551724137931,0.0,28.42,51.76,6.3588139970976005,88.27,0.0,0.0,1.5,4.0,0.0,0.0,,,
1264,德麥,True,excluded,excluded,0,0,False,False,0.0,7.0,482.0,562.0,-80.0,19.621903520208605,23.598435462842243,D_V1_weak_V2_weak,實際介入強度低（強度分 0.0/25）；全市場flow percentile偏低（外資P16、投信P52）；價格未確認（Q4、RS20 -3.27）,Q4,-0.1272279411764706,0.0,16.3,51.76,-3.2716692122289115,42.5,0.0,0.0,3.0,4.0,0.0,0.0,,,
1268,漢來美食,True,excluded,excluded,0,0,False,False,5.0,54.35,156.0,124.0,32.0,64.27640156453715,83.96349413298566,C_V1_weak_V2_strong,價格與RS同步確認（RS20 +12.78）；連買天數不長，但V2不只依賴連買,Q1,0.13688988095238094,0.0,80.96,51.76,12.777969539179367,96.09,3.5,12.5,2.5,2.75,25.0,8.1,,,
1294,漢田生技,False,excluded,excluded,0,0,False,False,,,,,,,,,,,,,,,,,,,,,,,,,
1295,生合,False,excluded,excluded,0,0,False,False,,,,,,,,,,,,,,,,,,,,,,,,,
1301,台塑,False,excluded,excluded,0,0,False,False,,,,,,,,,,,,,,,,,,,,,,,,,
1303,南亞,True,buy_candidates,buy_candidates,57,57,False,False,0.0,12.0,483.0,459.0,24.0,19.621903520208605,40.15645371577575,,連買天數不長，但V2不只依賴連買,Q4,-0.09334441139189184,-0.0061371683304382715,21.51,7.69,-6.272678228275531,32.46,1.0,0.0,4.5,6.5,0.0,0.0,11.0,30.0,-19.0
1304,台聚,False,excluded,excluded,0,0,False,False,,,,,,,,,,,,,,,,,,,,,,,,,
1305,華夏,False,excluded,excluded,0,0,False,False,,,,,,,,,,,,,,,,,,,,,,,,,
1307,三芳,False,excluded,excluded,0,0,False,False,,,,,,,,,,,,,,,,,,,,,,,,,
1308,亞聚,False,excluded,excluded,0,0,False,False,,,,,,,,,,,,,,,,,,,,,,,,,
1309,台達化,False,excluded,excluded,0,0,False,False,,,,,,,,,,,,,,,,,,,,,,,,,
1310,台苯,False,excluded,excluded,0,0,False,False,,,,,,,,,,,,,,,,,,,,,,,,,
1312,國喬,False,excluded,excluded,0,0,False,False,,,,,,,,,,,,,,,,,,,,,,,,,
1313,聯成,False,excluded,excluded,0,0,False,False,,,,,,,,,,,,,,,,,,,,,,,,,
1314,中石化,False,excluded,excluded,0,0,False,False,,,,,,,,,,,,,,,,,,,,,,,,,
1315,達新,True,excluded,excluded,0,0,False,False,0.0,7.0,484.0,563.0,-79.0,19.621903520208605,23.598435462842243,D_V1_weak_V2_weak,實際介入強度低（強度分 0.0/25）；全市場flow percentile偏低（外資P5、投信P52）,Q3,-0.2903225806451613,0.0,4.56,51.76,2.094393296690733,74.05,0.0,0.0,2.5,4.5,0.0,0.0,,,
1316,上曜,False,excluded,excluded,0,0,False,False,,,,,,,,,,,,,,,,,,,,,,,,,
1319,東陽,True,excluded,excluded,0,0,False,False,7.0,63.93,46.0,30.0,16.0,88.33116036505866,96.21903520208605,,價格與RS同步確認（RS20 +4.19）；動能較佳（外資 accelerating／投信 stable）,Q1,0.17344857582755965,-0.02917628945342571,84.35,3.52,4.186981559491764,82.14,3.5,12.5,6.0,8.5,25.0,8.43,,,
1321,大洋,True,excluded,excluded,0,0,False,False,0.0,7.0,485.0,564.0,-79.0,19.621903520208605,23.598435462842243,D_V1_weak_V2_weak,實際介入強度低（強度分 0.0/25）；全市場flow percentile偏低（外資P34、投信P52）,Q3,-0.04389312977099236,0.0,33.9,51.76,4.366278714643579,83.18,0.0,0.0,3.0,4.0,0.0,0.0,,,
1323,永裕,True,excluded,excluded,0,0,False,False,5.0,60.17,157.0,56.0,101.0,64.27640156453715,92.82920469361147,C_V1_weak_V2_strong,價格與RS同步確認（RS20 +8.46）；連買天數不長，但V2不只依賴連買,Q1,0.342327150084317,0.0,96.74,51.76,8.458178764953816,91.53,3.5,12.5,3.5,6.0,25.0,9.67,,,
1324,地球,True,excluded,excluded,0,0,False,False,2.0,30.13,438.0,368.0,70.0,41.19947848761408,52.15123859191656,,連買天數不長，但V2不只依賴連買,Q2,0.032,0.0,56.32,51.76,-1.9030585268480338,48.24,3.5,8.0,2.0,6.0,5.0,5.63,,,
1325,恆大,False,excluded,excluded,0,0,False,False,,,,,,,,,,,,,,,,,,,,,,,,,
1326,台化,False,excluded,excluded,0,0,False,False,,,,,,,,,,,,,,,,,,,,,,,,,
1336,台翰,True,excluded,excluded,0,0,False,False,5.0,29.46,158.0,373.0,-215.0,64.27640156453715,51.499348109517605,,全市場flow percentile偏低（外資P55、投信P52）；價格未確認（Q2、RS20 +2.72）,Q2,0.027672955974842768,0.0,55.41,51.76,2.719630128824113,77.31,3.5,6.92,2.5,6.0,5.0,5.54,,,
1337,再生-KY,False,excluded,excluded,0,0,False,False,,,,,,,,,,,,,,,,,,,,,,,,,
1338,廣華-KY,False,excluded,excluded,0,0,False,False,,,,,,,,,,,,,,,,,,,,,,,,,
1339,昭輝,True,excluded,excluded,0,0,False,False,7.0,52.9,47.0,136.0,-89.0,88.33116036505866,82.39895697522816,,V1連買訊號高（外資4日／投信0日）；全市場flow percentile偏低（外資P66、投信P52）；近期flow正在減速,Q1,0.06879194630872483,0.0,66.49,51.76,2.1190877034076183,74.32,3.5,12.5,2.5,2.75,25.0,6.65,,,
1340,勝悅-KY,False,excluded,excluded,0,0,False,False,,,,,,,,,,,,,,,,,,,,,,,,,
1341,富林-KY,True,excluded,excluded,0,0,False,False,5.0,55.47,159.0,116.0,43.0,64.27640156453715,85.00651890482399,C_V1_weak_V2_strong,價格與RS同步確認（RS20 +2.71）；連買天數不長，但V2不只依賴連買,Q1,0.11475409836065574,0.0,77.18,51.76,2.713705256208876,77.18,3.5,12.5,4.0,2.75,25.0,7.72,,,
1342,八貫,False,excluded,excluded,0,0,False,False,,,,,,,,,,,,,,,,,,,,,,,,,
1402,遠東新,True,buy_candidates,buy_candidates,69,69,False,False,10.0,64.66,40.0,29.0,11.0,94.91525423728814,96.34941329856585,B_V1_strong_V2_weak,價格與RS同步確認（RS20 +2.49）,Q1,0.462215052509988,-0.016768288418129988,99.09,4.82,2.4852501121285564,76.53,3.5,12.5,9.0,4.75,25.0,9.91,2.0,11.0,-9.0
1409,新纖,False,excluded,excluded,0,0,False,False,,,,,,,,,,,,,,,,,,,,,,,,,
1410,南染,True,excluded,excluded,0,0,False,False,0.0,4.0,486.0,751.0,-265.0,19.621903520208605,1.7601043024771839,D_V1_weak_V2_weak,實際介入強度低（強度分 0.0/25）；全市場flow percentile偏低（外資P24、投信P52）,Q3,-0.08527131782945736,0.0,23.86,51.76,2.5702953473959567,76.92,0.0,0.0,2.0,2.0,0.0,0.0,,,
1413,宏洲,True,excluded,excluded,0,0,False,False,0.0,4.5,487.0,734.0,-247.0,19.621903520208605,3.455019556714472,D_V1_weak_V2_weak,實際介入強度低（強度分 0.0/25）；全市場flow percentile偏低（外資P46、投信P52）,,0.0,0.0,46.41,51.76,0.6773585816708727,65.97,0.0,0.0,2.5,2.0,0.0,0.0,,,
1414,東和,True,excluded,excluded,0,0,False,False,5.0,57.3,160.0,89.0,71.0,64.27640156453715,88.46153846153845,C_V1_weak_V2_strong,價格與RS同步確認（RS20 +3.33）；連買天數不長，但V2不只依賴連買,Q1,0.09757767722473605,0.0,73.01,51.76,3.3270984154062044,80.05,3.5,12.5,3.0,6.0,25.0,7.3,,,
1416,廣豐,True,excluded,excluded,0,0,False,False,0.0,6.0,488.0,669.0,-181.0,19.621903520208605,11.147327249022164,D_V1_weak_V2_weak,實際介入強度低（強度分 0.0/25）；全市場flow percentile偏低（外資P16、投信P52）,Q3,-0.13174337957124843,0.0,15.51,51.76,0.5430035100068231,64.41,0.0,0.0,2.0,4.0,0.0,0.0,,,
1417,嘉裕,False,excluded,excluded,0,0,False,False,,,,,,,,,,,,,,,,,,,,,,,,,
1418,東華,True,excluded,excluded,0,0,False,False,5.0,30.58,161.0,364.0,-203.0,64.27640156453715,52.672750977835726,,全市場flow percentile偏低（外資P59、投信P52）；價格未確認（Q2、RS20 -1.44）,Q2,0.046511627906976744,0.0,59.45,51.76,-1.4369402346427917,51.89,3.5,11.63,2.5,2.0,5.0,5.95,,,
1419,新紡,True,excluded,excluded,0,0,False,False,3.0,30.41,403.0,366.0,37.0,45.436766623207305,52.411994784876136,,連買天數不長，但V2不只依賴連買,Q4,-0.26108591549295773,0.07746478873239436,5.48,99.09,-0.8171966239626349,55.15,3.5,12.5,2.5,2.0,0.0,9.91,,,
1423,利華,True,excluded,excluded,0,0,False,False,5.0,37.92,162.0,247.0,-85.0,64.27640156453715,67.92698826597132,,價格未確認（Q2、RS20 -1.58）,Q2,0.17272727272727273,0.0,84.22,51.76,-1.5790335474678008,50.85,3.5,12.5,2.5,6.0,5.0,8.42,,,
1432,大魯閣,True,excluded,excluded,0,0,False,False,7.0,60.99,48.0,42.0,6.0,88.33116036505866,94.65449804432855,,價格與RS同步確認（RS20 +1.65）；連買天數不長，但V2不只依賴連買,Q1,0.29638854296388545,0.0,94.92,51.76,1.653386934631762,71.32,3.5,12.5,4.5,6.0,25.0,9.49,,,
1434,福懋,False,excluded,excluded,0,0,False,False,,,,,,,,,,,,,,,,,,,,,,,,,
1435,中福,False,excluded,excluded,0,0,False,False,,,,,,,,,,,,,,,,,,,,,,,,,
1436,華友聯,True,excluded,excluded,0,0,False,False,5.0,25.7,163.0,400.0,-237.0,64.27640156453715,47.979139504563236,,實際介入強度低（強度分 3.1/25）；全市場flow percentile偏低（外資P51、投信P52）；價格未確認（Q2、RS20 -15.82）,Q2,0.012455479452054795,0.0,50.85,51.76,-15.819652568357345,10.3,3.5,3.11,3.0,6.0,5.0,5.09,,,
1437,勤益控,True,excluded,excluded,0,0,False,False,0.0,6.5,489.0,618.0,-129.0,19.621903520208605,16.558018252933508,D_V1_weak_V2_weak,實際介入強度低（強度分 0.0/25）；全市場flow percentile偏低（外資P2、投信P52）；價格未確認（Q4、RS20 +0.18）,Q4,-0.39072168905950094,0.0,1.96,51.76,0.17716159222499472,62.71,0.0,0.0,2.0,4.5,0.0,0.0,,,
1438,三地開發,True,excluded,excluded,0,0,False,False,0.0,6.5,490.0,619.0,-129.0,19.621903520208605,16.558018252933508,D_V1_weak_V2_weak,實際介入強度低（強度分 0.0/25）；全市場flow percentile偏低（外資P36、投信P52）；價格未確認（Q4、RS20 +3.74）,Q4,-0.03424657534246575,0.0,36.38,51.76,3.7414876211305903,80.7,0.0,0.0,2.5,4.0,0.0,0.0,,,
1439,雋揚,True,excluded,excluded,0,0,False,False,7.0,56.21,49.0,104.0,-55.0,88.33116036505866,86.57105606258149,,V1連買訊號高（外資6日／投信0日）；近期flow正在減速,Q1,0.17535545023696683,0.0,84.62,51.76,18.939040584886413,98.04,3.5,12.5,4.0,2.75,25.0,8.46,,,
1440,南紡,False,excluded,excluded,0,0,False,False,,,,,,,,,,,,,,,,,,,,,,,,,
1441,大東,True,excluded,excluded,0,0,False,False,5.0,32.72,164.0,342.0,-178.0,64.27640156453715,55.54106910039114,,價格未確認（Q2、RS20 -3.10）；近期flow已轉負,Q2,0.09302325581395349,0.0,72.23,51.76,-3.1037526781542595,43.68,3.5,12.5,3.5,1.0,5.0,7.22,,,
1442,名軒,False,excluded,excluded,0,0,False,False,,,,,,,,,,,,,,,,,,,,,,,,,
1443,立益物流,True,excluded,excluded,0,0,False,False,0.0,4.5,491.0,735.0,-244.0,19.621903520208605,3.455019556714472,D_V1_weak_V2_weak,實際介入強度低（強度分 0.0/25）；全市場flow percentile偏低（外資P42、投信P52）；價格未確認（Q4、RS20 +0.04）,Q4,-0.014492753623188406,0.0,42.24,51.76,0.044921855584312276,62.32,0.0,0.0,2.5,2.0,0.0,0.0,,,
1444,力麗,True,excluded,excluded,0,0,False,False,0.0,9.0,492.0,481.0,11.0,19.621903520208605,37.222946544980445,,連買天數不長，但V2不只依賴連買,Q4,-0.06951573426573426,-0.006118881118881119,28.29,7.82,-9.041682523399963,23.6,0.0,0.0,4.5,4.5,0.0,0.0,,,
1445,大宇,True,excluded,excluded,0,0,False,False,5.0,23.14,165.0,426.0,-261.0,64.27640156453715,44.589308996088654,,實際介入強度低（強度分 4.4/25）；全市場flow percentile偏低（外資P52、投信P52）；價格未確認（Q2、RS20 -8.13）,Q2,0.017632241813602016,0.0,52.28,51.76,-8.134942584819061,25.55,3.5,4.41,3.0,2.0,5.0,5.23,,,
1446,宏和,True,excluded,excluded,0,0,False,False,5.0,35.43,166.0,305.0,-139.0,64.27640156453715,60.36505867014341,,價格未確認（Q2、RS20 -3.46）；近期flow正在減速,Q2,0.1128084606345476,0.0,76.79,51.76,-3.4565625967309166,41.98,3.5,12.5,4.0,2.75,5.0,7.68,,,
1447,力鵬,True,excluded,excluded,0,0,False,False,0.0,7.0,493.0,565.0,-72.0,19.621903520208605,23.598435462842243,D_V1_weak_V2_weak,實際介入強度低（強度分 0.0/25）；全市場flow percentile偏低（外資P46、投信P11）；價格未確認（Q4、RS20 -13.95）,Q4,-0.0011973938223938225,-0.0020913770913770914,46.02,10.82,-13.951127019292208,12.39,0.0,0.0,5.0,2.0,0.0,0.0,,,
1449,佳和,True,excluded,excluded,0,0,False,False,0.0,6.5,494.0,620.0,-126.0,19.621903520208605,16.558018252933508,D_V1_weak_V2_weak,實際介入強度低（強度分 0.0/25）；全市場flow percentile偏低（外資P38、投信P52）；價格未確認（Q4、RS20 -4.15）,Q4,-0.025446907817969662,0.0,38.46,51.76,-4.1515666257397665,38.72,1.0,0.0,3.5,2.0,0.0,0.0,,,
1451,年興,False,excluded,excluded,0,0,False,False,,,,,,,,,,,,,,,,,,,,,,,,,
1452,宏益,True,excluded,excluded,0,0,False,False,0.0,8.5,495.0,486.0,9.0,19.621903520208605,36.17992177314211,,連買天數不長，但V2不只依賴連買,Q4,-0.055435643564356436,0.0,31.42,51.76,-1.159680216003467,53.59,1.0,0.0,3.0,4.5,0.0,0.0,,,
1453,大將,True,excluded,excluded,0,0,False,False,5.0,37.48,167.0,260.0,-93.0,64.27640156453715,66.23207301173403,,全市場flow percentile偏低（外資P65、投信P52）；價格未確認（Q2、RS20 +0.55）,Q2,0.06439393939393939,0.0,64.8,51.76,0.5470617045160941,64.73,3.5,12.5,4.0,6.0,5.0,6.48,,,
1454,台富,True,excluded,excluded,0,0,False,False,2.0,24.46,439.0,412.0,27.0,41.19947848761408,46.41460234680574,,連買天數不長，但V2不只依賴連買,Q2,0.011764705882352941,0.0,50.2,51.76,1.7860060317817283,72.36,3.5,2.94,2.0,6.0,5.0,5.02,,,
1455,集盛,False,excluded,excluded,0,0,False,False,,,,,,,,,,,,,,,,,,,,,,,,,
1456,怡華,False,excluded,excluded,0,0,False,False,,,,,,,,,,,,,,,,,,,,,,,,,
1457,宜進,True,excluded,excluded,0,0,False,False,5.0,20.57,168.0,441.0,-273.0,64.27640156453715,42.633637548891784,,實際介入強度低（強度分 1.0/25）；全市場flow percentile偏低（外資P48、投信P52）；價格未確認（Q2、RS20 -0.06）；近期flow正在減速,Q2,0.004098360655737705,0.0,47.98,51.76,-0.05713938115773365,60.76,4.5,1.02,2.5,2.75,5.0,4.8,,,
1459,聯發,False,excluded,excluded,0,0,False,False,,,,,,,,,,,,,,,,,,,,,,,,,
1460,宏遠,True,excluded,excluded,0,0,False,False,0.0,6.0,496.0,670.0,-174.0,19.621903520208605,11.147327249022164,D_V1_weak_V2_weak,實際介入強度低（強度分 0.0/25）；全市場flow percentile偏低（外資P19、投信P52）；價格未確認（Q4、RS20 -5.20）,Q4,-0.10936114649681529,0.0,19.3,51.76,-5.201690900801903,36.25,0.0,0.0,2.0,4.0,0.0,0.0,,,
1463,強盛新,True,excluded,excluded,0,0,False,False,0.0,6.0,497.0,671.0,-174.0,19.621903520208605,11.147327249022164,D_V1_weak_V2_weak,實際介入強度低（強度分 0.0/25）；全市場flow percentile偏低（外資P17、投信P52）,Q3,-0.12554112554112554,0.0,16.69,51.76,0.995492197789638,68.12,0.0,0.0,1.5,4.5,0.0,0.0,,,
1464,得力,True,excluded,excluded,0,0,False,False,0.0,6.5,498.0,621.0,-123.0,19.621903520208605,16.558018252933508,D_V1_weak_V2_weak,實際介入強度低（強度分 0.0/25）；全市場flow percentile偏低（外資P42、投信P52）；價格未確認（Q4、RS20 -1.35）,Q4,-0.014290549169859515,0.0,42.37,51.76,-1.3519256425859494,52.41,0.0,0.0,2.5,4.0,0.0,0.0,,,
1465,偉全,True,excluded,excluded,0,0,False,False,5.0,36.46,169.0,288.0,-119.0,64.27640156453715,62.58148631029987,,全市場flow percentile偏低（外資P61、投信P52）；價格未確認（Q2、RS20 -0.20）,Q2,0.04959905660377358,0.0,60.63,51.76,-0.20450780221036302,59.45,3.5,12.4,3.5,6.0,5.0,6.06,,,
1466,聚隆,True,excluded,excluded,0,0,False,False,5.0,56.99,170.0,94.0,76.0,64.27640156453715,87.8748370273794,C_V1_weak_V2_strong,價格與RS同步確認（RS20 +1.89）；連買天數不長，但V2不只依賴連買,Q1,0.08204682109413504,0.0,69.88,51.76,1.8856999129231666,72.75,3.5,12.5,3.0,6.0,25.0,6.99,,,
1467,南緯,True,excluded,excluded,0,0,False,False,0.0,8.0,499.0,496.0,3.0,19.621903520208605,33.96349413298566,,連買天數不長，但V2不只依賴連買,Q3,-0.1251291627762216,0.0,16.82,51.76,20.2403155839041,98.44,0.0,0.0,3.5,4.5,0.0,0.0,,,
1468,昶和,True,excluded,excluded,0,0,False,False,0.0,7.0,500.0,566.0,-66.0,19.621903520208605,23.598435462842243,D_V1_weak_V2_weak,實際介入強度低（強度分 0.0/25）；全市場flow percentile偏低（外資P11、投信P52）；價格未確認（Q4、RS20 +12.52）,Q4,-0.16791044776119404,0.0,10.95,51.76,12.518125942645597,95.96,0.0,0.0,2.5,4.5,0.0,0.0,,,
1470,大統新創,True,excluded,excluded,0,0,False,False,5.0,58.23,171.0,73.0,98.0,64.27640156453715,90.48239895697523,C_V1_weak_V2_strong,價格與RS同步確認（RS20 +10.09）；連買天數不長，但V2不只依賴連買,Q1,0.19230769230769232,0.0,87.35,51.76,10.08640128869872,93.48,3.5,12.5,4.0,4.5,25.0,8.73,,,
1471,首利,True,excluded,excluded,0,0,False,False,5.0,33.26,172.0,337.0,-165.0,64.27640156453715,56.192959582790095,,全市場flow percentile偏低（外資P63、投信P52）；價格未確認（Q2、RS20 -6.03）,Q2,0.05694760820045558,0.0,62.58,51.76,-6.028898046112808,34.03,4.5,12.5,3.0,2.0,5.0,6.26,,,
1472,三洋實業,True,excluded,excluded,0,0,False,False,0.0,4.5,501.0,736.0,-235.0,19.621903520208605,3.455019556714472,D_V1_weak_V2_weak,實際介入強度低（強度分 0.0/25）；全市場flow percentile偏低（外資P13、投信P52）,Q3,-0.1485148514851485,0.0,13.17,51.76,1.4474695989195818,70.4,0.0,0.0,2.5,2.0,0.0,0.0,,,
1473,台南,True,excluded,excluded,0,0,False,False,0.0,7.0,502.0,567.0,-65.0,19.621903520208605,23.598435462842243,D_V1_weak_V2_weak,實際介入強度低（強度分 0.0/25）；全市場flow percentile偏低（外資P31、投信P52）,Q3,-0.057971014492753624,0.0,30.57,51.76,0.0029363665241310954,61.67,0.0,0.0,3.0,4.0,0.0,0.0,,,
1474,弘裕,True,excluded,excluded,0,0,False,False,0.0,4.0,503.0,752.0,-249.0,19.621903520208605,1.7601043024771839,D_V1_weak_V2_weak,實際介入強度低（強度分 0.0/25）；全市場flow percentile偏低（外資P17、投信P52）；價格未確認（Q4、RS20 -1.89）,Q4,-0.12062256809338522,0.0,17.34,51.76,-1.8891231868257585,48.37,0.0,0.0,2.0,2.0,0.0,0.0,,,
1475,業旺,True,excluded,excluded,0,0,False,False,2.0,33.83,440.0,331.0,109.0,41.19947848761408,56.975228161668845,,連買天數不長，但V2不只依賴連買,Q2,0.06716417910447761,0.0,65.84,51.76,0.995492197789638,68.12,3.5,12.5,3.5,2.75,5.0,6.58,,,
1476,儒鴻,True,excluded,excluded,0,0,False,False,3.0,30.52,404.0,365.0,39.0,45.436766623207305,52.54237288135594,,差異主要來自V1離散加分與V2連續型強度／排名分數,Q4,-0.08281153595481208,0.014927764501412123,24.12,95.44,-0.17752833006959845,59.58,4.5,3.73,7.5,5.25,0.0,9.54,,,
1477,聚陽,True,other_watch,other_watch,52,52,False,False,6.0,34.2,137.0,324.0,-187.0,81.42112125162973,57.887874837027375,,V1連買訊號高（外資0日／投信10日）；價格未確認（Q4、RS20 -0.77）,Q4,-0.20099409387628225,0.024036058439539945,8.6,96.87,-0.7744193066351435,55.93,3.5,6.01,6.5,8.5,0.0,9.69,,,
1503,士電,False,excluded,excluded,0,0,False,False,,,,,,,,,,,,,,,,,,,,,,,,,
1504,東元,False,excluded,excluded,0,0,False,False,,,,,,,,,,,,,,,,,,,,,,,,,
1506,正道,True,excluded,excluded,0,0,False,False,5.0,49.09,173.0,155.0,18.0,64.27640156453715,79.92177314211213,C_V1_weak_V2_strong,價格與RS同步確認（RS20 +2.44）；連買天數不長，但V2不只依賴連買,Q1,0.02638174273858921,0.0,54.89,51.76,2.444767560108485,76.01,3.5,6.6,2.5,6.0,25.0,5.49,,,
1512,瑞利,True,excluded,excluded,0,0,False,False,0.0,7.0,504.0,568.0,-64.0,19.621903520208605,23.598435462842243,D_V1_weak_V2_weak,實際介入強度低（強度分 0.0/25）；全市場flow percentile偏低（外資P23、投信P52）；價格未確認（Q4、RS20 -3.51）,Q4,-0.08888888888888889,0.0,22.82,51.76,-3.510321755698731,41.59,0.0,0.0,2.5,4.5,0.0,0.0,,,
1513,中興電,False,excluded,excluded,0,0,False,False,,,,,,,,,,,,,,,,,,,,,,,,,
1514,亞力,False,excluded,excluded,0,0,False,False,,,,,,,,,,,,,,,,,,,,,,,,,
1515,力山,True,excluded,excluded,0,0,False,False,0.0,8.0,505.0,497.0,8.0,19.621903520208605,33.96349413298566,,連買天數不長，但V2不只依賴連買,Q4,-0.21483936099400933,-0.0015531395606833815,7.43,11.6,-23.184337692854353,4.56,0.0,0.0,3.5,4.5,0.0,0.0,,,
1516,川飛,False,excluded,excluded,0,0,False,False,,,,,,,,,,,,,,,,,,,,,,,,,
1517,利奇,False,excluded,excluded,0,0,False,False,,,,,,,,,,,,,,,,,,,,,,,,,
1519,華城,True,excluded,excluded,0,0,False,False,0.0,6.5,506.0,622.0,-116.0,19.621903520208605,16.558018252933508,D_V1_weak_V2_weak,實際介入強度低（強度分 0.0/25）；全市場flow percentile偏低（外資P35、投信P6）；價格未確認（Q4、RS20 -6.71）,Q4,-0.03693578595317726,-0.015050167224080268,35.33,5.61,-6.707396385429066,30.38,0.0,0.0,4.5,2.0,0.0,0.0,,,
1521,大億,True,excluded,excluded,0,0,False,False,5.0,39.72,174.0,204.0,-30.0,64.27640156453715,73.53324641460235,,價格未確認（Q2、RS20 -0.56）,Q2,0.1919191919191919,0.0,87.22,51.76,-0.5609280356733914,57.63,3.5,12.5,4.0,6.0,5.0,8.72,,,
1522,堤維西,True,excluded,excluded,0,0,False,False,0.0,6.5,507.0,623.0,-116.0,19.621903520208605,16.558018252933508,D_V1_weak_V2_weak,實際介入強度低（強度分 0.0/25）；全市場flow percentile偏低（外資P37、投信P52）；價格未確認（Q4、RS20 -6.24）,Q4,-0.03418595426971535,0.0,36.51,51.76,-6.241349907473515,32.72,0.0,0.0,4.5,2.0,0.0,0.0,,,
1524,耿鼎,True,excluded,excluded,0,0,False,False,5.0,31.93,175.0,348.0,-173.0,64.27640156453715,54.758800521512384,,全市場flow percentile偏低（外資P60、投信P52）；價格未確認（Q2、RS20 -1.34）；近期flow已轉負,Q2,0.04769783889980354,0.0,60.1,51.76,-1.3426372986132473,52.54,3.5,11.92,4.5,1.0,5.0,6.01,,,
1525,江申,True,excluded,excluded,0,0,False,False,7.0,36.62,50.0,286.0,-236.0,88.33116036505866,62.84224250325945,,V1連買訊號高（外資5日／投信0日）；價格未確認（Q2、RS20 +4.16）；近期flow正在減速,Q2,0.16666666666666666,0.0,83.7,51.76,4.1629130122692874,81.88,3.5,12.5,4.5,2.75,5.0,8.37,,,
1526,日馳,True,excluded,excluded,0,0,False,False,5.0,17.43,176.0,455.0,-279.0,64.27640156453715,40.80834419817471,,實際介入強度低（強度分 1.1/25）；全市場flow percentile偏低（外資P48、投信P52）；價格未確認（Q2、RS20 +29.87）；近期flow已轉負,Q2,0.004473318240620958,0.0,48.11,51.76,29.86873163440936,99.61,3.5,1.12,2.0,1.0,5.0,4.81,,,
1527,鑽全,False,excluded,excluded,0,0,False,False,,,,,,,,,,,,,,,,,,,,,,,,,
1528,恩德,True,excluded,excluded,0,0,False,False,0.0,7.0,508.0,569.0,-61.0,19.621903520208605,23.598435462842243,D_V1_weak_V2_weak,實際介入強度低（強度分 0.0/25）；全市場flow percentile偏低（外資P41、投信P52）；價格未確認（Q4、RS20 -14.56）,Q4,-0.016037889828038474,0.0,41.46,51.76,-14.560063357765918,11.34,0.0,0.0,2.5,4.5,0.0,0.0,,,
1529,樂事綠能,True,excluded,excluded,0,0,False,False,0.0,6.0,509.0,672.0,-163.0,19.621903520208605,11.147327249022164,D_V1_weak_V2_weak,實際介入強度低（強度分 0.0/25）；全市場flow percentile偏低（外資P19、投信P52）；價格未確認（Q4、RS20 -19.05）,Q4,-0.10896046942557135,0.0,19.43,51.76,-19.05112784883042,7.04,0.0,0.0,1.5,4.5,0.0,0.0,,,
1530,亞崴,False,excluded,excluded,0,0,False,False,,,,,,,,,,,,,,,,,,,,,,,,,
1531,高林股,False,excluded,excluded,0,0,False,False,,,,,,,,,,,,,,,,,,,,,,,,,
1532,勤美,False,excluded,excluded,0,0,False,False,,,,,,,,,,,,,,,,,,,,,,,,,
1533,車王電,True,excluded,excluded,0,0,False,False,5.0,37.3,177.0,264.0,-87.0,64.27640156453715,65.71056062581486,,價格未確認（Q2、RS20 -7.19）,Q2,0.121149300155521,0.0,77.97,51.76,-7.187586859075813,28.29,3.5,12.5,2.5,6.0,5.0,7.8,,,
1535,中宇,True,excluded,excluded,0,0,False,False,2.0,21.82,441.0,433.0,8.0,41.19947848761408,43.67666232073012,,連買天數不長，但V2不只依賴連買,Q2,0.01456578947368421,0.0,51.76,51.76,-6.559179770401213,31.42,3.5,3.64,3.5,1.0,5.0,5.18,,,
1536,和大,False,excluded,excluded,0,0,False,False,,,,,,,,,,,,,,,,,,,,,,,,,
1537,廣隆,True,excluded,excluded,0,0,False,False,0.0,6.5,510.0,624.0,-114.0,19.621903520208605,16.558018252933508,D_V1_weak_V2_weak,實際介入強度低（強度分 0.0/25）；全市場flow percentile偏低（外資P10、投信P52）,Q3,-0.18554280155642022,0.0,9.91,51.76,1.3907491147856832,69.75,0.0,0.0,2.0,4.5,0.0,0.0,,,
1539,巨庭,True,excluded,excluded,0,0,False,False,7.0,58.83,51.0,70.0,-19.0,88.33116036505866,91.0039113428944,,V1連買訊號高（外資3日／投信0日）,Q1,0.16272965879265092,0.0,83.31,51.76,5.13561958632468,85.79,3.5,12.5,3.5,6.0,25.0,8.33,,,
1540,喬福,False,excluded,excluded,0,0,False,False,,,,,,,,,,,,,,,,,,,,,,,,,
1541,錩泰,True,excluded,excluded,0,0,False,False,5.0,51.9,178.0,143.0,35.0,64.27640156453715,81.48631029986963,C_V1_weak_V2_strong,價格與RS同步確認（RS20 +2.38）；連買天數不長，但V2不只依賴連買,Q1,0.06140350877192982,0.0,64.02,51.76,2.381173491092181,75.62,3.5,12.5,3.5,1.0,25.0,6.4,,,
1558,伸興,True,excluded,excluded,0,0,False,False,5.0,57.85,179.0,80.0,99.0,64.27640156453715,89.70013037809647,C_V1_weak_V2_strong,價格與RS同步確認（RS20 +3.16）；連買天數不長，但V2不只依賴連買,Q1,0.12548427672955975,0.0,78.49,51.76,3.1553194116125227,79.4,3.5,12.5,3.0,6.0,25.0,7.85,,,
1560,中砂,False,excluded,excluded,0,0,False,False,,,,,,,,,,,,,,,,,,,,,,,,,
1563,巧新,True,excluded,excluded,0,0,False,False,0.0,8.5,511.0,487.0,24.0,19.621903520208605,36.17992177314211,,連買天數不長，但V2不只依賴連買,Q4,-0.09266858503671363,0.0,21.77,51.76,-11.135145438291229,17.99,1.0,0.0,3.0,4.5,0.0,0.0,,,
1565,精華,True,excluded,excluded,0,0,False,False,7.0,40.07,52.0,198.0,-146.0,88.33116036505866,74.31551499348109,,V1連買訊號高（外資3日／投信0日）；價格未確認（Q2、RS20 -0.77）,Q2,0.18364688856729378,0.0,85.66,51.76,-0.7734984369658138,56.06,4.5,12.5,3.5,6.0,5.0,8.57,,,
1568,倉佑,False,excluded,excluded,0,0,False,False,,,,,,,,,,,,,,,,,,,,,,,,,
1569,濱川,True,excluded,excluded,0,0,False,False,5.0,31.81,180.0,349.0,-169.0,64.27640156453715,54.628422425032596,,全市場flow percentile偏低（外資P68、投信P52）；價格未確認（Q2、RS20 -10.67）；近期flow已轉負,Q2,0.07682851874615858,0.0,68.06,51.76,-10.666014510156707,19.43,3.5,12.5,3.0,1.0,5.0,6.81,,,
1570,力肯,True,excluded,excluded,0,0,False,False,0.0,3.0,512.0,763.0,-251.0,19.621903520208605,0.5867014341590613,D_V1_weak_V2_weak,實際介入強度低（強度分 0.0/25）；全市場flow percentile偏低（外資P15、投信P52）；價格未確認（Q4、RS20 -13.22）,Q4,-0.1348314606741573,0.0,14.73,51.76,-13.217705771753518,13.82,0.0,0.0,1.0,2.0,0.0,0.0,,,
1580,新麥,True,excluded,excluded,0,0,False,False,2.0,8.0,442.0,498.0,-56.0,41.19947848761408,33.96349413298566,,V1連買訊號高（外資3日／投信0日）；實際介入強度低（強度分 0.0/25）；全市場flow percentile偏低（外資P44、投信P52）；價格未確認（Q4、RS20 -7.91）,Q4,-0.008352727272727272,0.0,44.46,51.76,-7.911390393303474,26.21,0.0,0.0,4.0,4.0,0.0,0.0,,,
1582,信錦,False,excluded,excluded,0,0,False,False,,,,,,,,,,,,,,,,,,,,,,,,,
1583,程泰,True,excluded,excluded,0,0,False,False,2.0,32.11,443.0,345.0,98.0,41.19947848761408,55.14993481095176,,連買天數不長，但V2不只依賴連買,Q2,0.05263157894736842,0.0,61.15,51.76,2.3206705871882227,75.36,3.5,12.5,4.0,1.0,5.0,6.11,,,
1584,精剛,False,excluded,excluded,0,0,False,False,,,,,,,,,,,,,,,,,,,,,,,,,
1586,和勤,False,excluded,excluded,0,0,False,False,,,,,,,,,,,,,,,,,,,,,,,,,
1587,吉茂,True,excluded,excluded,0,0,False,False,5.0,37.78,181.0,251.0,-70.0,64.27640156453715,67.40547588005215,,全市場flow percentile偏低（外資P68、投信P52）；價格未確認（Q2、RS20 -7.13）,Q2,0.07486524822695036,0.0,67.8,51.76,-7.133052225650816,28.68,3.5,12.5,4.0,6.0,5.0,6.78,,,
1590,亞德客-KY,False,excluded,excluded,0,0,False,False,,,,,,,,,,,,,,,,,,,,,,,,,
1591,駿吉-KY,False,excluded,excluded,0,0,False,False,,,,,,,,,,,,,,,,,,,,,,,,,
1593,祺驊,False,excluded,excluded,0,0,False,False,,,,,,,,,,,,,,,,,,,,,,,,,
1595,川寶,True,excluded,excluded,0,0,False,False,0.0,5.5,513.0,701.0,-188.0,19.621903520208605,7.496740547588006,D_V1_weak_V2_weak,實際介入強度低（強度分 0.0/25）；全市場flow percentile偏低（外資P6、投信P52）；價格未確認（Q4、RS20 -5.57）,Q4,-0.247703386676591,0.0,6.0,51.76,-5.571671981314841,35.33,0.0,0.0,1.0,4.5,0.0,0.0,,,
1597,直得,True,excluded,excluded,0,0,False,False,0.0,8.0,514.0,499.0,15.0,19.621903520208605,33.96349413298566,,連買天數不長，但V2不只依賴連買,Q3,-0.09450394178289873,0.0,20.86,51.76,7.424063626361066,89.57,1.0,0.0,2.5,4.5,0.0,0.0,,,
1598,岱宇,True,excluded,excluded,0,0,False,False,0.0,8.5,515.0,488.0,27.0,19.621903520208605,36.17992177314211,,連買天數不長，但V2不只依賴連買,Q3,-0.042992831541218635,0.0,34.03,51.76,6.985075531122986,88.79,1.0,0.0,3.5,4.0,0.0,0.0,,,
1599,宏佳騰,False,excluded,excluded,0,0,False,False,,,,,,,,,,,,,,,,,,,,,,,,,
1603,華電,True,excluded,excluded,0,0,False,False,0.0,8.0,516.0,500.0,16.0,19.621903520208605,33.96349413298566,,連買天數不長，但V2不只依賴連買,Q4,-0.029418871252204586,0.0,37.55,51.76,-7.16777310833282,28.42,0.0,0.0,4.0,4.0,0.0,0.0,,,
1604,聲寶,True,excluded,excluded,0,0,False,False,0.0,6.0,517.0,673.0,-156.0,19.621903520208605,11.147327249022164,D_V1_weak_V2_weak,實際介入強度低（強度分 0.0/25）；全市場flow percentile偏低（外資P8、投信P52）；價格未確認（Q4、RS20 -0.07）,Q4,-0.20272137404580154,0.0,8.47,51.76,-0.07060588323382078,60.63,0.0,0.0,2.0,4.0,0.0,0.0,,,
1605,華新,False,excluded,excluded,0,0,False,False,,,,,,,,,,,,,,,,,,,,,,,,,
1608,華榮,True,excluded,excluded,0,0,False,False,7.0,60.4,53.0,50.0,3.0,88.33116036505866,93.54628422425033,,價格與RS同步確認（RS20 +7.39）,Q1,0.12635535348132299,-0.0002674511901577962,79.01,13.69,7.394301721599151,89.44,3.5,12.5,5.5,6.0,25.0,7.9,,,
1609,大亞,False,excluded,excluded,0,0,False,False,,,,,,,,,,,,,,,,,,,,,,,,,
1611,中電,False,excluded,excluded,0,0,False,False,,,,,,,,,,,,,,,,,,,,,,,,,
1612,宏泰,False,excluded,excluded,0,0,False,False,,,,,,,,,,,,,,,,,,,,,,,,,
1614,三洋電,True,excluded,excluded,0,0,False,False,0.0,6.5,518.0,625.0,-107.0,19.621903520208605,16.558018252933508,D_V1_weak_V2_weak,實際介入強度低（強度分 0.0/25）；全市場flow percentile偏低（外資P42、投信P52）；價格未確認（Q4、RS20 -2.60）,Q4,-0.014084507042253521,0.0,42.5,51.76,-2.5982578022103575,44.98,0.0,0.0,2.5,4.0,0.0,0.0,,,
1615,大山,True,excluded,excluded,0,0,False,False,5.0,27.88,182.0,383.0,-201.0,64.27640156453715,50.19556714471969,,全市場flow percentile偏低（外資P57、投信P52）；價格未確認（Q2、RS20 -8.82）,Q2,0.03478842676311031,0.0,56.84,51.76,-8.823077706159133,23.73,3.5,8.7,3.0,2.0,5.0,5.68,,,
1616,億泰,True,excluded,excluded,0,0,False,False,2.0,23.98,444.0,415.0,29.0,41.19947848761408,45.95827900912647,,連買天數不長，但V2不只依賴連買,Q2,0.004622209502003435,0.0,48.24,51.76,-6.063331331622123,33.77,3.5,1.16,3.5,6.0,5.0,4.82,,,
1617,榮星,True,excluded,excluded,0,0,False,False,0.0,6.5,519.0,626.0,-107.0,19.621903520208605,16.558018252933508,D_V1_weak_V2_weak,實際介入強度低（強度分 0.0/25）；全市場flow percentile偏低（外資P37、投信P52）；價格未確認（Q4、RS20 -21.66）,Q4,-0.03211833897700945,0.0,36.9,51.76,-21.657569026700163,5.48,0.0,0.0,2.5,4.0,0.0,0.0,,,
1618,合機,False,excluded,excluded,0,0,False,False,,,,,,,,,,,,,,,,,,,,,,,,,
1623,大東電,False,excluded,excluded,0,0,False,False,,,,,,,,,,,,,,,,,,,,,,,,,
1626,艾美特-KY,True,excluded,excluded,0,0,False,False,0.0,7.0,520.0,570.0,-50.0,19.621903520208605,23.598435462842243,D_V1_weak_V2_weak,實際介入強度低（強度分 0.0/25）；全市場flow percentile偏低（外資P26、投信P52）；價格未確認（Q4、RS20 -4.76）,Q4,-0.07457627118644068,0.0,26.47,51.76,-4.760605363185967,37.42,0.0,0.0,2.5,4.5,0.0,0.0,,,
1702,南僑,True,excluded,excluded,0,0,False,False,5.0,55.73,183.0,111.0,72.0,64.27640156453715,85.65840938722295,C_V1_weak_V2_strong,價格與RS同步確認（RS20 +2.98）；連買天數不長，但V2不只依賴連買,Q1,0.2226928838951311,0.0,89.83,51.76,2.9832597818874818,78.62,3.5,12.5,3.0,2.75,25.0,8.98,,,
1707,葡萄王,False,excluded,excluded,0,0,False,False,,,,,,,,,,,,,,,,,,,,,,,,,
1708,東鹼,True,excluded,excluded,0,0,False,False,7.0,38.42,54.0,237.0,-183.0,88.33116036505866,69.23076923076923,,V1連買訊號高（外資5日／投信0日）；全市場flow percentile偏低（外資P64、投信P12）；價格未確認（Q2、RS20 -9.49）,Q2,0.061709880331389994,-0.0007671064743786437,64.15,12.39,-9.488378769952288,21.9,3.5,12.5,5.0,6.0,5.0,6.42,,,
1709,和益,True,other_watch,other_watch,22,22,False,False,5.0,50.79,184.0,147.0,37.0,64.27640156453715,80.96479791395046,C_V1_weak_V2_strong,價格與RS同步確認（RS20 +2.86）；連買天數不長，但V2不只依賴連買,Q1,0.032524891774891776,0.0,56.58,51.76,2.8611638395806938,78.36,3.5,8.13,2.5,6.0,25.0,5.66,,,
1710,東聯,False,excluded,excluded,0,0,False,False,,,,,,,,,,,,,,,,,,,,,,,,,
1711,永光,True,excluded,excluded,0,0,False,False,5.0,37.21,185.0,271.0,-86.0,64.27640156453715,64.73272490221643,,全市場flow percentile偏低（外資P67、投信P52）；價格未確認（Q2、RS20 -8.19）,Q2,0.07196216736133376,0.0,67.14,51.76,-8.193051954955,25.42,3.5,12.5,3.5,6.0,5.0,6.71,,,
1712,興農,True,excluded,excluded,0,0,False,False,0.0,8.0,521.0,501.0,20.0,19.621903520208605,33.96349413298566,,連買天數不長，但V2不只依賴連買,Q3,-0.294710895636642,-0.002374075019137535,4.43,10.69,0.7420067732015534,66.62,0.0,0.0,4.0,4.0,0.0,0.0,,,
1713,國化,False,excluded,excluded,0,0,False,False,,,,,,,,,,,,,,,,,,,,,,,,,
1714,和桐,True,excluded,excluded,0,0,False,False,3.0,23.28,405.0,423.0,-18.0,45.436766623207305,44.98044328552803,,實際介入強度低（強度分 1.0/25）,Q3,-0.1475823170515664,0.003932850998093807,13.3,92.96,0.995492197789638,68.12,4.5,0.98,4.0,4.5,0.0,9.3,,,
1717,長興,False,excluded,excluded,0,0,False,False,,,,,,,,,,,,,,,,,,,,,,,,,
1718,中纖,True,excluded,excluded,0,0,False,False,0.0,9.0,522.0,482.0,40.0,19.621903520208605,37.222946544980445,,連買天數不長，但V2不只依賴連買,Q4,-0.18334078221593156,-0.00018316924421872072,10.04,13.95,-27.575936373638932,1.69,1.0,0.0,4.0,4.0,0.0,0.0,,,
1720,生達,True,excluded,excluded,0,0,False,False,0.0,5.5,523.0,702.0,-179.0,19.621903520208605,7.496740547588006,D_V1_weak_V2_weak,實際介入強度低（強度分 0.0/25）；全市場flow percentile偏低（外資P44、投信P52）；價格未確認（Q4、RS20 -10.69）,Q4,-0.010933003597122301,0.0,43.68,51.76,-10.686750792864563,19.17,0.0,0.0,3.5,2.0,0.0,0.0,,,
1721,三晃,True,excluded,excluded,0,0,False,False,5.0,31.68,186.0,354.0,-168.0,64.27640156453715,53.976531942633635,,全市場flow percentile偏低（外資P62、投信P52）；價格未確認（Q2、RS20 -12.07）；近期flow已轉負,Q2,0.055012847965738756,0.0,61.8,51.76,-12.066606303281025,15.65,3.5,12.5,3.5,1.0,5.0,6.18,,,
1722,台肥,True,excluded,excluded,0,0,False,False,15.0,53.78,1.0,128.0,-127.0,99.21773142112124,83.44198174706649,B_V1_strong_V2_weak,V1連買訊號高（外資4日／投信1日）；價格未確認（Q2、RS20 -1.34）；近期flow正在減速,Q2,0.04424247646008985,0.00018462674626130838,59.06,90.09,-1.335016276786638,52.93,10.0,11.11,6.0,6.75,5.0,14.92,,,
1723,中碳,False,excluded,excluded,0,0,False,False,,,,,,,,,,,,,,,,,,,,,,,,,
1725,元禎,True,excluded,excluded,0,0,False,False,5.0,57.3,187.0,90.0,97.0,64.27640156453715,88.46153846153845,C_V1_weak_V2_strong,價格與RS同步確認（RS20 +3.31）；連買天數不長，但V2不只依賴連買,Q1,0.057971014492753624,0.0,62.97,51.76,3.3133729924916255,79.92,3.5,12.5,4.0,6.0,25.0,6.3,,,
1726,永記,True,excluded,excluded,0,0,False,False,0.0,7.0,524.0,571.0,-47.0,19.621903520208605,23.598435462842243,D_V1_weak_V2_weak,實際介入強度低（強度分 0.0/25）；全市場flow percentile偏低（外資P12、投信P52）；價格未確認（Q4、RS20 -0.78）,Q4,-0.15875,0.0,12.13,51.76,-0.7834150449041455,55.67,0.0,0.0,2.5,4.5,0.0,0.0,,,
1727,中華化,True,excluded,excluded,0,0,False,False,5.0,36.14,188.0,295.0,-107.0,64.27640156453715,61.66883963494133,,全市場flow percentile偏低（外資P61、投信P52）；價格未確認（Q2、RS20 -13.53）,Q2,0.05353136771009222,0.0,61.41,51.76,-13.529647467014827,13.3,3.5,12.5,3.0,6.0,5.0,6.14,,,
1730,花仙子,True,excluded,excluded,0,0,False,False,0.0,4.0,525.0,753.0,-228.0,19.621903520208605,1.7601043024771839,D_V1_weak_V2_weak,實際介入強度低（強度分 0.0/25）；全市場flow percentile偏低（外資P23、投信P52）,Q3,-0.08648648648648649,0.0,23.34,51.76,0.801317440508087,67.14,0.0,0.0,2.0,2.0,0.0,0.0,,,
1731,美吾華,True,excluded,excluded,0,0,False,False,0.0,3.5,526.0,760.0,-234.0,19.621903520208605,0.9126466753585397,D_V1_weak_V2_weak,實際介入強度低（強度分 0.0/25）；全市場flow percentile偏低（外資P44、投信P52）,Q3,-0.008764846919955736,0.0,44.2,51.76,3.665395110410985,80.57,0.0,0.0,1.5,2.0,0.0,0.0,,,
1732,毛寶,False,excluded,excluded,0,0,False,False,,,,,,,,,,,,,,,,,,,,,,,,,
1733,五鼎,False,excluded,excluded,0,0,False,False,,,,,,,,,,,,,,,,,,,,,,,,,
1734,杏輝,False,excluded,excluded,0,0,False,False,,,,,,,,,,,,,,,,,,,,,,,,,
1735,日勝化,False,excluded,excluded,0,0,False,False,,,,,,,,,,,,,,,,,,,,,,,,,
1736,喬山,False,excluded,excluded,0,0,False,False,,,,,,,,,,,,,,,,,,,,,,,,,
1737,臺鹽,True,excluded,excluded,0,0,False,False,0.0,7.5,527.0,522.0,5.0,19.621903520208605,29.85658409387223,,連買天數不長，但V2不只依賴連買,Q4,-0.34084995663486556,0.0,3.0,51.76,0.6829921977896336,66.1,1.0,0.0,2.0,4.5,0.0,0.0,,,
1742,台蠟,True,excluded,excluded,0,0,False,False,0.0,2.5,528.0,765.0,-237.0,19.621903520208605,0.2607561929595828,D_V1_weak_V2_weak,實際介入強度低（強度分 0.0/25）；全市場flow percentile偏低（外資P45、投信P52）；價格未確認（Q4、RS20 +18.04）,Q4,-0.007246376811594203,0.0,44.72,51.76,18.0446725256585,97.65,0.0,0.0,0.5,2.0,0.0,0.0,,,
1752,南光,True,excluded,excluded,0,0,False,False,7.0,60.55,55.0,49.0,6.0,88.33116036505866,93.74185136897,,價格與RS同步確認（RS20 +1.63）,Q1,0.18218623481781376,0.0,85.53,51.76,1.6264070242880568,71.06,3.5,12.5,5.0,6.0,25.0,8.55,,,
1760,寶齡富錦,False,excluded,excluded,0,0,False,False,,,,,,,,,,,,,,,,,,,,,,,,,
1762,中化生,False,excluded,excluded,0,0,False,False,,,,,,,,,,,,,,,,,,,,,,,,,
1773,勝一,False,excluded,excluded,0,0,False,False,,,,,,,,,,,,,,,,,,,,,,,,,
1776,展宇,False,excluded,excluded,0,0,False,False,,,,,,,,,,,,,,,,,,,,,,,,,
1777,生泰,False,excluded,excluded,0,0,False,False,,,,,,,,,,,,,,,,,,,,,,,,,
1780,立弘,False,excluded,excluded,0,0,False,False,,,,,,,,,,,,,,,,,,,,,,,,,
1781,合世,False,excluded,excluded,0,0,False,False,,,,,,,,,,,,,,,,,,,,,,,,,
1783,和康生,False,excluded,excluded,0,0,False,False,,,,,,,,,,,,,,,,,,,,,,,,,
1784,訊聯,True,excluded,excluded,0,0,False,False,5.0,38.51,189.0,234.0,-45.0,64.27640156453715,69.6219035202086,,價格未確認（Q2、RS20 -6.07）,Q2,0.1814671968190855,0.0,85.14,51.76,-6.072176975142696,33.64,3.5,12.5,3.0,6.0,5.0,8.51,,,
1785,光洋科,True,excluded,excluded,0,0,False,False,2.0,19.94,445.0,444.0,1.0,41.19947848761408,42.24250325945241,,差異主要來自V1離散加分與V2連續型強度／排名分數,Q4,0.011732063212378173,-0.020212846208909202,50.07,4.56,-7.144042685931296,28.55,3.5,2.93,5.5,3.0,0.0,5.01,,,
1786,科妍,True,excluded,excluded,0,0,False,False,7.0,42.4,56.0,174.0,-118.0,88.33116036505866,77.44458930899609,,V1連買訊號高（外資10日／投信0日）；價格未確認（Q2、RS20 -2.72）,Q2,0.2679245283018868,0.0,94.0,51.76,-2.7219799211694706,44.59,4.5,12.5,5.0,6.0,5.0,9.4,,,
1788,杏昌,True,excluded,excluded,0,0,False,False,0.0,7.5,529.0,523.0,6.0,19.621903520208605,29.85658409387223,,連買天數不長，但V2不只依賴連買,Q3,-0.1312608695652174,0.0,15.65,51.76,1.7676929699904087,72.23,0.0,0.0,3.0,4.5,0.0,0.0,,,
1789,神隆,True,excluded,excluded,0,0,False,False,0.0,6.5,530.0,627.0,-97.0,19.621903520208605,16.558018252933508,D_V1_weak_V2_weak,實際介入強度低（強度分 0.0/25）；全市場flow percentile偏低（外資P18、投信P52）；價格未確認（Q4、RS20 -5.00）,Q4,-0.11838691159586683,0.0,17.6,51.76,-5.004507802210357,36.51,0.0,0.0,2.5,4.0,0.0,0.0,,,
1795,美時,True,excluded,excluded,0,0,False,False,7.0,41.44,57.0,179.0,-122.0,88.33116036505866,76.79269882659713,,V1連買訊號高（外資4日／投信0日）；價格未確認（Q2、RS20 -0.53）,Q2,0.2746134163208852,-0.013312586445366528,94.39,6.26,-0.5312253594622729,58.02,3.5,12.5,5.0,6.0,5.0,9.44,,,
1796,金穎生技,False,excluded,excluded,0,0,False,False,,,,,,,,,,,,,,,,,,,,,,,,,
1799,易威,False,excluded,excluded,0,0,False,False,,,,,,,,,,,,,,,,,,,,,,,,,
1802,台玻,True,excluded,excluded,0,0,False,False,0.0,7.0,531.0,572.0,-41.0,19.621903520208605,23.598435462842243,D_V1_weak_V2_weak,實際介入強度低（強度分 0.0/25）；全市場flow percentile偏低（外資P41、投信P52）；價格未確認（Q4、RS20 -13.80）,Q4,-0.016408808565289337,0.0,41.33,51.76,-13.802015590372353,12.91,1.0,0.0,4.0,2.0,0.0,0.0,,,
1805,寶徠,True,excluded,excluded,0,0,False,False,2.0,27.55,446.0,387.0,59.0,41.19947848761408,49.67405475880052,,連買天數不長，但V2不只依賴連買,Q2,0.019184652278177457,0.0,52.54,51.76,1.2966970170667502,69.23,3.5,4.8,3.0,6.0,5.0,5.25,,,
1806,冠軍,True,excluded,excluded,0,0,False,False,0.0,7.0,532.0,573.0,-41.0,19.621903520208605,23.598435462842243,D_V1_weak_V2_weak,實際介入強度低（強度分 0.0/25）；全市場flow percentile偏低（外資P21、投信P52）；價格未確認（Q4、RS20 -1.67）,Q4,-0.09346991037131883,0.0,21.38,51.76,-1.6679460588689632,49.8,0.0,0.0,3.0,4.0,0.0,0.0,,,
1808,潤隆,True,excluded,excluded,0,0,False,False,0.0,8.5,533.0,489.0,44.0,19.621903520208605,36.17992177314211,,連買天數不長，但V2不只依賴連買,Q3,-0.08831948919918844,0.0,22.95,51.76,9.274712977010424,92.31,1.0,0.0,3.5,4.0,0.0,0.0,,,
1809,中釉,True,excluded,excluded,0,0,False,False,0.0,7.5,534.0,524.0,10.0,19.621903520208605,29.85658409387223,,連買天數不長，但V2不只依賴連買,Q4,-0.07819078542620822,0.0,25.68,51.76,-12.960436448590219,14.08,1.0,0.0,2.5,4.0,0.0,0.0,,,
1810,和成,False,excluded,excluded,0,0,False,False,,,,,,,,,,,,,,,,,,,,,,,,,
1813,寶利徠,False,excluded,excluded,0,0,False,False,,,,,,,,,,,,,,,,,,,,,,,,,
1815,富喬,True,excluded,excluded,0,0,False,False,6.0,45.43,138.0,162.0,-24.0,81.42112125162973,79.00912646675359,,價格未確認（Q2、RS20 -4.82）,Q2,-0.0749627986095703,0.0848310036239923,26.21,99.35,-4.818461290582455,37.29,4.5,12.5,5.0,8.5,5.0,9.93,,,
1817,凱撒衛,True,excluded,excluded,0,0,False,False,2.0,23.98,447.0,416.0,31.0,41.19947848761408,45.95827900912647,,連買天數不長，但V2不只依賴連買,Q2,0.006369426751592357,0.0,48.89,51.76,0.6063871394238807,65.32,3.5,1.59,3.0,6.0,5.0,4.89,,,
1903,士紙,True,excluded,excluded,0,0,False,False,0.0,6.5,535.0,628.0,-93.0,19.621903520208605,16.558018252933508,D_V1_weak_V2_weak,實際介入強度低（強度分 0.0/25）；全市場flow percentile偏低（外資P32、投信P52）；價格未確認（Q4、RS20 -2.38）,Q4,-0.051742902208201894,0.0,32.2,51.76,-2.382194598525611,45.76,0.0,0.0,2.5,4.0,0.0,0.0,,,
1904,正隆,True,excluded,excluded,0,0,False,False,7.0,63.84,58.0,31.0,27.0,88.33116036505866,96.08865710560626,,價格與RS同步確認（RS20 +11.50）,Q1,0.412713283062645,0.0,98.44,51.76,11.497775302812475,95.05,3.5,12.5,7.0,6.0,25.0,9.84,,,
1905,華紙,False,excluded,excluded,0,0,False,False,,,,,,,,,,,,,,,,,,,,,,,,,
1906,寶隆,True,excluded,excluded,0,0,False,False,5.0,38.6,190.0,231.0,-41.0,64.27640156453715,70.01303780964798,,價格未確認（Q2、RS20 +1.00）,Q2,0.11003236245954692,0.0,76.01,51.76,0.995492197789638,68.12,4.5,12.5,3.0,6.0,5.0,7.6,,,
1907,永豐餘,True,wait_pullback,wait_pullback,27,27,False,False,14.0,80.87,15.0,11.0,4.0,97.78357235984355,98.69621903520208,A_V1_strong_V2_strong,5日資金強度分 17.7/25；橫向強度高（外資P93、投信P96）；價格與RS同步確認（RS20 +15.04）,Q1,0.26300961094168746,0.02070048978837446,93.35,96.09,15.043551347512373,96.74,9.0,17.68,7.5,2.75,25.0,18.94,,,
1909,榮成,True,excluded,excluded,0,0,False,False,7.0,61.11,59.0,41.0,18.0,88.33116036505866,94.78487614080835,,價格與RS同步確認（RS20 +0.02）；連買天數不長，但V2不只依賴連買,Q1,0.2333545612120434,0.0,91.13,51.76,0.019882441692076203,62.06,4.5,12.5,4.0,6.0,25.0,9.11,,,
2002,中鋼,True,high_priority_watch,high_priority_watch,57,57,False,False,14.0,79.71,16.0,13.0,3.0,97.78357235984355,98.4354628422425,A_V1_strong_V2_strong,橫向強度高（外資P98、投信P89）；價格與RS同步確認（RS20 +7.79）,Q1,0.3829035589701885,5.13621674834678e-05,97.78,89.18,7.788970458659195,89.96,10.0,12.51,7.5,6.0,25.0,18.7,29.0,5.0,24.0
2006,東和鋼鐵,True,other_watch,other_watch,12,12,False,False,5.0,59.38,191.0,65.0,126.0,64.27640156453715,91.65580182529335,C_V1_weak_V2_strong,價格與RS同步確認（RS20 +23.36）,Q1,0.327975610509092,-0.0076255750054027354,96.35,7.17,23.360164562462003,98.83,3.5,12.5,6.0,2.75,25.0,9.63,,,
2007,燁興,True,excluded,excluded,0,0,False,False,7.0,56.6,60.0,100.0,-40.0,88.33116036505866,87.09256844850066,,V1連買訊號高（外資4日／投信0日）；近期flow正在減速,Q1,0.20516962843295639,0.0,88.53,51.76,0.5788255311229729,65.06,3.5,12.5,4.0,2.75,25.0,8.85,,,
2008,高興昌,True,excluded,excluded,0,0,False,False,7.0,60.4,61.0,51.0,10.0,88.33116036505866,93.54628422425033,,價格與RS同步確認（RS20 +7.82）；連買天數不長，但V2不只依賴連買,Q1,0.21052631578947367,0.0,89.05,51.76,7.82143076434253,90.09,3.5,12.5,4.5,6.0,25.0,8.9,,,
2009,第一銅,False,excluded,excluded,0,0,False,False,,,,,,,,,,,,,,,,,,,,,,,,,
2010,春源,True,excluded,excluded,0,0,False,False,7.0,60.82,62.0,46.0,16.0,88.33116036505866,94.13298565840938,,價格與RS同步確認（RS20 +11.37）；連買天數不長，但V2不只依賴連買,Q1,0.41092414885193984,0.0,98.17,51.76,11.372850688355662,94.78,3.5,12.5,4.0,6.0,25.0,9.82,,,
2012,春雨,True,excluded,excluded,0,0,False,False,0.0,4.5,536.0,737.0,-201.0,19.621903520208605,3.455019556714472,D_V1_weak_V2_weak,實際介入強度低（強度分 0.0/25）；全市場flow percentile偏低（外資P27、投信P52）；價格未確認（Q4、RS20 -0.93）,Q4,-0.0744336569579288,0.0,26.6,51.76,-0.9337682523711366,54.76,0.0,0.0,2.5,2.0,0.0,0.0,,,
2013,中鋼構,True,excluded,excluded,0,0,False,False,0.0,7.0,537.0,574.0,-37.0,19.621903520208605,23.598435462842243,D_V1_weak_V2_weak,實際介入強度低（強度分 0.0/25）；全市場flow percentile偏低（外資P44、投信P52）,Q3,-0.012351181102362205,0.0,43.55,51.76,1.9722931745906114,73.14,0.0,0.0,3.0,4.0,0.0,0.0,,,
2014,中鴻,True,excluded,excluded,0,0,False,False,7.0,58.18,63.0,77.0,-14.0,88.33116036505866,90.09126466753585,,V1連買訊號高（外資4日／投信0日）；近期flow正在減速,Q1,0.4998914643282069,0.0,99.35,51.76,6.274084573156202,88.01,3.5,12.5,4.5,2.75,25.0,9.93,,,
2015,豐興,True,excluded,excluded,0,0,False,False,14.0,83.08,17.0,7.0,10.0,97.78357235984355,99.21773142112124,A_V1_strong_V2_strong,5日資金強度分 20.2/25；橫向強度高（外資P68、投信P98）；價格與RS同步確認（RS20 +6.44）,Q1,0.0776391820580475,0.03100263852242744,68.32,97.52,6.435492197789639,88.4,9.0,20.25,5.5,6.75,25.0,16.58,,,
2017,官田鋼,True,excluded,excluded,0,0,False,False,7.0,56.26,64.0,103.0,-39.0,88.33116036505866,86.70143415906128,,V1連買訊號高（外資4日／投信0日）；近期flow正在減速,Q1,0.22560381355932205,0.0,90.09,51.76,1.9921699386534208,73.4,3.5,12.5,3.5,2.75,25.0,9.01,,,
2020,美亞,True,excluded,excluded,0,0,False,False,5.0,53.21,192.0,130.0,62.0,64.27640156453715,83.1812255541069,C_V1_weak_V2_strong,價格與RS同步確認（RS20 +2.39）；連買天數不長，但V2不只依賴連買,Q1,0.08185865331107402,0.0,69.62,51.76,2.3940935963910337,75.75,3.5,12.5,2.5,2.75,25.0,6.96,,,
2022,聚亨,False,excluded,excluded,0,0,False,False,,,,,,,,,,,,,,,,,,,,,,,,,
2023,燁輝,True,excluded,excluded,0,0,False,False,2.0,10.5,448.0,467.0,-19.0,41.19947848761408,38.85267275097783,,V1連買訊號高（外資4日／投信0日）；實際介入強度低（強度分 0.0/25）；全市場flow percentile偏低（外資P26、投信P52）；價格未確認（Q4、RS20 -1.12）,Q4,-0.0756986579275905,0.0,25.81,51.76,-1.1171838585483873,53.98,0.0,0.0,6.5,4.0,0.0,0.0,,,
2024,志聯,True,excluded,excluded,0,0,False,False,0.0,4.5,538.0,738.0,-200.0,19.621903520208605,3.455019556714472,D_V1_weak_V2_weak,實際介入強度低（強度分 0.0/25）；全市場flow percentile偏低（外資P46、投信P52）,,0.0,0.0,46.41,51.76,1.359128561426004,69.62,0.0,0.0,2.5,2.0,0.0,0.0,,,
2025,千興,True,excluded,excluded,0,0,False,False,7.0,56.15,65.0,106.0,-41.0,88.33116036505866,86.3102998696219,,V1連買訊號高（外資4日／投信0日）；近期flow正在減速,Q1,0.17206855277475516,0.0,83.96,51.76,9.434310763190489,92.96,3.5,12.5,4.0,2.75,25.0,8.4,,,
2027,大成鋼,True,wait_pullback,wait_pullback,44,44,False,False,14.0,81.1,18.0,10.0,8.0,97.78357235984355,98.82659713168188,A_V1_strong_V2_strong,5日資金強度分 18.5/25；橫向強度高（外資P94、投信P97）；價格與RS同步確認（RS20 +20.74）,Q1,0.26640227064423616,0.024046122461047217,93.87,97.0,20.742327640827607,98.57,9.0,18.51,6.0,3.5,25.0,19.09,,,
2028,威致,True,excluded,excluded,0,0,False,False,7.0,60.18,66.0,55.0,11.0,88.33116036505866,92.95958279009126,,價格與RS同步確認（RS20 +1.63）；連買天數不長，但V2不只依賴連買,Q1,0.19029850746268656,0.0,86.83,51.76,1.634469833572394,71.19,3.5,12.5,4.5,6.0,25.0,8.68,,,
2029,盛餘,True,excluded,excluded,0,0,False,False,7.0,59.57,67.0,63.0,4.0,88.33116036505866,91.91655801825294,,價格與RS同步確認（RS20 +2.19）；連買天數不長，但V2不只依賴連買,Q1,0.23139099216710182,0.0,90.74,51.76,2.188809620223997,74.97,3.5,12.5,3.5,6.0,25.0,9.07,,,
2030,彰源,False,excluded,excluded,0,0,False,False,,,,,,,,,,,,,,,,,,,,,,,,,
2031,新光鋼,False,excluded,excluded,0,0,False,False,,,,,,,,,,,,,,,,,,,,,,,,,
2032,新鋼,False,excluded,excluded,0,0,False,False,,,,,,,,,,,,,,,,,,,,,,,,,
2033,佳大,False,excluded,excluded,0,0,False,False,,,,,,,,,,,,,,,,,,,,,,,,,
2034,允強,False,excluded,excluded,0,0,False,False,,,,,,,,,,,,,,,,,,,,,,,,,
2035,唐榮,False,excluded,excluded,0,0,False,False,,,,,,,,,,,,,,,,,,,,,,,,,
2038,海光,True,excluded,excluded,0,0,False,False,5.0,58.23,193.0,74.0,119.0,64.27640156453715,90.48239895697523,C_V1_weak_V2_strong,價格與RS同步確認（RS20 +1.76）；連買天數不長，但V2不只依賴連買,Q1,0.11637444784233775,0.0,77.31,51.76,1.761775722693859,72.1,3.5,12.5,3.5,6.0,25.0,7.73,,,
2049,上銀,True,excluded,excluded,0,0,False,False,5.0,57.71,194.0,85.0,109.0,64.27640156453715,89.04823989569752,C_V1_weak_V2_strong,價格與RS同步確認（RS20 +17.56）,Q1,0.10345413080402298,-0.014453558274012863,74.58,5.74,17.561757258030607,97.26,4.5,12.5,5.5,2.75,25.0,7.46,,,
2059,川湖,True,excluded,excluded,0,0,False,False,6.0,59.4,139.0,64.0,75.0,81.42112125162973,91.78617992177314,,價格與RS同步確認（RS20 +48.33）,Q1,-0.029109051254089423,0.0707453653217012,37.68,98.96,48.33460110868072,100.0,3.5,12.5,5.5,3.0,25.0,9.9,,,
2061,風青,False,excluded,excluded,0,0,False,False,,,,,,,,,,,,,,,,,,,,,,,,,
2062,橋椿,True,excluded,excluded,0,0,False,False,0.0,7.0,539.0,575.0,-36.0,19.621903520208605,23.598435462842243,D_V1_weak_V2_weak,實際介入強度低（強度分 0.0/25）；全市場flow percentile偏低（外資P9、投信P52）；價格未確認（Q4、RS20 -0.84）,Q4,-0.19955688622754492,0.0,8.74,51.76,-0.8369685351946599,55.02,0.0,0.0,2.5,4.5,0.0,0.0,,,
2063,世鎧,False,excluded,excluded,0,0,False,False,,,,,,,,,,,,,,,,,,,,,,,,,
2064,晉椿,False,excluded,excluded,0,0,False,False,,,,,,,,,,,,,,,,,,,,,,,,,
2065,世豐,False,excluded,excluded,0,0,False,False,,,,,,,,,,,,,,,,,,,,,,,,,
2066,世德,True,excluded,excluded,0,0,False,False,5.0,55.12,195.0,119.0,76.0,64.27640156453715,84.61538461538461,C_V1_weak_V2_strong,價格與RS同步確認（RS20 +0.23）；連買天數不長，但V2不只依賴連買,Q1,0.07962962962962963,0.0,68.71,51.76,0.22744304264370463,63.49,3.5,12.5,4.5,2.75,25.0,6.87,,,
2067,嘉鋼,False,excluded,excluded,0,0,False,False,,,,,,,,,,,,,,,,,,,,,,,,,
2069,運錩,False,excluded,excluded,0,0,False,False,,,,,,,,,,,,,,,,,,,,,,,,,
2070,精湛,True,excluded,excluded,0,0,False,False,0.0,6.5,540.0,629.0,-89.0,19.621903520208605,16.558018252933508,D_V1_weak_V2_weak,實際介入強度低（強度分 0.0/25）；全市場flow percentile偏低（外資P16、投信P52）；價格未確認（Q4、RS20 -0.18）,Q4,-0.1281767955801105,0.0,16.04,51.76,-0.17703711544320155,59.71,0.0,0.0,2.0,4.5,0.0,0.0,,,
2072,世紀風電,True,excluded,excluded,0,0,False,False,0.0,7.0,541.0,576.0,-35.0,19.621903520208605,23.598435462842243,D_V1_weak_V2_weak,實際介入強度低（強度分 0.0/25）；全市場flow percentile偏低（外資P14、投信P52）；價格未確認（Q4、RS20 +7.57）,Q4,-0.13994610778443115,0.0,13.95,51.76,7.569886661457447,89.83,0.0,0.0,3.0,4.0,0.0,0.0,,,
2073,雄順,False,excluded,excluded,0,0,False,False,,,,,,,,,,,,,,,,,,,,,,,,,
2101,南港,True,other_watch,other_watch,43,43,False,False,5.0,54.65,196.0,122.0,74.0,64.27640156453715,84.22425032594523,C_V1_weak_V2_strong,價格與RS同步確認（RS20 +0.27）；連買天數不長，但V2不只依賴連買,Q1,0.1009653174725784,0.0,74.05,51.76,0.2719031963424601,63.75,3.5,12.5,3.5,2.75,25.0,7.4,,,
2102,泰豐,True,excluded,excluded,0,0,False,False,0.0,7.5,542.0,525.0,17.0,19.621903520208605,29.85658409387223,,連買天數不長，但V2不只依賴連買,Q4,-0.17694079375406635,0.0,10.17,51.76,-1.6154738596516172,50.33,0.0,0.0,3.5,4.0,0.0,0.0,,,
2103,台橡,False,excluded,excluded,0,0,False,False,,,,,,,,,,,,,,,,,,,,,,,,,
2104,國際中橡,False,excluded,excluded,0,0,False,False,,,,,,,,,,,,,,,,,,,,,,,,,
2105,正新,True,excluded,excluded,0,0,False,False,15.0,59.58,2.0,61.0,-59.0,99.21773142112124,92.11212516297263,B_V1_strong_V2_weak,V1連買訊號高（外資4日／投信4日）；價格未確認（Q2、RS20 -2.51）；近期flow正在減速,Q2,0.12865285131994972,0.008091310807207345,79.4,93.74,-2.5052688372179777,45.37,9.0,14.52,7.0,6.75,5.0,17.31,,,
2106,建大,True,excluded,excluded,0,0,False,False,0.0,6.5,543.0,630.0,-87.0,19.621903520208605,16.558018252933508,D_V1_weak_V2_weak,實際介入強度低（強度分 0.0/25）；全市場flow percentile偏低（外資P6、投信P52）,Q3,-0.24299260765108113,0.0,6.39,51.76,5.8526350549325095,87.22,0.0,0.0,2.5,4.0,0.0,0.0,,,
2107,厚生,True,excluded,excluded,0,0,False,False,0.0,5.5,544.0,703.0,-159.0,19.621903520208605,7.496740547588006,D_V1_weak_V2_weak,實際介入強度低（強度分 0.0/25）；全市場flow percentile偏低（外資P5、投信P52）；價格未確認（Q4、RS20 -0.74）,Q4,-0.2865909090909091,0.0,4.95,51.76,-0.7419595396620959,56.32,0.0,0.0,1.0,4.5,0.0,0.0,,,
2108,南帝,False,excluded,excluded,0,0,False,False,,,,,,,,,,,,,,,,,,,,,,,,,
2109,華豐,True,excluded,excluded,0,0,False,False,0.0,6.0,545.0,674.0,-129.0,19.621903520208605,11.147327249022164,D_V1_weak_V2_weak,實際介入強度低（強度分 0.0/25）；全市場flow percentile偏低（外資P27、投信P52）；價格未確認（Q4、RS20 -0.02）,Q4,-0.07405583756345177,0.0,26.73,51.76,-0.02145695475274101,61.15,0.0,0.0,2.0,4.0,0.0,0.0,,,
2114,鑫永銓,True,excluded,excluded,0,0,False,False,0.0,6.0,546.0,675.0,-129.0,19.621903520208605,11.147327249022164,D_V1_weak_V2_weak,實際介入強度低（強度分 0.0/25）；全市場flow percentile偏低（外資P33、投信P52）；價格未確認（Q4、RS20 -0.79）,Q4,-0.049307142857142855,0.0,32.99,51.76,-0.7902220879246413,55.54,0.0,0.0,2.0,4.0,0.0,0.0,,,
2115,六暉-KY,False,excluded,excluded,0,0,False,False,,,,,,,,,,,,,,,,,,,,,,,,,
2201,裕隆,True,excluded,excluded,0,0,False,False,3.0,35.03,406.0,310.0,96.0,45.436766623207305,59.71316818774446,,差異主要來自V1離散加分與V2連續型強度／排名分數,Q2,-0.024436477644492912,0.025263540530716104,38.72,97.13,-1.4823839084050494,51.37,3.5,6.32,6.5,4.0,5.0,9.71,,,
2204,中華,True,excluded,excluded,0,0,False,False,5.0,43.69,197.0,166.0,31.0,64.27640156453715,78.48761408083442,C_V1_weak_V2_strong,動能較佳（外資 accelerating／投信 stable）,Q2,0.2502718821682965,-0.17600042255221537,91.92,0.26,-8.286469273313703,25.03,3.5,12.5,5.0,8.5,5.0,9.19,,,
2206,三陽工業,True,other_watch,other_watch,41,41,False,False,4.0,27.25,401.0,389.0,12.0,47.84876140808344,49.34810951760104,,差異主要來自V1離散加分與V2連續型強度／排名分數,Q4,0.02697826086956522,-0.0670807453416149,55.15,1.3,-0.5743665149262167,57.5,3.5,6.74,5.5,6.0,0.0,5.51,,,
2207,和泰車,True,excluded,excluded,0,0,False,False,6.0,31.8,140.0,350.0,-210.0,81.42112125162973,54.49804432855281,,V1連買訊號高（外資0日／投信5日）；實際介入強度低（強度分 3.3/25）；價格未確認（Q4、RS20 +9.21）,Q4,-0.06712247255921433,0.013121317157712305,28.81,95.18,9.206018513579107,92.18,3.5,3.28,7.0,8.5,0.0,9.52,,,
2208,台船,False,excluded,excluded,0,0,False,False,,,,,,,,,,,,,,,,,,,,,,,,,
2211,長榮鋼,True,excluded,excluded,0,0,False,False,5.0,38.49,198.0,236.0,-38.0,64.27640156453715,69.36114732724901,,價格未確認（Q2、RS20 -6.66）；近期flow正在減速,Q2,0.35868165001849794,-0.010173880873103959,97.39,6.78,-6.664528788569225,30.77,3.5,12.5,5.0,2.75,5.0,9.74,,,
2221,大甲,False,excluded,excluded,0,0,False,False,,,,,,,,,,,,,,,,,,,,,,,,,
2227,裕日車,True,excluded,excluded,0,0,False,False,0.0,5.0,547.0,723.0,-176.0,19.621903520208605,5.215123859191656,D_V1_weak_V2_weak,實際介入強度低（強度分 0.0/25）；全市場flow percentile偏低（外資P18、投信P52）；價格未確認（Q4、RS20 -0.71）,Q4,-0.11796,0.0,17.73,51.76,-0.7079146158376237,56.52,0.0,0.0,3.0,2.0,0.0,0.0,,,
2228,劍麟,True,excluded,excluded,0,0,False,False,0.0,8.0,548.0,502.0,46.0,19.621903520208605,33.96349413298566,,連買天數不長，但V2不只依賴連買,Q4,-0.08926,0.0,22.69,51.76,-10.53391956691624,19.82,0.0,0.0,3.5,4.5,0.0,0.0,,,
2230,泰茂,True,excluded,excluded,0,0,False,False,5.0,52.97,199.0,135.0,64.0,64.27640156453715,82.52933507170795,C_V1_weak_V2_strong,價格與RS同步確認（RS20 +16.56）；連買天數不長，但V2不只依賴連買,Q1,0.10377342256214149,0.0,74.71,51.76,16.560524180732074,96.87,3.5,12.5,3.5,1.0,25.0,7.47,,,
2231,為升,True,excluded,excluded,0,0,False,False,0.0,7.5,549.0,526.0,23.0,19.621903520208605,29.85658409387223,,連買天數不長，但V2不只依賴連買,Q4,-0.07974434918160561,0.0,25.29,51.76,-12.162402539052465,15.25,1.0,0.0,2.0,4.5,0.0,0.0,,,
2233,宇隆,True,excluded,excluded,0,0,False,False,0.0,5.5,550.0,704.0,-154.0,19.621903520208605,7.496740547588006,D_V1_weak_V2_weak,實際介入強度低（強度分 0.0/25）；全市場flow percentile偏低（外資P22、投信P52）；價格未確認（Q4、RS20 -14.67）,Q4,-0.08982929020664869,0.0,22.43,51.76,-14.674610894993867,10.95,1.0,0.0,2.5,2.0,0.0,0.0,,,
2235,謚源,False,excluded,excluded,0,0,False,False,,,,,,,,,,,,,,,,,,,,,,,,,
2236,百達-KY,False,excluded,excluded,0,0,False,False,,,,,,,,,,,,,,,,,,,,,,,,,
2237,華德動能-創,False,excluded,excluded,0,0,False,False,,,,,,,,,,,,,,,,,,,,,,,,,
2239,英利-KY,True,excluded,excluded,0,0,False,False,0.0,6.0,551.0,676.0,-125.0,19.621903520208605,11.147327249022164,D_V1_weak_V2_weak,實際介入強度低（強度分 0.0/25）；全市場flow percentile偏低（外資P37、投信P52）；價格未確認（Q4、RS20 -6.37）,Q4,-0.03098106712564544,0.0,37.03,51.76,-6.367928229763809,31.94,0.0,0.0,2.0,4.0,0.0,0.0,,,
2241,艾姆勒,False,excluded,excluded,0,0,False,False,,,,,,,,,,,,,,,,,,,,,,,,,
2243,宏旭-KY,True,excluded,excluded,0,0,False,False,0.0,5.5,552.0,705.0,-153.0,19.621903520208605,7.496740547588006,D_V1_weak_V2_weak,實際介入強度低（強度分 0.0/25）；全市場flow percentile偏低（外資P14、投信P12）；價格未確認（Q4、RS20 -17.64）,Q4,-0.13598803290949887,-0.0014958863126402393,14.47,11.73,-17.641782351308557,8.6,0.0,0.0,3.5,2.0,0.0,0.0,,,
2247,汎德永業,True,excluded,excluded,0,0,False,False,7.0,37.29,68.0,265.0,-197.0,88.33116036505866,65.58018252933508,,V1連買訊號高（外資4日／投信0日）；價格未確認（Q2、RS20 -0.29）；近期flow正在減速,Q2,0.3029572953736655,-0.0028612099644128113,95.44,10.04,-0.29483038285552654,59.13,3.5,12.5,4.0,2.75,5.0,9.54,,,
2248,華勝-KY,False,excluded,excluded,0,0,False,False,,,,,,,,,,,,,,,,,,,,,,,,,
2250,IKKA-KY,False,excluded,excluded,0,0,False,False,,,,,,,,,,,,,,,,,,,,,,,,,
2254,巨鎧精密-創,True,excluded,excluded,0,0,False,False,5.0,38.4,200.0,238.0,-38.0,64.27640156453715,69.10039113428944,,價格未確認（Q2、RS20 +2.84）,Q2,0.45454545454545453,0.0,98.96,51.76,2.841129781682261,78.1,3.5,12.5,3.0,4.5,5.0,9.9,,,
2258,鴻華先進-創,True,excluded,excluded,0,0,False,False,0.0,6.5,553.0,631.0,-78.0,19.621903520208605,16.558018252933508,D_V1_weak_V2_weak,實際介入強度低（強度分 0.0/25）；全市場flow percentile偏低（外資P11、投信P52）；價格未確認（Q4、RS20 -3.13）,Q4,-0.16746263807667316,0.0,11.08,51.76,-3.1314919291944965,43.29,0.0,0.0,2.5,4.0,0.0,0.0,,,
2301,光寶科,False,excluded,excluded,0,0,False,False,,,,,,,,,,,,,,,,,,,,,,,,,
2302,麗正,True,buy_candidates,buy_candidates,58,58,False,False,5.0,21.94,201.0,432.0,-231.0,64.27640156453715,43.807040417209905,,實際介入強度低（強度分 2.5/25）；全市場flow percentile偏低（外資P50、投信P14）；價格未確認（Q2、RS20 -1.42）；近期flow已轉負,Q2,0.009959141537625645,-0.00016299918500407498,49.54,14.21,-1.4155296162172482,52.15,3.5,2.49,5.0,1.0,5.0,4.95,10.0,28.0,-18.0
2303,聯電,False,excluded,excluded,0,0,False,False,,,,,,,,,,,,,,,,,,,,,,,,,
2305,全友,False,excluded,excluded,0,0,False,False,,,,,,,,,,,,,,,,,,,,,,,,,
2308,台達電,False,excluded,excluded,0,0,False,False,,,,,,,,,,,,,,,,,,,,,,,,,
2312,金寶,True,excluded,excluded,0,0,False,False,12.0,54.96,23.0,120.0,-97.0,96.08865710560626,84.48500651890483,B_V1_strong_V2_weak,價格未確認（Q2、RS20 -3.98）；近期flow正在減速,Q2,0.08385526706966603,0.0004294255607306841,70.8,90.22,-3.9752680361284987,39.5,10.0,12.61,4.5,6.75,5.0,16.1,,,
2313,華通,True,excluded,excluded,0,0,False,False,9.0,46.84,41.0,159.0,-118.0,94.58930899608866,79.40026075619296,,V1連買訊號高（外資0日／投信3日）；價格未確認（Q2、RS20 -7.52）,Q2,-0.03515072387746538,0.05602665232899706,35.98,98.44,-7.5151461000827045,26.86,4.5,12.5,6.5,8.5,5.0,9.84,,,
2314,台揚,False,excluded,excluded,0,0,False,False,,,,,,,,,,,,,,,,,,,,,,,,,
2316,楠梓電,True,excluded,excluded,0,0,False,False,0.0,8.5,554.0,490.0,64.0,19.621903520208605,36.17992177314211,,連買天數不長，但V2不只依賴連買,Q4,-0.03949951597289448,-0.006776379477250726,34.29,7.43,-10.864346077142972,18.64,0.0,0.0,4.0,4.5,0.0,0.0,,,
2317,鴻海,True,excluded,excluded,0,0,False,False,5.0,63.64,202.0,32.0,170.0,64.27640156453715,95.95827900912647,C_V1_weak_V2_strong,價格與RS同步確認（RS20 +12.83）,Q1,0.23520611114614595,-0.007997225241400289,91.4,7.04,12.834815665020082,96.22,4.5,12.5,6.5,6.0,25.0,9.14,,,
2321,東訊,False,excluded,excluded,0,0,False,False,,,,,,,,,,,,,,,,,,,,,,,,,
2323,中環,False,excluded,excluded,0,0,False,False,,,,,,,,,,,,,,,,,,,,,,,,,
2324,仁寶,True,excluded,excluded,0,0,False,False,12.0,50.0,24.0,153.0,-129.0,96.08865710560626,80.1825293350717,B_V1_strong_V2_weak,價格未確認（Q2、RS20 +0.04）；近期flow已轉負,Q2,0.1260549343650684,0.0019396821887522455,78.62,91.53,0.040512661636837866,62.19,9.0,12.98,6.0,0.0,5.0,17.02,,,
2327,國巨*,False,excluded,excluded,0,0,False,False,,,,,,,,,,,,,,,,,,,,,,,,,
2328,廣宇,True,excluded,excluded,0,0,False,False,9.0,36.79,42.0,283.0,-241.0,94.58930899608866,63.23337679269883,,實際介入強度低（強度分 3.4/25）；價格未確認（Q2、RS20 -1.99）；近期flow已轉負,Q2,0.012414105467486251,0.0011646716273050793,50.59,90.87,-1.994198523859847,47.72,9.0,3.39,3.5,1.75,5.0,14.15,,,
2329,華泰,False,excluded,excluded,0,0,False,False,,,,,,,,,,,,,,,,,,,,,,,,,
2330,台積電,True,buy_candidates,buy_candidates,52,52,False,False,0.0,12.0,555.0,460.0,95.0,19.621903520208605,40.15645371577575,,差異主要來自V1離散加分與V2連續型強度／排名分數,Q4,-0.022974552934318698,-0.0042848624129821575,39.24,8.47,-1.4635241956529876,51.63,0.0,0.0,6.0,6.0,0.0,0.0,13.0,31.0,-18.0
2331,精英,False,excluded,excluded,0,0,False,False,,,,,,,,,,,,,,,,,,,,,,,,,
2332,友訊,False,excluded,excluded,0,0,False,False,,,,,,,,,,,,,,,,,,,,,,,,,
2337,旺宏,False,excluded,excluded,0,0,False,False,,,,,,,,,,,,,,,,,,,,,,,,,
2338,光罩,False,excluded,excluded,0,0,False,False,,,,,,,,,,,,,,,,,,,,,,,,,
2340,台亞,False,excluded,excluded,0,0,False,False,,,,,,,,,,,,,,,,,,,,,,,,,
2342,茂矽,True,excluded,excluded,0,0,False,False,0.0,7.0,556.0,577.0,-21.0,19.621903520208605,23.598435462842243,D_V1_weak_V2_weak,實際介入強度低（強度分 0.0/25）；全市場flow percentile偏低（外資P36、投信P52）；價格未確認（Q4、RS20 -24.36）,Q4,-0.035611445475874734,0.0,35.85,51.76,-24.3566204782667,3.52,0.0,0.0,2.5,4.5,0.0,0.0,,,
2344,華邦電,False,excluded,excluded,0,0,False,False,,,,,,,,,,,,,,,,,,,,,,,,,
2345,智邦,False,excluded,excluded,0,0,False,False,,,,,,,,,,,,,,,,,,,,,,,,,
2347,聯強,True,other_watch,other_watch,69,69,False,False,15.0,83.51,3.0,6.0,-3.0,99.21773142112124,99.34810951760105,A_V1_strong_V2_strong,V1連買訊號高（外資0日／投信3日）；近期flow已轉負,Q1,0.06087282274590164,0.06198189890710382,63.89,98.7,12.38943159172904,95.7,9.0,25.0,6.5,1.75,25.0,16.26,,,
2348,海悅,False,excluded,excluded,0,0,False,False,,,,,,,,,,,,,,,,,,,,,,,,,
2349,錸德,True,excluded,excluded,0,0,False,False,0.0,4.5,557.0,739.0,-182.0,19.621903520208605,3.455019556714472,D_V1_weak_V2_weak,實際介入強度低（強度分 0.0/25）；全市場flow percentile偏低（外資P42、投信P52）；價格未確認（Q4、RS20 -9.13）,Q4,-0.015363029943670323,0.0,41.85,51.76,-9.1259652920889,23.21,0.0,0.0,2.5,2.0,0.0,0.0,,,
2351,順德,True,excluded,excluded,0,0,False,False,3.0,24.89,407.0,406.0,1.0,45.436766623207305,47.196870925684486,,連買天數不長，但V2不只依賴連買,Q4,-0.08106028248587571,0.012598870056497175,24.51,94.92,-18.95700186396808,7.3,3.5,3.15,3.5,5.25,0.0,9.49,,,
2352,佳世達,False,excluded,excluded,0,0,False,False,,,,,,,,,,,,,,,,,,,,,,,,,
2353,宏碁,True,excluded,excluded,0,0,False,False,15.0,57.63,4.0,88.0,-84.0,99.21773142112124,88.65710560625814,B_V1_strong_V2_weak,V1連買訊號高（外資1日／投信4日）；價格未確認（Q2、RS20 -1.98）；近期flow正在減速,Q2,0.13334898015148794,0.0009484260196121077,80.7,90.74,-1.9779037333527705,47.85,9.0,12.74,7.0,6.75,5.0,17.14,,,
2354,鴻準,True,excluded,excluded,0,0,False,False,7.0,63.61,69.0,33.0,36.0,88.33116036505866,95.82790091264668,,價格與RS同步確認（RS20 +12.48）；動能較佳（外資 accelerating／投信 stable）,Q1,0.11107362150797949,-0.00014015863409040232,76.14,14.34,12.479591137718959,95.83,3.5,12.5,6.5,8.5,25.0,7.61,,,
2355,敬鵬,True,excluded,excluded,0,0,False,False,5.0,29.35,203.0,374.0,-171.0,64.27640156453715,51.36897001303781,,實際介入強度低（強度分 5.0/25）；全市場flow percentile偏低（外資P53、投信P52）；價格未確認（Q2、RS20 -13.28）,Q2,0.020178323681028447,0.0,53.06,51.76,-13.275659688041152,13.56,4.5,5.04,3.5,6.0,5.0,5.31,,,
2356,英業達,True,excluded,excluded,0,0,False,False,14.0,76.05,19.0,18.0,1.0,97.78357235984355,97.78357235984355,A_V1_strong_V2_strong,橫向強度高（外資P76、投信P92）；價格與RS同步確認（RS20 +3.00）,Q1,0.10825620175458689,0.0030599445678814396,75.62,92.31,3.0047657681142037,78.88,9.0,13.26,7.0,5.0,25.0,16.79,,,
2357,華碩,True,other_watch,other_watch,47,47,False,False,5.0,64.68,204.0,28.0,176.0,64.27640156453715,96.47979139504564,C_V1_weak_V2_strong,價格與RS同步確認（RS20 +17.19）,Q1,0.24861660402813915,-0.012537631299990363,91.79,6.52,17.18867401597145,97.0,4.5,12.5,7.5,6.0,25.0,9.18,,,
2359,所羅門,False,excluded,excluded,0,0,False,False,,,,,,,,,,,,,,,,,,,,,,,,,
2360,致茂,False,excluded,excluded,0,0,False,False,,,,,,,,,,,,,,,,,,,,,,,,,
2362,藍天,False,excluded,excluded,0,0,False,False,,,,,,,,,,,,,,,,,,,,,,,,,
2363,矽統,False,excluded,excluded,0,0,False,False,,,,,,,,,,,,,,,,,,,,,,,,,
2364,倫飛,True,excluded,excluded,0,0,False,False,7.0,59.65,70.0,59.0,11.0,88.33116036505866,92.4380704041721,,價格與RS同步確認（RS20 +10.81）；連買天數不長，但V2不只依賴連買,Q1,0.2381824629271438,0.0,91.53,51.76,10.807902010199443,94.26,3.5,12.5,3.5,6.0,25.0,9.15,,,
2365,昆盈,True,excluded,excluded,0,0,False,False,7.0,38.63,71.0,227.0,-156.0,88.33116036505866,70.46936114732725,,V1連買訊號高（外資3日／投信0日）；價格未確認（Q2、RS20 -2.85）,Q2,0.1111141975308642,0.0,76.27,51.76,-2.8506616483642055,44.2,3.5,12.5,4.0,6.0,5.0,7.63,,,
2367,燿華,True,excluded,excluded,0,0,False,False,5.0,19.2,205.0,450.0,-245.0,64.27640156453715,41.46023468057366,,實際介入強度低（強度分 1.3/25）；全市場flow percentile偏低（外資P49、投信P52）；價格未確認（Q2、RS20 -11.38）；近期flow已轉負,Q2,0.005378045455672045,0.0,48.63,51.76,-11.380745425972739,16.95,3.5,1.34,3.5,1.0,5.0,4.86,,,
2368,金像電,False,excluded,excluded,0,0,False,False,,,,,,,,,,,,,,,,,,,,,,,,,
2369,菱生,False,excluded,excluded,0,0,False,False,,,,,,,,,,,,,,,,,,,,,,,,,
2371,大同,True,excluded,excluded,0,0,False,False,7.0,39.12,72.0,218.0,-146.0,88.33116036505866,71.70795306388527,,V1連買訊號高（外資9日／投信0日）；價格未確認（Q2、RS20 -3.63）；近期flow正在減速,Q2,0.20743420733922732,-0.016046990432360422,88.66,5.08,-3.6308423217833226,40.94,3.5,12.5,6.5,2.75,5.0,8.87,,,
2373,震旦行,True,excluded,excluded,0,0,False,False,0.0,6.5,558.0,632.0,-74.0,19.621903520208605,16.558018252933508,D_V1_weak_V2_weak,實際介入強度低（強度分 0.0/25）；全市場flow percentile偏低（外資P12、投信P52）；價格未確認（Q4、RS20 +0.25）,Q4,-0.16233766233766234,0.0,11.6,51.76,0.2519977739978141,63.62,0.0,0.0,2.0,4.5,0.0,0.0,,,
2374,佳能,True,excluded,excluded,0,0,False,False,5.0,39.21,206.0,215.0,-9.0,64.27640156453715,72.09908735332465,,價格未確認（Q2、RS20 -3.11）,Q2,0.11360255088894615,0.0,77.05,51.76,-3.110468067111016,43.55,3.5,12.5,4.5,6.0,5.0,7.71,,,
2375,凱美,True,excluded,excluded,0,0,False,False,12.0,50.48,25.0,150.0,-125.0,96.08865710560626,80.57366362451108,B_V1_strong_V2_weak,價格未確認（Q2、RS20 -31.98）；近期flow已轉負,Q2,0.06709203936126333,0.004360379470862059,65.71,93.22,-31.97748077518333,0.52,10.0,13.59,5.0,1.0,5.0,15.89,,,
2376,技嘉,False,excluded,excluded,0,0,False,False,,,,,,,,,,,,,,,,,,,,,,,,,
2377,微星,True,wait_pullback,wait_pullback,33,33,False,False,15.0,78.66,5.0,14.0,-9.0,99.21773142112124,98.30508474576271,A_V1_strong_V2_strong,近期flow正在減速,Q1,0.22151970205409802,0.0013506711409395974,89.57,91.13,4.674421963675924,84.35,10.0,12.84,6.0,6.75,25.0,18.07,,,
2379,瑞昱,False,excluded,excluded,0,0,False,False,,,,,,,,,,,,,,,,,,,,,,,,,
2380,虹光,False,excluded,excluded,0,0,False,False,,,,,,,,,,,,,,,,,,,,,,,,,
2382,廣達,False,excluded,excluded,0,0,False,False,,,,,,,,,,,,,,,,,,,,,,,,,
2383,台光電,False,excluded,excluded,0,0,False,False,,,,,,,,,,,,,,,,,,,,,,,,,
2385,群光,True,excluded,excluded,0,0,False,False,2.0,16.33,449.0,457.0,-8.0,41.19947848761408,40.547588005215125,,實際介入強度低（強度分 1.4/25）；全市場flow percentile偏低（外資P49、投信P4）；價格未確認（Q4、RS20 -1.83）；近期flow已轉負,Q4,0.005817977046015231,-0.02552295398476885,48.76,3.78,-1.8346964814556443,49.02,3.5,1.45,5.5,1.0,0.0,4.88,,,
2387,精元,False,excluded,excluded,0,0,False,False,,,,,,,,,,,,,,,,,,,,,,,,,
2388,威盛,False,excluded,excluded,0,0,False,False,,,,,,,,,,,,,,,,,,,,,,,,,
2390,云辰,False,excluded,excluded,0,0,False,False,,,,,,,,,,,,,,,,,,,,,,,,,
2392,正崴,False,excluded,excluded,0,0,False,False,,,,,,,,,,,,,,,,,,,,,,,,,
2393,億光,False,excluded,excluded,0,0,False,False,,,,,,,,,,,,,,,,,,,,,,,,,
2395,研華,True,excluded,excluded,0,0,False,False,5.0,57.7,207.0,86.0,121.0,64.27640156453715,88.91786179921773,C_V1_weak_V2_strong,價格與RS同步確認（RS20 +25.44）,Q1,0.06290542735435628,-0.00453896601391315,64.54,8.34,25.435790705252316,99.48,3.5,12.5,5.5,4.75,25.0,6.45,,,
2397,友通,False,excluded,excluded,0,0,False,False,,,,,,,,,,,,,,,,,,,,,,,,,
2399,映泰,True,excluded,excluded,0,0,False,False,0.0,7.0,559.0,578.0,-19.0,19.621903520208605,23.598435462842243,D_V1_weak_V2_weak,實際介入強度低（強度分 0.0/25）；全市場flow percentile偏低（外資P35、投信P52）,Q3,-0.03806134299685644,0.0,34.94,51.76,0.2000376523350944,63.36,0.0,0.0,2.5,4.5,0.0,0.0,,,
2401,凌陽,False,excluded,excluded,0,0,False,False,,,,,,,,,,,,,,,,,,,,,,,,,
2402,毅嘉,False,excluded,excluded,0,0,False,False,,,,,,,,,,,,,,,,,,,,,,,,,
2404,漢唐,False,excluded,excluded,0,0,False,False,,,,,,,,,,,,,,,,,,,,,,,,,
2405,輔信,False,excluded,excluded,0,0,False,False,,,,,,,,,,,,,,,,,,,,,,,,,
2406,國碩,False,excluded,excluded,0,0,False,False,,,,,,,,,,,,,,,,,,,,,,,,,
2408,南亞科,False,excluded,excluded,0,0,False,False,,,,,,,,,,,,,,,,,,,,,,,,,
2409,友達,True,high_priority_watch,high_priority_watch,47,47,False,False,3.0,22.76,408.0,429.0,-21.0,45.436766623207305,44.19817470664928,,實際介入強度低（強度分 0.2/25）；價格未確認（Q4、RS20 -6.70）；近期flow已轉負,Q4,-0.012443115171263983,0.0008194761643887596,43.42,90.61,-6.696815494518049,30.57,4.5,0.2,6.0,3.0,0.0,9.06,32.0,27.0,5.0
2412,中華電,True,excluded,excluded,0,0,False,False,3.0,23.7,409.0,418.0,-9.0,45.436766623207305,45.63233376792699,,實際介入強度低（強度分 0.0/25）；價格未確認（Q4、RS20 +3.24）；近期flow正在減速,Q4,-0.0695717924348983,7.506177532788443e-05,28.16,89.31,3.2426832090255986,79.66,3.5,0.02,6.0,5.25,0.0,8.93,,,
2413,環科,True,excluded,excluded,0,0,False,False,5.0,37.67,208.0,256.0,-48.0,64.27640156453715,66.68839634941331,,全市場flow percentile偏低（外資P67、投信P52）；價格未確認（Q2、RS20 -0.97）,Q2,0.06917407829722538,0.0,66.75,51.76,-0.9717209169644581,54.63,3.5,12.5,4.0,6.0,5.0,6.67,,,
2414,精技,True,excluded,excluded,0,0,False,False,2.0,24.68,450.0,408.0,42.0,41.19947848761408,46.870925684485,,差異主要來自V1離散加分與V2連續型強度／排名分數,Q2,0.0159724332537443,-0.0010853049706967658,51.89,12.13,-10.133034447978385,21.12,3.5,3.99,5.0,2.0,5.0,5.19,,,
2415,錩新,True,excluded,excluded,0,0,False,False,0.0,7.5,560.0,527.0,33.0,19.621903520208605,29.85658409387223,,連買天數不長，但V2不只依賴連買,Q4,-0.08652763295099061,-0.0031282586027111575,23.21,9.78,-13.369148686188272,13.43,0.0,0.0,3.0,4.5,0.0,0.0,,,
2417,圓剛,True,excluded,excluded,0,0,False,False,5.0,30.02,209.0,371.0,-162.0,64.27640156453715,51.76010430247718,,全市場flow percentile偏低（外資P59、投信P52）；價格未確認（Q2、RS20 -0.66）；近期flow已轉負,Q2,0.04256416464891041,0.0,58.8,51.76,-0.660136941283207,57.11,3.5,10.64,4.0,1.0,5.0,5.88,,,
2419,仲琦,True,excluded,excluded,0,0,False,False,7.0,40.09,73.0,197.0,-124.0,88.33116036505866,74.44589308996089,,V1連買訊號高（外資7日／投信0日）；價格未確認（Q2、RS20 -7.95）,Q2,0.2315570543200875,0.0,90.87,51.76,-7.946113641626418,26.08,3.5,12.5,4.0,6.0,5.0,9.09,,,
2420,新巨,False,excluded,excluded,0,0,False,False,,,,,,,,,,,,,,,,,,,,,,,,,
2421,建準,True,high_priority_watch,high_priority_watch,33,33,False,False,5.0,61.23,210.0,39.0,171.0,64.27640156453715,95.04563233376793,C_V1_weak_V2_strong,價格與RS同步確認（RS20 +9.33）,Q1,0.296207353601917,-0.005166991163696271,94.78,7.95,9.328825531122963,92.57,3.5,12.5,5.5,5.25,25.0,9.48,34.0,12.0,22.0
2423,固緯,True,excluded,excluded,0,0,False,False,0.0,8.5,561.0,491.0,70.0,19.621903520208605,36.17992177314211,,連買天數不長，但V2不只依賴連買,Q4,-0.17226892655367232,0.0,10.56,51.76,-6.411915209617769,31.81,0.0,0.0,4.0,4.5,0.0,0.0,,,
2424,隴華,True,excluded,excluded,0,0,False,False,5.0,35.33,211.0,306.0,-95.0,64.27640156453715,60.234680573663624,,價格未確認（Q2、RS20 -8.37）；近期flow正在減速,Q2,0.1836734693877551,0.0,85.79,51.76,-8.369752339151038,24.77,3.5,12.5,3.0,2.75,5.0,8.58,,,
2425,承啟,True,other_watch,other_watch,24,24,False,False,0.0,7.5,562.0,528.0,34.0,19.621903520208605,29.85658409387223,,連買天數不長，但V2不只依賴連買,Q3,-0.07398400790778953,-7.060526362240305e-05,26.99,14.47,13.481303775542186,96.35,0.0,0.0,3.0,4.5,0.0,0.0,,,
2426,鼎元,False,excluded,excluded,0,0,False,False,,,,,,,,,,,,,,,,,,,,,,,,,
2427,三商電,True,excluded,excluded,0,0,False,False,0.0,5.0,563.0,724.0,-161.0,19.621903520208605,5.215123859191656,D_V1_weak_V2_weak,實際介入強度低（強度分 0.0/25）；全市場flow percentile偏低（外資P32、投信P52）；價格未確認（Q4、RS20 -12.78）,Q4,-0.054312545587162656,0.0,31.94,51.76,-12.784035361265477,14.34,0.0,0.0,3.0,2.0,0.0,0.0,,,
2428,興勤,True,excluded,excluded,0,0,False,False,3.0,31.77,410.0,352.0,58.0,45.436766623207305,54.23728813559322,,連買天數不長，但V2不只依賴連買,Q4,-0.11060875966139123,0.04490246595509753,18.9,97.91,-21.508737920653676,5.74,3.5,11.23,2.0,5.25,0.0,9.79,,,
2429,銘旺科,True,excluded,excluded,0,0,False,False,0.0,7.5,564.0,529.0,35.0,19.621903520208605,29.85658409387223,,連買天數不長，但V2不只依賴連買,Q4,-0.003689584402257568,0.0,45.76,51.76,-26.737534269414056,2.09,0.0,0.0,3.5,4.0,0.0,0.0,,,
2430,燦坤,True,excluded,excluded,0,0,False,False,7.0,34.83,74.0,315.0,-241.0,88.33116036505866,59.0612777053455,,V1連買訊號高（外資4日／投信0日）；價格未確認（Q2、RS20 -3.17）；近期flow正在減速,Q2,0.1368584758942457,0.0,80.83,51.76,-3.1711744688770245,43.16,3.5,12.5,3.0,2.75,5.0,8.08,,,
2431,聯昌,False,excluded,excluded,0,0,False,False,,,,,,,,,,,,,,,,,,,,,,,,,
2432,倚天酷碁-創,True,excluded,excluded,0,0,False,False,5.0,53.11,212.0,132.0,80.0,64.27640156453715,82.85528031290742,C_V1_weak_V2_strong,價格與RS同步確認（RS20 +2.07）；連買天數不長，但V2不只依賴連買,Q1,0.0847457627118644,0.0,71.06,51.76,2.0669207692182057,73.92,3.5,12.5,4.0,1.0,25.0,7.11,,,
2433,互盛電,True,excluded,excluded,0,0,False,False,2.0,54.24,451.0,125.0,326.0,41.19947848761408,83.83311603650587,C_V1_weak_V2_strong,價格與RS同步確認（RS20 +0.76）；連買天數不長，但V2不只依賴連買,Q1,0.06474820143884892,0.0,64.93,51.76,0.7573969596944008,66.88,3.5,12.5,4.0,2.75,25.0,6.49,,,
2434,統懋,True,excluded,excluded,0,0,False,False,0.0,8.5,565.0,492.0,73.0,19.621903520208605,36.17992177314211,,連買天數不長，但V2不只依賴連買,Q4,-0.07985162655382173,0.0,25.16,51.76,-21.552091989618848,5.61,1.0,0.0,3.0,4.5,0.0,0.0,,,
2436,偉詮電,False,excluded,excluded,0,0,False,False,,,,,,,,,,,,,,,,,,,,,,,,,
2438,翔耀,True,excluded,excluded,0,0,False,False,0.0,4.0,566.0,754.0,-188.0,19.621903520208605,1.7601043024771839,D_V1_weak_V2_weak,實際介入強度低（強度分 0.0/25）；全市場flow percentile偏低（外資P12、投信P52）；價格未確認（Q4、RS20 -11.06）,Q4,-0.16203703703703703,0.0,11.73,51.76,-11.064809309748048,18.25,0.0,0.0,2.0,2.0,0.0,0.0,,,
2439,美律,False,excluded,excluded,0,0,False,False,,,,,,,,,,,,,,,,,,,,,,,,,
2440,太空梭,False,excluded,excluded,0,0,False,False,,,,,,,,,,,,,,,,,,,,,,,,,
2441,超豐,False,excluded,excluded,0,0,False,False,,,,,,,,,,,,,,,,,,,,,,,,,
2442,新美齊,True,excluded,excluded,0,0,False,False,0.0,8.0,567.0,503.0,64.0,19.621903520208605,33.96349413298566,,連買天數不長，但V2不只依賴連買,Q3,-0.13502602689034168,0.0,14.6,51.76,3.0734142757117167,79.14,1.0,0.0,3.0,4.0,0.0,0.0,,,
2444,兆勁,False,excluded,excluded,0,0,False,False,,,,,,,,,,,,,,,,,,,,,,,,,
2449,京元電子,False,excluded,excluded,0,0,False,False,,,,,,,,,,,,,,,,,,,,,,,,,
2450,神腦,True,excluded,excluded,0,0,False,False,0.0,5.0,568.0,725.0,-157.0,19.621903520208605,5.215123859191656,D_V1_weak_V2_weak,實際介入強度低（強度分 0.0/25）；全市場flow percentile偏低（外資P2、投信P52）；價格未確認（Q4、RS20 -0.91）,Q4,-0.3912820512820513,0.0,1.69,51.76,-0.9076219890615578,54.89,0.0,0.0,3.0,2.0,0.0,0.0,,,
2451,創見,True,excluded,excluded,0,0,False,False,5.0,58.23,213.0,75.0,138.0,64.27640156453715,90.48239895697523,C_V1_weak_V2_strong,價格與RS同步確認（RS20 +18.03）；連買天數不長，但V2不只依賴連買,Q1,0.10592988849841642,-0.003865156839776129,74.84,8.87,18.02519516808666,97.52,3.5,12.5,4.5,5.25,25.0,7.48,,,
2453,凌群,True,excluded,excluded,0,0,False,False,5.0,34.89,214.0,314.0,-100.0,64.27640156453715,59.19165580182529,,價格未確認（Q2、RS20 -2.49）,Q2,0.21011561264822134,0.0,88.92,51.76,-2.4907463343204483,45.5,3.5,12.5,3.0,2.0,5.0,8.89,,,
2454,聯發科,False,excluded,excluded,0,0,False,False,,,,,,,,,,,,,,,,,,,,,,,,,
2455,全新,False,excluded,excluded,0,0,False,False,,,,,,,,,,,,,,,,,,,,,,,,,
2457,飛宏,False,excluded,excluded,0,0,False,False,,,,,,,,,,,,,,,,,,,,,,,,,
2458,義隆,True,excluded,excluded,0,0,False,False,0.0,10.0,569.0,475.0,94.0,19.621903520208605,38.200782268578884,,差異主要來自V1離散加分與V2連續型強度／排名分數,Q4,-0.22536067775188592,-0.032965046012875705,6.78,3.13,-19.496311080898888,6.78,0.0,0.0,5.5,4.5,0.0,0.0,,,
2459,敦吉,False,excluded,excluded,0,0,False,False,,,,,,,,,,,,,,,,,,,,,,,,,
2460,建通,True,excluded,excluded,0,0,False,False,5.0,24.36,215.0,413.0,-198.0,64.27640156453715,46.28422425032595,,全市場flow percentile偏低（外資P54、投信P52）；價格未確認（Q2、RS20 -3.94）,Q2,0.02565609264853978,0.0,54.5,51.76,-3.9372432282193333,39.63,3.5,6.41,2.0,2.0,5.0,5.45,,,
2461,光群雷,True,excluded,excluded,0,0,False,False,5.0,43.17,216.0,169.0,47.0,64.27640156453715,78.09647979139504,C_V1_weak_V2_strong,價格與RS同步確認（RS20 +4.24）；連買天數不長，但V2不只依賴連買,Q1,0.019581843921429837,0.0,52.67,51.76,4.240329955901744,82.4,3.5,4.9,2.5,2.0,25.0,5.27,,,
2462,良得電,False,excluded,excluded,0,0,False,False,,,,,,,,,,,,,,,,,,,,,,,,,
2464,盟立,True,excluded,excluded,0,0,False,False,12.0,75.87,26.0,19.0,7.0,96.08865710560626,97.65319426336376,A_V1_strong_V2_strong,橫向強度高（外資P63、投信P93）；價格與RS同步確認（RS20 +9.43）,Q1,0.0577432638741444,0.004104866187428595,62.84,93.09,9.429227137548668,92.83,9.0,13.53,6.0,6.75,25.0,15.59,,,
2465,麗臺,False,excluded,excluded,0,0,False,False,,,,,,,,,,,,,,,,,,,,,,,,,
2466,冠西電,False,excluded,excluded,0,0,False,False,,,,,,,,,,,,,,,,,,,,,,,,,
2467,志聖,True,excluded,excluded,0,0,False,False,5.0,42.47,217.0,172.0,45.0,64.27640156453715,77.64015645371578,C_V1_weak_V2_strong,動能較佳（外資 accelerating／投信 stable）,Q2,0.12909203883495146,-0.025360776699029128,79.66,3.91,-6.5675330122943905,31.29,3.5,12.5,5.0,8.5,5.0,7.97,,,
2468,華經,True,excluded,excluded,0,0,False,False,5.0,24.68,218.0,409.0,-191.0,64.27640156453715,46.870925684485,,實際介入強度低（強度分 1.8/25）；全市場flow percentile偏低（外資P49、投信P52）；價格未確認（Q2、RS20 -7.03）,Q2,0.007056042031523642,0.0,49.15,51.76,-7.030823591684044,29.34,4.5,1.76,2.5,6.0,5.0,4.92,,,
2471,資通,False,excluded,excluded,0,0,False,False,,,,,,,,,,,,,,,,,,,,,,,,,
2472,立隆電,True,excluded,excluded,0,0,False,False,5.0,37.16,219.0,276.0,-57.0,64.27640156453715,64.14602346805736,,全市場flow percentile偏低（外資P69、投信P1）；價格未確認（Q2、RS20 -28.89）；近期flow正在減速,Q2,0.08099293822597677,-0.06402719112988384,69.1,1.43,-28.887889726408613,1.43,3.5,12.5,4.5,4.75,5.0,6.91,,,
2474,可成,False,excluded,excluded,0,0,False,False,,,,,,,,,,,,,,,,,,,,,,,,,
2476,鉅祥,False,excluded,excluded,0,0,False,False,,,,,,,,,,,,,,,,,,,,,,,,,
2477,美隆電,True,excluded,excluded,0,0,False,False,5.0,56.72,220.0,98.0,122.0,64.27640156453715,87.35332464146023,C_V1_weak_V2_strong,價格與RS同步確認（RS20 +5.00）；連買天數不長，但V2不只依賴連買,Q1,0.17754114230396903,-0.0027066795740561473,84.75,10.17,5.004926160053802,85.4,3.5,12.5,4.5,2.75,25.0,8.47,,,
2478,大毅,True,excluded,excluded,0,0,False,False,0.0,10.5,570.0,468.0,102.0,19.621903520208605,38.85267275097783,,連買天數不長，但V2不只依賴連買,Q4,-0.013490089320664745,-0.004697341731610975,42.89,8.21,-24.38677079915226,3.26,0.0,0.0,4.5,6.0,0.0,0.0,,,
2480,敦陽科,True,excluded,excluded,0,0,False,False,5.0,26.74,221.0,394.0,-173.0,64.27640156453715,48.76140808344198,,全市場flow percentile偏低（外資P55、投信P9）；價格未確認（Q2、RS20 -4.51）；近期flow正在減速,Q2,0.026028270509977827,-0.004240576496674058,54.76,8.6,-4.509094958173666,37.94,3.5,6.51,3.5,2.75,5.0,5.48,,,
2481,強茂,False,excluded,excluded,0,0,False,False,,,,,,,,,,,,,,,,,,,,,,,,,
2482,連宇,False,excluded,excluded,0,0,False,False,,,,,,,,,,,,,,,,,,,,,,,,,
2483,百容,True,excluded,excluded,0,0,False,False,0.0,6.5,571.0,633.0,-62.0,19.621903520208605,16.558018252933508,D_V1_weak_V2_weak,實際介入強度低（強度分 0.0/25）；全市場flow percentile偏低（外資P7、投信P52）；價格未確認（Q4、RS20 -40.43）,Q4,-0.2296716244064152,0.0,6.65,51.76,-40.42607642966134,0.13,0.0,0.0,2.0,4.5,0.0,0.0,,,
2484,希華,True,buy_candidates,buy_candidates,55,55,False,False,0.0,11.5,572.0,463.0,109.0,19.621903520208605,39.70013037809648,,連買天數不長，但V2不只依賴連買,Q4,-0.019290998852424926,-4.6211076795107784e-05,40.16,14.73,-10.866904006243573,18.51,1.0,0.0,4.5,6.0,0.0,0.0,12.0,32.0,-20.0
2485,兆赫,True,excluded,excluded,0,0,False,False,0.0,8.0,573.0,504.0,69.0,19.621903520208605,33.96349413298566,,連買天數不長，但V2不只依賴連買,Q4,-0.03628317216761235,0.0,35.46,51.76,-10.205315067598853,20.86,1.0,0.0,3.0,4.0,0.0,0.0,,,
2486,一詮,True,excluded,excluded,0,0,False,False,3.0,27.14,411.0,391.0,20.0,45.436766623207305,49.152542372881356,,連買天數不長，但V2不只依賴連買,Q4,-0.044555228696147274,0.020165116720440312,33.77,95.96,-6.175822543246223,33.12,3.5,5.04,4.5,4.5,0.0,9.6,,,
2488,漢平,True,excluded,excluded,0,0,False,False,0.0,6.5,574.0,634.0,-60.0,19.621903520208605,16.558018252933508,D_V1_weak_V2_weak,實際介入強度低（強度分 0.0/25）；全市場flow percentile偏低（外資P11、投信P52）；價格未確認（Q4、RS20 +2.01）,Q4,-0.1713028413028413,0.0,10.69,51.76,2.0127861957550564,73.53,0.0,0.0,2.5,4.0,0.0,0.0,,,
2489,瑞軒,True,excluded,excluded,0,0,False,False,3.0,23.29,412.0,422.0,-10.0,45.436766623207305,45.11082138200782,,實際介入強度低（強度分 0.0/25）；價格未確認（Q4、RS20 -11.68）；近期flow正在減速,Q4,-0.11038781242506937,0.0001490049211586988,19.17,89.96,-11.684246364301865,16.43,4.5,0.04,5.0,4.75,0.0,9.0,,,
2491,吉祥全,True,excluded,excluded,0,0,False,False,0.0,7.0,575.0,579.0,-4.0,19.621903520208605,23.598435462842243,D_V1_weak_V2_weak,實際介入強度低（強度分 0.0/25）；全市場flow percentile偏低（外資P10、投信P12）,Q3,-0.18916631400761744,-0.0012695725772323319,9.65,11.99,0.42569162798905547,64.15,0.0,0.0,2.5,4.5,0.0,0.0,,,
2492,華新科,False,excluded,excluded,0,0,False,False,,,,,,,,,,,,,,,,,,,,,,,,,
2493,揚博,True,excluded,excluded,0,0,False,False,3.0,25.23,413.0,404.0,9.0,45.436766623207305,47.45762711864407,,動能較佳（外資 stable／投信 accelerating）；連買天數不長，但V2不只依賴連買,Q4,-0.1310408465424142,0.002220867444696046,15.78,91.66,-14.344313627453076,11.99,3.5,0.56,3.5,8.5,0.0,9.17,,,
2495,普安,True,excluded,excluded,0,0,False,False,12.0,34.7,27.0,319.0,-292.0,96.08865710560626,58.53976531942634,B_V1_strong_V2_weak,實際介入強度低（強度分 0.6/25）；價格未確認（Q2、RS20 -16.73）；近期flow已轉負,Q2,0.0012463629235996167,0.0013067340360658594,47.07,91.0,-16.72602678955213,9.52,9.0,0.64,4.5,1.75,5.0,13.81,,,
2496,卓越,False,excluded,excluded,0,0,False,False,,,,,,,,,,,,,,,,,,,,,,,,,
2497,怡利電,False,excluded,excluded,0,0,False,False,,,,,,,,,,,,,,,,,,,,,,,,,
2498,宏達電,False,excluded,excluded,0,0,False,False,,,,,,,,,,,,,,,,,,,,,,,,,
2501,國建,False,excluded,excluded,0,0,False,False,,,,,,,,,,,,,,,,,,,,,,,,,
2504,國產,True,excluded,excluded,0,0,False,False,2.0,11.5,452.0,464.0,-12.0,41.19947848761408,39.70013037809648,,V1連買訊號高（外資3日／投信0日）；實際介入強度低（強度分 0.0/25）；全市場flow percentile偏低（外資P41、投信P10）；價格未確認（Q4、RS20 +0.19）,Q4,-0.017064111621335216,-0.003466266336983398,40.94,9.52,0.1942101465075896,63.23,0.0,0.0,5.0,6.5,0.0,0.0,,,
2505,國揚,True,excluded,excluded,0,0,False,False,5.0,60.31,222.0,53.0,169.0,64.27640156453715,93.22033898305084,C_V1_weak_V2_strong,價格與RS同步確認（RS20 +2.11）；連買天數不長，但V2不只依賴連買,Q1,0.19774251497005987,0.0,88.14,51.76,2.112810633543838,74.19,3.5,12.5,4.5,6.0,25.0,8.81,,,
2506,太設,False,excluded,excluded,0,0,False,False,,,,,,,,,,,,,,,,,,,,,,,,,
2509,全坤建,True,excluded,excluded,0,0,False,False,0.0,8.5,576.0,493.0,83.0,19.621903520208605,36.17992177314211,,連買天數不長，但V2不只依賴連買,Q3,-0.038356164383561646,0.0,34.81,51.76,4.404583106880555,83.31,1.0,0.0,3.5,4.0,0.0,0.0,,,
2511,太子,True,excluded,excluded,0,0,False,False,0.0,6.0,577.0,677.0,-100.0,19.621903520208605,11.147327249022164,D_V1_weak_V2_weak,實際介入強度低（強度分 0.0/25）；全市場flow percentile偏低（外資P1、投信P52）；價格未確認（Q4、RS20 -0.77）,Q4,-0.411898804559355,0.0,1.3,51.76,-0.769213684563308,56.19,0.0,0.0,1.5,4.5,0.0,0.0,,,
2514,龍邦,True,excluded,excluded,0,0,False,False,0.0,7.5,578.0,530.0,48.0,19.621903520208605,29.85658409387223,,連買天數不長，但V2不只依賴連買,Q4,-0.0750816104461371,0.0,26.08,51.76,-2.9260764296613395,43.94,0.0,0.0,3.5,4.0,0.0,0.0,,,
2515,中工,False,excluded,excluded,0,0,False,False,,,,,,,,,,,,,,,,,,,,,,,,,
2516,新建,True,excluded,excluded,0,0,False,False,0.0,8.0,579.0,505.0,74.0,19.621903520208605,33.96349413298566,,連買天數不長，但V2不只依賴連買,Q3,-0.03927986906710311,0.0,34.42,51.76,3.9152002269867148,80.83,0.0,0.0,4.0,4.0,0.0,0.0,,,
2520,冠德,False,excluded,excluded,0,0,False,False,,,,,,,,,,,,,,,,,,,,,,,,,
2524,京城,True,excluded,excluded,0,0,False,False,0.0,6.5,580.0,635.0,-55.0,19.621903520208605,16.558018252933508,D_V1_weak_V2_weak,實際介入強度低（強度分 0.0/25）；全市場flow percentile偏低（外資P8、投信P52）；價格未確認（Q4、RS20 -2.39）,Q4,-0.20993227990970656,0.0,7.82,51.76,-2.389557167513612,45.63,0.0,0.0,2.5,4.0,0.0,0.0,,,
2527,宏璟,True,other_watch,other_watch,23,23,False,False,2.0,7.0,453.0,580.0,-127.0,41.19947848761408,23.598435462842243,D_V1_weak_V2_weak,V1連買訊號高（外資3日／投信0日）；實際介入強度低（強度分 0.0/25）；全市場flow percentile偏低（外資P20、投信P52）,Q3,-0.09933001633744244,0.0,20.47,51.76,5.267124180264993,86.31,0.0,0.0,3.0,4.0,0.0,0.0,,,
2528,皇普,False,excluded,excluded,0,0,False,False,,,,,,,,,,,,,,,,,,,,,,,,,
2530,華建,True,excluded,excluded,0,0,False,False,2.0,18.71,454.0,453.0,1.0,41.19947848761408,41.06910039113429,,連買天數不長，但V2不只依賴連買,Q4,0.0038186848958333334,-0.010705078125,47.59,6.65,-0.024915965475680313,61.02,3.5,0.95,3.5,6.0,0.0,4.76,,,
2534,宏盛,True,excluded,excluded,0,0,False,False,7.0,40.3,75.0,192.0,-117.0,88.33116036505866,75.09778357235984,,V1連買訊號高（外資4日／投信0日）；價格未確認（Q2、RS20 +4.31）,Q2,0.19675656984785617,0.0,88.01,51.76,4.308745209837806,82.66,3.5,12.5,4.5,6.0,5.0,8.8,,,
2535,達欣工,True,excluded,excluded,0,0,False,False,3.0,31.94,414.0,347.0,67.0,45.436766623207305,54.88917861799217,,差異主要來自V1離散加分與V2連續型強度／排名分數,Q3,-0.08101702898550725,0.030797101449275364,24.64,97.39,2.3392771921905475,75.49,3.5,7.7,5.0,6.0,0.0,9.74,,,
2536,宏普,True,excluded,excluded,0,0,False,False,0.0,7.0,581.0,581.0,0.0,19.621903520208605,23.598435462842243,D_V1_weak_V2_weak,實際介入強度低（強度分 0.0/25）；全市場flow percentile偏低（外資P32、投信P52）,Q3,-0.05140834231183623,0.0,32.46,51.76,4.831809333339521,85.14,1.0,0.0,2.0,4.0,0.0,0.0,,,
2537,聯上發,True,excluded,excluded,0,0,False,False,5.0,20.0,223.0,442.0,-219.0,64.27640156453715,42.503259452411996,,實際介入強度低（強度分 0.1/25）；全市場flow percentile偏低（外資P47、投信P52）；價格未確認（Q2、RS20 +1.00）；近期flow正在減速,Q2,0.0002993421052631579,0.0,46.81,51.76,0.995492197789638,68.12,4.5,0.07,3.0,2.75,5.0,4.68,,,
2538,基泰,True,excluded,excluded,0,0,False,False,0.0,5.5,582.0,706.0,-124.0,19.621903520208605,7.496740547588006,D_V1_weak_V2_weak,實際介入強度低（強度分 0.0/25）；全市場flow percentile偏低（外資P0、投信P52）；價格未確認（Q4、RS20 -5.53）,Q4,-0.5538971807628524,0.0,0.26,51.76,-5.5284629500187314,35.46,0.0,0.0,1.0,4.5,0.0,0.0,,,
2539,櫻花建,True,high_priority_watch,high_priority_watch,51,51,False,False,5.0,44.17,224.0,165.0,59.0,64.27640156453715,78.6179921773142,C_V1_weak_V2_strong,價格與RS同步確認（RS20 +5.64）；連買天數不長，但V2不只依賴連買,Q1,0.02492600328211249,0.0,54.37,51.76,5.635296837594284,86.96,3.5,6.23,3.0,1.0,25.0,5.44,19.0,19.0,0.0
2540,愛山林,True,excluded,excluded,0,0,False,False,0.0,6.5,583.0,636.0,-53.0,19.621903520208605,16.558018252933508,D_V1_weak_V2_weak,實際介入強度低（強度分 0.0/25）；全市場flow percentile偏低（外資P10、投信P52）；價格未確認（Q4、RS20 -14.36）,Q4,-0.18645083509762408,0.0,9.78,51.76,-14.36031304565605,11.86,0.0,0.0,2.0,4.5,0.0,0.0,,,
2542,興富發,True,buy_candidates,buy_candidates,61,61,False,False,9.0,41.92,43.0,176.0,-133.0,94.58930899608866,77.18383311603651,,V1連買訊號高（外資0日／投信5日）,Q3,-0.13332252889638435,0.08267862284562544,14.99,99.22,3.5388447989457172,80.44,4.5,12.5,6.5,8.5,0.0,9.92,7.0,20.0,-13.0
2543,皇昌,True,excluded,excluded,0,0,False,False,5.0,24.51,225.0,411.0,-186.0,64.27640156453715,46.544980443285525,,實際介入強度低（強度分 2.8/25）；全市場flow percentile偏低（外資P50、投信P52）；價格未確認（Q2、RS20 -1.14）；近期flow正在減速,Q2,0.011092658227848102,0.0,49.93,51.76,-1.1428725820845753,53.72,3.5,2.77,5.5,2.75,5.0,4.99,,,
2545,皇翔,True,excluded,excluded,0,0,False,False,0.0,7.0,584.0,582.0,2.0,19.621903520208605,23.598435462842243,D_V1_weak_V2_weak,連買天數不長，但V2不只依賴連買,Q4,-0.16511074918566776,0.0,11.34,51.76,-3.745887112555191,40.42,0.0,0.0,3.0,4.0,0.0,0.0,,,
2546,根基,True,excluded,excluded,0,0,False,False,3.0,27.1,415.0,392.0,23.0,45.436766623207305,49.02216427640156,,連買天數不長，但V2不只依賴連買,Q4,-0.28177185266630017,0.031335898845519516,5.22,97.65,0.995492197789638,68.12,3.5,7.83,4.0,2.0,0.0,9.77,,,
2547,日勝生,True,excluded,excluded,0,0,False,False,7.0,39.04,76.0,219.0,-143.0,88.33116036505866,71.57757496740548,,V1連買訊號高（外資5日／投信0日）；價格未確認（Q2、RS20 -3.87）；近期flow正在減速,Q2,0.39447813148164845,-0.0018836685003156281,97.91,10.95,-3.8717644393785107,39.77,4.5,12.5,4.5,2.75,5.0,9.79,,,
2548,華固,False,excluded,excluded,0,0,False,False,,,,,,,,,,,,,,,,,,,,,,,,,
2596,綠意,False,excluded,excluded,0,0,False,False,,,,,,,,,,,,,,,,,,,,,,,,,
2597,潤弘,True,excluded,excluded,0,0,False,False,7.0,61.96,77.0,37.0,40.0,88.33116036505866,95.30638852672752,,價格與RS同步確認（RS20 +0.70）,Q1,0.285857490864799,0.0,94.65,51.76,0.6987562927451285,66.36,3.5,12.5,5.5,6.0,25.0,9.46,,,
2601,益航,True,excluded,excluded,0,0,False,False,0.0,8.0,585.0,506.0,79.0,19.621903520208605,33.96349413298566,,連買天數不長，但V2不只依賴連買,Q4,-0.07157357212003872,0.0,27.38,51.76,-12.54759945747711,14.6,1.0,0.0,3.0,4.0,0.0,0.0,,,
2603,長榮,True,high_priority_watch,high_priority_watch,63,63,False,False,14.0,91.28,20.0,1.0,19.0,97.78357235984355,100.0,A_V1_strong_V2_strong,5日資金強度分 24.2/25；橫向強度高（外資P95、投信P98）；價格與RS同步確認（RS20 +10.74）,Q1,0.29878426374611355,0.046850032211982855,95.05,98.17,10.739081941379391,94.13,9.0,24.21,7.0,6.75,25.0,19.32,33.0,1.0,32.0
2605,新興,True,other_watch,other_watch,23,23,False,False,5.0,63.21,226.0,35.0,191.0,64.27640156453715,95.5671447196871,C_V1_weak_V2_strong,價格與RS同步確認（RS20 +9.17）,Q1,0.1913525872987154,0.0,87.09,51.76,9.165426838312506,92.05,4.5,12.5,6.5,6.0,25.0,8.71,,,
2606,裕民,True,buy_candidates,buy_candidates,60,60,False,False,5.0,59.58,227.0,62.0,165.0,64.27640156453715,92.11212516297263,C_V1_weak_V2_strong,價格與RS同步確認（RS20 +5.53）,Q1,0.4112780116350565,-0.029749798987844675,98.31,3.39,5.533833355849104,86.7,4.5,12.5,5.0,2.75,25.0,9.83,8.0,14.0,-6.0
2607,榮運,True,excluded,excluded,0,0,False,False,0.0,6.5,586.0,637.0,-51.0,19.621903520208605,16.558018252933508,D_V1_weak_V2_weak,實際介入強度低（強度分 0.0/25）；全市場flow percentile偏低（外資P30、投信P52）,Q3,-0.060923690773067335,0.0,29.99,51.76,4.738807705811022,84.75,0.0,0.0,2.5,4.0,0.0,0.0,,,
2608,嘉里大榮,True,excluded,excluded,0,0,False,False,0.0,6.0,587.0,678.0,-91.0,19.621903520208605,11.147327249022164,D_V1_weak_V2_weak,實際介入強度低（強度分 0.0/25）；全市場flow percentile偏低（外資P1、投信P52）；價格未確認（Q4、RS20 -1.56）,Q4,-0.43659591836734696,0.0,1.04,51.76,-1.559874071375611,50.98,0.0,0.0,1.5,4.5,0.0,0.0,,,
2609,陽明,True,high_priority_watch,high_priority_watch,66,66,False,False,15.0,77.38,6.0,16.0,-10.0,99.21773142112124,98.04432855280312,A_V1_strong_V2_strong,V1連買訊號高（外資2日／投信5日）；近期flow正在減速,Q1,0.07513709607050406,0.0025935109508158577,67.93,91.92,3.9895041738375325,81.29,9.0,13.15,7.5,6.75,25.0,15.98,30.0,7.0,23.0
2610,華航,True,excluded,excluded,0,0,False,False,3.0,34.63,416.0,320.0,96.0,45.436766623207305,58.40938722294654,,差異主要來自V1離散加分與V2連續型強度／排名分數,Q4,-0.2048497972817413,0.03238041964045312,8.08,97.78,-1.8548640967471886,48.89,3.5,8.1,8.0,5.25,0.0,9.78,,,
2611,志信,False,excluded,excluded,0,0,False,False,,,,,,,,,,,,,,,,,,,,,,,,,
2612,中航,False,excluded,excluded,0,0,False,False,,,,,,,,,,,,,,,,,,,,,,,,,
2613,中櫃,True,excluded,excluded,0,0,False,False,0.0,6.5,588.0,638.0,-50.0,19.621903520208605,16.558018252933508,D_V1_weak_V2_weak,實際介入強度低（強度分 0.0/25）；全市場flow percentile偏低（外資P35、投信P52）；價格未確認（Q4、RS20 -3.66）,Q4,-0.03884711779448621,0.0,34.55,51.76,-3.655670592908034,40.81,0.0,0.0,2.5,4.0,0.0,0.0,,,
2614,東森,True,excluded,excluded,0,0,False,False,0.0,7.5,589.0,531.0,58.0,19.621903520208605,29.85658409387223,,連買天數不長，但V2不只依賴連買,Q4,-0.07523576113220573,0.0,25.95,51.76,0.17805350569153333,62.84,0.0,0.0,3.5,4.0,0.0,0.0,,,
2615,萬海,True,high_priority_watch,high_priority_watch,22,22,False,False,5.0,65.06,228.0,26.0,202.0,64.27640156453715,96.74054758800521,C_V1_weak_V2_strong,價格與RS同步確認（RS20 +11.48）；動能較佳（外資 accelerating／投信 stable）,Q1,0.30327705683547895,-0.0008944815665230515,95.57,12.26,11.475290177587604,94.92,3.5,12.5,6.0,8.5,25.0,9.56,25.0,10.0,15.0
2616,山隆,True,excluded,excluded,0,0,False,False,0.0,6.5,590.0,639.0,-49.0,19.621903520208605,16.558018252933508,D_V1_weak_V2_weak,實際介入強度低（強度分 0.0/25）；全市場flow percentile偏低（外資P32、投信P52）；價格未確認（Q4、RS20 -0.11）,Q4,-0.05206738131699847,0.0,32.07,51.76,-0.11151887232107027,60.1,0.0,0.0,2.5,4.0,0.0,0.0,,,
2617,台航,True,excluded,excluded,0,0,False,False,0.0,7.5,591.0,532.0,59.0,19.621903520208605,29.85658409387223,,連買天數不長，但V2不只依賴連買,Q4,-0.09200305810397554,0.0,21.9,51.76,-1.662315111180468,49.93,0.0,0.0,3.0,4.5,0.0,0.0,,,
2618,長榮航,True,high_priority_watch,high_priority_watch,56,56,False,False,5.0,41.82,229.0,177.0,52.0,64.27640156453715,77.05345501955672,C_V1_weak_V2_strong,差異主要來自V1離散加分與V2連續型強度／排名分數,Q2,0.30333087322568414,-0.009334960709258903,95.7,6.91,5.658068884906198,87.09,3.5,12.5,6.5,4.75,5.0,9.57,16.0,21.0,-5.0
2630,亞航,True,excluded,excluded,0,0,False,False,0.0,7.0,592.0,583.0,9.0,19.621903520208605,23.598435462842243,D_V1_weak_V2_weak,連買天數不長，但V2不只依賴連買,Q4,-0.05023039619361332,0.0,32.72,51.76,-13.819322617025188,12.65,0.0,0.0,2.5,4.5,0.0,0.0,,,
2633,台灣高鐵,True,other_watch,other_watch,53,53,False,False,6.0,25.61,141.0,401.0,-260.0,81.42112125162973,47.84876140808344,,V1連買訊號高（外資0日／投信4日）；實際介入強度低（強度分 2.4/25）；價格未確認（Q4、RS20 -1.08）；近期flow正在減速,Q4,-0.4571713491956804,0.009678720258099207,0.78,94.39,-1.0839028872765222,54.11,3.5,2.42,5.0,5.25,0.0,9.44,,,
2634,漢翔,False,excluded,excluded,0,0,False,False,,,,,,,,,,,,,,,,,,,,,,,,,
2636,台驊控股,True,excluded,excluded,0,0,False,False,0.0,7.5,593.0,533.0,60.0,19.621903520208605,29.85658409387223,,連買天數不長，但V2不只依賴連買,Q4,-0.07184345594525235,0.0,27.25,51.76,-4.599916697475793,37.55,0.0,0.0,3.5,4.0,0.0,0.0,,,
2637,慧洋-KY,True,high_priority_watch,high_priority_watch,20,20,False,False,5.0,60.35,230.0,52.0,178.0,64.27640156453715,93.35071707953064,C_V1_weak_V2_strong,價格與RS同步確認（RS20 +5.01）,Q1,0.3072193440298988,-0.002577485662736001,95.96,10.43,5.009659848320924,85.53,3.5,12.5,7.0,2.75,25.0,9.6,26.0,13.0,13.0
2640,大車隊,True,excluded,excluded,0,0,False,False,0.0,6.5,594.0,640.0,-46.0,19.621903520208605,16.558018252933508,D_V1_weak_V2_weak,實際介入強度低（強度分 0.0/25）；全市場flow percentile偏低（外資P45、投信P52）；價格未確認（Q4、RS20 -5.67）,Q4,-0.007643835616438356,0.0,44.59,51.76,-5.671174468877027,35.07,0.0,0.0,2.5,4.0,0.0,0.0,,,
2641,正德,False,excluded,excluded,0,0,False,False,,,,,,,,,,,,,,,,,,,,,,,,,
2642,宅配通,True,excluded,excluded,0,0,False,False,5.0,32.16,231.0,344.0,-113.0,64.27640156453715,55.28031290743155,,價格未確認（Q2、RS20 -1.87）；近期flow已轉負,Q2,0.09,0.0,71.58,51.76,-1.868469616052837,48.76,3.5,12.5,3.0,1.0,5.0,7.16,,,
2643,捷迅,False,excluded,excluded,0,0,False,False,,,,,,,,,,,,,,,,,,,,,,,,,
2645,長榮航太,True,excluded,excluded,0,0,False,False,0.0,12.0,595.0,461.0,134.0,19.621903520208605,40.15645371577575,,動能較佳（外資 stable／投信 stable）；連買天數不長，但V2不只依賴連買,Q4,-0.009448878343399482,-0.023943054357204487,43.94,4.04,-23.65659527735947,4.17,1.0,0.0,4.0,7.0,0.0,0.0,,,
2646,星宇航空,True,excluded,excluded,0,0,False,False,0.0,9.5,596.0,477.0,119.0,19.621903520208605,37.809647979139505,,差異主要來自V1離散加分與V2連續型強度／排名分數,Q4,-0.19474243147040476,-0.03280613555465854,9.26,3.26,-1.1271493116443154,53.85,0.0,0.0,5.0,4.5,0.0,0.0,,,
2701,萬企,True,excluded,excluded,0,0,False,False,0.0,6.5,597.0,641.0,-44.0,19.621903520208605,16.558018252933508,D_V1_weak_V2_weak,實際介入強度低（強度分 0.0/25）；全市場flow percentile偏低（外資P4、投信P52）；價格未確認（Q4、RS20 -0.40）,Q4,-0.29767441860465116,0.0,4.3,51.76,-0.3998566394196712,58.54,0.0,0.0,2.0,4.5,0.0,0.0,,,
2702,華園,True,excluded,excluded,0,0,False,False,5.0,35.92,232.0,301.0,-69.0,64.27640156453715,60.88657105606258,,全市場flow percentile偏低（外資P59、投信P52）；價格未確認（Q2、RS20 -3.24）,Q2,0.04597701149425287,0.0,59.32,51.76,-3.2352770329796,42.63,4.5,11.49,3.0,6.0,5.0,5.93,,,
2704,國賓,True,excluded,excluded,0,0,False,False,0.0,5.5,598.0,707.0,-109.0,19.621903520208605,7.496740547588006,D_V1_weak_V2_weak,實際介入強度低（強度分 0.0/25）；全市場flow percentile偏低（外資P2、投信P52）；價格未確認（Q4、RS20 +2.42）,Q4,-0.3619631901840491,0.0,2.09,51.76,2.420930794280862,75.88,0.0,0.0,1.0,4.5,0.0,0.0,,,
2705,六福,True,excluded,excluded,0,0,False,False,2.0,51.01,455.0,145.0,310.0,41.19947848761408,81.22555410691004,C_V1_weak_V2_strong,價格與RS同步確認（RS20 +0.69）；連買天數不長，但V2不只依賴連買,Q1,0.040703488372093026,0.0,58.28,51.76,0.6877998900973292,66.23,3.5,10.18,4.5,2.0,25.0,5.83,,,
2706,第一店,True,excluded,excluded,0,0,False,False,0.0,7.0,599.0,584.0,15.0,19.621903520208605,23.598435462842243,D_V1_weak_V2_weak,連買天數不長，但V2不只依賴連買,Q4,-0.14204545454545456,0.0,13.69,51.76,0.5970858232876353,65.19,0.0,0.0,2.5,4.5,0.0,0.0,,,
2707,晶華,True,excluded,excluded,0,0,False,False,0.0,6.0,600.0,679.0,-79.0,19.621903520208605,11.147327249022164,D_V1_weak_V2_weak,實際介入強度低（強度分 0.0/25）；全市場flow percentile偏低（外資P3、投信P52）,Q3,-0.34587729357798164,0.0,2.61,51.76,0.7184838875403332,66.49,0.0,0.0,2.0,4.0,0.0,0.0,,,
2712,遠雄來,True,excluded,excluded,0,0,False,False,5.0,55.2,233.0,118.0,115.0,64.27640156453715,84.7457627118644,C_V1_weak_V2_strong,價格與RS同步確認（RS20 +1.67）；連買天數不長，但V2不只依賴連買,Q1,0.12903225806451613,0.0,79.53,51.76,1.6688928711903084,71.58,3.5,12.5,3.5,2.75,25.0,7.95,,,
2718,全心投控,False,excluded,excluded,0,0,False,False,,,,,,,,,,,,,,,,,,,,,,,,,
2719,燦星旅,False,excluded,excluded,0,0,False,False,,,,,,,,,,,,,,,,,,,,,,,,,
2722,夏都,True,excluded,excluded,0,0,False,False,0.0,6.0,601.0,680.0,-79.0,19.621903520208605,11.147327249022164,D_V1_weak_V2_weak,實際介入強度低（強度分 0.0/25）；全市場flow percentile偏低（外資P17、投信P52）；價格未確認（Q4、RS20 -2.09）,Q4,-0.12244897959183673,0.0,17.08,51.76,-2.088208242738998,47.2,0.0,0.0,1.5,4.5,0.0,0.0,,,
2723,美食-KY,True,excluded,excluded,0,0,False,False,0.0,7.0,602.0,585.0,17.0,19.621903520208605,23.598435462842243,D_V1_weak_V2_weak,連買天數不長，但V2不只依賴連買,Q4,-0.1444140435835351,0.0,13.56,51.76,-2.532115164173554,45.24,0.0,0.0,3.0,4.0,0.0,0.0,,,
2724,藝舍-KY,False,excluded,excluded,0,0,False,False,,,,,,,,,,,,,,,,,,,,,,,,,
2726,雅茗-KY,False,excluded,excluded,0,0,False,False,,,,,,,,,,,,,,,,,,,,,,,,,
2727,王品,True,wait_pullback,wait_pullback,14,14,False,False,7.0,57.83,78.0,81.0,-3.0,88.33116036505866,89.56975228161669,,V1連買訊號高（外資3日／投信0日）；近期flow正在減速,Q1,0.30625221344819337,0.0,95.83,51.76,2.0415173023921596,73.79,3.5,12.5,4.5,2.75,25.0,9.58,,,
2729,瓦城,True,excluded,excluded,0,0,False,False,0.0,5.5,603.0,708.0,-105.0,19.621903520208605,7.496740547588006,D_V1_weak_V2_weak,實際介入強度低（強度分 0.0/25）；全市場flow percentile偏低（外資P9、投信P52）；價格未確認（Q4、RS20 +2.91）,Q4,-0.1940625,0.0,9.39,51.76,2.9063202232673446,78.49,0.0,0.0,1.5,4.0,0.0,0.0,,,
2731,雄獅,True,excluded,excluded,0,0,False,False,0.0,4.5,604.0,740.0,-136.0,19.621903520208605,3.455019556714472,D_V1_weak_V2_weak,實際介入強度低（強度分 0.0/25）；全市場flow percentile偏低（外資P3、投信P52）；價格未確認（Q4、RS20 +1.34）,Q4,-0.3430326409495549,0.0,2.74,51.76,1.3403197839965242,69.49,0.0,0.0,2.5,2.0,0.0,0.0,,,
2732,六角,False,excluded,excluded,0,0,False,False,,,,,,,,,,,,,,,,,,,,,,,,,
2734,易飛網,False,excluded,excluded,0,0,False,False,,,,,,,,,,,,,,,,,,,,,,,,,
2736,富野,True,excluded,excluded,0,0,False,False,5.0,19.48,234.0,446.0,-212.0,64.27640156453715,41.916558018252935,,實際介入強度低（強度分 1.0/25）；全市場flow percentile偏低（外資P48、投信P52）；價格未確認（Q2、RS20 -1.97）；近期flow正在減速,Q2,0.0038314176245210726,0.0,47.72,51.76,-1.9706094971256305,47.98,3.5,0.96,2.5,2.75,5.0,4.77,,,
2739,寒舍,True,excluded,excluded,0,0,False,False,0.0,8.0,605.0,507.0,98.0,19.621903520208605,33.96349413298566,,連買天數不長，但V2不只依賴連買,Q4,-0.2465073313782991,0.0,6.13,51.76,2.023392344632524,73.66,1.0,0.0,3.0,4.0,0.0,0.0,,,
2740,華軒,False,excluded,excluded,0,0,False,False,,,,,,,,,,,,,,,,,,,,,,,,,
2743,山富,True,excluded,excluded,0,0,False,False,5.0,34.78,235.0,316.0,-81.0,64.27640156453715,58.865710560625814,,價格未確認（Q2、RS20 -11.06）；近期flow已轉負,Q2,0.25827505827505826,0.0,92.83,51.76,-11.060149224157822,18.38,3.5,12.5,3.5,1.0,5.0,9.28,,,
2745,五福,False,excluded,excluded,0,0,False,False,,,,,,,,,,,,,,,,,,,,,,,,,
2748,雲品,True,excluded,excluded,0,0,False,False,0.0,6.0,606.0,681.0,-75.0,19.621903520208605,11.147327249022164,D_V1_weak_V2_weak,實際介入強度低（強度分 0.0/25）；全市場flow percentile偏低（外資P3、投信P52）；價格未確認（Q4、RS20 -2.15）,Q4,-0.3224400871459695,0.0,3.26,51.76,-2.1491618902606757,46.94,0.0,0.0,2.0,4.0,0.0,0.0,,,
2751,王座,False,excluded,excluded,0,0,False,False,,,,,,,,,,,,,,,,,,,,,,,,,
2752,豆府,False,excluded,excluded,0,0,False,False,,,,,,,,,,,,,,,,,,,,,,,,,
2753,八方雲集,True,excluded,excluded,0,0,False,False,5.0,58.19,236.0,76.0,160.0,64.27640156453715,90.22164276401564,C_V1_weak_V2_strong,價格與RS同步確認（RS20 +5.23）；連買天數不長，但V2不只依賴連買,Q1,0.14371780303030304,-0.0034005681818181817,81.88,9.65,5.23278033338287,86.18,3.5,12.5,3.0,6.0,25.0,8.19,,,
2754,亞洲藏壽司,False,excluded,excluded,0,0,False,False,,,,,,,,,,,,,,,,,,,,,,,,,
2755,揚秦,True,excluded,excluded,0,0,False,False,0.0,5.5,607.0,709.0,-102.0,19.621903520208605,7.496740547588006,D_V1_weak_V2_weak,實際介入強度低（強度分 0.0/25）；全市場flow percentile偏低（外資P3、投信P52）；價格未確認（Q4、RS20 -24.37）,Q4,-0.3111111111111111,0.0,3.39,51.76,-24.366826642790073,3.39,0.0,0.0,1.0,4.5,0.0,0.0,,,
2756,聯發國際,False,excluded,excluded,0,0,False,False,,,,,,,,,,,,,,,,,,,,,,,,,
2762,世界健身-KY,True,excluded,excluded,0,0,False,False,0.0,7.0,608.0,586.0,22.0,19.621903520208605,23.598435462842243,D_V1_weak_V2_weak,連買天數不長，但V2不只依賴連買,Q4,-0.24945098039215685,0.0,5.87,51.76,4.410126344131104,83.44,1.0,0.0,2.0,4.0,0.0,0.0,,,
2801,彰銀,True,excluded,excluded,0,0,False,False,3.0,21.39,417.0,436.0,-19.0,45.436766623207305,43.285528031290745,,實際介入強度低（強度分 1.5/25）；價格未確認（Q4、RS20 -1.73）；近期flow已轉負,Q4,-0.3087328340242115,0.006167592152142046,3.52,93.48,-1.7298746785206487,49.54,3.5,1.54,3.5,3.5,0.0,9.35,,,
2812,台中銀,True,excluded,excluded,0,0,False,False,3.0,26.27,418.0,397.0,21.0,45.436766623207305,48.37027379400261,,連買天數不長，但V2不只依賴連買,Q4,-0.5705867068856108,0.0224831575927745,0.13,96.48,-8.447607075818109,24.51,3.5,5.62,4.0,3.5,0.0,9.65,,,
2816,旺旺保,True,excluded,excluded,0,0,False,False,5.0,34.71,237.0,318.0,-81.0,64.27640156453715,58.670143415906125,,全市場flow percentile偏低（外資P58、投信P52）；價格未確認（Q2、RS20 -1.46）,Q2,0.03969957081545064,0.0,57.89,51.76,-1.4576102553128245,51.76,4.5,9.92,3.5,6.0,5.0,5.79,,,
2820,華票,True,excluded,excluded,0,0,False,False,0.0,7.5,609.0,534.0,75.0,19.621903520208605,29.85658409387223,,連買天數不長，但V2不只依賴連買,Q4,-0.47931257987949605,0.0,0.52,51.76,-0.8063096040121454,55.41,1.0,0.0,2.0,4.5,0.0,0.0,,,
2832,台產,True,excluded,excluded,0,0,False,False,0.0,8.0,610.0,508.0,102.0,19.621903520208605,33.96349413298566,,連買天數不長，但V2不只依賴連買,Q4,-0.10291060291060292,-0.0037681912681912684,19.95,9.13,3.988449944268513,80.96,1.0,0.0,3.0,4.0,0.0,0.0,,,
2834,臺企銀,True,excluded,excluded,0,0,False,False,3.0,25.76,419.0,398.0,21.0,45.436766623207305,48.23989569752282,,連買天數不長，但V2不只依賴連買,Q4,-0.46255937575533695,0.014915543637383536,0.65,95.31,-6.046761323337124,33.9,3.5,3.73,4.5,4.5,0.0,9.53,,,
2836,高雄銀,True,excluded,excluded,0,0,False,False,0.0,6.5,611.0,642.0,-31.0,19.621903520208605,16.558018252933508,D_V1_weak_V2_weak,實際介入強度低（強度分 0.0/25）；全市場flow percentile偏低（外資P0、投信P52）；價格未確認（Q4、RS20 -4.18）,Q4,-0.4842517708333333,0.0,0.39,51.76,-4.183790670736265,38.59,1.0,0.0,1.0,4.5,0.0,0.0,,,
2838,聯邦銀,False,excluded,excluded,0,0,False,False,,,,,,,,,,,,,,,,,,,,,,,,,
2838A,聯邦銀甲特,False,excluded,excluded,0,0,False,False,,,,,,,,,,,,,,,,,,,,,,,,,
2845,遠東銀,True,other_watch,other_watch,38,38,False,False,3.0,20.9,420.0,438.0,-18.0,45.436766623207305,43.02477183833116,,實際介入強度低（強度分 0.0/25）；價格未確認（Q4、RS20 -0.50）,Q4,-0.20331837562753594,3.4385530568736674e-05,8.34,88.92,-0.5026351430343245,58.15,3.5,0.01,4.5,4.0,0.0,8.89,,,
2849,安泰銀,True,excluded,excluded,0,0,False,False,0.0,7.5,612.0,535.0,77.0,19.621903520208605,29.85658409387223,,連買天數不長，但V2不只依賴連買,Q4,-0.2079207920792079,0.0,7.95,51.76,1.336789126117266,69.36,0.0,0.0,3.5,4.0,0.0,0.0,,,
2850,新產,True,other_watch,other_watch,16,16,False,False,0.0,7.5,613.0,536.0,77.0,19.621903520208605,29.85658409387223,,連買天數不長，但V2不只依賴連買,Q4,-0.03768123667377399,0.0,35.07,51.76,12.374802542617214,95.57,0.0,0.0,3.5,4.0,0.0,0.0,,,
2851,中再保,True,excluded,excluded,0,0,False,False,5.0,28.39,238.0,379.0,-141.0,64.27640156453715,50.717079530638856,,實際介入強度低（強度分 5.5/25）；全市場flow percentile偏低（外資P54、投信P52）；價格未確認（Q2、RS20 -4.39）,Q2,0.022139620449264135,0.0,53.59,51.76,-4.392155634010619,38.07,3.5,5.53,3.0,6.0,5.0,5.36,,,
2852,第一保,True,excluded,excluded,0,0,False,False,0.0,8.0,614.0,509.0,105.0,19.621903520208605,33.96349413298566,,連買天數不長，但V2不只依賴連買,Q4,-0.2857494795281055,0.0,5.08,51.76,0.6251218274192616,65.71,1.0,0.0,3.0,4.0,0.0,0.0,,,
2855,統一證,False,excluded,excluded,0,0,False,False,,,,,,,,,,,,,,,,,,,,,,,,,
2867,三商壽,True,high_priority_watch,high_priority_watch,57,57,False,False,7.0,37.68,79.0,254.0,-175.0,88.33116036505866,66.94915254237289,,V1連買訊號高（外資10日／投信0日）；價格未確認（Q2、RS20 +10.85）；近期flow正在減速,Q2,0.21510658482924847,0.0,89.31,51.76,10.848266829726205,94.52,3.5,12.5,5.0,2.75,5.0,8.93,22.0,22.0,0.0
2880,華南金,True,other_watch,other_watch,42,42,False,False,6.0,37.25,142.0,267.0,-125.0,81.42112125162973,65.31942633637549,,V1連買訊號高（外資0日／投信10日）；近期flow正在減速,Q3,-0.3549952951170503,0.3127528874585464,2.22,100.0,13.816005018302457,96.48,4.5,12.5,5.0,5.25,0.0,10.0,,,
2881,富邦金,True,high_priority_watch,high_priority_watch,60,60,False,False,12.0,56.2,28.0,105.0,-77.0,96.08865710560626,86.4406779661017,B_V1_strong_V2_weak,價格未確認（Q2、RS20 +2.18）；近期flow已轉負,Q2,0.08328847430388149,0.009063014591994783,70.4,93.87,2.1765945599943604,74.84,9.0,14.77,6.0,5.0,5.0,16.43,17.0,15.0,2.0
2881C,富邦金丙特,False,excluded,excluded,0,0,False,False,,,,,,,,,,,,,,,,,,,,,,,,,
2882,國泰金,True,buy_candidates,buy_candidates,65,65,False,False,12.0,70.41,29.0,23.0,6.0,96.08865710560626,97.13168187744459,B_V1_strong_V2_weak,橫向強度高（外資P50、投信P98）；價格與RS同步確認（RS20 +5.44）,Q1,0.011950362995719725,0.04629323432733464,50.46,98.04,5.442234700374959,86.44,9.0,14.56,6.0,1.0,25.0,14.85,4.0,9.0,-5.0
2883,凱基金,True,other_watch,other_watch,41,41,False,False,15.0,87.28,7.0,2.0,5.0,99.21773142112124,99.86962190352021,A_V1_strong_V2_strong,5日資金強度分 25.0/25；橫向強度高（外資P79、投信P99）；價格與RS同步確認（RS20 +5.19）,Q1,0.12705730539416268,0.058273999000092225,79.27,98.57,5.190123070272856,86.05,9.0,25.0,5.5,5.0,25.0,17.78,,,
2883B,凱基金乙特,False,excluded,excluded,0,0,False,False,,,,,,,,,,,,,,,,,,,,,,,,,
2884,玉山金,True,high_priority_watch,high_priority_watch,57,57,False,False,6.0,26.98,143.0,393.0,-250.0,81.42112125162973,48.89178617992177,,V1連買訊號高（外資0日／投信3日）；實際介入強度低（強度分 2.8/25）；價格未確認（Q4、RS20 +10.24）；近期flow正在減速,Q4,-0.1268542165880807,0.011139965005235161,16.43,94.52,10.24404711108443,93.74,3.5,2.78,6.0,5.25,0.0,9.45,21.0,24.0,-3.0
2885,元大金,True,high_priority_watch,high_priority_watch,63,63,False,False,12.0,77.87,30.0,15.0,15.0,96.08865710560626,98.17470664928291,A_V1_strong_V2_strong,5日資金強度分 15.3/25；橫向強度高（外資P71、投信P95）；價格與RS同步確認（RS20 +0.85）,Q1,0.08533222530332321,0.01117208289230823,71.19,94.65,0.849079313455825,67.41,9.0,15.29,7.0,5.0,25.0,16.58,23.0,6.0,17.0
2886,兆豐金,True,other_watch,other_watch,52,52,False,False,6.0,38.24,144.0,241.0,-97.0,81.42112125162973,68.70925684485006,,V1連買訊號高（外資0日／投信10日）；價格未確認（Q4、RS20 +9.51）；近期flow正在減速,Q4,-0.3922657496541992,0.1483694200326939,1.56,99.87,9.506130495661967,93.09,4.5,12.5,6.0,5.25,0.0,9.99,,,
2887,台新新光金,True,high_priority_watch,high_priority_watch,61,61,False,False,12.0,80.34,31.0,12.0,19.0,96.08865710560626,98.56584093872229,A_V1_strong_V2_strong,橫向強度高（外資P78、投信P92）；價格與RS同步確認（RS20 +1.42）；動能較佳（外資 accelerating／投信 accelerating）,Q1,0.1175668750270676,0.0033750631577427782,77.57,92.44,1.41507261737005,70.01,9.0,13.34,6.0,10.0,25.0,17.0,24.0,4.0,20.0
2887E,台新新光戊特一,False,excluded,excluded,0,0,False,False,,,,,,,,,,,,,,,,,,,,,,,,,
2887G,台新新光庚特一,False,excluded,excluded,0,0,False,False,,,,,,,,,,,,,,,,,,,,,,,,,
2887H,台新新光庚特二,False,excluded,excluded,0,0,False,False,,,,,,,,,,,,,,,,,,,,,,,,,
2887I,台新新光辛特,False,excluded,excluded,0,0,False,False,,,,,,,,,,,,,,,,,,,,,,,,,
2889,國票金,True,other_watch,other_watch,48,48,False,False,3.0,25.41,421.0,403.0,18.0,45.436766623207305,47.58800521512386,,動能較佳（外資 stable／投信 accelerating）；連買天數不長，但V2不只依賴連買,Q4,-0.34176375789387353,4.1007135241532026e-05,2.87,89.05,-2.159081934702478,46.81,4.5,0.01,3.5,8.5,0.0,8.9,,,
2890,永豐金,True,other_watch,other_watch,47,47,False,False,5.0,41.69,239.0,178.0,61.0,64.27640156453715,76.92307692307693,C_V1_weak_V2_strong,差異主要來自V1離散加分與V2連續型強度／排名分數,Q2,0.22016466980864233,-0.035419930725114984,89.44,3.0,-2.2383386479815193,46.41,3.5,12.5,6.5,5.25,5.0,8.94,,,
2891,中信金,True,buy_candidates,buy_candidates,71,71,False,False,14.0,82.87,21.0,8.0,13.0,97.78357235984355,99.08735332464146,A_V1_strong_V2_strong,5日資金強度分 16.5/25；橫向強度高（外資P90、投信P96）；價格與RS同步確認（RS20 +1.00）,Q1,0.22896838261372143,0.016049534343023027,90.35,95.7,0.995492197789638,68.12,9.0,16.51,7.0,6.75,25.0,18.61,1.0,3.0,-2.0
2892,第一金,True,other_watch,other_watch,37,37,False,False,6.0,38.08,145.0,246.0,-101.0,81.42112125162973,68.0573663624511,,V1連買訊號高（外資0日／投信10日）；價格未確認（Q4、RS20 +4.86）；近期flow正在減速,Q4,-0.35164470097937073,0.05517902896436758,2.35,98.31,4.858790860493956,85.27,4.5,12.5,6.0,5.25,0.0,9.83,,,
2897,王道銀行,True,excluded,excluded,0,0,False,False,0.0,7.5,615.0,537.0,78.0,19.621903520208605,29.85658409387223,,連買天數不長，但V2不只依賴連買,Q4,-0.014848711664569119,-0.0883619262105054,42.11,0.65,-2.3378411355436945,45.89,0.0,0.0,3.5,4.0,0.0,0.0,,,
2901,欣欣,True,excluded,excluded,0,0,False,False,5.0,35.31,240.0,308.0,-68.0,64.27640156453715,59.97392438070405,,價格未確認（Q2、RS20 +2.48）；近期flow正在減速,Q2,0.23076923076923078,0.0,90.61,51.76,2.4816917731611876,76.27,3.5,12.5,2.5,2.75,5.0,9.06,,,
2903,遠百,True,excluded,excluded,0,0,False,False,0.0,10.5,616.0,469.0,147.0,19.621903520208605,38.85267275097783,,差異主要來自V1離散加分與V2連續型強度／排名分數,Q4,-0.2900568669527897,0.0,4.82,51.76,1.2227649250623585,68.97,1.0,0.0,5.5,4.0,0.0,0.0,,,
2904,匯僑,True,excluded,excluded,0,0,False,False,2.0,31.79,456.0,351.0,105.0,41.19947848761408,54.367666232073006,,連買天數不長，但V2不只依賴連買,Q2,0.034482758620689655,0.0,56.71,51.76,-5.456120705436163,35.59,3.5,8.62,3.0,6.0,5.0,5.67,,,
2905,三商,True,excluded,excluded,0,0,False,False,2.0,7.5,457.0,538.0,-81.0,41.19947848761408,29.85658409387223,,V1連買訊號高（外資3日／投信0日）；實際介入強度低（強度分 0.0/25）；全市場flow percentile偏低（外資P39、投信P52）；價格未確認（Q4、RS20 +8.49）,Q4,-0.024665543702040053,0.0,38.59,51.76,8.487348875314071,91.66,0.0,0.0,3.5,4.0,0.0,0.0,,,
2906,高林,True,excluded,excluded,0,0,False,False,5.0,35.06,241.0,309.0,-68.0,64.27640156453715,59.843546284224246,,價格未確認（Q2、RS20 -1.88）；近期flow正在減速,Q2,0.09767441860465116,0.0,73.14,51.76,-1.882205643936985,48.63,3.5,12.5,4.0,2.75,5.0,7.31,,,
2908,特力,True,excluded,excluded,0,0,False,False,0.0,5.0,617.0,726.0,-109.0,19.621903520208605,5.215123859191656,D_V1_weak_V2_weak,實際介入強度低（強度分 0.0/25）；全市場flow percentile偏低（外資P4、投信P52）,Q3,-0.3041396449704142,0.0,3.78,51.76,0.995492197789638,68.12,0.0,0.0,3.0,2.0,0.0,0.0,,,
2910,統領,True,excluded,excluded,0,0,False,False,5.0,35.56,242.0,303.0,-61.0,64.27640156453715,60.625814863103,,價格未確認（Q2、RS20 +10.84）；近期flow正在減速,Q2,0.26143790849673204,0.0,93.09,51.76,10.838892645216923,94.39,3.5,12.5,2.5,2.75,5.0,9.31,,,
2911,麗嬰房,False,excluded,excluded,0,0,False,False,,,,,,,,,,,,,,,,,,,,,,,,,
2912,統一超,True,excluded,excluded,0,0,False,False,5.0,40.87,243.0,184.0,59.0,64.27640156453715,76.14080834419818,C_V1_weak_V2_strong,差異主要來自V1離散加分與V2連續型強度／排名分數,Q2,0.309549158479933,-0.05934361434772675,96.22,1.69,-7.355238491145645,27.38,3.5,12.5,5.0,5.25,5.0,9.62,,,
2913,農林,False,excluded,excluded,0,0,False,False,,,,,,,,,,,,,,,,,,,,,,,,,
2915,潤泰全,True,other_watch,other_watch,28,28,False,False,12.0,73.65,32.0,21.0,11.0,96.08865710560626,97.39243807040417,B_V1_strong_V2_weak,橫向強度高（外資P77、投信P90）；價格與RS同步確認（RS20 +6.95）；連買天數不長，但V2不只依賴連買,Q1,0.11209040703620372,0.00010227040294538761,76.53,89.7,6.947873150170592,88.66,9.0,12.53,4.5,6.0,25.0,16.62,,,
2916,滿心,True,excluded,excluded,0,0,False,False,0.0,7.5,618.0,539.0,79.0,19.621903520208605,29.85658409387223,,連買天數不長，但V2不只依賴連買,Q3,-0.008368200836820083,0.0,44.33,51.76,2.730312519970546,77.44,0.0,0.0,3.5,4.0,0.0,0.0,,,
2923,鼎固-KY,True,excluded,excluded,0,0,False,False,0.0,8.0,619.0,510.0,109.0,19.621903520208605,33.96349413298566,,連買天數不長，但V2不只依賴連買,Q4,-0.22424402606806662,0.0,6.91,51.76,-3.1784208456886236,42.76,0.0,0.0,3.5,4.5,0.0,0.0,,,
2924,宏太-KY,False,excluded,excluded,0,0,False,False,,,,,,,,,,,,,,,,,,,,,,,,,
2926,誠品生活,True,excluded,excluded,0,0,False,False,5.0,31.15,244.0,358.0,-114.0,64.27640156453715,53.38983050847458,,全市場flow percentile偏低（外資P60、投信P52）；價格未確認（Q2、RS20 -6.08）；近期flow正在減速,Q2,0.047619047619047616,0.0,59.97,51.76,-6.081430879133443,33.51,3.5,11.9,2.0,2.75,5.0,6.0,,,
2929,淘帝-KY,False,excluded,excluded,0,0,False,False,,,,,,,,,,,,,,,,,,,,,,,,,
2937,集雅社,False,excluded,excluded,0,0,False,False,,,,,,,,,,,,,,,,,,,,,,,,,
2939,永邑-KY,True,excluded,excluded,0,0,False,False,0.0,6.5,620.0,643.0,-23.0,19.621903520208605,16.558018252933508,D_V1_weak_V2_weak,實際介入強度低（強度分 0.0/25）；全市場flow percentile偏低（外資P33、投信P52）,Q3,-0.04716981132075472,0.0,33.12,51.76,4.699195901493358,84.49,0.0,0.0,2.0,4.5,0.0,0.0,,,
2941,米斯特,False,excluded,excluded,0,0,False,False,,,,,,,,,,,,,,,,,,,,,,,,,
2945,三商家購,True,excluded,excluded,0,0,False,False,5.0,34.26,245.0,322.0,-77.0,64.27640156453715,58.148631029986966,,全市場flow percentile偏低（外資P65、投信P52）；價格未確認（Q2、RS20 +0.02）；近期flow正在減速,Q2,0.06578947368421052,0.0,65.06,51.76,0.017497087765194763,61.8,3.5,12.5,4.0,2.75,5.0,6.51,,,
2947,振宇五金,False,excluded,excluded,0,0,False,False,,,,,,,,,,,,,,,,,,,,,,,,,
2948,寶陞,False,excluded,excluded,0,0,False,False,,,,,,,,,,,,,,,,,,,,,,,,,
2949,欣新網,False,excluded,excluded,0,0,False,False,,,,,,,,,,,,,,,,,,,,,,,,,
3002,歐格,True,excluded,excluded,0,0,False,False,5.0,18.82,246.0,452.0,-206.0,64.27640156453715,41.19947848761408,,實際介入強度低（強度分 1.9/25）；全市場flow percentile偏低（外資P49、投信P52）；價格未確認（Q2、RS20 -13.65）；近期flow已轉負,Q2,0.007530120481927711,0.0,49.41,51.76,-13.650972448675015,13.04,3.5,1.88,2.5,1.0,5.0,4.94,,,
3003,健和興,True,excluded,excluded,0,0,False,False,7.0,60.86,80.0,45.0,35.0,88.33116036505866,94.26336375488917,,價格與RS同步確認（RS20 +8.17）；連買天數不長，但V2不只依賴連買,Q1,0.26502907565456385,0.0,93.61,51.76,8.171779249271715,91.13,4.5,12.5,3.5,6.0,25.0,9.36,,,
3004,豐達科,False,excluded,excluded,0,0,False,False,,,,,,,,,,,,,,,,,,,,,,,,,
3005,神基,True,other_watch,other_watch,48,48,False,False,2.0,27.25,458.0,390.0,68.0,41.19947848761408,49.34810951760104,,差異主要來自V1離散加分與V2連續型強度／排名分數,Q2,0.022492286309937458,-0.013713273106323837,53.85,6.0,0.5607095890939884,64.93,3.5,5.62,5.0,2.75,5.0,5.38,,,
3006,晶豪科,False,excluded,excluded,0,0,False,False,,,,,,,,,,,,,,,,,,,,,,,,,
3008,大立光,False,excluded,excluded,0,0,False,False,,,,,,,,,,,,,,,,,,,,,,,,,
3010,華立,False,excluded,excluded,0,0,False,False,,,,,,,,,,,,,,,,,,,,,,,,,
3011,今皓,False,excluded,excluded,0,0,False,False,,,,,,,,,,,,,,,,,,,,,,,,,
3013,晟銘電,True,excluded,excluded,0,0,False,False,5.0,23.69,247.0,419.0,-172.0,64.27640156453715,45.5019556714472,,實際介入強度低（強度分 3.5/25）；全市場flow percentile偏低（外資P52、投信P52）；價格未確認（Q2、RS20 -11.37）；近期flow已轉負,Q2,0.014157411028549081,0.0,51.5,51.76,-11.366316847436487,17.21,3.5,3.54,5.5,1.0,5.0,5.15,,,
3014,聯陽,False,excluded,excluded,0,0,False,False,,,,,,,,,,,,,,,,,,,,,,,,,
3015,全漢,False,excluded,excluded,0,0,False,False,,,,,,,,,,,,,,,,,,,,,,,,,
3016,嘉晶,False,excluded,excluded,0,0,False,False,,,,,,,,,,,,,,,,,,,,,,,,,
3017,奇鋐,True,wait_pullback,wait_pullback,42,42,False,False,15.0,85.79,8.0,5.0,3.0,99.21773142112124,99.47848761408083,A_V1_strong_V2_strong,5日資金強度分 25.0/25；橫向強度高（外資P76、投信P99）；價格與RS同步確認（RS20 +25.27）,Q1,0.10888738276411254,0.09225938771898778,75.88,99.48,25.26515511913795,99.35,10.0,25.0,6.5,1.75,25.0,17.54,,,
3018,隆銘綠能,True,excluded,excluded,0,0,False,False,5.0,35.0,248.0,311.0,-63.0,64.27640156453715,59.58279009126467,,價格未確認（Q2、RS20 +17.66）；近期flow已轉負,Q2,0.22518159806295399,0.0,89.96,51.76,17.662158864456313,97.39,3.5,12.5,4.0,1.0,5.0,9.0,,,
3019,亞光,False,excluded,excluded,0,0,False,False,,,,,,,,,,,,,,,,,,,,,,,,,
3021,鴻名,True,excluded,excluded,0,0,False,False,5.0,22.43,249.0,431.0,-182.0,64.27640156453715,43.9374185136897,,實際介入強度低（強度分 0.7/25）；全市場flow percentile偏低（外資P47、投信P52）；價格未確認（Q2、RS20 -14.67）,Q2,0.002849002849002849,0.0,47.2,51.76,-14.667158404619997,11.08,3.5,0.71,2.5,6.0,5.0,4.72,,,
3022,威強電,False,excluded,excluded,0,0,False,False,,,,,,,,,,,,,,,,,,,,,,,,,
3023,信邦,True,other_watch,other_watch,51,51,False,False,6.0,40.21,146.0,194.0,-48.0,81.42112125162973,74.83702737940025,,價格未確認（Q2、RS20 -1.94）；近期flow正在減速,Q2,-0.01839261090152205,0.09795759073760894,40.29,99.61,-1.9366065676424626,48.11,3.5,12.5,6.5,2.75,5.0,9.96,,,
3024,憶聲,False,excluded,excluded,0,0,False,False,,,,,,,,,,,,,,,,,,,,,,,,,
3025,星通,False,excluded,excluded,0,0,False,False,,,,,,,,,,,,,,,,,,,,,,,,,
3026,禾伸堂,False,excluded,excluded,0,0,False,False,,,,,,,,,,,,,,,,,,,,,,,,,
3027,盛達,True,excluded,excluded,0,0,False,False,7.0,37.66,81.0,258.0,-177.0,88.33116036505866,66.49282920469362,,V1連買訊號高（外資9日／投信0日）；價格未確認（Q2、RS20 -6.00）；近期flow正在減速,Q2,0.2719926918392205,0.0,94.13,51.76,-6.004507802210357,34.16,3.5,12.5,4.5,2.75,5.0,9.41,,,
3028,增你強,False,excluded,excluded,0,0,False,False,,,,,,,,,,,,,,,,,,,,,,,,,
3029,零壹,True,high_priority_watch,high_priority_watch,53,53,False,False,5.0,52.73,250.0,137.0,113.0,64.27640156453715,82.26857887874837,C_V1_weak_V2_strong,價格與RS同步確認（RS20 +7.86）；連買天數不長，但V2不只依賴連買,Q1,0.0721650223161851,-0.0007023725628376791,67.28,12.52,7.858237295828852,90.22,3.5,12.5,4.0,1.0,25.0,6.73,20.0,17.0,3.0
3030,德律,False,excluded,excluded,0,0,False,False,,,,,,,,,,,,,,,,,,,,,,,,,
3031,佰鴻,True,excluded,excluded,0,0,False,False,0.0,7.0,621.0,587.0,34.0,19.621903520208605,23.598435462842243,D_V1_weak_V2_weak,連買天數不長，但V2不只依賴連買,Q4,-0.009332322953981812,0.0,44.07,51.76,-18.79796735470606,7.69,0.0,0.0,3.0,4.0,0.0,0.0,,,
3032,偉訓,True,excluded,excluded,0,0,False,False,5.0,50.06,251.0,152.0,99.0,64.27640156453715,80.3129074315515,C_V1_weak_V2_strong,價格與RS同步確認（RS20 +2.75）；連買天數不長，但V2不只依賴連買,Q1,0.06683315018315018,0.0,65.58,51.76,2.7476824355868845,77.71,3.5,12.5,1.5,1.0,25.0,6.56,,,
3033,威健,False,excluded,excluded,0,0,False,False,,,,,,,,,,,,,,,,,,,,,,,,,
3034,聯詠,True,other_watch,other_watch,54,54,False,False,7.0,63.35,82.0,34.0,48.0,88.33116036505866,95.69752281616688,,價格與RS同步確認（RS20 +17.36）,Q1,0.2638584931887684,-0.03752835696413678,93.48,2.61,17.359128561425997,97.13,3.5,12.5,7.0,6.0,25.0,9.35,,,
3035,智原,False,excluded,excluded,0,0,False,False,,,,,,,,,,,,,,,,,,,,,,,,,
3036,文曄,False,excluded,excluded,0,0,False,False,,,,,,,,,,,,,,,,,,,,,,,,,
3037,欣興,False,excluded,excluded,0,0,False,False,,,,,,,,,,,,,,,,,,,,,,,,,
3038,全台,False,excluded,excluded,0,0,False,False,,,,,,,,,,,,,,,,,,,,,,,,,
3040,遠見,False,excluded,excluded,0,0,False,False,,,,,,,,,,,,,,,,,,,,,,,,,
3041,揚智,False,excluded,excluded,0,0,False,False,,,,,,,,,,,,,,,,,,,,,,,,,
3042,晶技,True,excluded,excluded,0,0,False,False,12.0,36.11,33.0,296.0,-263.0,96.08865710560626,61.53846153846154,B_V1_strong_V2_weak,實際介入強度低（強度分 3.8/25）；價格未確認（Q2、RS20 -5.72）；近期flow已轉負,Q2,0.013754957983193277,0.0015630252100840335,51.37,91.4,-5.72285405544034,34.94,9.0,3.83,4.0,0.0,5.0,14.28,,,
3043,科風,False,excluded,excluded,0,0,False,False,,,,,,,,,,,,,,,,,,,,,,,,,
3044,健鼎,False,excluded,excluded,0,0,False,False,,,,,,,,,,,,,,,,,,,,,,,,,
3045,台灣大,True,excluded,excluded,0,0,False,False,0.0,14.0,622.0,458.0,164.0,19.621903520208605,40.41720990873533,,差異主要來自V1離散加分與V2連續型強度／排名分數,Q4,-0.09951602098047362,-0.023334519110926464,20.34,4.3,1.9087342069220692,72.88,1.0,0.0,6.5,6.5,0.0,0.0,,,
3046,建碁,False,excluded,excluded,0,0,False,False,,,,,,,,,,,,,,,,,,,,,,,,,
3047,訊舟,False,excluded,excluded,0,0,False,False,,,,,,,,,,,,,,,,,,,,,,,,,
3048,益登,True,excluded,excluded,0,0,False,False,0.0,7.0,623.0,588.0,35.0,19.621903520208605,23.598435462842243,D_V1_weak_V2_weak,連買天數不長，但V2不只依賴連買,Q3,-0.17451986319938273,0.0,10.43,51.76,0.821276169915075,67.28,0.0,0.0,2.5,4.5,0.0,0.0,,,
3049,精金,True,excluded,excluded,0,0,False,False,0.0,7.0,624.0,589.0,35.0,19.621903520208605,23.598435462842243,D_V1_weak_V2_weak,連買天數不長，但V2不只依賴連買,Q4,-0.05772012042147516,0.0,30.77,51.76,-8.095416893119445,25.81,0.0,0.0,2.5,4.5,0.0,0.0,,,
3050,鈺德,True,excluded,excluded,0,0,False,False,5.0,21.49,252.0,435.0,-183.0,64.27640156453715,43.41590612777054,,實際介入強度低（強度分 3.0/25）；全市場flow percentile偏低（外資P50、投信P52）；價格未確認（Q2、RS20 -5.20）,Q2,0.011840157868771583,0.0,50.33,51.76,-5.20285490964838,36.11,3.5,2.96,3.0,2.0,5.0,5.03,,,
3051,力特,False,excluded,excluded,0,0,False,False,,,,,,,,,,,,,,,,,,,,,,,,,
3052,夆典,False,excluded,excluded,0,0,False,False,,,,,,,,,,,,,,,,,,,,,,,,,
3054,立萬利,True,excluded,excluded,0,0,False,False,0.0,7.5,625.0,540.0,85.0,19.621903520208605,29.85658409387223,,連買天數不長，但V2不只依賴連買,Q4,-0.07017543859649122,0.0,28.03,51.76,-18.82208657501301,7.56,0.0,0.0,3.0,4.5,0.0,0.0,,,
3055,蔚華科,True,excluded,excluded,0,0,False,False,0.0,5.5,626.0,710.0,-84.0,19.621903520208605,7.496740547588006,D_V1_weak_V2_weak,實際介入強度低（強度分 0.0/25）；全市場flow percentile偏低（外資P11、投信P52）；價格未確認（Q4、RS20 -29.37）,Q4,-0.16866251263051532,0.0,10.82,51.76,-29.372605961719568,1.04,0.0,0.0,1.0,4.5,0.0,0.0,,,
3056,富華新,True,excluded,excluded,0,0,False,False,7.0,37.77,83.0,252.0,-169.0,88.33116036505866,67.27509778357236,,V1連買訊號高（外資9日／投信0日）；價格未確認（Q2、RS20 -1.73）；近期flow正在減速,Q2,0.298930212271009,0.0,95.18,51.76,-1.7348832288315297,49.41,3.5,12.5,4.5,2.75,5.0,9.52,,,
3057,喬鼎,False,excluded,excluded,0,0,False,False,,,,,,,,,,,,,,,,,,,,,,,,,
3058,立德,False,excluded,excluded,0,0,False,False,,,,,,,,,,,,,,,,,,,,,,,,,
3059,華晶科,True,excluded,excluded,0,0,False,False,5.0,38.38,253.0,239.0,14.0,64.27640156453715,68.97001303780965,,連買天數不長，但V2不只依賴連買,Q2,0.12624240177909563,0.0,78.75,51.76,-10.212342405039532,20.73,3.5,12.5,3.5,6.0,5.0,7.88,,,
3060,銘異,False,excluded,excluded,0,0,False,False,,,,,,,,,,,,,,,,,,,,,,,,,
3062,建漢,False,excluded,excluded,0,0,False,False,,,,,,,,,,,,,,,,,,,,,,,,,
3064,泰偉,False,excluded,excluded,0,0,False,False,,,,,,,,,,,,,,,,,,,,,,,,,
3066,李洲,False,excluded,excluded,0,0,False,False,,,,,,,,,,,,,,,,,,,,,,,,,
3067,全域,False,excluded,excluded,0,0,False,False,,,,,,,,,,,,,,,,,,,,,,,,,
3071,協禧,False,excluded,excluded,0,0,False,False,,,,,,,,,,,,,,,,,,,,,,,,,
3073,天方能源,True,excluded,excluded,0,0,False,False,5.0,54.57,254.0,123.0,131.0,64.27640156453715,84.09387222946545,C_V1_weak_V2_strong,價格與RS同步確認（RS20 +0.55）；連買天數不長，但V2不只依賴連買,Q1,0.12280701754385964,0.0,78.23,51.76,0.5450417473391922,64.54,3.5,12.5,3.0,2.75,25.0,7.82,,,
3078,僑威,True,excluded,excluded,0,0,False,False,14.0,55.99,22.0,109.0,-87.0,97.78357235984355,85.91916558018254,B_V1_strong_V2_weak,V1連買訊號高（外資8日／投信0日）；價格未確認（Q2、RS20 -0.09）；近期flow正在減速,Q2,0.37577790834312574,0.0007403055229142186,97.65,90.35,-0.08949876061903339,60.37,10.0,12.69,6.0,3.5,5.0,18.8,,,
3081,聯亞,False,excluded,excluded,0,0,False,False,,,,,,,,,,,,,,,,,,,,,,,,,
3083,網龍,True,excluded,excluded,0,0,False,False,5.0,34.99,255.0,312.0,-57.0,64.27640156453715,59.45241199478487,,價格未確認（Q2、RS20 -3.51）；近期flow正在減速,Q2,0.09386281588447654,0.0,72.36,51.76,-3.5073220611221756,41.72,3.5,12.5,4.0,2.75,5.0,7.24,,,
3085,新零售,False,excluded,excluded,0,0,False,False,,,,,,,,,,,,,,,,,,,,,,,,,
3086,華義*,True,excluded,excluded,0,0,False,False,7.0,39.76,84.0,202.0,-118.0,88.33116036505866,73.72881355932203,,V1連買訊號高（外資5日／投信0日）；價格未確認（Q2、RS20 -10.42）,Q2,0.1933139534883721,0.0,87.61,51.76,-10.419298798994925,20.08,3.5,12.5,4.0,6.0,5.0,8.76,,,
3088,艾訊,False,excluded,excluded,0,0,False,False,,,,,,,,,,,,,,,,,,,,,,,,,
3090,日電貿,False,excluded,excluded,0,0,False,False,,,,,,,,,,,,,,,,,,,,,,,,,
3092,鴻碩,True,excluded,excluded,0,0,False,False,5.0,37.6,256.0,259.0,-3.0,64.27640156453715,66.36245110821382,,全市場flow percentile偏低（外資P66、投信P52）；價格未確認（Q2、RS20 -10.12）,Q2,0.06720485584218513,0.0,65.97,51.76,-10.115618913321468,21.25,3.5,12.5,4.0,6.0,5.0,6.6,,,
3093,港建*,True,excluded,excluded,0,0,False,False,0.0,4.5,627.0,741.0,-114.0,19.621903520208605,3.455019556714472,D_V1_weak_V2_weak,實際介入強度低（強度分 0.0/25）；全市場flow percentile偏低（外資P21、投信P52）；價格未確認（Q4、RS20 -10.61）,Q4,-0.0940442722744881,0.0,20.99,51.76,-10.606717746961737,19.56,0.0,0.0,2.5,2.0,0.0,0.0,,,
3094,聯傑,True,excluded,excluded,0,0,False,False,5.0,38.19,257.0,243.0,14.0,64.27640156453715,68.44850065189048,,連買天數不長，但V2不只依賴連買,Q2,0.1131697357886309,0.0,76.92,51.76,-2.780549468877014,44.46,3.5,12.5,3.5,6.0,5.0,7.69,,,
3095,及成,True,excluded,excluded,0,0,False,False,5.0,49.22,258.0,154.0,104.0,64.27640156453715,80.05215123859192,C_V1_weak_V2_strong,價格與RS同步確認（RS20 +1.91）；連買天數不長，但V2不只依賴連買,Q1,0.04878048780487805,0.0,60.23,51.76,1.912923390450183,73.01,3.5,12.2,1.5,1.0,25.0,6.02,,,
3105,穩懋,True,excluded,excluded,0,0,False,False,6.0,23.22,147.0,425.0,-278.0,81.42112125162973,44.71968709256845,,V1連買訊號高（外資1日／投信3日）；實際介入強度低（強度分 3.0/25）；價格未確認（Q4、RS20 -3.35）；近期flow正在減速,Q4,-0.013909754579406011,0.011946709941312467,42.76,94.78,-3.346939563996965,42.24,3.5,2.99,4.5,2.75,0.0,9.48,,,
3114,好德,True,excluded,excluded,0,0,False,False,0.0,7.0,628.0,590.0,38.0,19.621903520208605,23.598435462842243,D_V1_weak_V2_weak,連買天數不長，但V2不只依賴連買,Q4,-0.09740787238059279,0.0,20.6,51.76,-1.2209354423668217,53.32,1.0,0.0,1.5,4.5,0.0,0.0,,,
3115,富榮綱,False,excluded,excluded,0,0,False,False,,,,,,,,,,,,,,,,,,,,,,,,,
3118,進階,False,excluded,excluded,0,0,False,False,,,,,,,,,,,,,,,,,,,,,,,,,
3122,笙泉,False,excluded,excluded,0,0,False,False,,,,,,,,,,,,,,,,,,,,,,,,,
3128,昇銳,True,excluded,excluded,0,0,False,False,5.0,37.0,259.0,280.0,-21.0,64.27640156453715,63.6245110821382,,價格未確認（Q2、RS20 -5.80）,Q2,0.10629067245119306,0.0,74.97,51.76,-5.798563003908885,34.81,3.5,12.5,2.5,6.0,5.0,7.5,,,
3130,一零四,False,excluded,excluded,0,0,False,False,,,,,,,,,,,,,,,,,,,,,,,,,
3131,弘塑,False,excluded,excluded,0,0,False,False,,,,,,,,,,,,,,,,,,,,,,,,,
3135,凌航,False,excluded,excluded,0,0,False,False,,,,,,,,,,,,,,,,,,,,,,,,,
3138,耀登,True,excluded,excluded,0,0,False,False,5.0,33.24,260.0,338.0,-78.0,64.27640156453715,56.0625814863103,,全市場flow percentile偏低（外資P57、投信P52）；價格未確認（Q2、RS20 -11.07）,Q2,0.03801801152737752,0.0,57.37,51.76,-11.07499238370816,18.12,3.5,9.5,3.5,6.0,5.0,5.74,,,
3141,晶宏,True,excluded,excluded,0,0,False,False,7.0,58.94,85.0,67.0,18.0,88.33116036505866,91.39504563233378,,價格與RS同步確認（RS20 +12.26）；連買天數不長，但V2不只依賴連買,Q1,0.34743949044585987,0.0,96.87,51.76,12.261138929361259,95.44,4.5,12.5,4.5,2.75,25.0,9.69,,,
3147,大綜,True,excluded,excluded,0,0,False,False,0.0,5.5,629.0,711.0,-82.0,19.621903520208605,7.496740547588006,D_V1_weak_V2_weak,實際介入強度低（強度分 0.0/25）；全市場flow percentile偏低（外資P41、投信P52）；價格未確認（Q4、RS20 -2.54）,Q4,-0.018051809210526317,0.0,40.55,51.76,-2.538811336513891,45.11,0.0,0.0,3.5,2.0,0.0,0.0,,,
3149,正達,True,excluded,excluded,0,0,False,False,5.0,36.21,261.0,294.0,-33.0,64.27640156453715,61.799217731421116,,全市場flow percentile偏低（外資P62、投信P52）；價格未確認（Q2、RS20 -24.25）,Q2,0.0557834214002642,0.0,62.06,51.76,-24.24827811640321,3.65,3.5,12.5,3.0,6.0,5.0,6.21,,,
3150,鈺寶-創,True,excluded,excluded,0,0,False,False,5.0,38.65,262.0,226.0,36.0,64.27640156453715,70.66492829204694,,連買天數不長，但V2不只依賴連買,Q2,0.14112903225806453,0.0,81.49,51.76,-0.6665576637062132,56.84,3.5,12.5,3.5,6.0,5.0,8.15,,,
3152,璟德,False,excluded,excluded,0,0,False,False,,,,,,,,,,,,,,,,,,,,,,,,,
3158,嘉實,False,excluded,excluded,0,0,False,False,,,,,,,,,,,,,,,,,,,,,,,,,
3162,精確,True,excluded,excluded,0,0,False,False,0.0,4.0,630.0,755.0,-125.0,19.621903520208605,1.7601043024771839,D_V1_weak_V2_weak,實際介入強度低（強度分 0.0/25）；全市場flow percentile偏低（外資P23、投信P52）；價格未確認（Q4、RS20 -19.18）,Q4,-0.08666382208430308,0.0,23.08,51.76,-19.176709524227576,6.91,0.0,0.0,2.0,2.0,0.0,0.0,,,
3163,波若威,False,excluded,excluded,0,0,False,False,,,,,,,,,,,,,,,,,,,,,,,,,
3164,景岳,True,excluded,excluded,0,0,False,False,5.0,57.78,263.0,83.0,180.0,64.27640156453715,89.30899608865711,C_V1_weak_V2_strong,價格與RS同步確認（RS20 +2.22）；連買天數不長，但V2不只依賴連買,Q1,0.0967741935483871,0.0,72.75,51.76,2.2150043929116126,75.1,3.5,12.5,3.5,6.0,25.0,7.28,,,
3167,大量,False,excluded,excluded,0,0,False,False,,,,,,,,,,,,,,,,,,,,,,,,,
3168,眾福科,False,excluded,excluded,0,0,False,False,,,,,,,,,,,,,,,,,,,,,,,,,
3169,亞信,False,excluded,excluded,0,0,False,False,,,,,,,,,,,,,,,,,,,,,,,,,
3171,炎洲流通,False,excluded,excluded,0,0,False,False,,,,,,,,,,,,,,,,,,,,,,,,,
3176,基亞,False,excluded,excluded,0,0,False,False,,,,,,,,,,,,,,,,,,,,,,,,,
3178,公準,True,excluded,excluded,0,0,False,False,5.0,27.89,264.0,382.0,-118.0,64.27640156453715,50.32594524119948,,全市場flow percentile偏低（外資P59、投信P52）；價格未確認（Q2、RS20 -9.51）；近期flow已轉負,Q2,0.04216867469879518,0.0,58.54,51.76,-9.514554170061995,21.64,3.5,10.54,2.0,1.0,5.0,5.85,,,
3188,鑫龍騰,True,excluded,excluded,0,0,False,False,5.0,33.44,265.0,335.0,-70.0,64.27640156453715,56.45371577574967,,全市場flow percentile偏低（外資P62、投信P52）；價格未確認（Q2、RS20 -3.36）；近期flow正在減速,Q2,0.05561861520998865,0.0,61.93,51.76,-3.3613542752394143,42.11,3.5,12.5,3.5,2.75,5.0,6.19,,,
3189,景碩,False,excluded,excluded,0,0,False,False,,,,,,,,,,,,,,,,,,,,,,,,,
3191,雲嘉南,False,excluded,excluded,0,0,False,False,,,,,,,,,,,,,,,,,,,,,,,,,
3205,佰研,False,excluded,excluded,0,0,False,False,,,,,,,,,,,,,,,,,,,,,,,,,
3206,志豐,True,excluded,excluded,0,0,False,False,5.0,40.66,266.0,187.0,79.0,64.27640156453715,75.68448500651891,C_V1_weak_V2_strong,連買天數不長，但V2不只依賴連買,Q2,0.3375,0.0,96.61,51.76,-9.12434801525962,23.34,3.5,12.5,4.0,6.0,5.0,9.66,,,
3207,耀勝,True,excluded,excluded,0,0,False,False,5.0,38.54,267.0,232.0,35.0,64.27640156453715,69.88265971316818,,連買天數不長，但V2不只依賴連買,Q2,0.1314487917146145,0.0,80.44,51.76,-28.921863174111195,1.3,3.5,12.5,3.5,6.0,5.0,8.04,,,
3209,全科,True,excluded,excluded,0,0,False,False,0.0,7.5,631.0,541.0,90.0,19.621903520208605,29.85658409387223,,連買天數不長，但V2不只依賴連買,Q4,-0.1329070415988845,0.0,15.12,51.76,-5.849249037602689,34.68,1.0,0.0,2.0,4.5,0.0,0.0,,,
3211,順達,False,excluded,excluded,0,0,False,False,,,,,,,,,,,,,,,,,,,,,,,,,
3213,茂訊,False,excluded,excluded,0,0,False,False,,,,,,,,,,,,,,,,,,,,,,,,,
3217,優群,False,excluded,excluded,0,0,False,False,,,,,,,,,,,,,,,,,,,,,,,,,
3218,大學光,True,excluded,excluded,0,0,False,False,5.0,60.92,268.0,44.0,224.0,64.27640156453715,94.39374185136897,C_V1_weak_V2_strong,價格與RS同步確認（RS20 +4.20）；連買天數不長，但V2不只依賴連買,Q1,0.47343446601941747,-0.0018203883495145632,99.22,11.08,4.198339172878606,82.27,3.5,12.5,4.0,6.0,25.0,9.92,,,
3219,倚強科,False,excluded,excluded,0,0,False,False,,,,,,,,,,,,,,,,,,,,,,,,,
3221,台嘉碩,False,excluded,excluded,0,0,False,False,,,,,,,,,,,,,,,,,,,,,,,,,
3224,三顧,False,excluded,excluded,0,0,False,False,,,,,,,,,,,,,,,,,,,,,,,,,
3226,龍鋒,False,excluded,excluded,0,0,False,False,,,,,,,,,,,,,,,,,,,,,,,,,
3227,原相,True,excluded,excluded,0,0,False,False,5.0,62.88,269.0,36.0,233.0,64.27640156453715,95.4367666232073,C_V1_weak_V2_strong,價格與RS同步確認（RS20 +5.47）；動能較佳（外資 accelerating／投信 stable）；連買天數不長，但V2不只依賴連買,Q1,0.450216781365802,-0.076071995764955,98.83,1.04,5.473104138088136,86.57,3.5,12.5,3.5,8.5,25.0,9.88,,,
3228,金麗科,True,excluded,excluded,0,0,False,False,7.0,35.95,86.0,299.0,-213.0,88.33116036505866,61.14732724902217,,V1連買訊號高（外資3日／投信0日）；價格未確認（Q2、RS20 -14.50）；近期flow正在減速,Q2,0.14474711696869852,-0.08237232289950576,82.01,0.78,-14.501583825602172,11.6,3.5,12.5,4.0,2.75,5.0,8.2,,,
3229,晟鈦,True,excluded,excluded,0,0,False,False,5.0,59.02,270.0,66.0,204.0,64.27640156453715,91.52542372881356,C_V1_weak_V2_strong,價格與RS同步確認（RS20 +33.89）；連買天數不長，但V2不只依賴連買,Q1,0.10742610571736785,0.0,75.23,51.76,33.89366452154944,99.74,4.5,12.5,3.5,6.0,25.0,7.52,,,
3230,錦明,True,excluded,excluded,0,0,False,False,5.0,23.11,271.0,427.0,-156.0,64.27640156453715,44.393741851368965,,實際介入強度低（強度分 1.3/25）；全市場flow percentile偏低（外資P48、投信P52）；價格未確認（Q2、RS20 -25.49）,Q2,0.005033836689038031,0.0,48.5,51.76,-25.490994288696857,2.87,3.5,1.26,2.5,6.0,5.0,4.85,,,
3231,緯創,True,excluded,excluded,0,0,False,False,12.0,75.68,34.0,20.0,14.0,96.08865710560626,97.52281616688396,A_V1_strong_V2_strong,橫向強度高（外資P78、投信P89）；價格與RS同步確認（RS20 +35.49）,Q1,0.12221407920415882,1.095317870157683e-05,78.1,88.66,35.49026571695341,99.87,9.0,12.5,7.5,5.0,25.0,16.68,,,
3232,昱捷,True,excluded,excluded,0,0,False,False,5.0,33.89,272.0,327.0,-55.0,64.27640156453715,57.49674054758801,,價格未確認（Q2、RS20 -8.26）,Q2,0.10091743119266056,0.0,73.92,51.76,-8.263767061469618,25.16,3.5,12.5,3.5,2.0,5.0,7.39,,,
3234,光環,False,excluded,excluded,0,0,False,False,,,,,,,,,,,,,,,,,,,,,,,,,
3236,千如,True,excluded,excluded,0,0,False,False,0.0,5.0,632.0,727.0,-95.0,19.621903520208605,5.215123859191656,D_V1_weak_V2_weak,實際介入強度低（強度分 0.0/25）；全市場flow percentile偏低（外資P25、投信P52）；價格未確認（Q4、RS20 -23.92）,Q4,-0.07946693174287607,0.0,25.42,51.76,-23.91709521479777,4.04,0.0,0.0,3.0,2.0,0.0,0.0,,,
3252,海灣,False,excluded,excluded,0,0,False,False,,,,,,,,,,,,,,,,,,,,,,,,,
3257,虹冠電,False,excluded,excluded,0,0,False,False,,,,,,,,,,,,,,,,,,,,,,,,,
3259,鑫創,False,excluded,excluded,0,0,False,False,,,,,,,,,,,,,,,,,,,,,,,,,
3260,威剛,True,other_watch,other_watch,52,52,False,False,5.0,55.7,273.0,112.0,161.0,64.27640156453715,85.52803129074316,C_V1_weak_V2_strong,價格與RS同步確認（RS20 +2.48）,Q1,0.04687603167879651,-0.0017863606607878624,59.84,11.21,2.4769736792711217,76.14,4.5,11.72,5.0,3.5,25.0,5.98,,,
3264,欣銓,False,excluded,excluded,0,0,False,False,,,,,,,,,,,,,,,,,,,,,,,,,
3265,台星科,False,excluded,excluded,0,0,False,False,,,,,,,,,,,,,,,,,,,,,,,,,
3266,昇陽,True,excluded,excluded,0,0,False,False,0.0,7.5,633.0,542.0,91.0,19.621903520208605,29.85658409387223,,連買天數不長，但V2不只依賴連買,Q4,-0.02127659574468085,0.0,39.57,51.76,2.8337274919072786,77.97,0.0,0.0,3.5,4.0,0.0,0.0,,,
3268,海德威,True,excluded,excluded,0,0,False,False,7.0,37.07,87.0,279.0,-192.0,88.33116036505866,63.754889178617994,,V1連買訊號高（外資8日／投信0日）；價格未確認（Q2、RS20 +0.75）；近期flow正在減速,Q2,0.26262626262626265,0.0,93.22,51.76,0.7515897587652476,66.75,3.5,12.5,4.0,2.75,5.0,9.32,,,
3272,東碩,True,excluded,excluded,0,0,False,False,0.0,4.0,634.0,756.0,-122.0,19.621903520208605,1.7601043024771839,D_V1_weak_V2_weak,實際介入強度低（強度分 0.0/25）；全市場flow percentile偏低（外資P45、投信P52）；價格未確認（Q4、RS20 -8.56）,Q4,-0.006024096385542169,0.0,44.85,51.76,-8.558647929598894,24.25,0.0,0.0,2.0,2.0,0.0,0.0,,,
3276,宇環,True,excluded,excluded,0,0,False,False,0.0,4.0,635.0,757.0,-122.0,19.621903520208605,1.7601043024771839,D_V1_weak_V2_weak,實際介入強度低（強度分 0.0/25）；全市場flow percentile偏低（外資P12、投信P52）；價格未確認（Q4、RS20 -9.10）,Q4,-0.1587681268882175,0.0,11.99,51.76,-9.096250921476434,23.47,0.0,0.0,2.0,2.0,0.0,0.0,,,
3284,太普高,True,excluded,excluded,0,0,False,False,0.0,6.0,636.0,682.0,-46.0,19.621903520208605,11.147327249022164,D_V1_weak_V2_weak,實際介入強度低（強度分 0.0/25）；全市場flow percentile偏低（外資P9、投信P52）；價格未確認（Q4、RS20 -18.89）,Q4,-0.1957054195804196,0.0,9.13,51.76,-18.887548737882867,7.43,0.0,0.0,1.5,4.5,0.0,0.0,,,
3285,微端,True,excluded,excluded,0,0,False,False,0.0,4.0,637.0,758.0,-121.0,19.621903520208605,1.7601043024771839,D_V1_weak_V2_weak,實際介入強度低（強度分 0.0/25）；全市場flow percentile偏低（外資P38、投信P52）；價格未確認（Q4、RS20 -2.31）,Q4,-0.028409090909090908,0.0,38.07,51.76,-2.312395842922821,46.02,0.0,0.0,2.0,2.0,0.0,0.0,,,
3287,廣寰科,True,excluded,excluded,0,0,False,False,0.0,8.0,638.0,511.0,127.0,19.621903520208605,33.96349413298566,,連買天數不長，但V2不只依賴連買,,0.0,0.0,46.41,51.76,3.1266397387732403,79.27,0.0,0.0,2.0,6.0,0.0,0.0,,,
3288,點晶,False,excluded,excluded,0,0,False,False,,,,,,,,,,,,,,,,,,,,,,,,,
3289,宜特,False,excluded,excluded,0,0,False,False,,,,,,,,,,,,,,,,,,,,,,,,,
3290,東浦,False,excluded,excluded,0,0,False,False,,,,,,,,,,,,,,,,,,,,,,,,,
3293,鈊象,True,other_watch,other_watch,44,44,False,False,7.0,66.61,88.0,25.0,63.0,88.33116036505866,96.87092568448502,,價格與RS同步確認（RS20 +9.64）,Q1,0.41848703352308664,-0.020012650221378873,98.57,4.69,9.637467506431607,93.22,4.5,12.5,8.0,6.75,25.0,9.86,,,
3294,英濟,True,excluded,excluded,0,0,False,False,5.0,37.84,274.0,250.0,24.0,64.27640156453715,67.53585397653194,,連買天數不長，但V2不只依賴連買,Q2,0.1628056628056628,0.0,83.44,51.76,-15.85086898819419,10.17,3.5,12.5,2.5,6.0,5.0,8.34,,,
3296,勝德,True,excluded,excluded,0,0,False,False,5.0,33.85,275.0,329.0,-54.0,64.27640156453715,57.23598435462842,,價格未確認（Q2、RS20 -13.11）,Q2,0.10005172413793104,0.0,73.53,51.76,-13.10707190477447,13.95,3.5,12.5,3.5,2.0,5.0,7.35,,,
3297,杭特,False,excluded,excluded,0,0,False,False,,,,,,,,,,,,,,,,,,,,,,,,,
3303,岱稜,True,excluded,excluded,0,0,False,False,5.0,34.98,276.0,313.0,-37.0,64.27640156453715,59.32203389830508,,價格未確認（Q2、RS20 +1.00）；近期flow正在減速,Q2,0.14745299705207993,0.0,82.27,51.76,0.995492197789638,68.12,3.5,12.5,3.0,2.75,5.0,8.23,,,
3305,昇貿,False,excluded,excluded,0,0,False,False,,,,,,,,,,,,,,,,,,,,,,,,,
3306,鼎天,False,excluded,excluded,0,0,False,False,,,,,,,,,,,,,,,,,,,,,,,,,
3308,聯德,False,excluded,excluded,0,0,False,False,,,,,,,,,,,,,,,,,,,,,,,,,
3310,佳穎,True,excluded,excluded,0,0,False,False,7.0,55.53,89.0,114.0,-25.0,88.33116036505866,85.26727509778357,,V1連買訊號高（外資8日／投信0日）；近期flow正在減速,Q1,0.11904761904761904,0.0,77.84,51.76,1.573526879870546,70.93,3.5,12.5,4.0,2.75,25.0,7.78,,,
3311,閎暉,False,excluded,excluded,0,0,False,False,,,,,,,,,,,,,,,,,,,,,,,,,
3312,弘憶股,True,excluded,excluded,0,0,False,False,0.0,6.0,639.0,683.0,-44.0,19.621903520208605,11.147327249022164,D_V1_weak_V2_weak,實際介入強度低（強度分 0.0/25）；全市場flow percentile偏低（外資P37、投信P52）；價格未確認（Q4、RS20 -8.01）,Q4,-0.033565589582830964,0.0,36.77,51.76,-8.013516811219368,25.95,0.0,0.0,2.0,4.0,0.0,0.0,,,
3313,斐成,True,excluded,excluded,0,0,False,False,2.0,19.12,459.0,451.0,8.0,41.19947848761408,41.329856584093875,,連買天數不長，但V2不只依賴連買,Q2,0.0034602076124567475,0.0,47.46,51.76,-9.349335388417257,22.29,3.5,0.87,3.0,2.0,5.0,4.75,,,
3317,尼克森,True,excluded,excluded,0,0,False,False,5.0,37.15,277.0,277.0,0.0,64.27640156453715,64.01564537157758,,價格未確認（Q2、RS20 -24.11）,Q2,0.08722351536854671,0.0,71.45,51.76,-24.11320345438427,3.78,3.5,12.5,3.0,6.0,5.0,7.15,,,
3321,同泰,False,excluded,excluded,0,0,False,False,,,,,,,,,,,,,,,,,,,,,,,,,
3322,建舜電,False,excluded,excluded,0,0,False,False,,,,,,,,,,,,,,,,,,,,,,,,,
3323,加百裕,True,excluded,excluded,0,0,False,False,5.0,36.72,278.0,285.0,-7.0,64.27640156453715,62.97262059973925,,全市場flow percentile偏低（外資P62、投信P52）；價格未確認（Q2、RS20 -7.35）,Q2,0.05609778044391122,0.0,62.19,51.76,-7.349831543217556,27.51,3.5,12.5,3.5,6.0,5.0,6.22,,,
3324,雙鴻,False,excluded,excluded,0,0,False,False,,,,,,,,,,,,,,,,,,,,,,,,,
3325,旭品,False,excluded,excluded,0,0,False,False,,,,,,,,,,,,,,,,,,,,,,,,,
3332,幸康,False,excluded,excluded,0,0,False,False,,,,,,,,,,,,,,,,,,,,,,,,,
3338,泰碩,True,excluded,excluded,0,0,False,False,0.0,6.0,640.0,684.0,-44.0,19.621903520208605,11.147327249022164,D_V1_weak_V2_weak,實際介入強度低（強度分 0.0/25）；全市場flow percentile偏低（外資P15、投信P52）；價格未確認（Q4、RS20 -6.19）,Q4,-0.13277128623188406,0.0,15.25,51.76,-6.189258535348197,32.99,0.0,0.0,1.5,4.5,0.0,0.0,,,
3339,泰谷,True,excluded,excluded,0,0,False,False,0.0,6.5,641.0,644.0,-3.0,19.621903520208605,16.558018252933508,D_V1_weak_V2_weak,實際介入強度低（強度分 0.0/25）；全市場flow percentile偏低（外資P30、投信P52）,Q3,-0.06370318953648463,0.0,29.6,51.76,9.661241853910674,93.35,0.0,0.0,2.5,4.0,0.0,0.0,,,
3346,麗清,False,excluded,excluded,0,0,False,False,,,,,,,,,,,,,,,,,,,,,,,,,
3349,寶德,False,excluded,excluded,0,0,False,False,,,,,,,,,,,,,,,,,,,,,,,,,
3354,律勝,True,excluded,excluded,0,0,False,False,5.0,39.36,279.0,212.0,67.0,64.27640156453715,72.49022164276401,,連買天數不長，但V2不只依賴連買,Q2,0.1663286004056795,0.0,83.57,51.76,-16.198183691538425,9.91,3.5,12.5,4.0,6.0,5.0,8.36,,,
3356,奇偶,False,excluded,excluded,0,0,False,False,,,,,,,,,,,,,,,,,,,,,,,,,
3357,臺慶科,True,excluded,excluded,0,0,False,False,0.0,7.0,642.0,591.0,51.0,19.621903520208605,23.598435462842243,D_V1_weak_V2_weak,連買天數不長，但V2不只依賴連買,Q4,-0.05674930122554289,-0.014192109223822833,31.29,5.87,-14.508383771202617,11.47,0.0,0.0,2.5,4.5,0.0,0.0,,,
3360,尚立,True,excluded,excluded,0,0,False,False,5.0,35.93,280.0,300.0,-20.0,64.27640156453715,61.016949152542374,,全市場flow percentile偏低（外資P64、投信P52）；價格未確認（Q2、RS20 -18.36）,Q2,0.06178122471000809,0.0,64.28,51.76,-18.359346511887775,8.21,3.5,12.5,2.5,6.0,5.0,6.43,,,
3362,先進光,True,buy_candidates,buy_candidates,67,67,False,False,7.0,25.74,90.0,399.0,-309.0,88.33116036505866,48.109517601043024,,V1連買訊號高（外資4日／投信0日）；實際介入強度低（強度分 5.2/25）；全市場flow percentile偏低（外資P53、投信P52）；價格未確認（Q2、RS20 -4.57）,Q2,0.02065590209561231,0.0,53.32,51.76,-4.574799579398691,37.81,4.5,5.16,3.0,2.75,5.0,5.33,3.0,25.0,-22.0
3363,上詮,False,excluded,excluded,0,0,False,False,,,,,,,,,,,,,,,,,,,,,,,,,
3372,典範,False,excluded,excluded,0,0,False,False,,,,,,,,,,,,,,,,,,,,,,,,,
3373,熱映,False,excluded,excluded,0,0,False,False,,,,,,,,,,,,,,,,,,,,,,,,,
3374,精材,False,excluded,excluded,0,0,False,False,,,,,,,,,,,,,,,,,,,,,,,,,
3376,新日興,False,excluded,excluded,0,0,False,False,,,,,,,,,,,,,,,,,,,,,,,,,
3379,彬台,True,excluded,excluded,0,0,False,False,0.0,7.5,643.0,543.0,100.0,19.621903520208605,29.85658409387223,,連買天數不長，但V2不只依賴連買,Q4,-0.05704266538830297,0.0,31.16,51.76,-8.25823914549395,25.29,0.0,0.0,3.0,4.5,0.0,0.0,,,
3380,明泰,False,excluded,excluded,0,0,False,False,,,,,,,,,,,,,,,,,,,,,,,,,
3388,崇越電,True,excluded,excluded,0,0,False,False,5.0,40.11,281.0,195.0,86.0,64.27640156453715,74.70664928292047,,連買天數不長，但V2不只依賴連買,Q2,0.30804533213644525,0.0,96.09,51.76,-6.589842821173697,31.16,3.5,12.5,3.5,6.0,5.0,9.61,,,
3390,旭軟,False,excluded,excluded,0,0,False,False,,,,,,,,,,,,,,,,,,,,,,,,,
3402,漢科,False,excluded,excluded,0,0,False,False,,,,,,,,,,,,,,,,,,,,,,,,,
3406,玉晶光,False,excluded,excluded,0,0,False,False,,,,,,,,,,,,,,,,,,,,,,,,,
3413,京鼎,False,excluded,excluded,0,0,False,False,,,,,,,,,,,,,,,,,,,,,,,,,
3416,融程電,False,excluded,excluded,0,0,False,False,,,,,,,,,,,,,,,,,,,,,,,,,
3419,譁裕,False,excluded,excluded,0,0,False,False,,,,,,,,,,,,,,,,,,,,,,,,,
3430,奇鈦科,True,excluded,excluded,0,0,False,False,0.0,6.5,644.0,645.0,-1.0,19.621903520208605,16.558018252933508,D_V1_weak_V2_weak,實際介入強度低（強度分 0.0/25）；全市場flow percentile偏低（外資P23、投信P52）；價格未確認（Q4、RS20 -1.08）,Q4,-0.08968892299820926,0.0,22.56,51.76,-1.0791965988908636,54.24,0.0,0.0,2.0,4.5,0.0,0.0,,,
3432,台端,True,excluded,excluded,0,0,False,False,5.0,33.59,282.0,333.0,-51.0,64.27640156453715,56.714471968709255,,全市場flow percentile偏低（外資P63、投信P52）；價格未確認（Q2、RS20 -9.44）；近期flow正在減速,Q2,0.05982905982905983,0.0,63.36,51.76,-9.444068241770799,22.03,3.5,12.5,3.5,2.75,5.0,6.34,,,
3434,哲固,True,excluded,excluded,0,0,False,False,7.0,56.97,91.0,95.0,-4.0,88.33116036505866,87.74445893089961,,V1連買訊號高（外資8日／投信0日）；近期flow正在減速,Q1,0.25221996615905246,0.0,92.18,51.76,5.987172730235557,87.48,3.5,12.5,4.0,2.75,25.0,9.22,,,
3437,榮創,True,excluded,excluded,0,0,False,False,5.0,38.61,283.0,230.0,53.0,64.27640156453715,70.14341590612777,,連買天數不長，但V2不只依賴連買,Q2,0.13719731977818855,0.0,81.1,51.76,-9.621791752827637,21.38,3.5,12.5,3.5,6.0,5.0,8.11,,,
3438,類比科,True,excluded,excluded,0,0,False,False,5.0,31.15,284.0,359.0,-75.0,64.27640156453715,53.38983050847458,,全市場flow percentile偏低（外資P62、投信P52）；價格未確認（Q2、RS20 -8.44）；近期flow已轉負,Q2,0.0540771567436209,0.0,61.54,51.76,-8.444035825809182,24.64,3.5,12.5,3.0,1.0,5.0,6.15,,,
3441,聯一光,True,high_priority_watch,high_priority_watch,58,58,False,False,0.0,6.0,645.0,685.0,-40.0,19.621903520208605,11.147327249022164,D_V1_weak_V2_weak,實際介入強度低（強度分 0.0/25）；全市場flow percentile偏低（外資P41、投信P52）；價格未確認（Q4、RS20 +7.99）,Q4,-0.016442298194096466,0.0,41.2,51.76,7.994146302769456,90.61,0.0,0.0,1.5,4.5,0.0,0.0,15.0,36.0,-21.0
3443,創意,True,excluded,excluded,0,0,False,False,12.0,66.64,35.0,24.0,11.0,96.08865710560626,97.0013037809648,B_V1_strong_V2_weak,橫向強度高（外資P54、投信P96）；價格與RS同步確認（RS20 +7.08）,Q1,0.022415969443433974,0.01634867224445253,53.72,95.83,7.08448517202852,89.05,10.0,9.69,7.0,0.0,25.0,14.95,,,
3444,利機,True,excluded,excluded,0,0,False,False,0.0,6.5,646.0,646.0,0.0,19.621903520208605,16.558018252933508,D_V1_weak_V2_weak,實際介入強度低（強度分 0.0/25）；全市場flow percentile偏低（外資P7、投信P52）；價格未確認（Q4、RS20 -12.25）,Q4,-0.23591091492776886,0.0,6.52,51.76,-12.25187005308961,14.99,0.0,0.0,2.0,4.5,0.0,0.0,,,
3447,展達,True,excluded,excluded,0,0,False,False,5.0,24.04,285.0,414.0,-129.0,64.27640156453715,46.15384615384615,,全市場flow percentile偏低（外資P54、投信P52）；價格未確認（Q2、RS20 -22.36）；近期flow已轉負,Q2,0.024484536082474227,0.0,54.24,51.76,-22.361151158853723,5.08,3.5,6.12,3.0,1.0,5.0,5.42,,,
3450,聯鈞,True,excluded,excluded,0,0,False,False,15.0,86.31,9.0,3.0,6.0,99.21773142112124,99.73924380704041,A_V1_strong_V2_strong,5日資金強度分 17.9/25；橫向強度高（外資P63、投信P96）；價格與RS同步確認（RS20 +2.74）；動能較佳（外資 accelerating／投信 accelerating）,Q1,0.05739832500545915,0.02160537436898691,62.71,96.35,2.743065013323609,77.57,10.0,17.9,7.5,10.0,25.0,15.91,,,
3455,由田,True,excluded,excluded,0,0,False,False,0.0,4.5,647.0,742.0,-95.0,19.621903520208605,3.455019556714472,D_V1_weak_V2_weak,實際介入強度低（強度分 0.0/25）；全市場flow percentile偏低（外資P20、投信P52）；價格未確認（Q4、RS20 -5.17）,Q4,-0.10640792682926829,0.0,19.69,51.76,-5.1688913638542004,36.38,0.0,0.0,2.5,2.0,0.0,0.0,,,
3465,進泰電子,False,excluded,excluded,0,0,False,False,,,,,,,,,,,,,,,,,,,,,,,,,
3466,德晉,True,excluded,excluded,0,0,False,False,5.0,32.38,286.0,343.0,-57.0,64.27640156453715,55.41069100391134,,全市場flow percentile偏低（外資P69、投信P52）；價格未確認（Q2、RS20 -20.91）；近期flow已轉負,Q2,0.07970637583892617,0.0,68.84,51.76,-20.907831065050242,6.26,3.5,12.5,3.5,1.0,5.0,6.88,,,
3467,台灣精材,True,excluded,excluded,0,0,False,False,0.0,4.5,648.0,743.0,-95.0,19.621903520208605,3.455019556714472,D_V1_weak_V2_weak,實際介入強度低（強度分 0.0/25）；全市場flow percentile偏低（外資P15、投信P52）；價格未確認（Q4、RS20 -18.99）,Q4,-0.13276231263383298,0.0,15.38,51.76,-18.986745812867557,7.17,0.0,0.0,2.5,2.0,0.0,0.0,,,
3479,安勤,False,excluded,excluded,0,0,False,False,,,,,,,,,,,,,,,,,,,,,,,,,
3481,群創,True,excluded,excluded,0,0,False,False,0.0,11.5,649.0,465.0,184.0,19.621903520208605,39.70013037809648,,動能較佳（外資 accelerating／投信 stable）；連買天數不長，但V2不只依賴連買,Q4,-0.00584128237108477,-0.0005324295988021456,45.11,13.04,-13.266802884177576,13.69,0.0,0.0,3.0,8.5,0.0,0.0,,,
3483,力致,True,excluded,excluded,0,0,False,False,0.0,8.0,650.0,512.0,138.0,19.621903520208605,33.96349413298566,,連買天數不長，但V2不只依賴連買,Q4,-0.1645325895478567,-0.0006294773928361715,11.47,12.78,-12.454800199871187,14.86,0.0,0.0,4.0,4.0,0.0,0.0,,,
3484,崧騰,False,excluded,excluded,0,0,False,False,,,,,,,,,,,,,,,,,,,,,,,,,
3485,敘豐,True,excluded,excluded,0,0,False,False,0.0,9.0,651.0,483.0,168.0,19.621903520208605,37.222946544980445,,連買天數不長，但V2不只依賴連買,Q4,-0.01969632768361582,0.0,40.03,51.76,-24.004507802210362,3.91,0.0,0.0,3.0,6.0,0.0,0.0,,,
3489,森寶,False,excluded,excluded,0,0,False,False,,,,,,,,,,,,,,,,,,,,,,,,,
3490,單井,False,excluded,excluded,0,0,False,False,,,,,,,,,,,,,,,,,,,,,,,,,
3491,昇達科,True,excluded,excluded,0,0,False,False,3.0,23.75,422.0,417.0,5.0,45.436766623207305,45.76271186440678,,差異主要來自V1離散加分與V2連續型強度／排名分數,Q4,-0.07117333205152855,0.0007907133243606998,27.51,90.48,-1.7604133140213807,49.15,4.5,0.2,5.5,4.5,0.0,9.05,,,
3492,長盛,False,excluded,excluded,0,0,False,False,,,,,,,,,,,,,,,,,,,,,,,,,
3494,誠研,False,excluded,excluded,0,0,False,False,,,,,,,,,,,,,,,,,,,,,,,,,
3498,陽程,True,high_priority_watch,high_priority_watch,27,27,False,False,0.0,6.5,652.0,647.0,5.0,19.621903520208605,16.558018252933508,D_V1_weak_V2_weak,連買天數不長，但V2不只依賴連買,Q4,-0.07031340815121087,0.0,27.9,51.76,-3.5846604739660832,41.33,0.0,0.0,2.0,4.5,0.0,0.0,36.0,35.0,1.0
3499,環天科,False,excluded,excluded,0,0,False,False,,,,,,,,,,,,,,,,,,,,,,,,,
3501,維熹,False,excluded,excluded,0,0,False,False,,,,,,,,,,,,,,,,,,,,,,,,,
3504,揚明光,False,excluded,excluded,0,0,False,False,,,,,,,,,,,,,,,,,,,,,,,,,
3508,位速,False,excluded,excluded,0,0,False,False,,,,,,,,,,,,,,,,,,,,,,,,,
3511,矽瑪,False,excluded,excluded,0,0,False,False,,,,,,,,,,,,,,,,,,,,,,,,,
3512,皇龍,False,excluded,excluded,0,0,False,False,,,,,,,,,,,,,,,,,,,,,,,,,
3515,華擎,False,excluded,excluded,0,0,False,False,,,,,,,,,,,,,,,,,,,,,,,,,
3516,亞帝歐,False,excluded,excluded,0,0,False,False,,,,,,,,,,,,,,,,,,,,,,,,,
3518,柏騰,True,excluded,excluded,0,0,False,False,0.0,6.5,653.0,648.0,5.0,19.621903520208605,16.558018252933508,D_V1_weak_V2_weak,連買天數不長，但V2不只依賴連買,Q4,-0.1457206490614063,0.0,13.43,51.76,-3.726261596476799,40.55,1.0,0.0,1.0,4.5,0.0,0.0,,,
3520,華盈,False,excluded,excluded,0,0,False,False,,,,,,,,,,,,,,,,,,,,,,,,,
3521,台鋼建設,False,excluded,excluded,0,0,False,False,,,,,,,,,,,,,,,,,,,,,,,,,
3522,御嵿,True,excluded,excluded,0,0,False,False,5.0,35.53,287.0,304.0,-17.0,64.27640156453715,60.495436766623214,,價格未確認（Q2、RS20 -3.80）,Q2,0.08300395256916997,0.0,70.27,51.76,-3.8045078022103556,39.9,3.5,12.5,1.5,6.0,5.0,7.03,,,
3523,迎輝,False,excluded,excluded,0,0,False,False,,,,,,,,,,,,,,,,,,,,,,,,,
3526,凡甲,False,excluded,excluded,0,0,False,False,,,,,,,,,,,,,,,,,,,,,,,,,
3527,聚積,False,excluded,excluded,0,0,False,False,,,,,,,,,,,,,,,,,,,,,,,,,
3528,安馳,False,excluded,excluded,0,0,False,False,,,,,,,,,,,,,,,,,,,,,,,,,
3529,力旺,False,excluded,excluded,0,0,False,False,,,,,,,,,,,,,,,,,,,,,,,,,
3530,晶相光,False,excluded,excluded,0,0,False,False,,,,,,,,,,,,,,,,,,,,,,,,,
3531,先益,False,excluded,excluded,0,0,False,False,,,,,,,,,,,,,,,,,,,,,,,,,
3532,台勝科,True,excluded,excluded,0,0,False,False,0.0,10.5,654.0,470.0,184.0,19.621903520208605,38.85267275097783,,動能較佳（外資 stable／投信 stable）；連買天數不長，但V2不只依賴連買,Q4,-0.09394823508802663,-0.046509590960847856,21.12,2.22,-38.2096635487195,0.26,0.0,0.0,3.5,7.0,0.0,0.0,,,
3533,嘉澤,True,excluded,excluded,0,0,False,False,3.0,27.62,423.0,386.0,37.0,45.436766623207305,49.80443285528031,,動能較佳（外資 reversing_positive／投信 accelerating）,Q4,-0.062039449352784055,0.003453462091637559,29.73,92.57,-0.014608812311367458,61.41,4.5,0.86,5.0,8.0,0.0,9.26,,,
3535,晶彩科,True,excluded,excluded,0,0,False,False,5.0,32.74,288.0,341.0,-53.0,64.27640156453715,55.67144719687093,,全市場flow percentile偏低（外資P57、投信P52）；價格未確認（Q2、RS20 -8.80）,Q2,0.036159744408945683,0.0,56.98,51.76,-8.80450780221036,23.86,3.5,9.04,3.5,6.0,5.0,5.7,,,
3537,堡達,True,excluded,excluded,0,0,False,False,0.0,7.5,655.0,544.0,111.0,19.621903520208605,29.85658409387223,,連買天數不長，但V2不只依賴連買,Q4,-0.030740989399293286,0.0,37.29,51.76,-20.368144165846726,6.39,1.0,0.0,2.0,4.5,0.0,0.0,,,
3540,曜越,False,excluded,excluded,0,0,False,False,,,,,,,,,,,,,,,,,,,,,,,,,
3541,西柏,False,excluded,excluded,0,0,False,False,,,,,,,,,,,,,,,,,,,,,,,,,
3543,州巧,True,excluded,excluded,0,0,False,False,7.0,53.11,92.0,133.0,-41.0,88.33116036505866,82.85528031290742,,V1連買訊號高（外資4日／投信0日）；全市場flow percentile偏低（外資P64、投信P52）；近期flow正在減速,Q1,0.060835730242948895,0.0,63.62,51.76,23.75971984006605,98.96,3.5,12.5,3.0,2.75,25.0,6.36,,,
3545,敦泰,True,excluded,excluded,0,0,False,False,12.0,51.99,36.0,142.0,-106.0,96.08865710560626,81.61668839634942,B_V1_strong_V2_weak,價格未確認（Q2、RS20 -6.93）；近期flow已轉負,Q2,0.08273709050527485,0.00138811771238201,70.14,91.26,-6.9324357301382875,29.99,9.0,12.85,4.0,5.0,5.0,16.14,,,
3546,宇峻,True,excluded,excluded,0,0,False,False,5.0,51.32,289.0,144.0,145.0,64.27640156453715,81.35593220338984,C_V1_weak_V2_strong,價格與RS同步確認（RS20 +4.54）；連買天數不長，但V2不只依賴連買,Q1,0.07747612359550562,0.0,68.19,51.76,4.537726530214703,83.57,3.5,12.5,2.5,1.0,25.0,6.82,,,
3548,兆利,True,excluded,excluded,0,0,False,False,7.0,36.0,93.0,298.0,-205.0,88.33116036505866,61.27770534550196,,V1連買訊號高（外資3日／投信0日）；價格未確認（Q2、RS20 -4.33）；近期flow正在減速,Q2,0.14893688639551192,0.0,82.53,51.76,-4.326289980428177,38.33,3.5,12.5,4.0,2.75,5.0,8.25,,,
3550,聯穎,False,excluded,excluded,0,0,False,False,,,,,,,,,,,,,,,,,,,,,,,,,
3551,世禾,False,excluded,excluded,0,0,False,False,,,,,,,,,,,,,,,,,,,,,,,,,
3552,同致,True,excluded,excluded,0,0,False,False,0.0,5.5,656.0,712.0,-56.0,19.621903520208605,7.496740547588006,D_V1_weak_V2_weak,實際介入強度低（強度分 0.0/25）；全市場flow percentile偏低（外資P43、投信P52）；價格未確認（Q4、RS20 -3.18）,Q4,-0.013182674199623353,0.0,43.02,51.76,-3.1756307968627717,42.89,0.0,0.0,3.5,2.0,0.0,0.0,,,
3555,博士旺,False,excluded,excluded,0,0,False,False,,,,,,,,,,,,,,,,,,,,,,,,,
3556,禾瑞亞,True,excluded,excluded,0,0,False,False,5.0,30.28,290.0,367.0,-77.0,64.27640156453715,52.28161668839635,,全市場flow percentile偏低（外資P55、投信P52）；價格未確認（Q2、RS20 -7.81）,Q2,0.026987131367292225,0.0,55.28,51.76,-7.811325984028549,26.47,3.5,6.75,3.5,6.0,5.0,5.53,,,
3557,嘉威,True,excluded,excluded,0,0,False,False,0.0,7.0,657.0,592.0,65.0,19.621903520208605,23.598435462842243,D_V1_weak_V2_weak,連買天數不長，但V2不只依賴連買,Q3,-0.091625,0.0,22.03,51.76,0.6138128084766659,65.58,0.0,0.0,2.5,4.5,0.0,0.0,,,
3558,神準,True,excluded,excluded,0,0,False,False,7.0,42.47,94.0,173.0,-79.0,88.33116036505866,77.64015645371578,,V1連買訊號高（外資10日／投信0日）；價格未確認（Q2、RS20 -8.10）,Q2,0.5375905292479108,0.0,99.74,51.76,-8.095416893119456,25.68,3.5,12.5,5.5,6.0,5.0,9.97,,,
3563,牧德,True,excluded,excluded,0,0,False,False,5.0,39.8,291.0,201.0,90.0,64.27640156453715,73.92438070404172,,連買天數不長，但V2不只依賴連買,Q2,0.15381642368342754,0.0,83.05,51.76,-0.017532404236408894,61.28,3.5,12.5,4.5,6.0,5.0,8.3,,,
3564,其陽,False,excluded,excluded,0,0,False,False,,,,,,,,,,,,,,,,,,,,,,,,,
3567,逸昌,False,excluded,excluded,0,0,False,False,,,,,,,,,,,,,,,,,,,,,,,,,
3570,大塚,True,excluded,excluded,0,0,False,False,0.0,6.5,658.0,649.0,9.0,19.621903520208605,16.558018252933508,D_V1_weak_V2_weak,連買天數不長，但V2不只依賴連買,Q3,-0.24435772357723579,0.0,6.26,51.76,2.5292345290779727,76.79,0.0,0.0,2.0,4.5,0.0,0.0,,,
3576,聯合再生,False,excluded,excluded,0,0,False,False,,,,,,,,,,,,,,,,,,,,,,,,,
3577,泓格,False,excluded,excluded,0,0,False,False,,,,,,,,,,,,,,,,,,,,,,,,,
3580,友威科,True,excluded,excluded,0,0,False,False,0.0,7.0,659.0,593.0,66.0,19.621903520208605,23.598435462842243,D_V1_weak_V2_weak,連買天數不長，但V2不只依賴連買,Q4,-0.021023391812865496,0.0,39.77,51.76,-12.165241351293432,15.12,0.0,0.0,3.0,4.0,0.0,0.0,,,
3581,博磊,True,excluded,excluded,0,0,False,False,0.0,4.0,660.0,759.0,-99.0,19.621903520208605,1.7601043024771839,D_V1_weak_V2_weak,實際介入強度低（強度分 0.0/25）；全市場flow percentile偏低（外資P16、投信P52）；價格未確認（Q4、RS20 -13.93）,Q4,-0.1288267716535433,0.0,15.91,51.76,-13.92988093653872,12.52,0.0,0.0,2.0,2.0,0.0,0.0,,,
3583,辛耘,True,excluded,excluded,0,0,False,False,2.0,23.55,460.0,420.0,40.0,41.19947848761408,45.371577574967404,,差異主要來自V1離散加分與V2連續型強度／排名分數,Q4,0.02258161865569273,-0.04069501600365798,53.98,2.35,-11.347077071731771,17.34,4.5,5.65,5.0,3.0,0.0,5.4,,,
3587,閎康,True,excluded,excluded,0,0,False,False,0.0,5.5,661.0,713.0,-52.0,19.621903520208605,7.496740547588006,D_V1_weak_V2_weak,實際介入強度低（強度分 0.0/25）；全市場flow percentile偏低（外資P13、投信P52）；價格未確認（Q4、RS20 -11.59）,Q4,-0.15060409099598548,0.0,12.65,51.76,-11.590714698762085,16.56,0.0,0.0,1.0,4.5,0.0,0.0,,,
3588,通嘉,False,excluded,excluded,0,0,False,False,,,,,,,,,,,,,,,,,,,,,,,,,
3591,艾笛森,False,excluded,excluded,0,0,False,False,,,,,,,,,,,,,,,,,,,,,,,,,
3592,瑞鼎,True,excluded,excluded,0,0,False,False,0.0,7.0,662.0,594.0,68.0,19.621903520208605,23.598435462842243,D_V1_weak_V2_weak,連買天數不長，但V2不只依賴連買,Q4,-0.08041098901098902,-0.015384615384615385,24.9,5.48,-3.5054862757915806,41.85,0.0,0.0,2.5,4.5,0.0,0.0,,,
3593,力銘,True,excluded,excluded,0,0,False,False,5.0,36.49,292.0,287.0,5.0,64.27640156453715,62.71186440677966,,連買天數不長，但V2不只依賴連買,Q2,0.12962962962962962,0.0,79.92,51.76,-25.0790063695456,3.0,3.5,12.5,1.5,6.0,5.0,7.99,,,
3594,磐儀,False,excluded,excluded,0,0,False,False,,,,,,,,,,,,,,,,,,,,,,,,,
3596,智易,True,excluded,excluded,0,0,False,False,0.0,9.5,663.0,478.0,185.0,19.621903520208605,37.809647979139505,,連買天數不長，但V2不只依賴連買,Q4,-0.4081187199469408,-0.016175924390648317,1.43,4.95,-10.679634705763664,19.3,0.0,0.0,3.0,6.5,0.0,0.0,,,
3597,映興,True,excluded,excluded,0,0,False,False,7.0,54.92,95.0,121.0,-26.0,88.33116036505866,84.35462842242504,,V1連買訊號高（外資4日／投信0日）；全市場flow percentile偏低（外資P59、投信P52）,Q1,0.04411764705882353,0.0,58.93,51.76,2.6777351884438416,77.05,3.5,11.03,3.5,6.0,25.0,5.89,,,
3605,宏致,False,excluded,excluded,0,0,False,False,,,,,,,,,,,,,,,,,,,,,,,,,
3607,谷崧,False,excluded,excluded,0,0,False,False,,,,,,,,,,,,,,,,,,,,,,,,,
3609,三一東林,True,excluded,excluded,0,0,False,False,0.0,6.0,664.0,686.0,-22.0,19.621903520208605,11.147327249022164,D_V1_weak_V2_weak,實際介入強度低（強度分 0.0/25）；全市場flow percentile偏低（外資P29、投信P52）；價格未確認（Q4、RS20 -12.61）,Q4,-0.06477732793522267,0.0,29.47,51.76,-12.608748084895883,14.47,0.0,0.0,1.5,4.5,0.0,0.0,,,
3611,鼎翰,True,excluded,excluded,0,0,False,False,0.0,9.0,665.0,484.0,181.0,19.621903520208605,37.222946544980445,,連買天數不長，但V2不只依賴連買,Q4,-0.029815950920245398,0.0,37.42,51.76,-3.75450780221036,40.29,0.0,0.0,4.5,4.5,0.0,0.0,,,
3615,安可,True,excluded,excluded,0,0,False,False,0.0,7.5,666.0,545.0,121.0,19.621903520208605,29.85658409387223,,連買天數不長，但V2不只依賴連買,Q4,-0.012760754716981132,0.0,43.16,51.76,-22.453508853735073,4.95,0.0,0.0,3.0,4.5,0.0,0.0,,,
3617,碩天,True,other_watch,other_watch,39,39,False,False,5.0,59.59,293.0,60.0,233.0,64.27640156453715,92.3076923076923,C_V1_weak_V2_strong,價格與RS同步確認（RS20 +2.51）,Q1,0.20334919286321154,-0.00018351741716227698,88.4,13.82,2.51393037566382,76.66,3.5,12.5,5.0,4.75,25.0,8.84,,,
3622,洋華,False,excluded,excluded,0,0,False,False,,,,,,,,,,,,,,,,,,,,,,,,,
3623,富晶通,True,excluded,excluded,0,0,False,False,0.0,7.5,667.0,546.0,121.0,19.621903520208605,29.85658409387223,,連買天數不長，但V2不只依賴連買,Q4,-0.03441295546558704,0.0,36.25,51.76,-4.925560433789311,36.9,0.0,0.0,3.0,4.5,0.0,0.0,,,
3624,光頡,True,excluded,excluded,0,0,False,False,0.0,7.5,668.0,547.0,121.0,19.621903520208605,29.85658409387223,,連買天數不長，但V2不只依賴連買,Q4,-0.03884190910032095,0.0,34.68,51.76,-35.77373857144113,0.39,0.0,0.0,3.0,4.5,0.0,0.0,,,
3625,西勝,False,excluded,excluded,0,0,False,False,,,,,,,,,,,,,,,,,,,,,,,,,
3628,盈正,False,excluded,excluded,0,0,False,False,,,,,,,,,,,,,,,,,,,,,,,,,
3629,地心引力,False,excluded,excluded,0,0,False,False,,,,,,,,,,,,,,,,,,,,,,,,,
3630,新鉅科,False,excluded,excluded,0,0,False,False,,,,,,,,,,,,,,,,,,,,,,,,,
3631,晟楠,True,excluded,excluded,0,0,False,False,7.0,57.79,96.0,82.0,14.0,88.33116036505866,89.4393741851369,,價格與RS同步確認（RS20 +5.96）；連買天數不長，但V2不只依賴連買,Q1,0.15234375,0.0,82.92,51.76,5.964436297168508,87.35,3.5,12.5,2.5,6.0,25.0,8.29,,,
3632,研勤,False,excluded,excluded,0,0,False,False,,,,,,,,,,,,,,,,,,,,,,,,,
3645,達邁,True,excluded,excluded,0,0,False,False,5.0,38.33,294.0,240.0,54.0,64.27640156453715,68.83963494132985,,連買天數不長，但V2不只依賴連買,Q2,0.09783947640372029,0.0,73.27,51.76,-8.312683902839302,24.9,3.5,12.5,4.0,6.0,5.0,7.33,,,
3646,艾恩特,False,excluded,excluded,0,0,False,False,,,,,,,,,,,,,,,,,,,,,,,,,
3652,精聯,False,excluded,excluded,0,0,False,False,,,,,,,,,,,,,,,,,,,,,,,,,
3653,健策,False,excluded,excluded,0,0,False,False,,,,,,,,,,,,,,,,,,,,,,,,,
3661,世芯-KY,False,excluded,excluded,0,0,False,False,,,,,,,,,,,,,,,,,,,,,,,,,
3663,鑫科,True,excluded,excluded,0,0,False,False,7.0,33.88,97.0,328.0,-231.0,88.33116036505866,57.36636245110821,,V1連買訊號高（外資3日／投信0日）；全市場flow percentile偏低（外資P61、投信P52）；價格未確認（Q2、RS20 -16.99）；近期flow正在減速,Q2,0.05271761340416837,0.0,61.28,51.76,-16.98920167976139,9.13,3.5,12.5,4.0,2.75,5.0,6.13,,,
3664,安瑞-KY,False,excluded,excluded,0,0,False,False,,,,,,,,,,,,,,,,,,,,,,,,,
3665,貿聯-KY,True,other_watch,other_watch,49,49,False,False,6.0,50.26,148.0,151.0,-3.0,81.42112125162973,80.4432855280313,,實際介入強度低（強度分 3.2/25）；近期flow已轉負,Q1,-0.0037538685359079487,0.013014989198959574,45.63,95.05,18.42176565623467,97.91,3.5,3.25,5.5,3.5,25.0,9.51,,,
3666,光耀,False,excluded,excluded,0,0,False,False,,,,,,,,,,,,,,,,,,,,,,,,,
3669,圓展,False,excluded,excluded,0,0,False,False,,,,,,,,,,,,,,,,,,,,,,,,,
3672,康聯訊,False,excluded,excluded,0,0,False,False,,,,,,,,,,,,,,,,,,,,,,,,,
3673,TPK-KY,True,excluded,excluded,0,0,False,False,5.0,29.62,295.0,372.0,-77.0,64.27640156453715,51.62972620599739,,全市場flow percentile偏低（外資P58、投信P52）；價格未確認（Q2、RS20 -17.85）；近期flow已轉負,Q2,0.03934555211558308,0.0,57.76,51.76,-17.85066164836421,8.34,4.5,9.84,3.5,1.0,5.0,5.78,,,
3675,德微,True,excluded,excluded,0,0,False,False,0.0,7.0,669.0,595.0,74.0,19.621903520208605,23.598435462842243,D_V1_weak_V2_weak,連買天數不長，但V2不只依賴連買,Q4,-0.15566554863440346,0.0,12.26,51.76,-20.322880873739113,6.52,1.0,0.0,1.5,4.5,0.0,0.0,,,
3679,新至陞,True,excluded,excluded,0,0,False,False,0.0,8.0,670.0,513.0,157.0,19.621903520208605,33.96349413298566,,連買天數不長，但V2不只依賴連買,Q3,-0.11789719626168224,-0.0036261682242990654,17.99,9.39,0.5409467432441861,64.28,0.0,0.0,3.5,4.5,0.0,0.0,,,
3680,家登,False,excluded,excluded,0,0,False,False,,,,,,,,,,,,,,,,,,,,,,,,,
3684,榮昌,True,excluded,excluded,0,0,False,False,0.0,6.5,671.0,650.0,21.0,19.621903520208605,16.558018252933508,D_V1_weak_V2_weak,連買天數不長，但V2不只依賴連買,Q3,-0.006006006006006006,0.0,44.98,51.76,4.315804697789638,82.79,1.0,0.0,3.5,2.0,0.0,0.0,,,
3685,元創精密,False,excluded,excluded,0,0,False,False,,,,,,,,,,,,,,,,,,,,,,,,,
3686,達能,True,excluded,excluded,0,0,False,False,0.0,7.0,672.0,596.0,76.0,19.621903520208605,23.598435462842243,D_V1_weak_V2_weak,連買天數不長，但V2不只依賴連買,Q4,-0.12412587412587413,0.0,16.95,51.76,-7.029199160235045,29.47,0.0,0.0,3.0,4.0,0.0,0.0,,,
3687,歐買尬,False,excluded,excluded,0,0,False,False,,,,,,,,,,,,,,,,,,,,,,,,,
3689,湧德,False,excluded,excluded,0,0,False,False,,,,,,,,,,,,,,,,,,,,,,,,,
3691,碩禾,True,excluded,excluded,0,0,False,False,0.0,7.5,673.0,548.0,125.0,19.621903520208605,29.85658409387223,,連買天數不長，但V2不只依賴連買,Q4,-0.05480788675429727,0.0,31.81,51.76,-18.584927382629946,7.95,1.0,0.0,2.0,4.5,0.0,0.0,,,
3693,營邦,True,excluded,excluded,0,0,False,False,12.0,60.94,37.0,43.0,-6.0,96.08865710560626,94.52411994784876,B_V1_strong_V2_weak,實際介入強度低（強度分 5.7/25）；近期flow已轉負,Q1,0.02012973500243863,0.0026483498618110877,52.93,92.05,3.244980950345877,79.79,9.0,5.69,5.0,1.75,25.0,14.5,,,
3694,海華,False,excluded,excluded,0,0,False,False,,,,,,,,,,,,,,,,,,,,,,,,,
3701,大眾控,True,excluded,excluded,0,0,False,False,0.0,7.5,674.0,549.0,125.0,19.621903520208605,29.85658409387223,,連買天數不長，但V2不只依賴連買,Q3,-0.17553325753268903,0.0,10.3,51.76,2.225504497912645,75.23,0.0,0.0,3.0,4.5,0.0,0.0,,,
3702,大聯大,True,wait_pullback,wait_pullback,32,32,False,False,9.0,52.08,44.0,141.0,-97.0,94.58930899608866,81.7470664928292,,V1連買訊號高（外資1日／投信3日）；實際介入強度低（強度分 2.4/25）；近期flow正在減速,Q1,-0.005610108189212667,0.009619600410645187,45.24,94.26,12.106603308900754,95.31,4.5,2.4,6.0,4.75,25.0,9.43,,,
3703,欣陸,True,excluded,excluded,0,0,False,False,3.0,28.02,424.0,380.0,44.0,45.436766623207305,50.58670143415907,,動能較佳（外資 stable／投信 accelerating）,Q4,-0.2901675737611,0.00014322543683758235,4.69,89.83,-0.7076708192420011,56.71,4.5,0.04,6.0,8.5,0.0,8.98,,,
3704,合勤控,False,excluded,excluded,0,0,False,False,,,,,,,,,,,,,,,,,,,,,,,,,
3705,永信,False,excluded,excluded,0,0,False,False,,,,,,,,,,,,,,,,,,,,,,,,,
3706,神達,False,excluded,excluded,0,0,False,False,,,,,,,,,,,,,,,,,,,,,,,,,
3707,漢磊,True,excluded,excluded,0,0,False,False,5.0,19.97,296.0,443.0,-147.0,64.27640156453715,42.3728813559322,,實際介入強度低（強度分 2.5/25）；全市場flow percentile偏低（外資P50、投信P52）；價格未確認（Q2、RS20 -26.14）；近期flow已轉負,Q2,0.01001109267598957,0.0,49.67,51.76,-26.139010726186974,2.35,3.5,2.5,3.0,1.0,5.0,4.97,,,
3708,上緯投控,False,excluded,excluded,0,0,False,False,,,,,,,,,,,,,,,,,,,,,,,,,
3709,鑫聯大投控,True,wait_pullback,wait_pullback,37,37,False,False,7.0,40.29,98.0,193.0,-95.0,88.33116036505866,74.96740547588006,,V1連買訊號高（外資7日／投信0日）；價格未確認（Q2、RS20 -1.34）,Q2,0.19626995884773663,0.0,87.87,51.76,-1.3386601363627015,52.67,3.5,12.5,4.5,6.0,5.0,8.79,,,
3710,連展投控,False,excluded,excluded,0,0,False,False,,,,,,,,,,,,,,,,,,,,,,,,,
3711,日月光投控,False,excluded,excluded,0,0,False,False,,,,,,,,,,,,,,,,,,,,,,,,,
3712,永崴投控,False,excluded,excluded,0,0,False,False,,,,,,,,,,,,,,,,,,,,,,,,,
3713,新晶投控,False,excluded,excluded,0,0,False,False,,,,,,,,,,,,,,,,,,,,,,,,,
3714,富采,True,excluded,excluded,0,0,False,False,5.0,29.13,297.0,375.0,-78.0,64.27640156453715,51.23859191655802,,全市場flow percentile偏低（外資P57、投信P52）；價格未確認（Q2、RS20 -2.12）；近期flow已轉負,Q2,0.037623110108446135,0.0,57.24,51.76,-2.1243764393203746,47.07,4.5,9.41,3.5,1.0,5.0,5.72,,,
3715,定穎投控,True,excluded,excluded,0,0,False,False,5.0,27.79,298.0,384.0,-86.0,64.27640156453715,50.0651890482399,,實際介入強度低（強度分 4.1/25）；全市場flow percentile偏低（外資P52、投信P12）；價格未確認（Q2、RS20 -11.85）,Q2,0.01634790823211876,-0.0013195381616434249,52.02,11.86,-11.851730024432584,16.04,4.5,4.09,3.0,6.0,5.0,5.2,,,
3716,中化控股,True,excluded,excluded,0,0,False,False,5.0,57.05,299.0,93.0,206.0,64.27640156453715,88.00521512385919,C_V1_weak_V2_strong,價格與RS同步確認（RS20 +2.14）；連買天數不長，但V2不只依賴連買,Q1,0.107507307567392,0.0,75.49,51.76,2.1399843294062193,74.45,3.5,12.5,2.5,6.0,25.0,7.55,,,
3717,聯嘉投控,False,excluded,excluded,0,0,False,False,,,,,,,,,,,,,,,,,,,,,,,,,
4102,永日,True,excluded,excluded,0,0,False,False,5.0,30.08,300.0,369.0,-69.0,64.27640156453715,52.02086049543677,,全市場flow percentile偏低（外資P61、投信P52）；價格未確認（Q2、RS20 -6.13）；近期flow已轉負,Q2,0.05,0.0,60.76,51.76,-6.129814927517497,33.25,3.5,12.5,2.0,1.0,5.0,6.08,,,
4104,佳醫,True,excluded,excluded,0,0,False,False,0.0,6.5,675.0,651.0,24.0,19.621903520208605,16.558018252933508,D_V1_weak_V2_weak,連買天數不長，但V2不只依賴連買,Q3,-0.21183665835411472,0.0,7.69,51.76,1.7027057762903364,71.71,0.0,0.0,2.5,4.0,0.0,0.0,,,
4105,東洋,False,excluded,excluded,0,0,False,False,,,,,,,,,,,,,,,,,,,,,,,,,
4106,雃博,False,excluded,excluded,0,0,False,False,,,,,,,,,,,,,,,,,,,,,,,,,
4107,邦特,False,excluded,excluded,0,0,False,False,,,,,,,,,,,,,,,,,,,,,,,,,
4108,懷特,False,excluded,excluded,0,0,False,False,,,,,,,,,,,,,,,,,,,,,,,,,
4109,加捷生醫,True,excluded,excluded,0,0,False,False,0.0,7.0,676.0,597.0,79.0,19.621903520208605,23.598435462842243,D_V1_weak_V2_weak,連買天數不長，但V2不只依賴連買,Q4,-0.06542056074766354,0.0,29.34,51.76,-4.046524608933044,39.11,0.0,0.0,3.0,4.0,0.0,0.0,,,
4111,濟生,False,excluded,excluded,0,0,False,False,,,,,,,,,,,,,,,,,,,,,,,,,
4113,聯上,True,excluded,excluded,0,0,False,False,5.0,58.14,301.0,78.0,223.0,64.27640156453715,89.96088657105607,C_V1_weak_V2_strong,價格與RS同步確認（RS20 +1.67）；連買天數不長，但V2不只依賴連買,Q1,0.11201298701298701,0.0,76.4,51.76,1.6666331373869414,71.45,3.5,12.5,3.5,6.0,25.0,7.64,,,
4114,健喬,False,excluded,excluded,0,0,False,False,,,,,,,,,,,,,,,,,,,,,,,,,
4116,明基醫,True,excluded,excluded,0,0,False,False,5.0,52.98,302.0,134.0,168.0,64.27640156453715,82.65971316818775,C_V1_weak_V2_strong,價格與RS同步確認（RS20 +4.78）；連買天數不長，但V2不只依賴連買,Q1,0.12950243902439024,0.0,79.79,51.76,4.776456995703581,84.88,3.5,12.5,3.0,1.0,25.0,7.98,,,
4119,旭富,False,excluded,excluded,0,0,False,False,,,,,,,,,,,,,,,,,,,,,,,,,
4120,友華,True,excluded,excluded,0,0,False,False,7.0,56.5,99.0,102.0,-3.0,88.33116036505866,86.83181225554108,,V1連買訊號高（外資4日／投信0日）；近期flow正在減速,Q1,0.19298245614035087,0.0,87.48,51.76,4.363913250421215,83.05,3.5,12.5,4.0,2.75,25.0,8.75,,,
4121,優盛,False,excluded,excluded,0,0,False,False,,,,,,,,,,,,,,,,,,,,,,,,,
4123,晟德,True,high_priority_watch,high_priority_watch,51,51,False,False,3.0,25.02,425.0,405.0,20.0,45.436766623207305,47.327249022164274,,連買天數不長，但V2不只依賴連買,Q3,-0.028878804263865288,0.01583500695195427,37.81,95.57,4.543455404097141,83.83,3.5,3.96,4.0,4.0,0.0,9.56,28.0,26.0,2.0
4126,太醫,False,excluded,excluded,0,0,False,False,,,,,,,,,,,,,,,,,,,,,,,,,
4127,天良,True,excluded,excluded,0,0,False,False,5.0,53.17,303.0,131.0,172.0,64.27640156453715,83.05084745762711,C_V1_weak_V2_strong,價格與RS同步確認（RS20 +25.02）；連買天數不長，但V2不只依賴連買,Q1,0.11271367521367522,0.0,76.66,51.76,25.02326997556742,99.09,3.5,12.5,3.5,1.0,25.0,7.67,,,
4128,中天,False,excluded,excluded,0,0,False,False,,,,,,,,,,,,,,,,,,,,,,,,,
4129,聯合,False,excluded,excluded,0,0,False,False,,,,,,,,,,,,,,,,,,,,,,,,,
4131,浩泰,False,excluded,excluded,0,0,False,False,,,,,,,,,,,,,,,,,,,,,,,,,
4133,亞諾法,True,excluded,excluded,0,0,False,False,5.0,53.91,304.0,127.0,177.0,64.27640156453715,83.57235984354628,C_V1_weak_V2_strong,價格與RS同步確認（RS20 +4.65）；連買天數不長，但V2不只依賴連買,Q1,0.1269034749034749,0.0,79.14,51.76,4.6540287831554945,84.22,3.5,12.5,3.0,2.0,25.0,7.91,,,
4137,麗豐-KY,True,excluded,excluded,0,0,False,False,5.0,50.68,305.0,148.0,157.0,64.27640156453715,80.83441981747066,C_V1_weak_V2_strong,價格與RS同步確認（RS20 +1.10）；連買天數不長，但V2不只依賴連買,Q1,0.038729545454545454,-0.0038136363636363637,57.5,9.0,1.0998763314013282,68.84,4.5,9.68,3.0,2.75,25.0,5.75,,,
4138,曜亞,True,excluded,excluded,0,0,False,False,0.0,6.5,677.0,652.0,25.0,19.621903520208605,16.558018252933508,D_V1_weak_V2_weak,連買天數不長，但V2不只依賴連買,Q3,-0.06097560975609756,0.0,29.86,51.76,0.800179697789638,67.01,0.0,0.0,2.5,4.0,0.0,0.0,,,
4139,馬光-KY,False,excluded,excluded,0,0,False,False,,,,,,,,,,,,,,,,,,,,,,,,,
4142,國光生,False,excluded,excluded,0,0,False,False,,,,,,,,,,,,,,,,,,,,,,,,,
4147,中裕,True,excluded,excluded,0,0,False,False,5.0,38.16,306.0,244.0,62.0,64.27640156453715,68.31812255541068,,連買天數不長，但V2不只依賴連買,Q2,0.0690745086535641,0.0,66.62,51.76,-4.136700648244574,38.85,4.5,12.5,3.5,6.0,5.0,6.66,,,
4148,全宇生技-KY,True,excluded,excluded,0,0,False,False,5.0,40.1,307.0,196.0,111.0,64.27640156453715,74.57627118644068,,連買天數不長，但V2不只依賴連買,Q2,0.18518518518518517,0.0,86.05,51.76,4.542789495086918,83.7,3.5,12.5,4.5,6.0,5.0,8.6,,,
4153,鈺緯,False,excluded,excluded,0,0,False,False,,,,,,,,,,,,,,,,,,,,,,,,,
4154,樂威科-KY,False,excluded,excluded,0,0,False,False,,,,,,,,,,,,,,,,,,,,,,,,,
4155,訊映,True,excluded,excluded,0,0,False,False,5.0,36.03,308.0,297.0,11.0,64.27640156453715,61.408083441981745,,連買天數不長，但V2不只依賴連買,Q2,0.06645230439442658,0.0,65.32,51.76,-5.394284160037843,35.85,3.5,12.5,2.5,6.0,5.0,6.53,,,
4157,太景*-KY,True,excluded,excluded,0,0,False,False,5.0,37.2,309.0,273.0,36.0,64.27640156453715,64.47196870925684,,連買天數不長，但V2不只依賴連買,Q2,0.09245701235894681,0.0,71.97,51.76,-1.5800957081454126,50.72,3.5,12.5,3.0,6.0,5.0,7.2,,,
4160,訊聯基因,False,excluded,excluded,0,0,False,False,,,,,,,,,,,,,,,,,,,,,,,,,
4161,聿新科,False,excluded,excluded,0,0,False,False,,,,,,,,,,,,,,,,,,,,,,,,,
4162,智擎,True,excluded,excluded,0,0,False,False,5.0,39.0,310.0,221.0,89.0,64.27640156453715,71.31681877444589,,連買天數不長，但V2不只依賴連買,Q2,0.18020441097364173,0.0,85.01,51.76,-0.9742047719073277,54.5,3.5,12.5,3.5,6.0,5.0,8.5,,,
4163,鐿鈦,True,excluded,excluded,0,0,False,False,5.0,55.52,311.0,115.0,196.0,64.27640156453715,85.13689700130378,C_V1_weak_V2_strong,價格與RS同步確認（RS20 +20.04）；連買天數不長，但V2不只依賴連買,Q1,0.118475,0.0,77.71,51.76,20.043111245408685,98.31,4.5,12.5,3.0,2.75,25.0,7.77,,,
4164,承業醫,True,excluded,excluded,0,0,False,False,5.0,33.55,312.0,334.0,-22.0,64.27640156453715,56.58409387222947,,全市場flow percentile偏低（外資P58、投信P52）；價格未確認（Q2、RS20 -6.31）,Q2,0.03916883599851246,0.0,57.63,51.76,-6.308855628297328,32.07,3.5,9.79,3.5,6.0,5.0,5.76,,,
4166,友霖,False,excluded,excluded,0,0,False,False,,,,,,,,,,,,,,,,,,,,,,,,,
4167,松瑞藥,False,excluded,excluded,0,0,False,False,,,,,,,,,,,,,,,,,,,,,,,,,
4168,醣聯,True,excluded,excluded,0,0,False,False,0.0,6.5,678.0,653.0,25.0,19.621903520208605,16.558018252933508,D_V1_weak_V2_weak,連買天數不長，但V2不只依賴連買,Q4,-0.12110091743119267,0.0,17.21,51.76,-6.089528045125336,33.38,0.0,0.0,2.0,4.5,0.0,0.0,,,
4169,泰宗,False,excluded,excluded,0,0,False,False,,,,,,,,,,,,,,,,,,,,,,,,,
4171,瑞基,True,excluded,excluded,0,0,False,False,5.0,31.25,313.0,357.0,-44.0,64.27640156453715,53.58539765319426,,全市場flow percentile偏低（外資P68、投信P52）；價格未確認（Q2、RS20 +3.99）；近期flow已轉負,Q2,0.07481231079717457,0.0,67.54,51.76,3.9895041738375325,81.29,3.5,12.5,2.5,1.0,5.0,6.75,,,
4173,久裕,False,excluded,excluded,0,0,False,False,,,,,,,,,,,,,,,,,,,,,,,,,
4174,浩鼎,False,excluded,excluded,0,0,False,False,,,,,,,,,,,,,,,,,,,,,,,,,
4175,杏一,False,excluded,excluded,0,0,False,False,,,,,,,,,,,,,,,,,,,,,,,,,
4178,永笙-KY,True,excluded,excluded,0,0,False,False,0.0,5.5,679.0,714.0,-35.0,19.621903520208605,7.496740547588006,D_V1_weak_V2_weak,實際介入強度低（強度分 0.0/25）；全市場flow percentile偏低（外資P6、投信P52）；價格未確認（Q4、RS20 -1.21）,Q4,-0.25183314285714287,0.0,5.74,51.76,-1.214452553591594,53.46,0.0,0.0,1.0,4.5,0.0,0.0,,,
4183,福永生技,False,excluded,excluded,0,0,False,False,,,,,,,,,,,,,,,,,,,,,,,,,
4188,安克,False,excluded,excluded,0,0,False,False,,,,,,,,,,,,,,,,,,,,,,,,,
4190,佐登-KY,True,excluded,excluded,0,0,False,False,5.0,38.52,314.0,233.0,81.0,64.27640156453715,69.75228161668839,,連買天數不長，但V2不只依賴連買,Q2,0.22641509433962265,0.0,90.22,51.76,-0.5548953991095895,57.89,3.5,12.5,2.5,6.0,5.0,9.02,,,
4192,杏國,False,excluded,excluded,0,0,False,False,,,,,,,,,,,,,,,,,,,,,,,,,
4195,基米-創,True,excluded,excluded,0,0,False,False,0.0,6.5,680.0,654.0,26.0,19.621903520208605,16.558018252933508,D_V1_weak_V2_weak,連買天數不長，但V2不只依賴連買,Q4,-0.14935064935064934,0.0,12.91,51.76,-11.540950950898399,16.69,0.0,0.0,2.0,4.5,0.0,0.0,,,
4198,欣大健康,True,excluded,excluded,0,0,False,False,0.0,3.0,681.0,764.0,-83.0,19.621903520208605,0.5867014341590613,D_V1_weak_V2_weak,實際介入強度低（強度分 0.0/25）；全市場flow percentile偏低（外資P22、投信P52）,Q3,-0.09090909090909091,0.0,22.16,51.76,0.15716884449622492,62.58,0.0,0.0,1.0,2.0,0.0,0.0,,,
4205,中華食,False,excluded,excluded,0,0,False,False,,,,,,,,,,,,,,,,,,,,,,,,,
4207,環泰,False,excluded,excluded,0,0,False,False,,,,,,,,,,,,,,,,,,,,,,,,,
4303,信立,True,excluded,excluded,0,0,False,False,7.0,37.46,100.0,262.0,-162.0,88.33116036505866,65.97131681877445,,V1連買訊號高（外資9日／投信0日）；價格未確認（Q2、RS20 -0.32）；近期flow正在減速,Q2,0.2504240039350713,0.0,92.05,51.76,-0.32029727589457657,58.93,3.5,12.5,4.5,2.75,5.0,9.21,,,
4304,勝昱,False,excluded,excluded,0,0,False,False,,,,,,,,,,,,,,,,,,,,,,,,,
4305,世坤,False,excluded,excluded,0,0,False,False,,,,,,,,,,,,,,,,,,,,,,,,,
4306,炎洲,True,excluded,excluded,0,0,False,False,5.0,31.35,315.0,356.0,-41.0,64.27640156453715,53.71577574967405,,全市場flow percentile偏低（外資P63、投信P52）；價格未確認（Q2、RS20 -1.38）；近期flow已轉負,Q2,0.06073537964458805,0.0,63.49,51.76,-1.3773891581425612,52.28,3.5,12.5,3.0,1.0,5.0,6.35,,,
4401,東隆興,False,excluded,excluded,0,0,False,False,,,,,,,,,,,,,,,,,,,,,,,,,
4402,郡都開發,False,excluded,excluded,0,0,False,False,,,,,,,,,,,,,,,,,,,,,,,,,
4406,新昕纖,False,excluded,excluded,0,0,False,False,,,,,,,,,,,,,,,,,,,,,,,,,
4413,飛寶企業,False,excluded,excluded,0,0,False,False,,,,,,,,,,,,,,,,,,,,,,,,,
4414,如興,True,excluded,excluded,0,0,False,False,2.0,22.55,461.0,430.0,31.0,41.19947848761408,44.06779661016949,,連買天數不長，但V2不只依賴連買,Q2,0.004842615012106538,0.0,48.37,51.76,-1.247719136330805,53.19,3.5,1.21,2.0,6.0,5.0,4.84,,,
4416,三圓,False,excluded,excluded,0,0,False,False,,,,,,,,,,,,,,,,,,,,,,,,,
4417,金洲,False,excluded,excluded,0,0,False,False,,,,,,,,,,,,,,,,,,,,,,,,,
4419,皇家美食,False,excluded,excluded,0,0,False,False,,,,,,,,,,,,,,,,,,,,,,,,,
4420,光明,False,excluded,excluded,0,0,False,False,,,,,,,,,,,,,,,,,,,,,,,,,
4426,利勤,True,excluded,excluded,0,0,False,False,0.0,7.0,682.0,598.0,84.0,19.621903520208605,23.598435462842243,D_V1_weak_V2_weak,連買天數不長，但V2不只依賴連買,Q4,-0.05056179775280899,0.0,32.59,51.76,-1.587533632468674,50.52,0.0,0.0,3.0,4.0,0.0,0.0,,,
4430,耀億,False,excluded,excluded,0,0,False,False,,,,,,,,,,,,,,,,,,,,,,,,,
4432,銘旺實,False,excluded,excluded,0,0,False,False,,,,,,,,,,,,,,,,,,,,,,,,,
4433,興采,False,excluded,excluded,0,0,False,False,,,,,,,,,,,,,,,,,,,,,,,,,
4438,廣越,True,excluded,excluded,0,0,False,False,5.0,60.2,316.0,54.0,262.0,64.27640156453715,93.08996088657105,C_V1_weak_V2_strong,價格與RS同步確認（RS20 +0.67）；連買天數不長，但V2不只依賴連買,Q1,0.3502626970227671,0.0,97.0,51.76,0.6676233453306146,65.84,3.5,12.5,3.5,6.0,25.0,9.7,,,
4439,冠星-KY,True,excluded,excluded,0,0,False,False,3.0,8.0,426.0,514.0,-88.0,45.436766623207305,33.96349413298566,,實際介入強度低（強度分 0.0/25）；全市場flow percentile偏低（外資P42、投信P52）,Q3,-0.015267175572519083,0.0,41.98,51.76,1.476261428558867,70.66,1.0,0.0,2.5,4.5,0.0,0.0,,,
4440,宜新實業,True,excluded,excluded,0,0,False,False,0.0,5.5,683.0,715.0,-32.0,19.621903520208605,7.496740547588006,D_V1_weak_V2_weak,實際介入強度低（強度分 0.0/25）；全市場flow percentile偏低（外資P46、投信P52）,,0.0,0.0,46.41,51.76,7.082448719528777,88.92,0.0,0.0,3.5,2.0,0.0,0.0,,,
4441,振大環球,False,excluded,excluded,0,0,False,False,,,,,,,,,,,,,,,,,,,,,,,,,
4442,竣邦-KY,True,excluded,excluded,0,0,False,False,0.0,6.0,684.0,687.0,-3.0,19.621903520208605,11.147327249022164,D_V1_weak_V2_weak,實際介入強度低（強度分 0.0/25）；全市場flow percentile偏低（外資P3、投信P52）；價格未確認（Q4、RS20 +6.04）,Q4,-0.32639296187683287,0.0,3.13,51.76,6.035814778434789,87.61,0.0,0.0,2.0,4.0,0.0,0.0,,,
4502,健信,False,excluded,excluded,0,0,False,False,,,,,,,,,,,,,,,,,,,,,,,,,
4503,金雨,True,excluded,excluded,0,0,False,False,0.0,4.5,685.0,744.0,-59.0,19.621903520208605,3.455019556714472,D_V1_weak_V2_weak,實際介入強度低（強度分 0.0/25）；全市場flow percentile偏低（外資P33、投信P52）；價格未確認（Q4、RS20 -30.70）,Q4,-0.04967602591792657,0.0,32.86,51.76,-30.702621009757536,0.91,0.0,0.0,2.5,2.0,0.0,0.0,,,
4506,崇友,True,excluded,excluded,0,0,False,False,5.0,31.12,317.0,361.0,-44.0,64.27640156453715,53.063885267275104,,全市場flow percentile偏低（外資P60、投信P52）；價格未確認（Q2、RS20 +0.18）；近期flow已轉負,Q2,0.04659850374064838,0.0,59.71,51.76,0.17916566717739446,62.97,3.5,11.65,4.0,1.0,5.0,5.97,,,
4510,高鋒,True,excluded,excluded,0,0,False,False,5.0,38.09,318.0,245.0,73.0,64.27640156453715,68.1877444589309,,連買天數不長，但V2不只依賴連買,Q2,0.08400989499192246,0.0,70.93,51.76,-3.112489022867637,43.42,3.5,12.5,4.0,6.0,5.0,7.09,,,
4513,福裕,True,excluded,excluded,0,0,False,False,0.0,7.0,686.0,599.0,87.0,19.621903520208605,23.598435462842243,D_V1_weak_V2_weak,連買天數不長，但V2不只依賴連買,Q4,-0.018117392558407844,0.0,40.42,51.76,-3.058561856264419,43.81,0.0,0.0,2.5,4.5,0.0,0.0,,,
4523,永彰,True,excluded,excluded,0,0,False,False,5.0,50.62,319.0,149.0,170.0,64.27640156453715,80.70404172099087,C_V1_weak_V2_strong,價格與RS同步確認（RS20 +4.62）；連買天數不長，但V2不只依賴連買,Q1,0.030100334448160536,0.0,55.93,51.76,4.617222580083402,84.09,3.5,7.53,3.0,6.0,25.0,5.59,,,
4526,東台,False,excluded,excluded,0,0,False,False,,,,,,,,,,,,,,,,,,,,,,,,,
4527,方土霖,False,excluded,excluded,0,0,False,False,,,,,,,,,,,,,,,,,,,,,,,,,
4528,江興鍛,False,excluded,excluded,0,0,False,False,,,,,,,,,,,,,,,,,,,,,,,,,
4529,淳紳,True,excluded,excluded,0,0,False,False,5.0,16.6,320.0,456.0,-136.0,64.27640156453715,40.67796610169492,,實際介入強度低（強度分 1.7/25）；全市場flow percentile偏低（外資P49、投信P52）；價格未確認（Q2、RS20 -11.17）；近期flow已轉負,Q2,0.006802721088435374,0.0,49.02,51.76,-11.169456255818611,17.86,3.5,1.7,0.5,1.0,5.0,4.9,,,
4530,宏易,True,excluded,excluded,0,0,False,False,0.0,2.5,687.0,766.0,-79.0,19.621903520208605,0.2607561929595828,D_V1_weak_V2_weak,實際介入強度低（強度分 0.0/25）；全市場flow percentile偏低（外資P29、投信P52）；價格未確認（Q4、RS20 -3.30）,Q4,-0.06666666666666667,0.0,29.07,51.76,-3.303573222771106,42.37,0.0,0.0,0.5,2.0,0.0,0.0,,,
4532,瑞智,False,excluded,excluded,0,0,False,False,,,,,,,,,,,,,,,,,,,,,,,,,
4533,協易機,True,excluded,excluded,0,0,False,False,5.0,26.5,321.0,395.0,-74.0,64.27640156453715,48.63102998696219,,全市場flow percentile偏低（外資P56、投信P52）；價格未確認（Q2、RS20 -11.38）；近期flow已轉負,Q2,0.031526466380543634,0.0,56.19,51.76,-11.37564182282892,17.08,3.5,7.88,3.5,1.0,5.0,5.62,,,
4534,慶騰,False,excluded,excluded,0,0,False,False,,,,,,,,,,,,,,,,,,,,,,,,,
4535,至興,False,excluded,excluded,0,0,False,False,,,,,,,,,,,,,,,,,,,,,,,,,
4536,拓凱,True,other_watch,other_watch,25,25,False,False,7.0,57.88,101.0,79.0,22.0,88.33116036505866,89.83050847457628,,價格與RS同步確認（RS20 +1.00）,Q1,0.23355851755526658,-0.07802340702210664,91.26,0.91,0.995492197789638,68.12,3.5,12.5,5.0,2.75,25.0,9.13,,,
4538,大詠城,False,excluded,excluded,0,0,False,False,,,,,,,,,,,,,,,,,,,,,,,,,
4540,全球傳動,True,excluded,excluded,0,0,False,False,0.0,7.5,688.0,550.0,138.0,19.621903520208605,29.85658409387223,,連買天數不長，但V2不只依賴連買,Q3,-0.026491212215643503,0.0,38.33,51.76,3.2177144200118524,79.53,0.0,0.0,3.0,4.5,0.0,0.0,,,
4541,晟田,True,other_watch,other_watch,44,44,False,False,5.0,27.41,322.0,388.0,-66.0,64.27640156453715,49.54367666232073,,全市場flow percentile偏低（外資P56、投信P52）；價格未確認（Q2、RS20 -1.54）；近期flow正在減速,Q2,0.0302045395421436,0.0,56.06,51.76,-1.5380398439391096,51.11,3.5,7.55,3.0,2.75,5.0,5.61,,,
4542,科嶠,False,excluded,excluded,0,0,False,False,,,,,,,,,,,,,,,,,,,,,,,,,
4543,萬在,True,excluded,excluded,0,0,False,False,5.0,31.02,323.0,362.0,-39.0,64.27640156453715,52.9335071707953,,全市場flow percentile偏低（外資P65、投信P52）；價格未確認（Q2、RS20 -6.94）；近期flow已轉負,Q2,0.0662739322533137,0.0,65.19,51.76,-6.9410157387183045,29.86,3.5,12.5,2.5,1.0,5.0,6.52,,,
4545,銘鈺,False,excluded,excluded,0,0,False,False,,,,,,,,,,,,,,,,,,,,,,,,,
4549,桓達,True,excluded,excluded,0,0,False,False,7.0,39.62,102.0,205.0,-103.0,88.33116036505866,73.40286831812256,,V1連買訊號高（外資4日／投信0日）；價格未確認（Q2、RS20 -7.74）,Q2,0.1868583162217659,0.0,86.18,51.76,-7.739447561246493,26.6,3.5,12.5,4.0,6.0,5.0,8.62,,,
4550,長佳,False,excluded,excluded,0,0,False,False,,,,,,,,,,,,,,,,,,,,,,,,,
4551,智伸科,True,excluded,excluded,0,0,False,False,6.0,38.97,149.0,222.0,-73.0,81.42112125162973,71.1864406779661,,V1連買訊號高（外資0日／投信3日）；價格未確認（Q4、RS20 -17.70）,Q4,-0.2573422018348624,0.13555045871559632,5.61,99.74,-17.696096587257095,8.47,3.5,12.5,4.5,8.5,0.0,9.97,,,
4552,力達-KY,True,excluded,excluded,0,0,False,False,7.0,40.59,103.0,189.0,-86.0,88.33116036505866,75.48891786179922,,V1連買訊號高（外資3日／投信0日）；價格未確認（Q2、RS20 -8.52）,Q2,0.18456883509833585,0.0,85.92,51.76,-8.516075925603673,24.38,4.5,12.5,4.0,6.0,5.0,8.59,,,
4554,橙的,False,excluded,excluded,0,0,False,False,,,,,,,,,,,,,,,,,,,,,,,,,
4555,氣立,True,excluded,excluded,0,0,False,False,5.0,39.39,324.0,211.0,113.0,64.27640156453715,72.6205997392438,,價格與RS同步確認（RS20 +1.41）；連買天數不長，但V2不只依賴連買,Q1,0.0007905138339920949,0.0,46.94,51.76,1.4078633318102551,69.88,4.5,0.2,4.0,1.0,25.0,4.69,,,
4556,旭然,False,excluded,excluded,0,0,False,False,,,,,,,,,,,,,,,,,,,,,,,,,
4557,永新-KY,False,excluded,excluded,0,0,False,False,,,,,,,,,,,,,,,,,,,,,,,,,
4558,寶緯,False,excluded,excluded,0,0,False,False,,,,,,,,,,,,,,,,,,,,,,,,,
4560,強信-KY,False,excluded,excluded,0,0,False,False,,,,,,,,,,,,,,,,,,,,,,,,,
4561,健椿,True,excluded,excluded,0,0,False,False,0.0,4.5,689.0,745.0,-56.0,19.621903520208605,3.455019556714472,D_V1_weak_V2_weak,實際介入強度低（強度分 0.0/25）；全市場flow percentile偏低（外資P44、投信P52）,Q3,-0.010115606936416185,0.0,43.81,51.76,7.323035622107266,89.31,0.0,0.0,2.5,2.0,0.0,0.0,,,
4562,穎漢,True,excluded,excluded,0,0,False,False,0.0,5.0,690.0,728.0,-38.0,19.621903520208605,5.215123859191656,D_V1_weak_V2_weak,實際介入強度低（強度分 0.0/25）；全市場flow percentile偏低（外資P40、投信P52）；價格未確認（Q4、RS20 -3.70）,Q4,-0.02029243937232525,0.0,39.9,51.76,-3.6965899136473186,40.68,0.0,0.0,3.0,2.0,0.0,0.0,,,
4563,百德,True,excluded,excluded,0,0,False,False,7.0,37.2,104.0,274.0,-170.0,88.33116036505866,64.47196870925684,,V1連買訊號高（外資5日／投信0日）；價格未確認（Q2、RS20 -6.91）；近期flow正在減速,Q2,0.28034682080924855,0.0,94.52,51.76,-6.911484546396407,30.12,3.5,12.5,4.0,2.75,5.0,9.45,,,
4564,元翎,True,excluded,excluded,0,0,False,False,0.0,6.0,691.0,688.0,3.0,19.621903520208605,11.147327249022164,D_V1_weak_V2_weak,連買天數不長，但V2不只依賴連買,Q4,-0.03596233521657251,0.0,35.72,51.76,-18.76641256411512,7.82,0.0,0.0,2.0,4.0,0.0,0.0,,,
4566,時碩工業,False,excluded,excluded,0,0,False,False,,,,,,,,,,,,,,,,,,,,,,,,,
4568,科際精密,False,excluded,excluded,0,0,False,False,,,,,,,,,,,,,,,,,,,,,,,,,
4569,六方科-KY,True,excluded,excluded,0,0,False,False,5.0,57.74,325.0,84.0,241.0,64.27640156453715,89.17861799217731,C_V1_weak_V2_strong,價格與RS同步確認（RS20 +5.60）；連買天數不長，但V2不只依賴連買,Q1,0.14759036144578314,0.0,82.4,51.76,5.596719191654664,86.83,3.5,12.5,2.5,6.0,25.0,8.24,,,
4571,鈞興-KY,False,excluded,excluded,0,0,False,False,,,,,,,,,,,,,,,,,,,,,,,,,
4572,駐龍,False,excluded,excluded,0,0,False,False,,,,,,,,,,,,,,,,,,,,,,,,,
4576,大銀微系統,True,excluded,excluded,0,0,False,False,3.0,5.5,427.0,716.0,-289.0,45.436766623207305,7.496740547588006,D_V1_weak_V2_weak,實際介入強度低（強度分 0.0/25）；全市場flow percentile偏低（外資P45、投信P52）,Q3,-0.00528710616891713,0.0,45.37,51.76,9.110050670343327,91.92,0.0,0.0,3.5,2.0,0.0,0.0,,,
4577,達航科技,False,excluded,excluded,0,0,False,False,,,,,,,,,,,,,,,,,,,,,,,,,
4580,捷流閥業,False,excluded,excluded,0,0,False,False,,,,,,,,,,,,,,,,,,,,,,,,,
4581,光隆精密-KY,False,excluded,excluded,0,0,False,False,,,,,,,,,,,,,,,,,,,,,,,,,
4582,聚恆-創,False,excluded,excluded,0,0,False,False,,,,,,,,,,,,,,,,,,,,,,,,,
4583,台灣精銳,True,excluded,excluded,0,0,False,False,5.0,36.75,326.0,284.0,42.0,64.27640156453715,63.10299869621904,,連買天數不長，但V2不只依賴連買,Q2,0.05639036144578313,0.0,62.45,51.76,-16.467440256905586,9.78,3.5,12.5,3.5,6.0,5.0,6.25,,,
4584,君帆,False,excluded,excluded,0,0,False,False,,,,,,,,,,,,,,,,,,,,,,,,,
4585,達明,False,excluded,excluded,0,0,False,False,,,,,,,,,,,,,,,,,,,,,,,,,
4588,玖鼎電力,False,excluded,excluded,0,0,False,False,,,,,,,,,,,,,,,,,,,,,,,,,
4590,富田-創,False,excluded,excluded,0,0,False,False,,,,,,,,,,,,,,,,,,,,,,,,,
4609,唐鋒,False,excluded,excluded,0,0,False,False,,,,,,,,,,,,,,,,,,,,,,,,,
4702,中美實,False,excluded,excluded,0,0,False,False,,,,,,,,,,,,,,,,,,,,,,,,,
4706,大恭,True,excluded,excluded,0,0,False,False,0.0,4.5,692.0,746.0,-54.0,19.621903520208605,3.455019556714472,D_V1_weak_V2_weak,實際介入強度低（強度分 0.0/25）；全市場flow percentile偏低（外資P1、投信P52）；價格未確認（Q4、RS20 -0.25）,Q4,-0.45,0.0,0.91,51.76,-0.2545078022103575,59.32,0.0,0.0,0.0,4.5,0.0,0.0,,,
4707,磐亞,False,excluded,excluded,0,0,False,False,,,,,,,,,,,,,,,,,,,,,,,,,
4711,永純,False,excluded,excluded,0,0,False,False,,,,,,,,,,,,,,,,,,,,,,,,,
4714,永捷,True,excluded,excluded,0,0,False,False,5.0,32.81,327.0,340.0,-13.0,64.27640156453715,55.80182529335072,,全市場flow percentile偏低（外資P63、投信P52）；價格未確認（Q2、RS20 -6.46）,Q2,0.0586360340479193,0.0,63.1,51.76,-6.460648153087556,31.68,3.5,12.5,3.5,2.0,5.0,6.31,,,
4716,大立,False,excluded,excluded,0,0,False,False,,,,,,,,,,,,,,,,,,,,,,,,,
4720,德淵,True,excluded,excluded,0,0,False,False,5.0,39.18,328.0,217.0,111.0,64.27640156453715,71.83833116036506,,連買天數不長，但V2不只依賴連買,Q2,0.14149772445179976,0.0,81.75,51.76,-12.104944483433068,15.38,3.5,12.5,4.0,6.0,5.0,8.18,,,
4721,美琪瑪,False,excluded,excluded,0,0,False,False,,,,,,,,,,,,,,,,,,,,,,,,,
4722,國精化,True,excluded,excluded,0,0,False,False,0.0,8.5,693.0,494.0,199.0,19.621903520208605,36.17992177314211,,連買天數不長，但V2不只依賴連買,Q4,-0.11055817856343701,0.0,19.04,51.76,-11.75754423945733,16.3,1.0,0.0,3.0,4.5,0.0,0.0,,,
4726,永昕,True,excluded,excluded,0,0,False,False,0.0,6.0,694.0,689.0,5.0,19.621903520208605,11.147327249022164,D_V1_weak_V2_weak,連買天數不長，但V2不只依賴連買,Q3,-0.06710310965630115,0.0,28.94,51.76,0.18741138970883586,63.1,0.0,0.0,2.0,4.0,0.0,0.0,,,
4728,雙美,False,excluded,excluded,0,0,False,False,,,,,,,,,,,,,,,,,,,,,,,,,
4729,熒茂,False,excluded,excluded,0,0,False,False,,,,,,,,,,,,,,,,,,,,,,,,,
4735,豪展,False,excluded,excluded,0,0,False,False,,,,,,,,,,,,,,,,,,,,,,,,,
4736,泰博,True,excluded,excluded,0,0,False,False,5.0,57.11,329.0,92.0,237.0,64.27640156453715,88.13559322033898,C_V1_weak_V2_strong,價格與RS同步確認（RS20 +4.16）；連買天數不長，但V2不只依賴連買,Q1,0.06787979966611019,0.0,66.1,51.76,4.157547533758022,81.75,3.5,12.5,3.5,6.0,25.0,6.61,,,
4737,華廣,True,excluded,excluded,0,0,False,False,5.0,38.5,330.0,235.0,95.0,64.27640156453715,69.49152542372882,,連買天數不長，但V2不只依賴連買,Q2,0.12973741007194245,0.0,80.05,51.76,-11.425891450009107,16.82,3.5,12.5,3.5,6.0,5.0,8.0,,,
4739,康普,True,excluded,excluded,0,0,False,False,5.0,27.98,331.0,381.0,-50.0,64.27640156453715,50.456323337679265,,實際介入強度低（強度分 4.7/25）；全市場flow percentile偏低（外資P52、投信P52）；價格未確認（Q2、RS20 -7.33）,Q2,0.018947183804369612,0.0,52.41,51.76,-7.32905996237897,27.77,4.5,4.74,2.5,6.0,5.0,5.24,,,
4741,泓瀚,False,excluded,excluded,0,0,False,False,,,,,,,,,,,,,,,,,,,,,,,,,
4743,合一,False,excluded,excluded,0,0,False,False,,,,,,,,,,,,,,,,,,,,,,,,,
4744,皇將,False,excluded,excluded,0,0,False,False,,,,,,,,,,,,,,,,,,,,,,,,,
4745,合富-KY,True,excluded,excluded,0,0,False,False,5.0,37.86,332.0,249.0,83.0,64.27640156453715,67.66623207301173,,連買天數不長，但V2不只依賴連買,Q2,0.07929515418502203,0.0,68.58,51.76,-10.598710700761094,19.69,3.5,12.5,4.0,6.0,5.0,6.86,,,
4746,台耀,False,excluded,excluded,0,0,False,False,,,,,,,,,,,,,,,,,,,,,,,,,
4747,強生,True,excluded,excluded,0,0,False,False,7.0,60.6,105.0,48.0,57.0,88.33116036505866,93.8722294654498,,價格與RS同步確認（RS20 +9.30）；連買天數不長，但V2不只依賴連買,Q1,0.23185011709601874,0.0,91.0,51.76,9.303800506097947,92.44,3.5,12.5,4.5,6.0,25.0,9.1,,,
4749,新應材,True,excluded,excluded,0,0,False,False,3.0,38.63,428.0,228.0,200.0,45.436766623207305,70.46936114732725,,差異主要來自V1離散加分與V2連續型強度／排名分數,Q4,-0.11574450084602368,0.06557275803722504,18.25,98.83,-6.642580657674523,31.03,4.5,12.5,6.5,5.25,0.0,9.88,,,
4754,國碳科,False,excluded,excluded,0,0,False,False,,,,,,,,,,,,,,,,,,,,,,,,,
4755,三福化,False,excluded,excluded,0,0,False,False,,,,,,,,,,,,,,,,,,,,,,,,,
4760,勤凱,True,excluded,excluded,0,0,False,False,3.0,19.27,429.0,449.0,-20.0,45.436766623207305,41.59061277705345,,實際介入強度低（強度分 2.4/25）；價格未確認（Q4、RS20 -17.47）,Q4,-0.15035327635327636,0.00949667616334283,12.78,94.0,-17.473725772260273,8.74,3.5,2.37,2.0,2.0,0.0,9.4,,,
4763,材料*-KY,False,excluded,excluded,0,0,False,False,,,,,,,,,,,,,,,,,,,,,,,,,
4764,雙鍵,True,excluded,excluded,0,0,False,False,2.0,29.03,462.0,376.0,86.0,41.19947848761408,51.10821382007823,,動能較佳（外資 accelerating／投信 stable）；連買天數不長，但V2不只依賴連買,Q4,0.029787940775375023,-0.1498149230469511,55.8,0.39,-22.3102929261773,5.22,3.5,7.45,4.0,8.5,0.0,5.58,,,
4766,南寶,False,excluded,excluded,0,0,False,False,,,,,,,,,,,,,,,,,,,,,,,,,
4767,誠泰科技,True,excluded,excluded,0,0,False,False,5.0,21.6,333.0,434.0,-101.0,64.27640156453715,43.54628422425033,,實際介入強度低（強度分 4.4/25）；全市場flow percentile偏低（外資P52、投信P52）；價格未確認（Q2、RS20 -3.17）,Q2,0.017543859649122806,0.0,52.15,51.76,-3.171174468877036,43.02,3.5,4.39,1.5,2.0,5.0,5.21,,,
4768,晶呈科技,True,excluded,excluded,0,0,False,False,5.0,40.82,334.0,185.0,149.0,64.27640156453715,76.01043024771839,C_V1_weak_V2_strong,連買天數不長，但V2不只依賴連買,Q2,0.15776117886178861,0.0,83.18,51.76,-7.3139633896029075,27.9,4.5,12.5,4.5,6.0,5.0,8.32,,,
4770,上品,False,excluded,excluded,0,0,False,False,,,,,,,,,,,,,,,,,,,,,,,,,
4771,望隼,False,excluded,excluded,0,0,False,False,,,,,,,,,,,,,,,,,,,,,,,,,
4772,台特化,True,excluded,excluded,0,0,False,False,5.0,39.5,335.0,207.0,128.0,64.27640156453715,73.14211212516297,,差異主要來自V1離散加分與V2連續型強度／排名分數,Q2,0.08219626168224299,-0.0006470165348670022,70.01,12.65,-4.364951425130881,38.2,3.5,12.5,5.5,6.0,5.0,7.0,,,
4806,桂田文創,False,excluded,excluded,0,0,False,False,,,,,,,,,,,,,,,,,,,,,,,,,
4807,日成-KY,False,excluded,excluded,0,0,False,False,,,,,,,,,,,,,,,,,,,,,,,,,
4903,聯光通,True,excluded,excluded,0,0,False,False,5.0,57.69,336.0,87.0,249.0,64.27640156453715,88.78748370273793,C_V1_weak_V2_strong,價格與RS同步確認（RS20 +8.17）；連買天數不長，但V2不只依賴連買,Q1,0.07049590986263313,0.0,66.88,51.76,8.174979377276815,91.26,3.5,12.5,4.0,6.0,25.0,6.69,,,
4904,遠傳,True,excluded,excluded,0,0,False,False,15.0,64.78,10.0,27.0,-17.0,99.21773142112124,96.61016949152543,B_V1_strong_V2_weak,V1連買訊號高（外資2日／投信4日）；價格未確認（Q2、RS20 +6.61）；近期flow正在減速,Q2,0.07982492633038654,0.027645056913387648,68.97,97.26,6.614638919954052,88.53,10.0,19.41,7.0,6.75,5.0,16.62,,,
4905,台聯電,True,excluded,excluded,0,0,False,False,0.0,6.0,695.0,690.0,5.0,19.621903520208605,11.147327249022164,D_V1_weak_V2_weak,連買天數不長，但V2不只依賴連買,Q3,-0.057971014492753624,0.0,30.57,51.76,2.483587435884871,76.4,0.0,0.0,1.5,4.5,0.0,0.0,,,
4906,正文,False,excluded,excluded,0,0,False,False,,,,,,,,,,,,,,,,,,,,,,,,,
4907,富宇,True,excluded,excluded,0,0,False,False,5.0,52.1,337.0,140.0,197.0,64.27640156453715,81.87744458930901,C_V1_weak_V2_strong,價格與RS同步確認（RS20 +11.64）；連買天數不長，但V2不只依賴連買,Q1,0.05185185185185185,0.0,61.02,51.76,11.644207008071149,95.18,3.5,12.5,4.0,1.0,25.0,6.1,,,
4908,前鼎,True,excluded,excluded,0,0,False,False,3.0,8.0,430.0,515.0,-85.0,45.436766623207305,33.96349413298566,,實際介入強度低（強度分 0.0/25）；全市場flow percentile偏低（外資P46、投信P52）；價格未確認（Q4、RS20 -1.52）,Q4,-0.0016261629145657268,0.0,45.89,51.76,-1.520231072650613,51.24,0.0,0.0,4.0,4.0,0.0,0.0,,,
4909,新復興,True,excluded,excluded,0,0,False,False,5.0,36.39,338.0,289.0,49.0,64.27640156453715,62.385919165580184,,連買天數不長，但V2不只依賴連買,Q2,0.18901960784313726,0.0,86.44,51.76,-7.8488474248518685,26.34,3.5,12.5,4.0,2.75,5.0,8.64,,,
4911,德英,False,excluded,excluded,0,0,False,False,,,,,,,,,,,,,,,,,,,,,,,,,
4912,聯德控股-KY,False,excluded,excluded,0,0,False,False,,,,,,,,,,,,,,,,,,,,,,,,,
4915,致伸,True,excluded,excluded,0,0,False,False,3.0,21.21,431.0,437.0,-6.0,45.436766623207305,43.15514993481095,,實際介入強度低（強度分 0.0/25）；價格未確認（Q4、RS20 -9.61）；近期flow正在減速,Q4,-0.15277353207609323,8.23519723297373e-05,12.39,89.44,-9.60833696274056,21.51,3.5,0.02,3.5,5.25,0.0,8.94,,,
4916,事欣科,False,excluded,excluded,0,0,False,False,,,,,,,,,,,,,,,,,,,,,,,,,
4919,新唐,True,excluded,excluded,0,0,False,False,7.0,37.47,106.0,261.0,-155.0,88.33116036505866,66.10169491525424,,V1連買訊號高（外資3日／投信0日）；全市場flow percentile偏低（外資P65、投信P6）；價格未確認（Q2、RS20 -21.02）,Q2,0.06300364221805801,-0.013354799546042387,64.67,6.13,-21.022856426063576,6.0,3.5,12.5,4.0,6.0,5.0,6.47,,,
4923,力士,True,excluded,excluded,0,0,False,False,0.0,7.0,696.0,600.0,96.0,19.621903520208605,23.598435462842243,D_V1_weak_V2_weak,連買天數不長，但V2不只依賴連買,Q4,-0.060491408934707905,0.0,30.12,51.76,-17.014376223262985,9.0,0.0,0.0,3.0,4.0,0.0,0.0,,,
4924,欣厚-KY,True,excluded,excluded,0,0,False,False,0.0,6.0,697.0,691.0,6.0,19.621903520208605,11.147327249022164,D_V1_weak_V2_weak,連買天數不長，但V2不只依賴連買,Q4,-0.08118081180811808,0.0,24.38,51.76,-11.285209556596332,17.6,0.0,0.0,2.0,4.0,0.0,0.0,,,
4927,泰鼎-KY,True,excluded,excluded,0,0,False,False,0.0,5.0,698.0,729.0,-31.0,19.621903520208605,5.215123859191656,D_V1_weak_V2_weak,實際介入強度低（強度分 0.0/25）；全市場flow percentile偏低（外資P28、投信P52）；價格未確認（Q4、RS20 -15.86）,Q4,-0.07042984078300482,0.0,27.77,51.76,-15.855676313895483,10.04,0.0,0.0,3.0,2.0,0.0,0.0,,,
4930,燦星網,True,excluded,excluded,0,0,False,False,2.0,36.38,463.0,291.0,172.0,41.19947848761408,62.190352020860495,,連買天數不長，但V2不只依賴連買,Q2,0.06086956521739131,0.0,63.75,51.76,-2.268602757699978,46.28,3.5,12.5,3.0,6.0,5.0,6.38,,,
4931,新盛力,True,excluded,excluded,0,0,False,False,5.0,46.73,339.0,160.0,179.0,64.27640156453715,79.26988265971316,C_V1_weak_V2_strong,價格與RS同步確認（RS20 +1.42）；連買天數不長，但V2不只依賴連買,Q1,0.014286622696755494,0.0,51.63,51.76,1.417433126059675,70.14,4.5,3.57,2.5,6.0,25.0,5.16,,,
4933,友輝,False,excluded,excluded,0,0,False,False,,,,,,,,,,,,,,,,,,,,,,,,,
4934,太極,False,excluded,excluded,0,0,False,False,,,,,,,,,,,,,,,,,,,,,,,,,
4935,茂林-KY,True,excluded,excluded,0,0,False,False,5.0,36.93,340.0,281.0,59.0,64.27640156453715,63.49413298565841,,連買天數不長，但V2不只依賴連買,Q2,0.08108108108108109,0.0,69.3,51.76,-2.8612571135051224,44.07,3.5,12.5,3.0,6.0,5.0,6.93,,,
4938,和碩,True,buy_candidates,buy_candidates,61,61,False,False,15.0,86.09,11.0,4.0,7.0,99.21773142112124,99.60886571056062,A_V1_strong_V2_strong,5日資金強度分 18.4/25；橫向強度高（外資P93、投信P97）；價格與RS同步確認（RS20 +9.35）,Q1,0.2611779586674011,0.02347985392822898,92.96,96.74,9.349003093673424,92.7,9.0,18.37,8.0,6.75,25.0,18.97,6.0,2.0,4.0
4939,亞電,True,other_watch,other_watch,48,48,False,False,0.0,7.0,699.0,601.0,98.0,19.621903520208605,23.598435462842243,D_V1_weak_V2_weak,連買天數不長，但V2不只依賴連買,Q3,-0.016773767210296022,0.0,41.07,51.76,8.163324365621804,91.0,0.0,0.0,2.5,4.5,0.0,0.0,,,
4942,嘉彰,False,excluded,excluded,0,0,False,False,,,,,,,,,,,,,,,,,,,,,,,,,
4943,康控-KY,False,excluded,excluded,0,0,False,False,,,,,,,,,,,,,,,,,,,,,,,,,
4946,辣椒,True,excluded,excluded,0,0,False,False,0.0,7.5,700.0,551.0,149.0,19.621903520208605,29.85658409387223,,連買天數不長，但V2不只依賴連買,Q4,-0.1377551020408163,0.0,14.08,51.76,-14.12547554414585,12.13,0.0,0.0,3.0,4.5,0.0,0.0,,,
4949,有成精密,True,excluded,excluded,0,0,False,False,0.0,8.0,701.0,516.0,185.0,19.621903520208605,33.96349413298566,,連買天數不長，但V2不只依賴連買,Q4,-0.017302504816955683,0.0,40.81,51.76,-9.165598260698594,22.82,1.0,0.0,3.0,4.0,0.0,0.0,,,
4950,金耘國際,False,excluded,excluded,0,0,False,False,,,,,,,,,,,,,,,,,,,,,,,,,
4951,精拓科,False,excluded,excluded,0,0,False,False,,,,,,,,,,,,,,,,,,,,,,,,,
4952,凌通,False,excluded,excluded,0,0,False,False,,,,,,,,,,,,,,,,,,,,,,,,,
4953,緯致,True,excluded,excluded,0,0,False,False,5.0,47.21,341.0,157.0,184.0,64.27640156453715,79.66101694915254,C_V1_weak_V2_strong,價格與RS同步確認（RS20 +3.00）；連買天數不長，但V2不只依賴連買,Q1,0.02144511217948718,-0.013110176282051283,53.46,6.39,3.003524326303697,78.75,4.5,5.36,4.0,3.0,25.0,5.35,,,
4956,光鋐,True,excluded,excluded,0,0,False,False,0.0,7.0,702.0,602.0,100.0,19.621903520208605,23.598435462842243,D_V1_weak_V2_weak,連買天數不長，但V2不只依賴連買,Q4,-0.07340210098870056,0.0,27.12,51.76,-9.161875470307656,22.95,0.0,0.0,3.0,4.0,0.0,0.0,,,
4958,臻鼎-KY,True,excluded,excluded,0,0,False,False,3.0,23.27,432.0,424.0,8.0,45.436766623207305,44.85006518904824,,連買天數不長，但V2不只依賴連買,Q4,-0.08543312638232421,0.005728256110294035,23.6,93.35,-26.171690464749066,2.22,4.5,1.43,4.5,3.5,0.0,9.34,,,
4960,誠美材,True,excluded,excluded,0,0,False,False,5.0,31.14,342.0,360.0,-18.0,64.27640156453715,53.19426336375489,,全市場flow percentile偏低（外資P56、投信P52）；價格未確認（Q2、RS20 -9.50）,Q2,0.028367244094488188,0.0,55.54,51.76,-9.497013155529434,21.77,3.5,7.09,4.0,6.0,5.0,5.55,,,
4961,天鈺,False,excluded,excluded,0,0,False,False,,,,,,,,,,,,,,,,,,,,,,,,,
4966,譜瑞-KY,False,excluded,excluded,0,0,False,False,,,,,,,,,,,,,,,,,,,,,,,,,
4967,十銓,True,excluded,excluded,0,0,False,False,5.0,59.82,343.0,58.0,285.0,64.27640156453715,92.5684485006519,C_V1_weak_V2_strong,價格與RS同步確認（RS20 +23.22）,Q1,0.10873173437831968,-0.0004553716862208163,75.75,13.17,23.21771442001187,98.7,4.5,12.5,5.0,5.25,25.0,7.57,,,
4968,立積,True,excluded,excluded,0,0,False,False,5.0,34.54,344.0,321.0,23.0,64.27640156453715,58.279009126466754,,連買天數不長，但V2不只依賴連買,Q2,0.10745083853995396,-0.006576783952647156,75.36,7.56,-10.525245129399297,19.95,3.5,12.5,4.0,2.0,5.0,7.54,,,
4971,IET-KY,True,excluded,excluded,0,0,False,False,0.0,8.0,703.0,517.0,186.0,19.621903520208605,33.96349413298566,,連買天數不長，但V2不只依賴連買,Q3,-0.09303243395694274,0.0,21.64,51.76,18.28521182395787,97.78,1.0,0.0,2.5,4.5,0.0,0.0,,,
4972,湯石照明,True,excluded,excluded,0,0,False,False,0.0,5.5,704.0,717.0,-13.0,19.621903520208605,7.496740547588006,D_V1_weak_V2_weak,實際介入強度低（強度分 0.0/25）；全市場flow percentile偏低（外資P11、投信P52）；價格未確認（Q4、RS20 -0.78）,Q4,-0.16666666666666666,0.0,11.21,51.76,-0.7796557312044317,55.8,0.0,0.0,1.0,4.5,0.0,0.0,,,
4973,廣穎,True,excluded,excluded,0,0,False,False,0.0,7.5,705.0,552.0,153.0,19.621903520208605,29.85658409387223,,連買天數不長，但V2不只依賴連買,Q3,-0.07403186033824331,0.0,26.86,51.76,0.38199526527430416,64.02,1.0,0.0,2.0,4.5,0.0,0.0,,,
4974,亞泰,True,excluded,excluded,0,0,False,False,5.0,39.76,345.0,203.0,142.0,64.27640156453715,73.72881355932203,,連買天數不長，但V2不只依賴連買,Q2,0.25512835820895524,0.0,92.57,51.76,-0.5581801185945312,57.76,3.5,12.5,3.5,6.0,5.0,9.26,,,
4976,佳凌,True,excluded,excluded,0,0,False,False,0.0,6.5,706.0,655.0,51.0,19.621903520208605,16.558018252933508,D_V1_weak_V2_weak,連買天數不長，但V2不只依賴連買,Q4,-0.028491792065663473,0.0,37.94,51.76,-1.301805099507658,53.06,0.0,0.0,2.0,4.5,0.0,0.0,,,
4977,眾達-KY,True,excluded,excluded,0,0,False,False,0.0,6.5,707.0,656.0,51.0,19.621903520208605,16.558018252933508,D_V1_weak_V2_weak,連買天數不長，但V2不只依賴連買,Q4,-0.05527717136150235,0.0,31.68,51.76,-3.6249698484149824,41.07,0.0,0.0,2.5,4.0,0.0,0.0,,,
4979,華星光,False,excluded,excluded,0,0,False,False,,,,,,,,,,,,,,,,,,,,,,,,,
4989,榮科,True,excluded,excluded,0,0,False,False,0.0,6.0,708.0,692.0,16.0,19.621903520208605,11.147327249022164,D_V1_weak_V2_weak,連買天數不長，但V2不只依賴連買,Q4,-0.08993909487145024,0.0,22.29,51.76,-17.384193412851236,8.87,0.0,0.0,2.0,4.0,0.0,0.0,,,
4991,環宇-KY,True,excluded,excluded,0,0,False,False,7.0,61.16,107.0,40.0,67.0,88.33116036505866,94.91525423728814,,價格與RS同步確認（RS20 +14.43）,Q1,0.17254007118973141,-0.06962032143242369,84.09,1.17,14.425014950286862,96.61,4.5,12.5,5.5,5.25,25.0,8.41,,,
4994,傳奇,True,excluded,excluded,0,0,False,False,0.0,6.5,709.0,657.0,52.0,19.621903520208605,16.558018252933508,D_V1_weak_V2_weak,連買天數不長，但V2不只依賴連買,Q4,-0.03414634146341464,0.0,36.64,51.76,-2.2339064659074537,46.54,0.0,0.0,2.5,4.0,0.0,0.0,,,
4995,晶達,True,excluded,excluded,0,0,False,False,5.0,50.93,346.0,146.0,200.0,64.27640156453715,81.09517601043025,C_V1_weak_V2_strong,價格與RS同步確認（RS20 +7.31）；連買天數不長，但V2不只依賴連買,Q1,0.08108108108108109,0.0,69.3,51.76,7.312408686012317,89.18,3.5,12.5,2.0,1.0,25.0,6.93,,,
4999,鑫禾,False,excluded,excluded,0,0,False,False,,,,,,,,,,,,,,,,,,,,,,,,,
5007,三星,True,excluded,excluded,0,0,False,False,2.0,27.78,464.0,385.0,79.0,41.19947848761408,49.934810951760106,,連買天數不長，但V2不只依賴連買,Q2,0.02,0.0,52.8,51.76,1.533126606391788,70.8,3.5,5.0,3.0,6.0,5.0,5.28,,,
5009,榮剛,False,excluded,excluded,0,0,False,False,,,,,,,,,,,,,,,,,,,,,,,,,
5011,久陽,False,excluded,excluded,0,0,False,False,,,,,,,,,,,,,,,,,,,,,,,,,
5013,強新,False,excluded,excluded,0,0,False,False,,,,,,,,,,,,,,,,,,,,,,,,,
5014,建錩,True,excluded,excluded,0,0,False,False,7.0,56.64,108.0,99.0,9.0,88.33116036505866,87.22294654498045,,價格與RS同步確認（RS20 +0.55）；連買天數不長，但V2不只依賴連買,Q1,0.0683567862006355,0.0,66.36,51.76,0.5470617045160941,64.73,3.5,12.5,3.0,6.0,25.0,6.64,,,
5015,華祺,True,excluded,excluded,0,0,False,False,5.0,56.84,347.0,97.0,250.0,64.27640156453715,87.48370273794002,C_V1_weak_V2_strong,價格與RS同步確認（RS20 +4.03）；連買天數不長，但V2不只依賴連買,Q1,0.12295081967213115,0.0,78.36,51.76,4.025795228092688,81.49,3.5,12.5,2.0,6.0,25.0,7.84,,,
5016,松和,True,excluded,excluded,0,0,False,False,5.0,56.12,348.0,107.0,241.0,64.27640156453715,86.17992177314211,C_V1_weak_V2_strong,價格與RS同步確認（RS20 +1.82）；連買天數不長，但V2不只依賴連買,Q1,0.06818181818181818,0.0,66.23,51.76,1.8219384787813708,72.49,3.5,12.5,2.5,6.0,25.0,6.62,,,
5201,凱衛,True,excluded,excluded,0,0,False,False,5.0,33.67,349.0,332.0,17.0,64.27640156453715,56.84485006518904,,連買天數不長，但V2不只依賴連買,Q2,0.09090909090909091,0.0,71.71,51.76,-1.6410426421350266,50.07,3.5,12.5,4.5,1.0,5.0,7.17,,,
5202,力新,True,excluded,excluded,0,0,False,False,2.0,7.0,465.0,603.0,-138.0,41.19947848761408,23.598435462842243,D_V1_weak_V2_weak,V1連買訊號高（外資3日／投信0日）；實際介入強度低（強度分 0.0/25）；全市場flow percentile偏低（外資P30、投信P52）；價格未確認（Q4、RS20 -10.79）,Q4,-0.05819295558958652,0.0,30.38,51.76,-10.79022208792465,18.9,0.0,0.0,3.0,4.0,0.0,0.0,,,
5203,訊連,False,excluded,excluded,0,0,False,False,,,,,,,,,,,,,,,,,,,,,,,,,
5205,中茂,False,excluded,excluded,0,0,False,False,,,,,,,,,,,,,,,,,,,,,,,,,
5206,坤悅,False,excluded,excluded,0,0,False,False,,,,,,,,,,,,,,,,,,,,,,,,,
5209,新鼎,True,excluded,excluded,0,0,False,False,2.0,47.07,466.0,158.0,308.0,41.19947848761408,79.53063885267275,C_V1_weak_V2_strong,價格與RS同步確認（RS20 +3.54）；連買天數不長，但V2不只依賴連買,Q1,0.03745679012345679,-0.0016172839506172839,57.11,11.34,3.5351747374721687,80.31,3.5,9.36,2.5,1.0,25.0,5.71,,,
5210,寶碩,True,excluded,excluded,0,0,False,False,5.0,19.72,350.0,445.0,-95.0,64.27640156453715,42.11212516297262,,實際介入強度低（強度分 1.8/25）；全市場flow percentile偏低（外資P49、投信P52）；價格未確認（Q2、RS20 -7.50）,Q2,0.007168195718654434,0.0,49.28,51.76,-7.501239828354157,26.99,3.5,1.79,2.5,2.0,5.0,4.93,,,
5211,蒙恬,False,excluded,excluded,0,0,False,False,,,,,,,,,,,,,,,,,,,,,,,,,
5212,凌網,False,excluded,excluded,0,0,False,False,,,,,,,,,,,,,,,,,,,,,,,,,
5213,亞昕,True,excluded,excluded,0,0,False,False,0.0,7.0,710.0,604.0,106.0,19.621903520208605,23.598435462842243,D_V1_weak_V2_weak,連買天數不長，但V2不只依賴連買,Q4,-0.10140636565507032,0.0,20.08,51.76,-3.981883367821226,39.37,0.0,0.0,3.0,4.0,0.0,0.0,,,
5215,科嘉-KY,True,excluded,excluded,0,0,False,False,0.0,4.5,711.0,747.0,-36.0,19.621903520208605,3.455019556714472,D_V1_weak_V2_weak,實際介入強度低（強度分 0.0/25）；全市場flow percentile偏低（外資P4、投信P52）；價格未確認（Q4、RS20 -7.29）,Q4,-0.30532212885154064,0.0,3.65,51.76,-7.287821127540484,28.03,0.0,0.0,2.5,2.0,0.0,0.0,,,
5220,萬達光電,False,excluded,excluded,0,0,False,False,,,,,,,,,,,,,,,,,,,,,,,,,
5222,全訊,False,excluded,excluded,0,0,False,False,,,,,,,,,,,,,,,,,,,,,,,,,
5223,安力-KY,False,excluded,excluded,0,0,False,False,,,,,,,,,,,,,,,,,,,,,,,,,
5225,東科-KY,True,excluded,excluded,0,0,False,False,0.0,6.5,712.0,658.0,54.0,19.621903520208605,16.558018252933508,D_V1_weak_V2_weak,連買天數不長，但V2不只依賴連買,Q4,-0.13696149181322012,0.0,14.21,51.76,-7.131229565295749,28.81,0.0,0.0,2.0,4.5,0.0,0.0,,,
5227,立凱-KY,True,excluded,excluded,0,0,False,False,0.0,6.5,713.0,659.0,54.0,19.621903520208605,16.558018252933508,D_V1_weak_V2_weak,連買天數不長，但V2不只依賴連買,Q4,-0.085379054318093,0.0,23.73,51.76,10.672911552628339,94.0,0.0,0.0,2.0,4.5,0.0,0.0,,,
5228,鈺鎧,True,excluded,excluded,0,0,False,False,0.0,5.5,714.0,718.0,-4.0,19.621903520208605,7.496740547588006,D_V1_weak_V2_weak,實際介入強度低（強度分 0.0/25）；全市場flow percentile偏低（外資P19、投信P52）；價格未確認（Q4、RS20 -19.77）,Q4,-0.11206431956668923,0.0,18.51,51.76,-19.76641256411512,6.65,1.0,0.0,2.5,2.0,0.0,0.0,,,
5230,雷笛克光學,True,excluded,excluded,0,0,False,False,5.0,35.32,351.0,307.0,44.0,64.27640156453715,60.104302477183836,,連買天數不長，但V2不只依賴連買,Q2,0.049134328358208954,0.0,60.37,51.76,-10.1431216635965,20.99,3.5,12.28,2.5,6.0,5.0,6.04,,,
5234,達興材料,False,excluded,excluded,0,0,False,False,,,,,,,,,,,,,,,,,,,,,,,,,
5236,凌陽創新,False,excluded,excluded,0,0,False,False,,,,,,,,,,,,,,,,,,,,,,,,,
5243,乙盛-KY,True,excluded,excluded,0,0,False,False,0.0,7.0,715.0,605.0,110.0,19.621903520208605,23.598435462842243,D_V1_weak_V2_weak,連買天數不長，但V2不只依賴連買,Q4,-0.11210591259640103,0.0,18.38,51.76,-5.930006228233442,34.29,0.0,0.0,2.5,4.5,0.0,0.0,,,
5244,弘凱,True,excluded,excluded,0,0,False,False,5.0,34.24,352.0,323.0,29.0,64.27640156453715,58.01825293350718,,連買天數不長，但V2不只依賴連買,Q2,0.11661494252873564,0.0,77.44,51.76,-0.04001076079023225,60.89,3.5,12.5,4.5,1.0,5.0,7.74,,,
5245,智晶,False,excluded,excluded,0,0,False,False,,,,,,,,,,,,,,,,,,,,,,,,,
5251,天鉞電,True,excluded,excluded,0,0,False,False,5.0,37.89,353.0,248.0,105.0,64.27640156453715,67.79661016949152,,連買天數不長，但V2不只依賴連買,Q2,0.12626262626262627,0.0,78.88,51.76,-11.781339148036597,16.17,3.5,12.5,3.0,6.0,5.0,7.89,,,
5258,虹堡,False,excluded,excluded,0,0,False,False,,,,,,,,,,,,,,,,,,,,,,,,,
5263,智崴,False,excluded,excluded,0,0,False,False,,,,,,,,,,,,,,,,,,,,,,,,,
5269,祥碩,True,excluded,excluded,0,0,False,False,5.0,41.01,354.0,183.0,171.0,64.27640156453715,76.27118644067797,C_V1_weak_V2_strong,差異主要來自V1離散加分與V2連續型強度／排名分數,Q2,0.10635849546044099,-0.015508171206225682,75.1,5.35,-6.2892760141308965,32.33,3.5,12.5,6.5,6.0,5.0,7.51,,,
5272,笙科,True,excluded,excluded,0,0,False,False,0.0,7.0,716.0,606.0,110.0,19.621903520208605,23.598435462842243,D_V1_weak_V2_weak,連買天數不長，但V2不只依賴連買,Q4,-0.07065609228550829,0.0,27.64,51.76,-8.730193587746516,24.12,0.0,0.0,3.0,4.0,0.0,0.0,,,
5274,信驊,False,excluded,excluded,0,0,False,False,,,,,,,,,,,,,,,,,,,,,,,,,
5276,達輝-KY,False,excluded,excluded,0,0,False,False,,,,,,,,,,,,,,,,,,,,,,,,,
5278,尚凡*,True,excluded,excluded,0,0,False,False,7.0,61.95,109.0,38.0,71.0,88.33116036505866,95.17601043024771,,價格與RS同步確認（RS20 +2.84）,Q1,0.5190156599552572,0.0,99.48,51.76,2.843541479103806,78.23,3.5,12.5,5.0,6.0,25.0,9.95,,,
5283,禾聯碩,True,excluded,excluded,0,0,False,False,0.0,6.5,717.0,660.0,57.0,19.621903520208605,16.558018252933508,D_V1_weak_V2_weak,連買天數不長，但V2不只依賴連買,Q4,-0.299844262295082,0.0,4.17,51.76,1.7459612409416292,71.97,0.0,0.0,2.0,4.5,0.0,0.0,,,
5284,jpp-KY,False,excluded,excluded,0,0,False,False,,,,,,,,,,,,,,,,,,,,,,,,,
5285,界霖,False,excluded,excluded,0,0,False,False,,,,,,,,,,,,,,,,,,,,,,,,,
5287,數字,True,excluded,excluded,0,0,False,False,0.0,6.0,718.0,693.0,25.0,19.621903520208605,11.147327249022164,D_V1_weak_V2_weak,連買天數不長，但V2不只依賴連買,Q4,-0.22371191135734073,-0.002606648199445983,7.04,10.3,-1.3378411355436937,52.8,0.0,0.0,1.5,4.5,0.0,0.0,,,
5288,豐祥-KY,False,excluded,excluded,0,0,False,False,,,,,,,,,,,,,,,,,,,,,,,,,
5289,宜鼎,True,excluded,excluded,0,0,False,False,3.0,26.48,433.0,396.0,37.0,45.436766623207305,48.5006518904824,,動能較佳（外資 stable／投信 accelerating）；連買天數不長，但V2不只依賴連買,Q4,-0.1506191921107529,0.0030586478285605915,12.52,92.18,-2.304837835213658,46.15,3.5,0.76,4.5,8.5,0.0,9.22,,,
5291,邑昇,True,excluded,excluded,0,0,False,False,0.0,7.0,719.0,607.0,112.0,19.621903520208605,23.598435462842243,D_V1_weak_V2_weak,連買天數不長，但V2不只依賴連買,Q3,-0.023994811932555125,0.0,38.85,51.76,5.069566271863712,85.66,0.0,0.0,2.5,4.5,0.0,0.0,,,
5292,華懋,False,excluded,excluded,0,0,False,False,,,,,,,,,,,,,,,,,,,,,,,,,
5299,杰力,True,excluded,excluded,0,0,False,False,0.0,5.0,720.0,730.0,-10.0,19.621903520208605,5.215123859191656,D_V1_weak_V2_weak,實際介入強度低（強度分 0.0/25）；全市場flow percentile偏低（外資P24、投信P52）；價格未確認（Q4、RS20 -10.69）,Q4,-0.08349435825105783,0.0,23.99,51.76,-10.692819490522055,19.04,1.0,0.0,2.0,2.0,0.0,0.0,,,
5301,寶得利,False,excluded,excluded,0,0,False,False,,,,,,,,,,,,,,,,,,,,,,,,,
5302,太欣,False,excluded,excluded,0,0,False,False,,,,,,,,,,,,,,,,,,,,,,,,,
5306,桂盟,True,excluded,excluded,0,0,False,False,5.0,53.52,355.0,129.0,226.0,64.27640156453715,83.31160365058669,C_V1_weak_V2_strong,價格與RS同步確認（RS20 +10.23）；連買天數不長，但V2不只依賴連買,Q1,0.07483349851337959,0.0,67.67,51.76,10.229726432023877,93.61,3.5,12.5,3.0,2.75,25.0,6.77,,,
5309,系統電,True,excluded,excluded,0,0,False,False,6.0,19.48,150.0,447.0,-297.0,81.42112125162973,41.916558018252935,,實際介入強度低（強度分 0.0/25）；價格未確認（Q4、RS20 -9.15）,Q4,-0.030829210733327506,8.7404947120007e-05,37.16,89.57,-9.149435338442258,23.08,3.5,0.02,5.0,2.0,0.0,8.96,,,
5310,天剛,False,excluded,excluded,0,0,False,False,,,,,,,,,,,,,,,,,,,,,,,,,
5312,寶島科,False,excluded,excluded,0,0,False,False,,,,,,,,,,,,,,,,,,,,,,,,,
5314,世紀*,False,excluded,excluded,0,0,False,False,,,,,,,,,,,,,,,,,,,,,,,,,
5315,光聯,False,excluded,excluded,0,0,False,False,,,,,,,,,,,,,,,,,,,,,,,,,
5321,美而快,False,excluded,excluded,0,0,False,False,,,,,,,,,,,,,,,,,,,,,,,,,
5324,士開,True,excluded,excluded,0,0,False,False,7.0,58.75,110.0,71.0,39.0,88.33116036505866,90.87353324641461,,價格與RS同步確認（RS20 +3.07）,Q1,0.6785079928952042,0.0,100.0,51.76,3.0701809944701286,79.01,3.5,12.5,5.0,2.75,25.0,10.0,,,
5328,華容,False,excluded,excluded,0,0,False,False,,,,,,,,,,,,,,,,,,,,,,,,,
5340,建榮,True,excluded,excluded,0,0,False,False,0.0,6.5,721.0,661.0,60.0,19.621903520208605,16.558018252933508,D_V1_weak_V2_weak,連買天數不長，但V2不只依賴連買,Q4,-0.13353557677883895,0.0,14.86,51.76,-8.769649953013825,23.99,0.0,0.0,2.5,4.0,0.0,0.0,,,
5344,立衛,False,excluded,excluded,0,0,False,False,,,,,,,,,,,,,,,,,,,,,,,,,
5345,馥鴻,False,excluded,excluded,0,0,False,False,,,,,,,,,,,,,,,,,,,,,,,,,
5347,世界,False,excluded,excluded,0,0,False,False,,,,,,,,,,,,,,,,,,,,,,,,,
5348,正能量智能,False,excluded,excluded,0,0,False,False,,,,,,,,,,,,,,,,,,,,,,,,,
5351,鈺創,False,excluded,excluded,0,0,False,False,,,,,,,,,,,,,,,,,,,,,,,,,
5353,台林,False,excluded,excluded,0,0,False,False,,,,,,,,,,,,,,,,,,,,,,,,,
5355,佳總,False,excluded,excluded,0,0,False,False,,,,,,,,,,,,,,,,,,,,,,,,,
5356,協益,False,excluded,excluded,0,0,False,False,,,,,,,,,,,,,,,,,,,,,,,,,
5364,力麗店,False,excluded,excluded,0,0,False,False,,,,,,,,,,,,,,,,,,,,,,,,,
5371,中光電,True,buy_candidates,buy_candidates,63,63,False,False,7.0,44.74,111.0,163.0,-52.0,88.33116036505866,78.8787483702738,,V1連買訊號高（外資7日／投信0日）；價格未確認（Q2、RS20 -9.18）,Q2,0.25482936726272354,-0.10911966987620357,92.44,0.52,-9.182891852577624,22.69,4.5,12.5,5.0,8.5,5.0,9.24,5.0,18.0,-13.0
5381,光譜,True,excluded,excluded,0,0,False,False,7.0,40.38,112.0,190.0,-78.0,88.33116036505866,75.35853976531942,,V1連買訊號高（外資5日／投信0日）；價格未確認（Q2、RS20 -5.28）,Q2,0.2093135446685879,0.0,88.79,51.76,-5.278272060765499,35.98,3.5,12.5,4.5,6.0,5.0,8.88,,,
5386,青雲,False,excluded,excluded,0,0,False,False,,,,,,,,,,,,,,,,,,,,,,,,,
5388,中磊,False,excluded,excluded,0,0,False,False,,,,,,,,,,,,,,,,,,,,,,,,,
5392,能率,True,excluded,excluded,0,0,False,False,5.0,52.44,356.0,138.0,218.0,64.27640156453715,82.13820078226858,C_V1_weak_V2_strong,價格與RS同步確認（RS20 +4.17）；連買天數不長，但V2不只依賴連買,Q1,0.06275305747665377,0.0,64.41,51.76,4.171833928348246,82.01,3.5,12.5,3.0,2.0,25.0,6.44,,,
5398,慕康生醫,False,excluded,excluded,0,0,False,False,,,,,,,,,,,,,,,,,,,,,,,,,
5403,中菲,True,excluded,excluded,0,0,False,False,7.0,37.28,113.0,266.0,-153.0,88.33116036505866,65.44980443285529,,V1連買訊號高（外資5日／投信0日）；價格未確認（Q2、RS20 -1.02）；近期flow正在減速,Q2,0.2996333333333333,0.0,95.31,51.76,-1.0150898127923802,54.37,3.5,12.5,4.0,2.75,5.0,9.53,,,
5410,國眾,False,excluded,excluded,0,0,False,False,,,,,,,,,,,,,,,,,,,,,,,,,
5425,台半,True,excluded,excluded,0,0,False,False,3.0,20.61,434.0,440.0,-6.0,45.436766623207305,42.76401564537158,,實際介入強度低（強度分 1.8/25）；價格未確認（Q4、RS20 -27.26）,Q4,-0.05744152688875391,0.007008363313554175,31.03,93.61,-27.259826951146536,1.83,3.5,1.75,2.0,4.0,0.0,9.36,,,
5426,振發,True,excluded,excluded,0,0,False,False,0.0,7.0,722.0,608.0,114.0,19.621903520208605,23.598435462842243,D_V1_weak_V2_weak,連買天數不長，但V2不只依賴連買,Q4,-0.06583098979873174,0.0,29.2,51.76,-4.089253564922224,38.98,0.0,0.0,2.5,4.5,0.0,0.0,,,
5432,新門,True,excluded,excluded,0,0,False,False,0.0,6.5,723.0,662.0,61.0,19.621903520208605,16.558018252933508,D_V1_weak_V2_weak,連買天數不長，但V2不只依賴連買,Q4,-0.0447427293064877,0.0,33.64,51.76,-16.953225750928315,9.26,1.0,0.0,3.5,2.0,0.0,0.0,,,
5434,崇越,True,other_watch,other_watch,41,41,False,False,4.0,37.23,402.0,268.0,134.0,47.84876140808344,65.1238591916558,,差異主要來自V1離散加分與V2連續型強度／排名分數,Q4,0.2544050957930081,-0.2926934623740865,92.31,0.13,-7.054597247648642,29.07,3.5,12.5,6.0,6.0,0.0,9.23,,,
5438,東友,True,excluded,excluded,0,0,False,False,7.0,33.95,114.0,326.0,-212.0,88.33116036505866,57.6271186440678,,V1連買訊號高（外資4日／投信0日）；全市場flow percentile偏低（外資P67、投信P52）；價格未確認（Q2、RS20 -5.62）；近期flow正在減速,Q2,0.07079646017699115,0.0,67.01,51.76,-5.618264415966978,35.2,3.5,12.5,3.5,2.75,5.0,6.7,,,
5439,高技,False,excluded,excluded,0,0,False,False,,,,,,,,,,,,,,,,,,,,,,,,,
5443,均豪,False,excluded,excluded,0,0,False,False,,,,,,,,,,,,,,,,,,,,,,,,,
5450,南良,False,excluded,excluded,0,0,False,False,,,,,,,,,,,,,,,,,,,,,,,,,
5452,佶優,True,excluded,excluded,0,0,False,False,5.0,37.45,357.0,263.0,94.0,64.27640156453715,65.84093872229465,,連買天數不長，但V2不只依賴連買,Q2,0.0815293845441925,0.0,69.49,51.76,-10.405159268008413,20.34,3.5,12.5,3.5,6.0,5.0,6.95,,,
5455,昇益,False,excluded,excluded,0,0,False,False,,,,,,,,,,,,,,,,,,,,,,,,,
5457,宣德,False,excluded,excluded,0,0,False,False,,,,,,,,,,,,,,,,,,,,,,,,,
5460,同協,False,excluded,excluded,0,0,False,False,,,,,,,,,,,,,,,,,,,,,,,,,
5464,霖宏,True,excluded,excluded,0,0,False,False,0.0,6.0,724.0,694.0,30.0,19.621903520208605,11.147327249022164,D_V1_weak_V2_weak,連買天數不長，但V2不只依賴連買,Q4,-0.13695022386094285,0.0,14.34,51.76,-28.084967572325304,1.56,0.0,0.0,1.5,4.5,0.0,0.0,,,
5465,富驊,False,excluded,excluded,0,0,False,False,,,,,,,,,,,,,,,,,,,,,,,,,
5468,凱鈺,False,excluded,excluded,0,0,False,False,,,,,,,,,,,,,,,,,,,,,,,,,
5469,瀚宇博,False,excluded,excluded,0,0,False,False,,,,,,,,,,,,,,,,,,,,,,,,,
5471,松翰,False,excluded,excluded,0,0,False,False,,,,,,,,,,,,,,,,,,,,,,,,,
5474,聰泰,True,excluded,excluded,0,0,False,False,5.0,33.84,358.0,330.0,28.0,64.27640156453715,57.10560625814863,,連買天數不長，但V2不只依賴連買,Q2,0.0776870897155361,0.0,68.45,51.76,-4.979350569505959,36.64,3.5,12.5,4.0,2.0,5.0,6.84,,,
5475,德宏,True,excluded,excluded,0,0,False,False,0.0,7.0,725.0,609.0,116.0,19.621903520208605,23.598435462842243,D_V1_weak_V2_weak,連買天數不長，但V2不只依賴連買,Q4,-0.19165972017431765,0.0,9.52,51.76,-29.366624793853813,1.17,0.0,0.0,2.5,4.5,0.0,0.0,,,
5478,智冠,True,excluded,excluded,0,0,False,False,0.0,6.5,726.0,663.0,63.0,19.621903520208605,16.558018252933508,D_V1_weak_V2_weak,連買天數不長，但V2不只依賴連買,Q3,-0.20441666666666666,0.0,8.21,51.76,0.00046732216775202673,61.54,0.0,0.0,2.5,4.0,0.0,0.0,,,
5481,新華,False,excluded,excluded,0,0,False,False,,,,,,,,,,,,,,,,,,,,,,,,,
5483,中美晶,False,excluded,excluded,0,0,False,False,,,,,,,,,,,,,,,,,,,,,,,,,
5484,慧友,False,excluded,excluded,0,0,False,False,,,,,,,,,,,,,,,,,,,,,,,,,
5487,通泰,False,excluded,excluded,0,0,False,False,,,,,,,,,,,,,,,,,,,,,,,,,
5488,松普,False,excluded,excluded,0,0,False,False,,,,,,,,,,,,,,,,,,,,,,,,,
5489,彩富,True,excluded,excluded,0,0,False,False,5.0,39.2,359.0,216.0,143.0,64.27640156453715,71.96870925684486,,連買天數不長，但V2不只依賴連買,Q2,0.19121447028423771,0.0,86.96,51.76,-22.295874708685183,5.35,3.5,12.5,3.5,6.0,5.0,8.7,,,
5490,同亨,True,excluded,excluded,0,0,False,False,0.0,10.5,727.0,471.0,256.0,19.621903520208605,38.85267275097783,,連買天數不長，但V2不只依賴連買,Q4,-0.0859769578932931,0.0,23.47,51.76,6.188122013535013,87.74,1.0,0.0,3.5,6.0,0.0,0.0,,,
5493,三聯,False,excluded,excluded,0,0,False,False,,,,,,,,,,,,,,,,,,,,,,,,,
5498,凱崴,True,excluded,excluded,0,0,False,False,5.0,18.59,360.0,454.0,-94.0,64.27640156453715,40.938722294654504,,實際介入強度低（強度分 0.9/25）；全市場flow percentile偏低（外資P47、投信P52）；價格未確認（Q2、RS20 -11.91）；近期flow已轉負,Q2,0.003437478190066302,0.0,47.33,51.76,-11.9132857712293,15.78,3.5,0.86,3.5,1.0,5.0,4.73,,,
5508,永信建,True,excluded,excluded,0,0,False,False,7.0,40.75,115.0,186.0,-71.0,88.33116036505866,75.8800521512386,,V1連買訊號高（外資5日／投信0日）；價格未確認（Q2、RS20 -2.70）,Q2,0.37349384164222876,0.0,97.52,51.76,-2.7016909008019008,44.72,3.5,12.5,4.0,6.0,5.0,9.75,,,
5511,德昌,False,excluded,excluded,0,0,False,False,,,,,,,,,,,,,,,,,,,,,,,,,
5512,力麒,True,excluded,excluded,0,0,False,False,5.0,56.88,361.0,96.0,265.0,64.27640156453715,87.61408083441981,C_V1_weak_V2_strong,價格與RS同步確認（RS20 +0.61）；連買天數不長，但V2不只依賴連買,Q1,0.10061902654867257,0.0,73.79,51.76,0.6128391365651464,65.45,3.5,12.5,2.5,6.0,25.0,7.38,,,
5514,三豐,False,excluded,excluded,0,0,False,False,,,,,,,,,,,,,,,,,,,,,,,,,
5515,建國,False,excluded,excluded,0,0,False,False,,,,,,,,,,,,,,,,,,,,,,,,,
5516,雙喜,False,excluded,excluded,0,0,False,False,,,,,,,,,,,,,,,,,,,,,,,,,
5519,隆大,True,excluded,excluded,0,0,False,False,0.0,7.0,728.0,610.0,118.0,19.621903520208605,23.598435462842243,D_V1_weak_V2_weak,連買天數不長，但V2不只依賴連買,Q4,-0.19639468690702086,0.0,9.0,51.76,-2.637725795289936,44.85,0.0,0.0,3.0,4.0,0.0,0.0,,,
5520,力泰,False,excluded,excluded,0,0,False,False,,,,,,,,,,,,,,,,,,,,,,,,,
5521,工信,False,excluded,excluded,0,0,False,False,,,,,,,,,,,,,,,,,,,,,,,,,
5522,遠雄,False,excluded,excluded,0,0,False,False,,,,,,,,,,,,,,,,,,,,,,,,,
5523,豐謙,False,excluded,excluded,0,0,False,False,,,,,,,,,,,,,,,,,,,,,,,,,
5525,順天,True,excluded,excluded,0,0,False,False,0.0,8.0,729.0,518.0,211.0,19.621903520208605,33.96349413298566,,連買天數不長，但V2不只依賴連買,Q4,-0.12742718446601942,0.0,16.17,51.76,0.31981652211396927,63.89,1.0,0.0,3.0,4.0,0.0,0.0,,,
5529,鉅陞,True,excluded,excluded,0,0,False,False,5.0,58.92,362.0,68.0,294.0,64.27640156453715,91.26466753585397,C_V1_weak_V2_strong,價格與RS同步確認（RS20 +2.17）；連買天數不長，但V2不只依賴連買,Q1,0.2144177449168207,0.0,89.18,51.76,2.1747374808085085,74.71,3.5,12.5,3.0,6.0,25.0,8.92,,,
5530,龍巖,False,excluded,excluded,0,0,False,False,,,,,,,,,,,,,,,,,,,,,,,,,
5531,鄉林,True,excluded,excluded,0,0,False,False,0.0,7.5,730.0,553.0,177.0,19.621903520208605,29.85658409387223,,連買天數不長，但V2不只依賴連買,Q4,-0.3909313725490196,0.0,1.83,51.76,-3.532809689002814,41.46,0.0,0.0,3.0,4.5,0.0,0.0,,,
5533,皇鼎,True,excluded,excluded,0,0,False,False,0.0,6.0,731.0,695.0,36.0,19.621903520208605,11.147327249022164,D_V1_weak_V2_weak,連買天數不長，但V2不只依賴連買,Q4,-0.05170387779083431,0.0,32.33,51.76,4.316525408121741,82.92,0.0,0.0,2.0,4.0,0.0,0.0,,,
5534,長虹,False,excluded,excluded,0,0,False,False,,,,,,,,,,,,,,,,,,,,,,,,,
5536,聖暉*,False,excluded,excluded,0,0,False,False,,,,,,,,,,,,,,,,,,,,,,,,,
5538,東明-KY,True,excluded,excluded,0,0,False,False,5.0,55.3,363.0,117.0,246.0,64.27640156453715,84.8761408083442,C_V1_weak_V2_strong,價格與RS同步確認（RS20 +7.46）；連買天數不長，但V2不只依賴連買,Q1,0.0838150289017341,0.0,70.53,51.76,7.461657611323458,89.7,3.5,12.5,4.5,2.75,25.0,7.05,,,
5543,桓鼎-KY,False,excluded,excluded,0,0,False,False,,,,,,,,,,,,,,,,,,,,,,,,,
5546,永固-KY,True,excluded,excluded,0,0,False,False,0.0,4.5,732.0,748.0,-16.0,19.621903520208605,3.455019556714472,D_V1_weak_V2_weak,實際介入強度低（強度分 0.0/25）；全市場flow percentile偏低（外資P21、投信P52）；價格未確認（Q4、RS20 -13.81）,Q4,-0.09375,0.0,21.25,51.76,-13.808133179853877,12.78,0.0,0.0,2.5,2.0,0.0,0.0,,,
5547,久舜,True,excluded,excluded,0,0,False,False,5.0,33.32,364.0,336.0,28.0,64.27640156453715,56.32333767926988,,連買天數不長，但V2不只依賴連買,Q2,0.04,0.0,58.15,51.76,-1.4797553269628394,51.5,3.5,10.0,3.0,6.0,5.0,5.82,,,
5548,安倉,False,excluded,excluded,0,0,False,False,,,,,,,,,,,,,,,,,,,,,,,,,
5601,台聯櫃,False,excluded,excluded,0,0,False,False,,,,,,,,,,,,,,,,,,,,,,,,,
5603,陸海,False,excluded,excluded,0,0,False,False,,,,,,,,,,,,,,,,,,,,,,,,,
5604,中連,True,excluded,excluded,0,0,False,False,5.0,55.55,365.0,113.0,252.0,64.27640156453715,85.39765319426337,C_V1_weak_V2_strong,價格與RS同步確認（RS20 +0.02）；連買天數不長，但V2不只依賴連買,Q1,0.06666666666666667,0.0,65.45,51.76,0.018293500721233702,61.93,3.5,12.5,2.0,6.0,25.0,6.55,,,
5607,遠雄港,False,excluded,excluded,0,0,False,False,,,,,,,,,,,,,,,,,,,,,,,,,
5608,四維航,True,excluded,excluded,0,0,False,False,5.0,39.33,366.0,213.0,153.0,64.27640156453715,72.35984354628422,,連買天數不長，但V2不只依賴連買,Q2,0.20154653401797176,0.0,88.27,51.76,-1.4266531309300778,52.02,3.5,12.5,3.5,6.0,5.0,8.83,,,
5609,中菲行,True,excluded,excluded,0,0,False,False,7.0,55.88,116.0,110.0,6.0,88.33116036505866,85.78878748370273,,價格與RS同步確認（RS20 +1.88）；連買天數不長，但V2不只依賴連買,Q1,0.1884920424403183,0.0,86.31,51.76,1.8849458191365298,72.62,3.5,12.5,3.5,2.75,25.0,8.63,,,
5701,劍湖山,False,excluded,excluded,0,0,False,False,,,,,,,,,,,,,,,,,,,,,,,,,
5703,亞都,False,excluded,excluded,0,0,False,False,,,,,,,,,,,,,,,,,,,,,,,,,
5704,老爺知,True,excluded,excluded,0,0,False,False,0.0,5.5,733.0,719.0,14.0,19.621903520208605,7.496740547588006,D_V1_weak_V2_weak,連買天數不長，但V2不只依賴連買,Q4,-0.02127659574468085,0.0,39.57,51.76,1.4606084768594152,70.53,0.0,0.0,1.5,4.0,0.0,0.0,,,
5706,鳳凰,True,excluded,excluded,0,0,False,False,0.0,6.0,734.0,696.0,38.0,19.621903520208605,11.147327249022164,D_V1_weak_V2_weak,連買天數不長，但V2不只依賴連買,Q4,-0.09460043196544277,0.0,20.73,51.76,-2.086335644930859,47.33,0.0,0.0,2.0,4.0,0.0,0.0,,,
5864,致和證,False,excluded,excluded,0,0,False,False,,,,,,,,,,,,,,,,,,,,,,,,,
5871,中租-KY,True,excluded,excluded,0,0,False,False,0.0,9.5,735.0,479.0,256.0,19.621903520208605,37.809647979139505,,差異主要來自V1離散加分與V2連續型強度／排名分數,Q4,-0.2210992845053085,-0.0393906754885367,7.3,2.48,-5.442276042553706,35.72,0.0,0.0,5.0,4.5,0.0,0.0,,,
5876,上海商銀,True,other_watch,other_watch,38,38,False,False,7.0,44.66,117.0,164.0,-47.0,88.33116036505866,78.748370273794,,V1連買訊號高（外資3日／投信2日）；價格未確認（Q2、RS20 -0.82）,Q2,0.14140573026687692,-0.056469608163993934,81.62,1.83,-0.8165123322216861,55.28,3.5,12.5,7.5,8.0,5.0,8.16,,,
5878,台名,True,excluded,excluded,0,0,False,False,0.0,2.5,736.0,767.0,-31.0,19.621903520208605,0.2607561929595828,D_V1_weak_V2_weak,實際介入強度低（強度分 0.0/25）；全市場flow percentile偏低（外資P46、投信P52）,,0.0,0.0,46.41,51.76,-0.29483038285552654,59.13,0.0,0.0,0.5,2.0,0.0,0.0,,,
5880,合庫金,True,excluded,excluded,0,0,False,False,3.0,34.78,435.0,317.0,118.0,45.436766623207305,58.865710560625814,,動能較佳（外資 stable／投信 accelerating）,Q4,-0.19855237131312808,0.02249087098239546,8.87,96.61,4.566920769218219,83.96,4.5,5.62,6.5,8.5,0.0,9.66,,,
5902,德記,False,excluded,excluded,0,0,False,False,,,,,,,,,,,,,,,,,,,,,,,,,
5903,全家,True,excluded,excluded,0,0,False,False,0.0,6.0,737.0,697.0,40.0,19.621903520208605,11.147327249022164,D_V1_weak_V2_weak,連買天數不長，但V2不只依賴連買,Q4,-0.2722,-0.007142857142857143,5.35,7.3,-0.33784113554369277,58.8,0.0,0.0,1.5,4.5,0.0,0.0,,,
5904,寶雅*,False,excluded,excluded,0,0,False,False,,,,,,,,,,,,,,,,,,,,,,,,,
5905,南仁湖,False,excluded,excluded,0,0,False,False,,,,,,,,,,,,,,,,,,,,,,,,,
5906,台南-KY,True,excluded,excluded,0,0,False,False,7.0,36.24,118.0,293.0,-175.0,88.33116036505866,61.929595827900904,,V1連買訊號高（外資3日／投信0日）；價格未確認（Q2、RS20 +8.10）；近期flow正在減速,Q2,0.6,0.0,99.87,51.76,8.100755355684386,90.87,3.5,12.5,2.5,2.75,5.0,9.99,,,
5907,大洋-KY,False,excluded,excluded,0,0,False,False,,,,,,,,,,,,,,,,,,,,,,,,,
6005,群益證,False,excluded,excluded,0,0,False,False,,,,,,,,,,,,,,,,,,,,,,,,,
6015,宏遠證,False,excluded,excluded,0,0,False,False,,,,,,,,,,,,,,,,,,,,,,,,,
6016,康和證,False,excluded,excluded,0,0,False,False,,,,,,,,,,,,,,,,,,,,,,,,,
6020,大展證,False,excluded,excluded,0,0,False,False,,,,,,,,,,,,,,,,,,,,,,,,,
6021,美好證,False,excluded,excluded,0,0,False,False,,,,,,,,,,,,,,,,,,,,,,,,,
6023,元大期,True,excluded,excluded,0,0,False,False,5.0,36.29,367.0,292.0,75.0,64.27640156453715,62.05997392438071,,連買天數不長，但V2不只依賴連買,Q2,0.09737329168293635,-0.06181179226864506,72.88,1.56,-16.718793516496067,9.65,3.5,12.5,3.5,4.5,5.0,7.29,,,
6024,群益期,True,excluded,excluded,0,0,False,False,5.0,38.77,368.0,223.0,145.0,64.27640156453715,71.05606258148632,,連買天數不長，但V2不只依賴連買,Q2,0.19498313148788926,-0.00043252595155709344,87.74,13.3,-1.6690846047181962,49.67,3.5,12.5,3.0,6.0,5.0,8.77,,,
6026,福邦證,False,excluded,excluded,0,0,False,False,,,,,,,,,,,,,,,,,,,,,,,,,
6028,公勝保經,False,excluded,excluded,0,0,False,False,,,,,,,,,,,,,,,,,,,,,,,,,
6101,寬魚國際,False,excluded,excluded,0,0,False,False,,,,,,,,,,,,,,,,,,,,,,,,,
6103,合邦,True,excluded,excluded,0,0,False,False,5.0,32.09,369.0,346.0,23.0,64.27640156453715,55.019556714471975,,連買天數不長，但V2不只依賴連買,Q2,0.1,0.0,73.4,51.76,-7.364636419573712,27.25,3.5,12.5,1.0,2.75,5.0,7.34,,,
6104,創惟,True,excluded,excluded,0,0,False,False,7.0,42.23,119.0,175.0,-56.0,88.33116036505866,77.3142112125163,,V1連買訊號高（外資8日／投信0日）；價格未確認（Q2、RS20 -5.90）,Q2,0.35579616643291256,-0.02337540906965872,97.26,4.17,-5.901059526348297,34.42,3.5,12.5,5.5,6.0,5.0,9.73,,,
6108,競國,False,excluded,excluded,0,0,False,False,,,,,,,,,,,,,,,,,,,,,,,,,
6109,亞元,False,excluded,excluded,0,0,False,False,,,,,,,,,,,,,,,,,,,,,,,,,
6111,光聚晶電,True,excluded,excluded,0,0,False,False,5.0,37.21,370.0,272.0,98.0,64.27640156453715,64.73272490221643,,連買天數不長，但V2不只依賴連買,Q2,0.09285714285714286,0.0,72.1,51.76,-7.205242196335217,28.16,3.5,12.5,3.0,6.0,5.0,7.21,,,
6112,邁達特,False,excluded,excluded,0,0,False,False,,,,,,,,,,,,,,,,,,,,,,,,,
6113,亞矽,True,excluded,excluded,0,0,False,False,0.0,5.0,738.0,731.0,7.0,19.621903520208605,5.215123859191656,D_V1_weak_V2_weak,連買天數不長，但V2不只依賴連買,Q4,-0.08011869436201781,0.0,25.03,51.76,-6.9440163088266065,29.73,0.0,0.0,3.0,2.0,0.0,0.0,,,
6114,久威,True,excluded,excluded,0,0,False,False,0.0,7.0,739.0,611.0,128.0,19.621903520208605,23.598435462842243,D_V1_weak_V2_weak,連買天數不長，但V2不只依賴連買,Q4,-0.2222222222222222,0.0,7.17,51.76,-6.258393812573049,32.59,0.0,0.0,2.5,4.5,0.0,0.0,,,
6115,鎰勝,True,excluded,excluded,0,0,False,False,7.0,35.63,120.0,302.0,-182.0,88.33116036505866,60.75619295958279,,V1連買訊號高（外資4日／投信0日）；價格未確認（Q2、RS20 -0.10）；近期flow正在減速,Q2,0.16868932038834952,0.0,83.83,51.76,-0.09740397707375115,60.23,3.5,12.5,3.5,2.75,5.0,8.38,,,
6116,彩晶,True,excluded,excluded,0,0,False,False,0.0,6.5,740.0,664.0,76.0,19.621903520208605,16.558018252933508,D_V1_weak_V2_weak,連買天數不長，但V2不只依賴連買,Q4,-0.03758121966294125,0.0,35.2,51.76,-9.245471657632054,22.43,1.0,0.0,3.5,2.0,0.0,0.0,,,
6117,迎廣,False,excluded,excluded,0,0,False,False,,,,,,,,,,,,,,,,,,,,,,,,,
6118,建達,True,excluded,excluded,0,0,False,False,5.0,39.28,371.0,214.0,157.0,64.27640156453715,72.22946544980444,,連買天數不長，但V2不只依賴連買,Q2,0.15208333333333332,0.0,82.79,51.76,-6.696815494518049,30.57,3.5,12.5,4.0,6.0,5.0,8.28,,,
6120,達運,False,excluded,excluded,0,0,False,False,,,,,,,,,,,,,,,,,,,,,,,,,
6121,新普,True,excluded,excluded,0,0,False,False,7.0,45.87,121.0,161.0,-40.0,88.33116036505866,79.13950456323337,,V1連買訊號高（外資9日／投信1日）；價格未確認（Q2、RS20 -0.13）,Q2,0.4438670673076923,-0.015519711538461538,98.7,5.22,-0.13091581222287596,59.97,3.5,12.5,7.0,8.0,5.0,9.87,,,
6122,擎邦,False,excluded,excluded,0,0,False,False,,,,,,,,,,,,,,,,,,,,,,,,,
6123,上奇,True,excluded,excluded,0,0,False,False,5.0,56.56,372.0,101.0,271.0,64.27640156453715,86.96219035202087,C_V1_weak_V2_strong,價格與RS同步確認（RS20 +4.71）；連買天數不長，但V2不只依賴連買,Q1,0.13191489361702127,0.0,80.57,51.76,4.71251857668652,84.62,3.5,12.5,1.5,6.0,25.0,8.06,,,
6124,業強,False,excluded,excluded,0,0,False,False,,,,,,,,,,,,,,,,,,,,,,,,,
6125,廣運,True,excluded,excluded,0,0,False,False,0.0,7.0,741.0,612.0,129.0,19.621903520208605,23.598435462842243,D_V1_weak_V2_weak,連買天數不長，但V2不只依賴連買,Q4,-0.036006798316607316,0.0,35.59,51.76,-11.896493864928127,15.91,0.0,0.0,2.5,4.5,0.0,0.0,,,
6126,信音,False,excluded,excluded,0,0,False,False,,,,,,,,,,,,,,,,,,,,,,,,,
6127,九豪,True,excluded,excluded,0,0,False,False,5.0,28.84,373.0,377.0,-4.0,64.27640156453715,50.97783572359843,,全市場flow percentile偏低（外資P58、投信P52）；價格未確認（Q2、RS20 -27.25）；近期flow已轉負,Q2,0.04199389235271663,0.0,58.41,51.76,-27.249871568258865,1.96,3.5,10.5,3.0,1.0,5.0,5.84,,,
6128,上福,False,excluded,excluded,0,0,False,False,,,,,,,,,,,,,,,,,,,,,,,,,
6129,普誠,False,excluded,excluded,0,0,False,False,,,,,,,,,,,,,,,,,,,,,,,,,
6130,上亞科技,False,excluded,excluded,0,0,False,False,,,,,,,,,,,,,,,,,,,,,,,,,
6133,金橋,False,excluded,excluded,0,0,False,False,,,,,,,,,,,,,,,,,,,,,,,,,
6134,萬旭,False,excluded,excluded,0,0,False,False,,,,,,,,,,,,,,,,,,,,,,,,,
6136,富爾特,False,excluded,excluded,0,0,False,False,,,,,,,,,,,,,,,,,,,,,,,,,
6138,茂達,False,excluded,excluded,0,0,False,False,,,,,,,,,,,,,,,,,,,,,,,,,
6139,亞翔,False,excluded,excluded,0,0,False,False,,,,,,,,,,,,,,,,,,,,,,,,,
6140,訊達,True,excluded,excluded,0,0,False,False,7.0,40.05,122.0,199.0,-77.0,88.33116036505866,74.1199478487614,,V1連買訊號高（外資3日／投信0日）；價格未確認（Q2、RS20 -9.21）,Q2,0.22910216718266255,0.0,90.48,51.76,-9.21393188598001,22.56,3.5,12.5,4.0,6.0,5.0,9.05,,,
6141,柏承,False,excluded,excluded,0,0,False,False,,,,,,,,,,,,,,,,,,,,,,,,,
6142,友勁,False,excluded,excluded,0,0,False,False,,,,,,,,,,,,,,,,,,,,,,,,,
6143,振曜,False,excluded,excluded,0,0,False,False,,,,,,,,,,,,,,,,,,,,,,,,,
6144,得利影,False,excluded,excluded,0,0,False,False,,,,,,,,,,,,,,,,,,,,,,,,,
6146,耕興,True,excluded,excluded,0,0,False,False,0.0,9.0,742.0,485.0,257.0,19.621903520208605,37.222946544980445,,連買天數不長，但V2不只依賴連買,Q4,-0.07820699925539837,-0.00035145197319434105,25.55,13.56,-2.0348108325133896,47.46,0.0,0.0,3.0,6.0,0.0,0.0,,,
6147,頎邦,True,excluded,excluded,0,0,False,False,0.0,10.0,743.0,476.0,267.0,19.621903520208605,38.200782268578884,,連買天數不長，但V2不只依賴連買,Q4,-0.013983460080817207,-0.0219761480477541,42.63,4.43,-21.226730024432584,5.87,0.0,0.0,3.5,6.5,0.0,0.0,,,
6148,驊宏資,True,excluded,excluded,0,0,False,False,0.0,6.5,744.0,665.0,79.0,19.621903520208605,16.558018252933508,D_V1_weak_V2_weak,連買天數不長，但V2不只依賴連買,Q4,-0.015503869653767821,0.0,41.72,51.76,-7.484507802210361,27.12,0.0,0.0,2.5,4.0,0.0,0.0,,,
6150,撼訊,True,excluded,excluded,0,0,False,False,7.0,40.66,123.0,188.0,-65.0,88.33116036505866,75.68448500651891,,V1連買訊號高（外資10日／投信0日）；價格未確認（Q2、RS20 -0.63）,Q2,0.1894050901378579,0.0,86.57,51.76,-0.6278844255869886,57.24,3.5,12.5,5.0,6.0,5.0,8.66,,,
6151,晉倫,False,excluded,excluded,0,0,False,False,,,,,,,,,,,,,,,,,,,,,,,,,
6152,百一,False,excluded,excluded,0,0,False,False,,,,,,,,,,,,,,,,,,,,,,,,,
6153,嘉聯益,False,excluded,excluded,0,0,False,False,,,,,,,,,,,,,,,,,,,,,,,,,
6154,順發,False,excluded,excluded,0,0,False,False,,,,,,,,,,,,,,,,,,,,,,,,,
6155,鈞寶,True,excluded,excluded,0,0,False,False,5.0,19.29,374.0,448.0,-74.0,64.27640156453715,41.720990873533246,,實際介入強度低（強度分 1.0/25）；全市場flow percentile偏低（外資P48、投信P13）；價格未確認（Q2、RS20 -23.22）；近期flow已轉負,Q2,0.004002592016588907,-0.00038880248833592535,47.85,13.43,-23.22103201873458,4.43,3.5,1.0,4.0,1.0,5.0,4.79,,,
6156,松上,True,excluded,excluded,0,0,False,False,0.0,7.0,745.0,613.0,132.0,19.621903520208605,23.598435462842243,D_V1_weak_V2_weak,連買天數不長，但V2不只依賴連買,Q4,-0.06731531819635433,0.0,28.68,51.76,-25.63590110027033,2.74,0.0,0.0,3.0,4.0,0.0,0.0,,,
6158,禾昌,True,excluded,excluded,0,0,False,False,5.0,24.53,375.0,410.0,-35.0,64.27640156453715,46.67535853976532,,實際介入強度低（強度分 3.4/25）；全市場flow percentile偏低（外資P51、投信P52）；價格未確認（Q2、RS20 -11.34）,Q2,0.013623978201634877,0.0,51.24,51.76,-11.34046580745971,17.47,3.5,3.41,1.5,6.0,5.0,5.12,,,
6160,欣技,True,excluded,excluded,0,0,False,False,0.0,4.5,746.0,749.0,-3.0,19.621903520208605,3.455019556714472,D_V1_weak_V2_weak,實際介入強度低（強度分 0.0/25）；全市場flow percentile偏低（外資P33、投信P52）；價格未確認（Q4、RS20 -10.84）,Q4,-0.04597701149425287,0.0,33.25,51.76,-10.84251403273996,18.77,0.0,0.0,2.5,2.0,0.0,0.0,,,
6161,捷波,True,excluded,excluded,0,0,False,False,7.0,36.39,124.0,290.0,-166.0,88.33116036505866,62.385919165580184,,V1連買訊號高（外資7日／投信0日）；價格未確認（Q2、RS20 -1.75）；近期flow正在減速,Q2,0.14041937869822485,0.0,81.36,51.76,-1.7517605494631106,49.28,3.5,12.5,4.5,2.75,5.0,8.14,,,
6163,華電網,True,excluded,excluded,0,0,False,False,7.0,40.37,125.0,191.0,-66.0,88.33116036505866,75.22816166883963,,V1連買訊號高（外資6日／投信0日）；價格未確認（Q2、RS20 -7.10）,Q2,0.2656618505994467,0.0,93.74,51.76,-7.100787889737726,28.94,3.5,12.5,4.0,6.0,5.0,9.37,,,
6164,華興,False,excluded,excluded,0,0,False,False,,,,,,,,,,,,,,,,,,,,,,,,,
6165,浪凡,False,excluded,excluded,0,0,False,False,,,,,,,,,,,,,,,,,,,,,,,,,
6166,凌華,False,excluded,excluded,0,0,False,False,,,,,,,,,,,,,,,,,,,,,,,,,
6167,久正,False,excluded,excluded,0,0,False,False,,,,,,,,,,,,,,,,,,,,,,,,,
6168,宏齊,False,excluded,excluded,0,0,False,False,,,,,,,,,,,,,,,,,,,,,,,,,
6169,昱泉,True,excluded,excluded,0,0,False,False,0.0,5.0,747.0,732.0,15.0,19.621903520208605,5.215123859191656,D_V1_weak_V2_weak,連買天數不長，但V2不只依賴連買,Q4,-0.08080808080808081,0.0,24.77,51.76,-12.091756124358023,15.51,0.0,0.0,0.5,4.5,0.0,0.0,,,
6170,統振,False,excluded,excluded,0,0,False,False,,,,,,,,,,,,,,,,,,,,,,,,,
6171,大城地產,False,excluded,excluded,0,0,False,False,,,,,,,,,,,,,,,,,,,,,,,,,
6173,信昌電,True,excluded,excluded,0,0,False,False,0.0,6.0,748.0,698.0,50.0,19.621903520208605,11.147327249022164,D_V1_weak_V2_weak,連買天數不長，但V2不只依賴連買,Q4,-0.14039482557783092,-6.897185948133161e-06,13.82,14.86,-30.923699721402276,0.78,0.0,0.0,1.5,4.5,0.0,0.0,,,
6174,安碁,False,excluded,excluded,0,0,False,False,,,,,,,,,,,,,,,,,,,,,,,,,
6175,立敦,True,excluded,excluded,0,0,False,False,5.0,34.01,376.0,325.0,51.0,64.27640156453715,57.75749674054759,,連買天數不長，但V2不只依賴連買,Q2,0.09583565147881695,0.0,72.62,51.76,-24.521749181520715,3.13,3.5,12.5,3.0,2.75,5.0,7.26,,,
6176,瑞儀,False,excluded,excluded,0,0,False,False,,,,,,,,,,,,,,,,,,,,,,,,,
6177,達麗,True,buy_candidates,buy_candidates,50,50,False,False,0.0,7.5,749.0,554.0,195.0,19.621903520208605,29.85658409387223,,連買天數不長，但V2不只依賴連買,Q3,-0.1067486323467527,-0.0015645953149109272,19.56,11.47,6.201565950501131,87.87,1.0,0.0,2.5,4.0,0.0,0.0,14.0,34.0,-20.0
6179,亞通,False,excluded,excluded,0,0,False,False,,,,,,,,,,,,,,,,,,,,,,,,,
6180,橘子,True,excluded,excluded,0,0,False,False,0.0,7.0,750.0,614.0,136.0,19.621903520208605,23.598435462842243,D_V1_weak_V2_weak,連買天數不長，但V2不只依賴連買,Q4,-0.12635497049477984,0.0,16.56,51.76,-6.722258629112233,30.25,0.0,0.0,3.0,4.0,0.0,0.0,,,
6182,合晶,False,excluded,excluded,0,0,False,False,,,,,,,,,,,,,,,,,,,,,,,,,
6183,關貿,True,excluded,excluded,0,0,False,False,0.0,7.5,751.0,555.0,196.0,19.621903520208605,29.85658409387223,,連買天數不長，但V2不只依賴連買,Q3,-0.023391812865497075,0.0,38.98,51.76,3.9888403130889816,81.1,0.0,0.0,3.0,4.5,0.0,0.0,,,
6184,大豐電,True,excluded,excluded,0,0,False,False,5.0,38.75,377.0,224.0,153.0,64.27640156453715,70.92568448500653,,連買天數不長，但V2不只依賴連買,Q2,0.09565217391304348,0.0,72.49,51.76,-0.40637696108885013,58.41,3.5,12.5,4.5,6.0,5.0,7.25,,,
6185,幃翔,False,excluded,excluded,0,0,False,False,,,,,,,,,,,,,,,,,,,,,,,,,
6186,新潤,False,excluded,excluded,0,0,False,False,,,,,,,,,,,,,,,,,,,,,,,,,
6187,萬潤,True,other_watch,other_watch,43,43,False,False,15.0,77.37,12.0,17.0,-5.0,99.21773142112124,97.91395045632333,A_V1_strong_V2_strong,近期flow已轉負,Q1,0.051739154101573134,0.009497795438462795,60.89,94.13,6.309501859625389,88.14,10.0,14.87,7.0,5.0,25.0,15.5,,,
6188,廣明,True,excluded,excluded,0,0,False,False,5.0,31.61,378.0,355.0,23.0,64.27640156453715,53.84615384615385,,連買天數不長，但V2不只依賴連買,Q2,0.04475092024539877,0.0,59.19,51.76,-6.211715009417585,32.86,4.5,11.19,4.0,1.0,5.0,5.92,,,
6189,豐藝,True,excluded,excluded,0,0,False,False,7.0,40.05,126.0,200.0,-74.0,88.33116036505866,74.1199478487614,,V1連買訊號高（外資8日／投信0日）；價格未確認（Q2、RS20 -0.71）；近期flow正在減速,Q2,0.4067954847277556,-0.0039167773351040285,98.04,8.74,-0.7079146158376237,56.52,3.5,12.5,4.5,4.75,5.0,9.8,,,
6190,萬泰科,True,excluded,excluded,0,0,False,False,5.0,31.74,379.0,353.0,26.0,64.27640156453715,54.10691003911343,,連買天數不長，但V2不只依賴連買,Q2,0.03241203777813351,0.0,56.45,51.76,-11.24940576139405,17.73,3.5,8.1,3.5,6.0,5.0,5.64,,,
6191,精成科,False,excluded,excluded,0,0,False,False,,,,,,,,,,,,,,,,,,,,,,,,,
6192,巨路,False,excluded,excluded,0,0,False,False,,,,,,,,,,,,,,,,,,,,,,,,,
6194,育富,False,excluded,excluded,0,0,False,False,,,,,,,,,,,,,,,,,,,,,,,,,
6195,詩肯,True,excluded,excluded,0,0,False,False,2.0,43.2,467.0,167.0,300.0,41.19947848761408,78.35723598435462,C_V1_weak_V2_strong,價格與RS同步確認（RS20 +11.05）；連買天數不長，但V2不只依賴連買,Q1,0.010869565217391304,0.0,49.8,51.76,11.052418193994573,94.65,3.5,2.72,1.0,6.0,25.0,4.98,,,
6196,帆宣,True,other_watch,other_watch,56,56,False,False,5.0,41.37,380.0,180.0,200.0,64.27640156453715,76.66232073011734,C_V1_weak_V2_strong,差異主要來自V1離散加分與V2連續型強度／排名分數,Q2,0.10027405954304178,-0.05331179321486268,73.66,1.96,-6.989988745949017,29.6,3.5,12.5,7.0,6.0,5.0,7.37,,,
6197,佳必琪,True,buy_candidates,buy_candidates,60,60,False,False,3.0,20.68,436.0,439.0,-3.0,45.436766623207305,42.89439374185137,,實際介入強度低（強度分 0.9/25）；價格未確認（Q4、RS20 -4.94）,Q4,-0.06802275600505689,0.0036241045090602613,28.55,92.7,-4.940580861571098,36.77,3.5,0.91,5.0,2.0,0.0,9.27,9.0,29.0,-20.0
6198,瑞築,False,excluded,excluded,0,0,False,False,,,,,,,,,,,,,,,,,,,,,,,,,
6199,天品,False,excluded,excluded,0,0,False,False,,,,,,,,,,,,,,,,,,,,,,,,,
6201,亞弘電,True,excluded,excluded,0,0,False,False,0.0,8.5,752.0,495.0,257.0,19.621903520208605,36.17992177314211,,連買天數不長，但V2不只依賴連買,Q4,-0.02680965147453083,0.0,38.2,51.76,-5.86926190057101,34.55,1.0,0.0,3.0,4.5,0.0,0.0,,,
6202,盛群,False,excluded,excluded,0,0,False,False,,,,,,,,,,,,,,,,,,,,,,,,,
6203,海韻電,False,excluded,excluded,0,0,False,False,,,,,,,,,,,,,,,,,,,,,,,,,
6204,艾華,True,excluded,excluded,0,0,False,False,0.0,7.0,753.0,615.0,138.0,19.621903520208605,23.598435462842243,D_V1_weak_V2_weak,連買天數不長，但V2不只依賴連買,Q4,-0.017490952955367914,0.0,40.68,51.76,-12.480443631087358,14.73,0.0,0.0,3.0,4.0,0.0,0.0,,,
6205,詮欣,True,excluded,excluded,0,0,False,False,5.0,39.45,381.0,210.0,171.0,64.27640156453715,72.81616688396349,,連買天數不長，但V2不只依賴連買,Q2,0.10276828669612174,0.0,74.45,51.76,-9.354362029615604,22.16,4.5,12.5,4.0,6.0,5.0,7.45,,,
6206,飛捷,False,excluded,excluded,0,0,False,False,,,,,,,,,,,,,,,,,,,,,,,,,
6207,雷科,True,excluded,excluded,0,0,False,False,7.0,24.73,127.0,407.0,-280.0,88.33116036505866,47.06649282920469,,V1連買訊號高（外資3日／投信0日）；實際介入強度低（強度分 5.2/25）；全市場flow percentile偏低（外資P53、投信P52）；價格未確認（Q2、RS20 -22.85）,Q2,0.02064612048192771,0.0,53.19,51.76,-22.847924172317125,4.82,3.5,5.16,3.0,2.75,5.0,5.32,,,
6208,日揚,False,excluded,excluded,0,0,False,False,,,,,,,,,,,,,,,,,,,,,,,,,
6209,今國光,False,excluded,excluded,0,0,False,False,,,,,,,,,,,,,,,,,,,,,,,,,
6210,慶生,False,excluded,excluded,0,0,False,False,,,,,,,,,,,,,,,,,,,,,,,,,
6212,理銘,False,excluded,excluded,0,0,False,False,,,,,,,,,,,,,,,,,,,,,,,,,
6213,聯茂,True,excluded,excluded,0,0,False,False,15.0,81.21,13.0,9.0,4.0,99.21773142112124,98.95697522816167,A_V1_strong_V2_strong,5日資金強度分 17.8/25；橫向強度高（外資P71、投信P96）；價格與RS同步確認（RS20 +19.91）,Q1,0.08382627603417477,0.021081576535288724,70.66,96.22,19.910652142156803,98.17,10.0,17.77,5.0,6.75,25.0,16.69,,,
6214,精誠,True,other_watch,other_watch,49,49,False,False,0.0,11.0,754.0,466.0,288.0,19.621903520208605,39.374185136897,,連買天數不長，但V2不只依賴連買,Q4,-0.05759611111111111,-5.7380952380952384e-05,30.9,14.6,3.4777617013357465,80.18,1.0,0.0,4.0,6.0,0.0,0.0,,,
6215,和椿,True,excluded,excluded,0,0,False,False,0.0,5.5,755.0,720.0,35.0,19.621903520208605,7.496740547588006,D_V1_weak_V2_weak,連買天數不長，但V2不只依賴連買,Q4,-0.023249776757239445,0.0,39.11,51.76,-6.662165459868019,30.9,0.0,0.0,3.5,2.0,0.0,0.0,,,
6216,居易,True,excluded,excluded,0,0,False,False,5.0,37.18,382.0,275.0,107.0,64.27640156453715,64.27640156453715,,連買天數不長，但V2不只依賴連買,Q2,0.2733918128654971,0.0,94.26,51.76,-1.88699117249862,48.5,3.5,12.5,4.0,2.75,5.0,9.43,,,
6217,中探針,True,excluded,excluded,0,0,False,False,0.0,7.5,756.0,556.0,200.0,19.621903520208605,29.85658409387223,,連買天數不長，但V2不只依賴連買,Q4,-0.04518855054811206,0.0,33.51,51.76,-30.963270688808297,0.65,0.0,0.0,3.0,4.5,0.0,0.0,,,
6218,豪勉,True,excluded,excluded,0,0,False,False,5.0,38.67,383.0,225.0,158.0,64.27640156453715,70.79530638852673,,連買天數不長，但V2不只依賴連買,Q2,0.1900166089965398,0.0,86.7,51.76,-0.37062802078959844,58.67,3.5,12.5,3.0,6.0,5.0,8.67,,,
6219,富旺,False,excluded,excluded,0,0,False,False,,,,,,,,,,,,,,,,,,,,,,,,,
6220,岳豐,True,excluded,excluded,0,0,False,False,5.0,37.68,384.0,255.0,129.0,64.27640156453715,66.94915254237289,,連買天數不長，但V2不只依賴連買,Q2,0.09104212860310422,0.0,71.84,51.76,-23.269213684563304,4.3,3.5,12.5,3.5,6.0,5.0,7.18,,,
6221,晉泰,True,excluded,excluded,0,0,False,False,0.0,5.5,757.0,721.0,36.0,19.621903520208605,7.496740547588006,D_V1_weak_V2_weak,連買天數不長，但V2不只依賴連買,Q4,-0.034666666666666665,0.0,36.11,51.76,-3.766412564115129,40.16,0.0,0.0,3.5,2.0,0.0,0.0,,,
6222,立軒,False,excluded,excluded,0,0,False,False,,,,,,,,,,,,,,,,,,,,,,,,,
6223,旺矽,False,excluded,excluded,0,0,False,False,,,,,,,,,,,,,,,,,,,,,,,,,
6224,聚鼎,True,excluded,excluded,0,0,False,False,5.0,37.74,385.0,253.0,132.0,64.27640156453715,67.14471968709258,,連買天數不長，但V2不只依賴連買,Q2,0.07472067039106145,0.0,67.41,51.76,-15.794998143963703,10.43,3.5,12.5,4.0,6.0,5.0,6.74,,,
6225,天瀚,False,excluded,excluded,0,0,False,False,,,,,,,,,,,,,,,,,,,,,,,,,
6226,光鼎,False,excluded,excluded,0,0,False,False,,,,,,,,,,,,,,,,,,,,,,,,,
6227,茂綸,False,excluded,excluded,0,0,False,False,,,,,,,,,,,,,,,,,,,,,,,,,
6228,全譜,False,excluded,excluded,0,0,False,False,,,,,,,,,,,,,,,,,,,,,,,,,
6229,研通,True,excluded,excluded,0,0,False,False,7.0,41.27,128.0,181.0,-53.0,88.33116036505866,76.53194263363756,,V1連買訊號高（外資7日／投信0日）；價格未確認（Q2、RS20 -7.73）,Q2,0.25680933852140075,0.0,92.7,51.76,-7.725438034768507,26.73,4.5,12.5,4.0,6.0,5.0,9.27,,,
6230,尼得科超眾,True,excluded,excluded,0,0,False,False,7.0,37.23,129.0,269.0,-140.0,88.33116036505866,65.1238591916558,,V1連買訊號高（外資4日／投信0日）；全市場flow percentile偏低（外資P62、投信P52）；價格未確認（Q2、RS20 -7.34）,Q2,0.05628472222222222,0.0,62.32,51.76,-7.3378411355437,27.64,3.5,12.5,4.0,6.0,5.0,6.23,,,
6231,系微,True,excluded,excluded,0,0,False,False,0.0,6.5,758.0,666.0,92.0,19.621903520208605,16.558018252933508,D_V1_weak_V2_weak,連買天數不長，但V2不只依賴連買,Q4,-0.09965779702970297,0.0,20.21,51.76,-15.767513582557179,10.56,0.0,0.0,2.0,4.5,0.0,0.0,,,
6233,旺玖,True,excluded,excluded,0,0,False,False,0.0,3.5,759.0,761.0,-2.0,19.621903520208605,0.9126466753585397,D_V1_weak_V2_weak,實際介入強度低（強度分 0.0/25）；全市場flow percentile偏低（外資P18、投信P52）；價格未確認（Q4、RS20 -10.41）,Q4,-0.11638194444444444,0.0,18.12,51.76,-10.409803117892647,20.21,0.0,0.0,1.5,2.0,0.0,0.0,,,
6234,高僑,True,excluded,excluded,0,0,False,False,5.0,39.53,386.0,206.0,180.0,64.27640156453715,73.27249022164276,,連買天數不長，但V2不只依賴連買,Q2,0.1308339735381989,0.0,80.31,51.76,-15.223747175812154,10.82,3.5,12.5,4.5,6.0,5.0,8.03,,,
6235,華孚,True,excluded,excluded,0,0,False,False,7.0,41.21,130.0,182.0,-52.0,88.33116036505866,76.40156453715777,,V1連買訊號高（外資9日／投信0日）；價格未確認（Q2、RS20 -4.92）,Q2,0.3511153311718388,0.0,97.13,51.76,-4.921667565523968,37.03,3.5,12.5,4.5,6.0,5.0,9.71,,,
6237,驊訊,False,excluded,excluded,0,0,False,False,,,,,,,,,,,,,,,,,,,,,,,,,
6239,力成,False,excluded,excluded,0,0,False,False,,,,,,,,,,,,,,,,,,,,,,,,,
6240,松崗,False,excluded,excluded,0,0,False,False,,,,,,,,,,,,,,,,,,,,,,,,,
6241,鑫永洋,True,excluded,excluded,0,0,False,False,0.0,7.5,760.0,557.0,203.0,19.621903520208605,29.85658409387223,,連買天數不長，但V2不只依賴連買,Q4,-0.022660194174757283,0.0,39.37,51.76,-14.611444218395341,11.21,0.0,0.0,3.5,4.0,0.0,0.0,,,
6242,立康,True,excluded,excluded,0,0,False,False,5.0,28.42,387.0,378.0,9.0,64.27640156453715,50.847457627118644,,連買天數不長，但V2不只依賴連買,Q2,0.029411764705882353,0.0,55.67,51.76,-3.5942157298877064,41.2,3.5,7.35,1.0,6.0,5.0,5.57,,,
6243,迅杰,False,excluded,excluded,0,0,False,False,,,,,,,,,,,,,,,,,,,,,,,,,
6244,茂迪,False,excluded,excluded,0,0,False,False,,,,,,,,,,,,,,,,,,,,,,,,,
6245,立端,False,excluded,excluded,0,0,False,False,,,,,,,,,,,,,,,,,,,,,,,,,
6246,臺龍,True,excluded,excluded,0,0,False,False,0.0,3.5,761.0,762.0,-1.0,19.621903520208605,0.9126466753585397,D_V1_weak_V2_weak,實際介入強度低（強度分 0.0/25）；全市場flow percentile偏低（外資P20、投信P52）；價格未確認（Q4、RS20 -16.73）,Q4,-0.10344827586206896,0.0,19.82,51.76,-16.730260310571555,9.39,0.0,0.0,1.5,2.0,0.0,0.0,,,
6248,沛波,True,excluded,excluded,0,0,False,False,5.0,58.49,388.0,72.0,316.0,64.27640156453715,90.74315514993481,C_V1_weak_V2_strong,價格與RS同步確認（RS20 +1.28）；連買天數不長，但V2不只依賴連買,Q1,0.17956656346749225,0.0,84.88,51.76,1.275604242607542,69.1,3.5,12.5,3.0,6.0,25.0,8.49,,,
6257,矽格,False,excluded,excluded,0,0,False,False,,,,,,,,,,,,,,,,,,,,,,,,,
6259,百徽,True,excluded,excluded,0,0,False,False,5.0,23.11,389.0,428.0,-39.0,64.27640156453715,44.393741851368965,,實際介入強度低（強度分 3.3/25）；全市場flow percentile偏低（外資P51、投信P52）；價格未確認（Q2、RS20 -18.55）；近期flow正在減速,Q2,0.013021799445105033,0.0,50.98,51.76,-18.552380142635894,8.08,4.5,3.26,2.5,2.75,5.0,5.1,,,
6261,久元,True,excluded,excluded,0,0,False,False,5.0,39.02,390.0,220.0,170.0,64.27640156453715,71.4471968709257,,連買天數不長，但V2不只依賴連買,Q2,0.1301920874544508,0.0,80.18,51.76,-14.04779784550041,12.26,3.5,12.5,4.0,6.0,5.0,8.02,,,
6263,普萊德,True,excluded,excluded,0,0,False,False,7.0,60.03,131.0,57.0,74.0,88.33116036505866,92.69882659713168,,價格與RS同步確認（RS20 +0.07）；連買天數不長，但V2不只依賴連買,Q1,0.18176059564719357,0.0,85.27,51.76,0.07241527471271159,62.45,3.5,12.5,4.5,6.0,25.0,8.53,,,
6264,富裔,False,excluded,excluded,0,0,False,False,,,,,,,,,,,,,,,,,,,,,,,,,
6265,方土昶,True,excluded,excluded,0,0,False,False,7.0,54.17,132.0,126.0,6.0,88.33116036505866,83.70273794002607,,價格與RS同步確認（RS20 +4.14）；連買天數不長，但V2不只依賴連買,Q1,0.10120457566641013,0.0,74.19,51.76,4.137821218122351,81.62,3.5,12.5,3.0,2.75,25.0,7.42,,,
6266,泰詠,True,excluded,excluded,0,0,False,False,7.0,39.47,133.0,208.0,-75.0,88.33116036505866,73.01173402868318,,V1連買訊號高（外資5日／投信0日）；價格未確認（Q2、RS20 -3.78）,Q2,0.22234891676168758,0.0,89.7,51.76,-3.7755001686225813,40.03,3.5,12.5,3.5,6.0,5.0,8.97,,,
6269,台郡,False,excluded,excluded,0,0,False,False,,,,,,,,,,,,,,,,,,,,,,,,,
6270,倍微,True,excluded,excluded,0,0,False,False,5.0,38.62,391.0,229.0,162.0,64.27640156453715,70.27379400260756,,連買天數不長，但V2不只依賴連買,Q2,0.13987918939984412,0.0,81.23,51.76,-13.611249375244073,13.17,3.5,12.5,3.5,6.0,5.0,8.12,,,
6271,同欣電,False,excluded,excluded,0,0,False,False,,,,,,,,,,,,,,,,,,,,,,,,,
6272,驊陞,True,excluded,excluded,0,0,False,False,0.0,5.0,762.0,733.0,29.0,19.621903520208605,5.215123859191656,D_V1_weak_V2_weak,連買天數不長，但V2不只依賴連買,Q4,-0.11094674556213018,0.0,18.77,51.76,-15.337841135543695,10.69,0.0,0.0,0.5,4.5,0.0,0.0,,,
6274,台燿,False,excluded,excluded,0,0,False,False,,,,,,,,,,,,,,,,,,,,,,,,,
6275,元山,False,excluded,excluded,0,0,False,False,,,,,,,,,,,,,,,,,,,,,,,,,
6276,安鈦克,True,excluded,excluded,0,0,False,False,5.0,25.42,392.0,402.0,-10.0,64.27640156453715,47.71838331160365,,全市場flow percentile偏低（外資P55、投信P52）；價格未確認（Q2、RS20 -7.05）；近期flow正在減速,Q2,0.02666666666666667,0.0,55.02,51.76,-7.050484813704617,29.2,3.5,6.67,2.0,2.75,5.0,5.5,,,
6277,宏正,True,high_priority_watch,high_priority_watch,44,44,False,False,5.0,56.02,393.0,108.0,285.0,64.27640156453715,86.04954367666232,C_V1_weak_V2_strong,價格與RS同步確認（RS20 +7.95）；連買天數不長，但V2不只依賴連買,Q1,0.1512581799591002,0.0,82.66,51.76,7.947363855543655,90.35,3.5,12.5,4.0,2.75,25.0,8.27,18.0,16.0,2.0
6278,台表科,True,high_priority_watch,high_priority_watch,39,39,False,False,5.0,30.68,394.0,363.0,31.0,64.27640156453715,52.803129074315514,,動能較佳（外資 accelerating／投信 reversing_positive）,Q2,0.012425558604468836,-0.002942767542140337,50.72,9.91,-3.9906573866978934,39.24,4.5,3.11,5.0,8.0,5.0,5.07,35.0,23.0,12.0
6279,胡連,True,wait_pullback,wait_pullback,38,38,False,False,7.0,58.9,134.0,69.0,65.0,88.33116036505866,91.13428943937419,,價格與RS同步確認（RS20 +7.99）；連買天數不長，但V2不只依賴連買,Q1,0.3284781509570242,-0.0006019020103527145,96.48,12.91,7.9913769714521905,90.48,4.5,12.5,4.5,2.75,25.0,9.65,,,
6281,全國電,True,excluded,excluded,0,0,False,False,0.0,7.5,763.0,558.0,205.0,19.621903520208605,29.85658409387223,,連買天數不長，但V2不只依賴連買,Q4,-0.05536332179930796,0.0,31.55,51.76,2.171962786024928,74.58,0.0,0.0,3.0,4.5,0.0,0.0,,,
6282,康舒,True,excluded,excluded,0,0,False,False,12.0,48.26,38.0,156.0,-118.0,96.08865710560626,79.79139504563233,B_V1_strong_V2_weak,價格未確認（Q2、RS20 -12.80）；近期flow已轉負,Q2,0.04243617743780383,0.002412782384901344,58.67,91.79,-12.79761125048623,14.21,10.0,11.21,6.0,1.0,5.0,15.05,,,
6283,淳安,False,excluded,excluded,0,0,False,False,,,,,,,,,,,,,,,,,,,,,,,,,
6284,佳邦,True,excluded,excluded,0,0,False,False,5.0,37.67,395.0,257.0,138.0,64.27640156453715,66.68839634941331,,連買天數不長，但V2不只依賴連買,Q2,0.05411752219220378,0.0,61.67,51.76,-20.965692684743555,6.13,4.5,12.5,3.5,6.0,5.0,6.17,,,
6285,啟碁,True,excluded,excluded,0,0,False,False,12.0,43.09,39.0,170.0,-131.0,96.08865710560626,77.96610169491525,B_V1_strong_V2_weak,價格未確認（Q2、RS20 -0.16）；近期flow已轉負,Q2,0.025710119969040247,0.0036377708978328174,54.63,92.83,-0.16280896051151794,59.84,9.0,7.34,6.0,1.0,5.0,14.75,,,
6290,良維,True,excluded,excluded,0,0,False,False,5.0,37.1,396.0,278.0,118.0,64.27640156453715,63.88526727509778,,差異主要來自V1離散加分與V2連續型強度／排名分數,Q2,0.04654303228038954,-0.00016337930693558752,59.58,14.08,-23.11798297951533,4.69,3.5,11.64,5.0,6.0,5.0,5.96,,,
6291,沛亨,True,excluded,excluded,0,0,False,False,0.0,10.5,764.0,472.0,292.0,19.621903520208605,38.85267275097783,,動能較佳（外資 stable／投信 stable）；連買天數不長，但V2不只依賴連買,Q4,-0.11200165343915344,-0.0036375661375661374,18.64,9.26,-14.440009456014113,11.73,0.0,0.0,3.5,7.0,0.0,0.0,,,
6292,迅德,False,excluded,excluded,0,0,False,False,,,,,,,,,,,,,,,,,,,,,,,,,
6294,智基,False,excluded,excluded,0,0,False,False,,,,,,,,,,,,,,,,,,,,,,,,,
6405,悅城,True,excluded,excluded,0,0,False,False,0.0,5.5,765.0,722.0,43.0,19.621903520208605,7.496740547588006,D_V1_weak_V2_weak,連買天數不長，但V2不只依賴連買,Q4,-0.01271682500766166,0.0,43.29,51.76,-25.836009633712187,2.61,0.0,0.0,1.5,4.0,0.0,0.0,,,
6409,旭隼,True,high_priority_watch,high_priority_watch,48,48,False,False,0.0,10.5,766.0,473.0,293.0,19.621903520208605,38.85267275097783,,動能較佳（外資 stable／投信 stable）；連買天數不長，但V2不只依賴連買,Q4,-0.07465866873065015,-0.002378095975232198,26.34,10.56,-0.4263087500776641,58.28,0.0,0.0,3.5,7.0,0.0,0.0,31.0,33.0,-2.0
6411,晶焱,False,excluded,excluded,0,0,False,False,,,,,,,,,,,,,,,,,,,,,,,,,
6412,群電,False,excluded,excluded,0,0,False,False,,,,,,,,,,,,,,,,,,,,,,,,,
6414,樺漢,True,wait_pullback,wait_pullback,50,50,False,False,7.0,43.18,135.0,168.0,-33.0,88.33116036505866,78.22685788787483,,V1連買訊號高（外資3日／投信0日）；實際介入強度低（強度分 3.3/25）；全市場flow percentile偏低（外資P51、投信P8）；近期flow正在減速,Q1,0.013292155400366127,-0.004746084480303749,51.11,8.08,25.062416264713693,99.22,3.5,3.32,3.5,2.75,25.0,5.11,,,
6415,矽力*-KY,True,excluded,excluded,0,0,False,False,5.0,37.22,397.0,270.0,127.0,64.27640156453715,64.92829204693612,,連買天數不長，但V2不只依賴連買,Q2,0.08201669666966696,-0.0364986498649865,69.75,2.87,-10.264049786943186,20.6,3.5,12.5,4.0,5.25,5.0,6.97,,,
6416,瑞祺電通,True,other_watch,other_watch,42,42,False,False,7.0,60.67,136.0,47.0,89.0,88.33116036505866,94.0026075619296,,價格與RS同步確認（RS20 +8.03）；連買天數不長，但V2不只依賴連買,Q1,0.24699034075664072,0.0,91.66,51.76,8.027550108854776,90.74,3.5,12.5,4.5,6.0,25.0,9.17,,,
6417,韋僑,False,excluded,excluded,0,0,False,False,,,,,,,,,,,,,,,,,,,,,,,,,
6418,詠昇,True,excluded,excluded,0,0,False,False,5.0,57.13,398.0,91.0,307.0,64.27640156453715,88.26597131681876,C_V1_weak_V2_strong,價格與RS同步確認（RS20 +5.15）；連買天數不長，但V2不只依賴連買,Q1,0.08647990255785627,0.0,71.32,51.76,5.149338351635791,85.92,3.5,12.5,3.0,6.0,25.0,7.13,,,
6419,京晨科,False,excluded,excluded,0,0,False,False,,,,,,,,,,,,,,,,,,,,,,,,,
6423,億而得,True,excluded,excluded,0,0,False,False,5.0,38.21,399.0,242.0,157.0,64.27640156453715,68.57887874837027,,連買天數不長，但V2不只依賴連買,Q2,0.14539495798319327,0.0,82.14,51.76,-0.08493997507950102,60.5,3.5,12.5,3.0,6.0,5.0,8.21,,,
6425,易發,True,excluded,excluded,0,0,False,False,0.0,8.0,767.0,519.0,248.0,19.621903520208605,33.96349413298566,,連買天數不長，但V2不只依賴連買,Q4,-0.11790540540540541,0.0,17.86,51.76,-26.069310851765636,2.48,0.0,0.0,3.5,4.5,0.0,0.0,,,
6426,統新,False,excluded,excluded,0,0,False,False,,,,,,,,,,,,,,,,,,,,,,,,,
6431,光麗-KY,False,excluded,excluded,0,0,False,False,,,,,,,,,,,,,,,,,,,,,,,,,
6432,今展科,False,excluded,excluded,0,0,False,False,,,,,,,,,,,,,,,,,,,,,,,,,
6435,大中,False,excluded,excluded,0,0,False,False,,,,,,,,,,,,,,,,,,,,,,,,,
6438,迅得,False,excluded,excluded,0,0,False,False,,,,,,,,,,,,,,,,,,,,,,,,,
6441,廣錠,False,excluded,excluded,0,0,False,False,,,,,,,,,,,,,,,,,,,,,,,,,
6442,光聖,False,excluded,excluded,0,0,False,False,,,,,,,,,,,,,,,,,,,,,,,,,
6443,元晶,False,excluded,excluded,0,0,False,False,,,,,,,,,,,,,,,,,,,,,,,,,
6446,藥華藥,False,excluded,excluded,0,0,False,False,,,,,,,,,,,,,,,,,,,,,,,,,
6449,鈺邦,False,excluded,excluded,0,0,False,False,,,,,,,,,,,,,,,,,,,,,,,,,
6451,訊芯-KY,False,excluded,excluded,0,0,False,False,,,,,,,,,,,,,,,,,,,,,,,,,
6456,GIS-KY,False,excluded,excluded,0,0,False,False,,,,,,,,,,,,,,,,,,,,,,,,,
6461,益得,False,excluded,excluded,0,0,False,False,,,,,,,,,,,,,,,,,,,,,,,,,
6462,神盾,False,excluded,excluded,0,0,False,False,,,,,,,,,,,,,,,,,,,,,,,,,
6464,台數科,False,excluded,excluded,0,0,False,False,,,,,,,,,,,,,,,,,,,,,,,,,
6465,威潤,False,excluded,excluded,0,0,False,False,,,,,,,,,,,,,,,,,,,,,,,,,
6469,大樹,False,excluded,excluded,0,0,False,False,,,,,,,,,,,,,,,,,,,,,,,,,
6470,宇智,False,excluded,excluded,0,0,False,False,,,,,,,,,,,,,,,,,,,,,,,,,
6472,保瑞,False,excluded,excluded,0,0,False,False,,,,,,,,,,,,,,,,,,,,,,,,,
6474,華豫寧,False,excluded,excluded,0,0,False,False,,,,,,,,,,,,,,,,,,,,,,,,,
6477,安集,False,excluded,excluded,0,0,False,False,,,,,,,,,,,,,,,,,,,,,,,,,
6482,弘煜科,False,excluded,excluded,0,0,False,False,,,,,,,,,,,,,,,,,,,,,,,,,
6485,點序,False,excluded,excluded,0,0,False,False,,,,,,,,,,,,,,,,,,,,,,,,,
6486,互動,False,excluded,excluded,0,0,False,False,,,,,,,,,,,,,,,,,,,,,,,,,
6488,環球晶,False,excluded,excluded,0,0,False,False,,,,,,,,,,,,,,,,,,,,,,,,,
6491,晶碩,False,excluded,excluded,0,0,False,False,,,,,,,,,,,,,,,,,,,,,,,,,
6492,生華科,False,excluded,excluded,0,0,False,False,,,,,,,,,,,,,,,,,,,,,,,,,
6494,九齊,False,excluded,excluded,0,0,False,False,,,,,,,,,,,,,,,,,,,,,,,,,
6496,科懋,False,excluded,excluded,0,0,False,False,,,,,,,,,,,,,,,,,,,,,,,,,
6498,久禾光,False,excluded,excluded,0,0,False,False,,,,,,,,,,,,,,,,,,,,,,,,,
6499,益安,False,excluded,excluded,0,0,False,False,,,,,,,,,,,,,,,,,,,,,,,,,
6504,南六,False,excluded,excluded,0,0,False,False,,,,,,,,,,,,,,,,,,,,,,,,,
6505,台塑化,False,excluded,excluded,0,0,False,False,,,,,,,,,,,,,,,,,,,,,,,,,
6506,雙邦,False,excluded,excluded,0,0,False,False,,,,,,,,,,,,,,,,,,,,,,,,,
6508,惠光,False,excluded,excluded,0,0,False,False,,,,,,,,,,,,,,,,,,,,,,,,,
6509,聚和,False,excluded,excluded,0,0,False,False,,,,,,,,,,,,,,,,,,,,,,,,,
6510,精測,False,excluded,excluded,0,0,False,False,,,,,,,,,,,,,,,,,,,,,,,,,
6512,啟發電,False,excluded,excluded,0,0,False,False,,,,,,,,,,,,,,,,,,,,,,,,,
6515,穎崴,False,excluded,excluded,0,0,False,False,,,,,,,,,,,,,,,,,,,,,,,,,
6516,勤崴國際,False,excluded,excluded,0,0,False,False,,,,,,,,,,,,,,,,,,,,,,,,,
6517,保勝光學,False,excluded,excluded,0,0,False,False,,,,,,,,,,,,,,,,,,,,,,,,,
6523,達爾膚,False,excluded,excluded,0,0,False,False,,,,,,,,,,,,,,,,,,,,,,,,,
6525,捷敏-KY,False,excluded,excluded,0,0,False,False,,,,,,,,,,,,,,,,,,,,,,,,,
6526,達發,False,excluded,excluded,0,0,False,False,,,,,,,,,,,,,,,,,,,,,,,,,
6527,明達醫,False,excluded,excluded,0,0,False,False,,,,,,,,,,,,,,,,,,,,,,,,,
6530,創威,False,excluded,excluded,0,0,False,False,,,,,,,,,,,,,,,,,,,,,,,,,
6531,愛普*,False,excluded,excluded,0,0,False,False,,,,,,,,,,,,,,,,,,,,,,,,,
6532,瑞耘,False,excluded,excluded,0,0,False,False,,,,,,,,,,,,,,,,,,,,,,,,,
6533,晶心科,False,excluded,excluded,0,0,False,False,,,,,,,,,,,,,,,,,,,,,,,,,
6534,正瀚-創,False,excluded,excluded,0,0,False,False,,,,,,,,,,,,,,,,,,,,,,,,,
6535,順藥,False,excluded,excluded,0,0,False,False,,,,,,,,,,,,,,,,,,,,,,,,,
6538,倉和,False,excluded,excluded,0,0,False,False,,,,,,,,,,,,,,,,,,,,,,,,,
6541,泰福-KY,False,excluded,excluded,0,0,False,False,,,,,,,,,,,,,,,,,,,,,,,,,
6542,隆中,False,excluded,excluded,0,0,False,False,,,,,,,,,,,,,,,,,,,,,,,,,
6546,正基,False,excluded,excluded,0,0,False,False,,,,,,,,,,,,,,,,,,,,,,,,,
6547,高端疫苗,False,excluded,excluded,0,0,False,False,,,,,,,,,,,,,,,,,,,,,,,,,
6548,長科*,False,excluded,excluded,0,0,False,False,,,,,,,,,,,,,,,,,,,,,,,,,
6550,北極星藥業-KY,False,excluded,excluded,0,0,False,False,,,,,,,,,,,,,,,,,,,,,,,,,
6552,易華電,False,excluded,excluded,0,0,False,False,,,,,,,,,,,,,,,,,,,,,,,,,
6556,勝品,False,excluded,excluded,0,0,False,False,,,,,,,,,,,,,,,,,,,,,,,,,
6558,興能高,False,excluded,excluded,0,0,False,False,,,,,,,,,,,,,,,,,,,,,,,,,
6560,欣普羅,False,excluded,excluded,0,0,False,False,,,,,,,,,,,,,,,,,,,,,,,,,
6561,是方,False,excluded,excluded,0,0,False,False,,,,,,,,,,,,,,,,,,,,,,,,,
6568,宏觀,False,excluded,excluded,0,0,False,False,,,,,,,,,,,,,,,,,,,,,,,,,
6569,醫揚,False,excluded,excluded,0,0,False,False,,,,,,,,,,,,,,,,,,,,,,,,,
6570,維田,False,excluded,excluded,0,0,False,False,,,,,,,,,,,,,,,,,,,,,,,,,
6573,虹揚-KY,False,excluded,excluded,0,0,False,False,,,,,,,,,,,,,,,,,,,,,,,,,
6574,霈方,False,excluded,excluded,0,0,False,False,,,,,,,,,,,,,,,,,,,,,,,,,
6576,逸達,False,excluded,excluded,0,0,False,False,,,,,,,,,,,,,,,,,,,,,,,,,
6577,勁豐,False,excluded,excluded,0,0,False,False,,,,,,,,,,,,,,,,,,,,,,,,,
6578,達邦蛋白,False,excluded,excluded,0,0,False,False,,,,,,,,,,,,,,,,,,,,,,,,,
6579,研揚,False,excluded,excluded,0,0,False,False,,,,,,,,,,,,,,,,,,,,,,,,,
6581,鋼聯,False,excluded,excluded,0,0,False,False,,,,,,,,,,,,,,,,,,,,,,,,,
6582,申豐,False,excluded,excluded,0,0,False,False,,,,,,,,,,,,,,,,,,,,,,,,,
6584,南俊國際,False,excluded,excluded,0,0,False,False,,,,,,,,,,,,,,,,,,,,,,,,,
6585,鼎基,False,excluded,excluded,0,0,False,False,,,,,,,,,,,,,,,,,,,,,,,,,
6588,東典光電,False,excluded,excluded,0,0,False,False,,,,,,,,,,,,,,,,,,,,,,,,,
6589,台康生技,False,excluded,excluded,0,0,False,False,,,,,,,,,,,,,,,,,,,,,,,,,
6590,普鴻,False,excluded,excluded,0,0,False,False,,,,,,,,,,,,,,,,,,,,,,,,,
6591,動力-KY,False,excluded,excluded,0,0,False,False,,,,,,,,,,,,,,,,,,,,,,,,,
6592,和潤企業,False,excluded,excluded,0,0,False,False,,,,,,,,,,,,,,,,,,,,,,,,,
6593,台灣銘板,False,excluded,excluded,0,0,False,False,,,,,,,,,,,,,,,,,,,,,,,,,
6596,寬宏藝術,False,excluded,excluded,0,0,False,False,,,,,,,,,,,,,,,,,,,,,,,,,
6597,立誠,False,excluded,excluded,0,0,False,False,,,,,,,,,,,,,,,,,,,,,,,,,
6598,ABC-KY,False,excluded,excluded,0,0,False,False,,,,,,,,,,,,,,,,,,,,,,,,,
6603,富強鑫,False,excluded,excluded,0,0,False,False,,,,,,,,,,,,,,,,,,,,,,,,,
6605,帝寶,False,excluded,excluded,0,0,False,False,,,,,,,,,,,,,,,,,,,,,,,,,
6606,建德工業,False,excluded,excluded,0,0,False,False,,,,,,,,,,,,,,,,,,,,,,,,,
6609,瀧澤科,False,excluded,excluded,0,0,False,False,,,,,,,,,,,,,,,,,,,,,,,,,
6612,奈米醫材,False,excluded,excluded,0,0,False,False,,,,,,,,,,,,,,,,,,,,,,,,,
6613,朋億*,False,excluded,excluded,0,0,False,False,,,,,,,,,,,,,,,,,,,,,,,,,
6614,資拓宏宇,False,excluded,excluded,0,0,False,False,,,,,,,,,,,,,,,,,,,,,,,,,
6615,慧智,False,excluded,excluded,0,0,False,False,,,,,,,,,,,,,,,,,,,,,,,,,
6616,特昇-KY,False,excluded,excluded,0,0,False,False,,,,,,,,,,,,,,,,,,,,,,,,,
6617,共信-KY,False,excluded,excluded,0,0,False,False,,,,,,,,,,,,,,,,,,,,,,,,,
6620,漢達,False,excluded,excluded,0,0,False,False,,,,,,,,,,,,,,,,,,,,,,,,,
6624,萬年清,False,excluded,excluded,0,0,False,False,,,,,,,,,,,,,,,,,,,,,,,,,
6625,必應,False,excluded,excluded,0,0,False,False,,,,,,,,,,,,,,,,,,,,,,,,,
6629,泰金-KY,False,excluded,excluded,0,0,False,False,,,,,,,,,,,,,,,,,,,,,,,,,
6637,醫影,False,excluded,excluded,0,0,False,False,,,,,,,,,,,,,,,,,,,,,,,,,
6640,均華,False,excluded,excluded,0,0,False,False,,,,,,,,,,,,,,,,,,,,,,,,,
6641,基士德-KY,False,excluded,excluded,0,0,False,False,,,,,,,,,,,,,,,,,,,,,,,,,
6642,富致,False,excluded,excluded,0,0,False,False,,,,,,,,,,,,,,,,,,,,,,,,,
6643,M31,False,excluded,excluded,0,0,False,False,,,,,,,,,,,,,,,,,,,,,,,,,
6645,金萬林-創,False,excluded,excluded,0,0,False,False,,,,,,,,,,,,,,,,,,,,,,,,,
6649,台生材,False,excluded,excluded,0,0,False,False,,,,,,,,,,,,,,,,,,,,,,,,,
6651,全宇昕,False,excluded,excluded,0,0,False,False,,,,,,,,,,,,,,,,,,,,,,,,,
6654,天正國際,False,excluded,excluded,0,0,False,False,,,,,,,,,,,,,,,,,,,,,,,,,
6655,科定,False,excluded,excluded,0,0,False,False,,,,,,,,,,,,,,,,,,,,,,,,,
6657,華安,False,excluded,excluded,0,0,False,False,,,,,,,,,,,,,,,,,,,,,,,,,
6658,聯策,False,excluded,excluded,0,0,False,False,,,,,,,,,,,,,,,,,,,,,,,,,
6661,威健生技,False,excluded,excluded,0,0,False,False,,,,,,,,,,,,,,,,,,,,,,,,,
6662,樂斯科,False,excluded,excluded,0,0,False,False,,,,,,,,,,,,,,,,,,,,,,,,,
6664,群翊,False,excluded,excluded,0,0,False,False,,,,,,,,,,,,,,,,,,,,,,,,,
6666,羅麗芬-KY,False,excluded,excluded,0,0,False,False,,,,,,,,,,,,,,,,,,,,,,,,,
6667,信紘科,False,excluded,excluded,0,0,False,False,,,,,,,,,,,,,,,,,,,,,,,,,
6668,中揚光,False,excluded,excluded,0,0,False,False,,,,,,,,,,,,,,,,,,,,,,,,,
6669,緯穎,False,excluded,excluded,0,0,False,False,,,,,,,,,,,,,,,,,,,,,,,,,
6670,復盛應用,False,excluded,excluded,0,0,False,False,,,,,,,,,,,,,,,,,,,,,,,,,
6671,三能-KY,False,excluded,excluded,0,0,False,False,,,,,,,,,,,,,,,,,,,,,,,,,
6672,騰輝電子-KY,False,excluded,excluded,0,0,False,False,,,,,,,,,,,,,,,,,,,,,,,,,
6674,鋐寶科技,False,excluded,excluded,0,0,False,False,,,,,,,,,,,,,,,,,,,,,,,,,
6679,鈺太,False,excluded,excluded,0,0,False,False,,,,,,,,,,,,,,,,,,,,,,,,,
6680,鑫創電子,False,excluded,excluded,0,0,False,False,,,,,,,,,,,,,,,,,,,,,,,,,
6683,雍智科技,False,excluded,excluded,0,0,False,False,,,,,,,,,,,,,,,,,,,,,,,,,
6684,安格,False,excluded,excluded,0,0,False,False,,,,,,,,,,,,,,,,,,,,,,,,,
6689,伊雲谷,False,excluded,excluded,0,0,False,False,,,,,,,,,,,,,,,,,,,,,,,,,
6690,安碁資訊,False,excluded,excluded,0,0,False,False,,,,,,,,,,,,,,,,,,,,,,,,,
6691,洋基工程,False,excluded,excluded,0,0,False,False,,,,,,,,,,,,,,,,,,,,,,,,,
6692,進能服,False,excluded,excluded,0,0,False,False,,,,,,,,,,,,,,,,,,,,,,,,,
6693,廣閎科,False,excluded,excluded,0,0,False,False,,,,,,,,,,,,,,,,,,,,,,,,,
6695,芯鼎,False,excluded,excluded,0,0,False,False,,,,,,,,,,,,,,,,,,,,,,,,,
6697,東捷資訊,False,excluded,excluded,0,0,False,False,,,,,,,,,,,,,,,,,,,,,,,,,
6698,旭暉應材,False,excluded,excluded,0,0,False,False,,,,,,,,,,,,,,,,,,,,,,,,,
6703,軒郁,False,excluded,excluded,0,0,False,False,,,,,,,,,,,,,,,,,,,,,,,,,
6706,惠特,False,excluded,excluded,0,0,False,False,,,,,,,,,,,,,,,,,,,,,,,,,
6708,天擎,False,excluded,excluded,0,0,False,False,,,,,,,,,,,,,,,,,,,,,,,,,
6712,長聖,False,excluded,excluded,0,0,False,False,,,,,,,,,,,,,,,,,,,,,,,,,
6715,嘉基,False,excluded,excluded,0,0,False,False,,,,,,,,,,,,,,,,,,,,,,,,,
6716,應廣,False,excluded,excluded,0,0,False,False,,,,,,,,,,,,,,,,,,,,,,,,,
6719,力智,False,excluded,excluded,0,0,False,False,,,,,,,,,,,,,,,,,,,,,,,,,
6720,久昌,False,excluded,excluded,0,0,False,False,,,,,,,,,,,,,,,,,,,,,,,,,
6721,信實,False,excluded,excluded,0,0,False,False,,,,,,,,,,,,,,,,,,,,,,,,,
6722,輝創,False,excluded,excluded,0,0,False,False,,,,,,,,,,,,,,,,,,,,,,,,,
6725,矽科宏晟,False,excluded,excluded,0,0,False,False,,,,,,,,,,,,,,,,,,,,,,,,,
6727,亞泰金屬,False,excluded,excluded,0,0,False,False,,,,,,,,,,,,,,,,,,,,,,,,,
6728,上洋,False,excluded,excluded,0,0,False,False,,,,,,,,,,,,,,,,,,,,,,,,,
6730,常廣,False,excluded,excluded,0,0,False,False,,,,,,,,,,,,,,,,,,,,,,,,,
6732,昇佳電子,False,excluded,excluded,0,0,False,False,,,,,,,,,,,,,,,,,,,,,,,,,
6733,博晟生醫,False,excluded,excluded,0,0,False,False,,,,,,,,,,,,,,,,,,,,,,,,,
6735,美達科技,False,excluded,excluded,0,0,False,False,,,,,,,,,,,,,,,,,,,,,,,,,
6739,竹陞科技,False,excluded,excluded,0,0,False,False,,,,,,,,,,,,,,,,,,,,,,,,,
6741,91APP*-KY,False,excluded,excluded,0,0,False,False,,,,,,,,,,,,,,,,,,,,,,,,,
6742,澤米,False,excluded,excluded,0,0,False,False,,,,,,,,,,,,,,,,,,,,,,,,,
6743,安普新,False,excluded,excluded,0,0,False,False,,,,,,,,,,,,,,,,,,,,,,,,,
6751,智聯服務,False,excluded,excluded,0,0,False,False,,,,,,,,,,,,,,,,,,,,,,,,,
6752,叡揚,False,excluded,excluded,0,0,False,False,,,,,,,,,,,,,,,,,,,,,,,,,
6753,龍德造船,False,excluded,excluded,0,0,False,False,,,,,,,,,,,,,,,,,,,,,,,,,
6754,匯僑設計,False,excluded,excluded,0,0,False,False,,,,,,,,,,,,,,,,,,,,,,,,,
6756,威鋒電子,False,excluded,excluded,0,0,False,False,,,,,,,,,,,,,,,,,,,,,,,,,
6757,台灣虎航,False,excluded,excluded,0,0,False,False,,,,,,,,,,,,,,,,,,,,,,,,,
6761,穩得,False,excluded,excluded,0,0,False,False,,,,,,,,,,,,,,,,,,,,,,,,,
6762,達亞,False,excluded,excluded,0,0,False,False,,,,,,,,,,,,,,,,,,,,,,,,,
6763,綠界科技*,False,excluded,excluded,0,0,False,False,,,,,,,,,,,,,,,,,,,,,,,,,
6767,台微醫,False,excluded,excluded,0,0,False,False,,,,,,,,,,,,,,,,,,,,,,,,,
6768,志強-KY,False,excluded,excluded,0,0,False,False,,,,,,,,,,,,,,,,,,,,,,,,,
6770,力積電,False,excluded,excluded,0,0,False,False,,,,,,,,,,,,,,,,,,,,,,,,,
6771,平和環保-創,False,excluded,excluded,0,0,False,False,,,,,,,,,,,,,,,,,,,,,,,,,
6776,展碁國際,False,excluded,excluded,0,0,False,False,,,,,,,,,,,,,,,,,,,,,,,,,
6781,AES-KY,False,excluded,excluded,0,0,False,False,,,,,,,,,,,,,,,,,,,,,,,,,
6782,視陽,False,excluded,excluded,0,0,False,False,,,,,,,,,,,,,,,,,,,,,,,,,
6785,昱展新藥,False,excluded,excluded,0,0,False,False,,,,,,,,,,,,,,,,,,,,,,,,,
6788,華景電,False,excluded,excluded,0,0,False,False,,,,,,,,,,,,,,,,,,,,,,,,,
6789,采鈺,False,excluded,excluded,0,0,False,False,,,,,,,,,,,,,,,,,,,,,,,,,
6790,永豐實,False,excluded,excluded,0,0,False,False,,,,,,,,,,,,,,,,,,,,,,,,,
6791,虎門科技,False,excluded,excluded,0,0,False,False,,,,,,,,,,,,,,,,,,,,,,,,,
6792,詠業,False,excluded,excluded,0,0,False,False,,,,,,,,,,,,,,,,,,,,,,,,,
6794,向榮生技,False,excluded,excluded,0,0,False,False,,,,,,,,,,,,,,,,,,,,,,,,,
6796,晉弘,False,excluded,excluded,0,0,False,False,,,,,,,,,,,,,,,,,,,,,,,,,
6799,來頡,False,excluded,excluded,0,0,False,False,,,,,,,,,,,,,,,,,,,,,,,,,
6803,崑鼎,False,excluded,excluded,0,0,False,False,,,,,,,,,,,,,,,,,,,,,,,,,
6804,明係,False,excluded,excluded,0,0,False,False,,,,,,,,,,,,,,,,,,,,,,,,,
6805,富世達,False,excluded,excluded,0,0,False,False,,,,,,,,,,,,,,,,,,,,,,,,,
6807,峰源-KY,False,excluded,excluded,0,0,False,False,,,,,,,,,,,,,,,,,,,,,,,,,
6811,宏碁資訊,False,excluded,excluded,0,0,False,False,,,,,,,,,,,,,,,,,,,,,,,,,
6821,聯寶,False,excluded,excluded,0,0,False,False,,,,,,,,,,,,,,,,,,,,,,,,,
6823,濾能,False,excluded,excluded,0,0,False,False,,,,,,,,,,,,,,,,,,,,,,,,,
6829,千附精密,False,excluded,excluded,0,0,False,False,,,,,,,,,,,,,,,,,,,,,,,,,
6830,汎銓,False,excluded,excluded,0,0,False,False,,,,,,,,,,,,,,,,,,,,,,,,,
6831,邁科,False,excluded,excluded,0,0,False,False,,,,,,,,,,,,,,,,,,,,,,,,,
6834,天二科技,False,excluded,excluded,0,0,False,False,,,,,,,,,,,,,,,,,,,,,,,,,
6835,圓裕,False,excluded,excluded,0,0,False,False,,,,,,,,,,,,,,,,,,,,,,,,,
6838,台新藥,False,excluded,excluded,0,0,False,False,,,,,,,,,,,,,,,,,,,,,,,,,
6840,東研信超,False,excluded,excluded,0,0,False,False,,,,,,,,,,,,,,,,,,,,,,,,,
6841,長佳智能,False,excluded,excluded,0,0,False,False,,,,,,,,,,,,,,,,,,,,,,,,,
6843,進典,False,excluded,excluded,0,0,False,False,,,,,,,,,,,,,,,,,,,,,,,,,
6844,諾貝兒,False,excluded,excluded,0,0,False,False,,,,,,,,,,,,,,,,,,,,,,,,,
6846,綠茵,False,excluded,excluded,0,0,False,False,,,,,,,,,,,,,,,,,,,,,,,,,
6854,錼創科技-KY創,False,excluded,excluded,0,0,False,False,,,,,,,,,,,,,,,,,,,,,,,,,
6855,數泓科,False,excluded,excluded,0,0,False,False,,,,,,,,,,,,,,,,,,,,,,,,,
6856,鑫傳,False,excluded,excluded,0,0,False,False,,,,,,,,,,,,,,,,,,,,,,,,,
6859,伯特光,False,excluded,excluded,0,0,False,False,,,,,,,,,,,,,,,,,,,,,,,,,
6861,睿生光電,False,excluded,excluded,0,0,False,False,,,,,,,,,,,,,,,,,,,,,,,,,
6862,三集瑞-KY,False,excluded,excluded,0,0,False,False,,,,,,,,,,,,,,,,,,,,,,,,,
6863,永道-KY,False,excluded,excluded,0,0,False,False,,,,,,,,,,,,,,,,,,,,,,,,,
6865,偉康科技,False,excluded,excluded,0,0,False,False,,,,,,,,,,,,,,,,,,,,,,,,,
6869,雲豹能源,False,excluded,excluded,0,0,False,False,,,,,,,,,,,,,,,,,,,,,,,,,
6870,騰雲,False,excluded,excluded,0,0,False,False,,,,,,,,,,,,,,,,,,,,,,,,,
6872,浩宇生醫,False,excluded,excluded,0,0,False,False,,,,,,,,,,,,,,,,,,,,,,,,,
6873,泓德能源,False,excluded,excluded,0,0,False,False,,,,,,,,,,,,,,,,,,,,,,,,,
6874,倍力,False,excluded,excluded,0,0,False,False,,,,,,,,,,,,,,,,,,,,,,,,,
6875,國邑*,False,excluded,excluded,0,0,False,False,,,,,,,,,,,,,,,,,,,,,,,,,
6877,鏵友益,False,excluded,excluded,0,0,False,False,,,,,,,,,,,,,,,,,,,,,,,,,
6881,潤德,False,excluded,excluded,0,0,False,False,,,,,,,,,,,,,,,,,,,,,,,,,
6884,海柏特,False,excluded,excluded,0,0,False,False,,,,,,,,,,,,,,,,,,,,,,,,,
6885,全福生技,False,excluded,excluded,0,0,False,False,,,,,,,,,,,,,,,,,,,,,,,,,
6887,寶綠特-KY,False,excluded,excluded,0,0,False,False,,,,,,,,,,,,,,,,,,,,,,,,,
6890,來億-KY,False,excluded,excluded,0,0,False,False,,,,,,,,,,,,,,,,,,,,,,,,,
6894,衛司特,False,excluded,excluded,0,0,False,False,,,,,,,,,,,,,,,,,,,,,,,,,
6895,宏碩系統,False,excluded,excluded,0,0,False,False,,,,,,,,,,,,,,,,,,,,,,,,,
6899,創為精密,False,excluded,excluded,0,0,False,False,,,,,,,,,,,,,,,,,,,,,,,,,
6901,鑽石投資,False,excluded,excluded,0,0,False,False,,,,,,,,,,,,,,,,,,,,,,,,,
6902,GOGOLOOK,False,excluded,excluded,0,0,False,False,,,,,,,,,,,,,,,,,,,,,,,,,
6903,巨漢,False,excluded,excluded,0,0,False,False,,,,,,,,,,,,,,,,,,,,,,,,,
6904,伯鑫,False,excluded,excluded,0,0,False,False,,,,,,,,,,,,,,,,,,,,,,,,,
6906,現觀科,False,excluded,excluded,0,0,False,False,,,,,,,,,,,,,,,,,,,,,,,,,
6907,雅特力-KY,False,excluded,excluded,0,0,False,False,,,,,,,,,,,,,,,,,,,,,,,,,
6908,宏碁遊戲-創,False,excluded,excluded,0,0,False,False,,,,,,,,,,,,,,,,,,,,,,,,,
6909,創控,False,excluded,excluded,0,0,False,False,,,,,,,,,,,,,,,,,,,,,,,,,
6910,德鴻,False,excluded,excluded,0,0,False,False,,,,,,,,,,,,,,,,,,,,,,,,,
6913,鴻呈,False,excluded,excluded,0,0,False,False,,,,,,,,,,,,,,,,,,,,,,,,,
6914,阜爾運通,False,excluded,excluded,0,0,False,False,,,,,,,,,,,,,,,,,,,,,,,,,
6916,華凌,False,excluded,excluded,0,0,False,False,,,,,,,,,,,,,,,,,,,,,,,,,
6918,愛派司,False,excluded,excluded,0,0,False,False,,,,,,,,,,,,,,,,,,,,,,,,,
6919,康霈*,False,excluded,excluded,0,0,False,False,,,,,,,,,,,,,,,,,,,,,,,,,
6921,嘉雨思-創,False,excluded,excluded,0,0,False,False,,,,,,,,,,,,,,,,,,,,,,,,,
6922,宸曜,False,excluded,excluded,0,0,False,False,,,,,,,,,,,,,,,,,,,,,,,,,
6923,中台,False,excluded,excluded,0,0,False,False,,,,,,,,,,,,,,,,,,,,,,,,,
6924,榮惠-KY創,False,excluded,excluded,0,0,False,False,,,,,,,,,,,,,,,,,,,,,,,,,
6925,意藍,False,excluded,excluded,0,0,False,False,,,,,,,,,,,,,,,,,,,,,,,,,
6928,攸泰科技,False,excluded,excluded,0,0,False,False,,,,,,,,,,,,,,,,,,,,,,,,,
6929,佑全,False,excluded,excluded,0,0,False,False,,,,,,,,,,,,,,,,,,,,,,,,,
6931,青松健康,False,excluded,excluded,0,0,False,False,,,,,,,,,,,,,,,,,,,,,,,,,
6933,AMAX-KY,False,excluded,excluded,0,0,False,False,,,,,,,,,,,,,,,,,,,,,,,,,
6934,心誠鎂,False,excluded,excluded,0,0,False,False,,,,,,,,,,,,,,,,,,,,,,,,,
6936,永鴻生技,False,excluded,excluded,0,0,False,False,,,,,,,,,,,,,,,,,,,,,,,,,
6937,天虹,False,excluded,excluded,0,0,False,False,,,,,,,,,,,,,,,,,,,,,,,,,
6944,兆聯實業,False,excluded,excluded,0,0,False,False,,,,,,,,,,,,,,,,,,,,,,,,,
6945,圓祥生技,False,excluded,excluded,0,0,False,False,,,,,,,,,,,,,,,,,,,,,,,,,
6947,台鎔科技,False,excluded,excluded,0,0,False,False,,,,,,,,,,,,,,,,,,,,,,,,,
6949,沛爾生醫-創,False,excluded,excluded,0,0,False,False,,,,,,,,,,,,,,,,,,,,,,,,,
6951,青新-創,False,excluded,excluded,0,0,False,False,,,,,,,,,,,,,,,,,,,,,,,,,
6952,大武山,False,excluded,excluded,0,0,False,False,,,,,,,,,,,,,,,,,,,,,,,,,
6953,家碩,False,excluded,excluded,0,0,False,False,,,,,,,,,,,,,,,,,,,,,,,,,
6955,邦睿生技-創,False,excluded,excluded,0,0,False,False,,,,,,,,,,,,,,,,,,,,,,,,,
6957,裕慶-KY,False,excluded,excluded,0,0,False,False,,,,,,,,,,,,,,,,,,,,,,,,,
6958,日盛台駿,False,excluded,excluded,0,0,False,False,,,,,,,,,,,,,,,,,,,,,,,,,
6961,旅天下,False,excluded,excluded,0,0,False,False,,,,,,,,,,,,,,,,,,,,,,,,,
6962,奕力-KY,False,excluded,excluded,0,0,False,False,,,,,,,,,,,,,,,,,,,,,,,,,
6965,中傑-KY,False,excluded,excluded,0,0,False,False,,,,,,,,,,,,,,,,,,,,,,,,,
6967,汎瑋材料,False,excluded,excluded,0,0,False,False,,,,,,,,,,,,,,,,,,,,,,,,,
6968,萬達寵物,False,excluded,excluded,0,0,False,False,,,,,,,,,,,,,,,,,,,,,,,,,
6969,成信實業*-創,False,excluded,excluded,0,0,False,False,,,,,,,,,,,,,,,,,,,,,,,,,
6971,惠民實業,False,excluded,excluded,0,0,False,False,,,,,,,,,,,,,,,,,,,,,,,,,
6982,大井泵浦,False,excluded,excluded,0,0,False,False,,,,,,,,,,,,,,,,,,,,,,,,,
6983,華洋精機,False,excluded,excluded,0,0,False,False,,,,,,,,,,,,,,,,,,,,,,,,,
6986,和迅,False,excluded,excluded,0,0,False,False,,,,,,,,,,,,,,,,,,,,,,,,,
6988,威力暘-創,False,excluded,excluded,0,0,False,False,,,,,,,,,,,,,,,,,,,,,,,,,
6994,富威電力,False,excluded,excluded,0,0,False,False,,,,,,,,,,,,,,,,,,,,,,,,,
6996,力領科技,False,excluded,excluded,0,0,False,False,,,,,,,,,,,,,,,,,,,,,,,,,
6997,博弘,False,excluded,excluded,0,0,False,False,,,,,,,,,,,,,,,,,,,,,,,,,
7402,邑錡,False,excluded,excluded,0,0,False,False,,,,,,,,,,,,,,,,,,,,,,,,,
7547,碩網,False,excluded,excluded,0,0,False,False,,,,,,,,,,,,,,,,,,,,,,,,,
7556,意德士,False,excluded,excluded,0,0,False,False,,,,,,,,,,,,,,,,,,,,,,,,,
7584,樂意,False,excluded,excluded,0,0,False,False,,,,,,,,,,,,,,,,,,,,,,,,,
7610,聯友金屬-創,False,excluded,excluded,0,0,False,False,,,,,,,,,,,,,,,,,,,,,,,,,
7631,聚賢研發-創,False,excluded,excluded,0,0,False,False,,,,,,,,,,,,,,,,,,,,,,,,,
7642,昶瑞機電,False,excluded,excluded,0,0,False,False,,,,,,,,,,,,,,,,,,,,,,,,,
7689,大鵬科CLMX,False,excluded,excluded,0,0,False,False,,,,,,,,,,,,,,,,,,,,,,,,,
7703,銳澤,False,excluded,excluded,0,0,False,False,,,,,,,,,,,,,,,,,,,,,,,,,
7704,明遠精密,False,excluded,excluded,0,0,False,False,,,,,,,,,,,,,,,,,,,,,,,,,
7705,三商餐飲,False,excluded,excluded,0,0,False,False,,,,,,,,,,,,,,,,,,,,,,,,,
7708,全家餐飲,False,excluded,excluded,0,0,False,False,,,,,,,,,,,,,,,,,,,,,,,,,
7709,榮田,False,excluded,excluded,0,0,False,False,,,,,,,,,,,,,,,,,,,,,,,,,
7711,永擎,False,excluded,excluded,0,0,False,False,,,,,,,,,,,,,,,,,,,,,,,,,
7712,博盛半導體,False,excluded,excluded,0,0,False,False,,,,,,,,,,,,,,,,,,,,,,,,,
7713,威力德生醫,False,excluded,excluded,0,0,False,False,,,,,,,,,,,,,,,,,,,,,,,,,
7714,創泓科技,False,excluded,excluded,0,0,False,False,,,,,,,,,,,,,,,,,,,,,,,,,
7715,裕山,False,excluded,excluded,0,0,False,False,,,,,,,,,,,,,,,,,,,,,,,,,
7716,昱臺國際,False,excluded,excluded,0,0,False,False,,,,,,,,,,,,,,,,,,,,,,,,,
7717,萊德光電-KY,False,excluded,excluded,0,0,False,False,,,,,,,,,,,,,,,,,,,,,,,,,
7718,友鋮,False,excluded,excluded,0,0,False,False,,,,,,,,,,,,,,,,,,,,,,,,,
7721,微程式,False,excluded,excluded,0,0,False,False,,,,,,,,,,,,,,,,,,,,,,,,,
7722,LINEPAY,False,excluded,excluded,0,0,False,False,,,,,,,,,,,,,,,,,,,,,,,,,
7723,築間,False,excluded,excluded,0,0,False,False,,,,,,,,,,,,,,,,,,,,,,,,,
7728,光焱科技,False,excluded,excluded,0,0,False,False,,,,,,,,,,,,,,,,,,,,,,,,,
7730,暉盛-創,False,excluded,excluded,0,0,False,False,,,,,,,,,,,,,,,,,,,,,,,,,
7732,金興精密,False,excluded,excluded,0,0,False,False,,,,,,,,,,,,,,,,,,,,,,,,,
7734,印能科技,False,excluded,excluded,0,0,False,False,,,,,,,,,,,,,,,,,,,,,,,,,
7736,虎山,False,excluded,excluded,0,0,False,False,,,,,,,,,,,,,,,,,,,,,,,,,
7738,東聯互動,False,excluded,excluded,0,0,False,False,,,,,,,,,,,,,,,,,,,,,,,,,
7740,熙特爾-創,False,excluded,excluded,0,0,False,False,,,,,,,,,,,,,,,,,,,,,,,,,
7743,金利食安,False,excluded,excluded,0,0,False,False,,,,,,,,,,,,,,,,,,,,,,,,,
7744,崴寶,False,excluded,excluded,0,0,False,False,,,,,,,,,,,,,,,,,,,,,,,,,
7747,昕奇雲端,False,excluded,excluded,0,0,False,False,,,,,,,,,,,,,,,,,,,,,,,,,
7749,意騰-KY,False,excluded,excluded,0,0,False,False,,,,,,,,,,,,,,,,,,,,,,,,,
7750,新代,False,excluded,excluded,0,0,False,False,,,,,,,,,,,,,,,,,,,,,,,,,
7751,竑騰,False,excluded,excluded,0,0,False,False,,,,,,,,,,,,,,,,,,,,,,,,,
7753,星亞,False,excluded,excluded,0,0,False,False,,,,,,,,,,,,,,,,,,,,,,,,,
7757,金色三麥,False,excluded,excluded,0,0,False,False,,,,,,,,,,,,,,,,,,,,,,,,,
7760,享溫馨,False,excluded,excluded,0,0,False,False,,,,,,,,,,,,,,,,,,,,,,,,,
7765,中華資安,False,excluded,excluded,0,0,False,False,,,,,,,,,,,,,,,,,,,,,,,,,
7767,仁大資訊,False,excluded,excluded,0,0,False,False,,,,,,,,,,,,,,,,,,,,,,,,,
7768,頌勝科技,False,excluded,excluded,0,0,False,False,,,,,,,,,,,,,,,,,,,,,,,,,
7769,鴻勁,False,excluded,excluded,0,0,False,False,,,,,,,,,,,,,,,,,,,,,,,,,
7770,君曜,False,excluded,excluded,0,0,False,False,,,,,,,,,,,,,,,,,,,,,,,,,
7772,耀穎,False,excluded,excluded,0,0,False,False,,,,,,,,,,,,,,,,,,,,,,,,,
7777,能率亞洲,False,excluded,excluded,0,0,False,False,,,,,,,,,,,,,,,,,,,,,,,,,
7780,大研生醫*,False,excluded,excluded,0,0,False,False,,,,,,,,,,,,,,,,,,,,,,,,,
7782,光速火箭,False,excluded,excluded,0,0,False,False,,,,,,,,,,,,,,,,,,,,,,,,,
7786,東方風能,False,excluded,excluded,0,0,False,False,,,,,,,,,,,,,,,,,,,,,,,,,
7788,松川精密,False,excluded,excluded,0,0,False,False,,,,,,,,,,,,,,,,,,,,,,,,,
7791,皇家可口,False,excluded,excluded,0,0,False,False,,,,,,,,,,,,,,,,,,,,,,,,,
7792,安葆,False,excluded,excluded,0,0,False,False,,,,,,,,,,,,,,,,,,,,,,,,,
7794,宏碁智新,False,excluded,excluded,0,0,False,False,,,,,,,,,,,,,,,,,,,,,,,,,
7795,長廣,False,excluded,excluded,0,0,False,False,,,,,,,,,,,,,,,,,,,,,,,,,
7799,禾榮科,False,excluded,excluded,0,0,False,False,,,,,,,,,,,,,,,,,,,,,,,,,
7803,雲象科技-創,False,excluded,excluded,0,0,False,False,,,,,,,,,,,,,,,,,,,,,,,,,
7805,威聯通,False,excluded,excluded,0,0,False,False,,,,,,,,,,,,,,,,,,,,,,,,,
7810,捷創科技,False,excluded,excluded,0,0,False,False,,,,,,,,,,,,,,,,,,,,,,,,,
7811,民盛,False,excluded,excluded,0,0,False,False,,,,,,,,,,,,,,,,,,,,,,,,,
7814,海昌生技,False,excluded,excluded,0,0,False,False,,,,,,,,,,,,,,,,,,,,,,,,,
7818,溢泰實業,False,excluded,excluded,0,0,False,False,,,,,,,,,,,,,,,,,,,,,,,,,
7819,精誠金融,False,excluded,excluded,0,0,False,False,,,,,,,,,,,,,,,,,,,,,,,,,
7820,立盈,False,excluded,excluded,0,0,False,False,,,,,,,,,,,,,,,,,,,,,,,,,
7821,神數,False,excluded,excluded,0,0,False,False,,,,,,,,,,,,,,,,,,,,,,,,,
7822,倍利科,False,excluded,excluded,0,0,False,False,,,,,,,,,,,,,,,,,,,,,,,,,
7823,奧義賽博-KY創,False,excluded,excluded,0,0,False,False,,,,,,,,,,,,,,,,,,,,,,,,,
7827,漢康-KY創,False,excluded,excluded,0,0,False,False,,,,,,,,,,,,,,,,,,,,,,,,,
7828,創新服務,False,excluded,excluded,0,0,False,False,,,,,,,,,,,,,,,,,,,,,,,,,
7835,永悅健康-創,False,excluded,excluded,0,0,False,False,,,,,,,,,,,,,,,,,,,,,,,,,
7839,達人網,False,excluded,excluded,0,0,False,False,,,,,,,,,,,,,,,,,,,,,,,,,
7842,天能綠電,False,excluded,excluded,0,0,False,False,,,,,,,,,,,,,,,,,,,,,,,,,
8011,台通,False,excluded,excluded,0,0,False,False,,,,,,,,,,,,,,,,,,,,,,,,,
8016,矽創,False,excluded,excluded,0,0,False,False,,,,,,,,,,,,,,,,,,,,,,,,,
8021,尖點,False,excluded,excluded,0,0,False,False,,,,,,,,,,,,,,,,,,,,,,,,,
8024,佑華,False,excluded,excluded,0,0,False,False,,,,,,,,,,,,,,,,,,,,,,,,,
8027,鈦昇,False,excluded,excluded,0,0,False,False,,,,,,,,,,,,,,,,,,,,,,,,,
8028,昇陽半導體,False,excluded,excluded,0,0,False,False,,,,,,,,,,,,,,,,,,,,,,,,,
8032,光菱,False,excluded,excluded,0,0,False,False,,,,,,,,,,,,,,,,,,,,,,,,,
8033,雷虎,False,excluded,excluded,0,0,False,False,,,,,,,,,,,,,,,,,,,,,,,,,
8034,榮群,False,excluded,excluded,0,0,False,False,,,,,,,,,,,,,,,,,,,,,,,,,
8038,長園科,False,excluded,excluded,0,0,False,False,,,,,,,,,,,,,,,,,,,,,,,,,
8039,台虹,False,excluded,excluded,0,0,False,False,,,,,,,,,,,,,,,,,,,,,,,,,
8040,九暘,False,excluded,excluded,0,0,False,False,,,,,,,,,,,,,,,,,,,,,,,,,
8042,金山電,False,excluded,excluded,0,0,False,False,,,,,,,,,,,,,,,,,,,,,,,,,
8043,蜜望實,False,excluded,excluded,0,0,False,False,,,,,,,,,,,,,,,,,,,,,,,,,
8044,網家,False,excluded,excluded,0,0,False,False,,,,,,,,,,,,,,,,,,,,,,,,,
8045,達運光電,False,excluded,excluded,0,0,False,False,,,,,,,,,,,,,,,,,,,,,,,,,
8046,南電,False,excluded,excluded,0,0,False,False,,,,,,,,,,,,,,,,,,,,,,,,,
8047,星雲,False,excluded,excluded,0,0,False,False,,,,,,,,,,,,,,,,,,,,,,,,,
8048,德勝,False,excluded,excluded,0,0,False,False,,,,,,,,,,,,,,,,,,,,,,,,,
8049,晶采,False,excluded,excluded,0,0,False,False,,,,,,,,,,,,,,,,,,,,,,,,,
8050,廣積,False,excluded,excluded,0,0,False,False,,,,,,,,,,,,,,,,,,,,,,,,,
8054,安國,False,excluded,excluded,0,0,False,False,,,,,,,,,,,,,,,,,,,,,,,,,
8059,凱碩,False,excluded,excluded,0,0,False,False,,,,,,,,,,,,,,,,,,,,,,,,,
8064,東捷,False,excluded,excluded,0,0,False,False,,,,,,,,,,,,,,,,,,,,,,,,,
8066,來思達,False,excluded,excluded,0,0,False,False,,,,,,,,,,,,,,,,,,,,,,,,,
8067,志旭,False,excluded,excluded,0,0,False,False,,,,,,,,,,,,,,,,,,,,,,,,,
8068,全達,False,excluded,excluded,0,0,False,False,,,,,,,,,,,,,,,,,,,,,,,,,
8069,元太,False,excluded,excluded,0,0,False,False,,,,,,,,,,,,,,,,,,,,,,,,,
8070,長華*,False,excluded,excluded,0,0,False,False,,,,,,,,,,,,,,,,,,,,,,,,,
8071,能率網通,False,excluded,excluded,0,0,False,False,,,,,,,,,,,,,,,,,,,,,,,,,
8072,陞泰,False,excluded,excluded,0,0,False,False,,,,,,,,,,,,,,,,,,,,,,,,,
8074,鉅橡,False,excluded,excluded,0,0,False,False,,,,,,,,,,,,,,,,,,,,,,,,,
8076,伍豐,False,excluded,excluded,0,0,False,False,,,,,,,,,,,,,,,,,,,,,,,,,
8077,洛碁,False,excluded,excluded,0,0,False,False,,,,,,,,,,,,,,,,,,,,,,,,,
8080,泰霖,False,excluded,excluded,0,0,False,False,,,,,,,,,,,,,,,,,,,,,,,,,
8081,致新,False,excluded,excluded,0,0,False,False,,,,,,,,,,,,,,,,,,,,,,,,,
8083,瑞穎,False,excluded,excluded,0,0,False,False,,,,,,,,,,,,,,,,,,,,,,,,,
8084,巨虹,False,excluded,excluded,0,0,False,False,,,,,,,,,,,,,,,,,,,,,,,,,
8085,福華,False,excluded,excluded,0,0,False,False,,,,,,,,,,,,,,,,,,,,,,,,,
8086,宏捷科,False,excluded,excluded,0,0,False,False,,,,,,,,,,,,,,,,,,,,,,,,,
8087,麗升能源,False,excluded,excluded,0,0,False,False,,,,,,,,,,,,,,,,,,,,,,,,,
8088,品安,False,excluded,excluded,0,0,False,False,,,,,,,,,,,,,,,,,,,,,,,,,
8089,康全電訊,False,excluded,excluded,0,0,False,False,,,,,,,,,,,,,,,,,,,,,,,,,
8091,翔名,False,excluded,excluded,0,0,False,False,,,,,,,,,,,,,,,,,,,,,,,,,
8092,建暐,False,excluded,excluded,0,0,False,False,,,,,,,,,,,,,,,,,,,,,,,,,
8093,保銳,False,excluded,excluded,0,0,False,False,,,,,,,,,,,,,,,,,,,,,,,,,
8096,擎亞,False,excluded,excluded,0,0,False,False,,,,,,,,,,,,,,,,,,,,,,,,,
8097,常珵,False,excluded,excluded,0,0,False,False,,,,,,,,,,,,,,,,,,,,,,,,,
8099,大世科,False,excluded,excluded,0,0,False,False,,,,,,,,,,,,,,,,,,,,,,,,,
8101,華冠,False,excluded,excluded,0,0,False,False,,,,,,,,,,,,,,,,,,,,,,,,,
8102,傑霖科技,False,excluded,excluded,0,0,False,False,,,,,,,,,,,,,,,,,,,,,,,,,
8103,瀚荃,False,excluded,excluded,0,0,False,False,,,,,,,,,,,,,,,,,,,,,,,,,
8104,錸寶,False,excluded,excluded,0,0,False,False,,,,,,,,,,,,,,,,,,,,,,,,,
8105,凌巨,False,excluded,excluded,0,0,False,False,,,,,,,,,,,,,,,,,,,,,,,,,
8107,大億金茂,False,excluded,excluded,0,0,False,False,,,,,,,,,,,,,,,,,,,,,,,,,
8109,博大,False,excluded,excluded,0,0,False,False,,,,,,,,,,,,,,,,,,,,,,,,,
8110,華東,False,excluded,excluded,0,0,False,False,,,,,,,,,,,,,,,,,,,,,,,,,
8111,立碁,False,excluded,excluded,0,0,False,False,,,,,,,,,,,,,,,,,,,,,,,,,
8112,至上,False,excluded,excluded,0,0,False,False,,,,,,,,,,,,,,,,,,,,,,,,,
8114,振樺電,False,excluded,excluded,0,0,False,False,,,,,,,,,,,,,,,,,,,,,,,,,
8121,越峰,False,excluded,excluded,0,0,False,False,,,,,,,,,,,,,,,,,,,,,,,,,
8131,福懋科,False,excluded,excluded,0,0,False,False,,,,,,,,,,,,,,,,,,,,,,,,,
8147,正淩,False,excluded,excluded,0,0,False,False,,,,,,,,,,,,,,,,,,,,,,,,,
8150,南茂,False,excluded,excluded,0,0,False,False,,,,,,,,,,,,,,,,,,,,,,,,,
8155,博智,False,excluded,excluded,0,0,False,False,,,,,,,,,,,,,,,,,,,,,,,,,
8162,微矽電子-創,False,excluded,excluded,0,0,False,False,,,,,,,,,,,,,,,,,,,,,,,,,
8163,達方,False,excluded,excluded,0,0,False,False,,,,,,,,,,,,,,,,,,,,,,,,,
8171,天宇,False,excluded,excluded,0,0,False,False,,,,,,,,,,,,,,,,,,,,,,,,,
8176,智捷,False,excluded,excluded,0,0,False,False,,,,,,,,,,,,,,,,,,,,,,,,,
8182,加高,False,excluded,excluded,0,0,False,False,,,,,,,,,,,,,,,,,,,,,,,,,
8183,精星,False,excluded,excluded,0,0,False,False,,,,,,,,,,,,,,,,,,,,,,,,,
8201,無敵,False,excluded,excluded,0,0,False,False,,,,,,,,,,,,,,,,,,,,,,,,,
8210,勤誠,False,excluded,excluded,0,0,False,False,,,,,,,,,,,,,,,,,,,,,,,,,
8213,志超,False,excluded,excluded,0,0,False,False,,,,,,,,,,,,,,,,,,,,,,,,,
8215,明基材,False,excluded,excluded,0,0,False,False,,,,,,,,,,,,,,,,,,,,,,,,,
8222,寶一,False,excluded,excluded,0,0,False,False,,,,,,,,,,,,,,,,,,,,,,,,,
8227,巨有科技,False,excluded,excluded,0,0,False,False,,,,,,,,,,,,,,,,,,,,,,,,,
8234,新漢,False,excluded,excluded,0,0,False,False,,,,,,,,,,,,,,,,,,,,,,,,,
8240,華宏,False,excluded,excluded,0,0,False,False,,,,,,,,,,,,,,,,,,,,,,,,,
8249,菱光,False,excluded,excluded,0,0,False,False,,,,,,,,,,,,,,,,,,,,,,,,,
8255,朋程,False,excluded,excluded,0,0,False,False,,,,,,,,,,,,,,,,,,,,,,,,,
8261,富鼎,False,excluded,excluded,0,0,False,False,,,,,,,,,,,,,,,,,,,,,,,,,
8271,宇瞻,False,excluded,excluded,0,0,False,False,,,,,,,,,,,,,,,,,,,,,,,,,
8272,全景軟體,False,excluded,excluded,0,0,False,False,,,,,,,,,,,,,,,,,,,,,,,,,
8277,商丞,False,excluded,excluded,0,0,False,False,,,,,,,,,,,,,,,,,,,,,,,,,
8279,生展,False,excluded,excluded,0,0,False,False,,,,,,,,,,,,,,,,,,,,,,,,,
8284,三竹,False,excluded,excluded,0,0,False,False,,,,,,,,,,,,,,,,,,,,,,,,,
8289,泰藝,False,excluded,excluded,0,0,False,False,,,,,,,,,,,,,,,,,,,,,,,,,
8291,尚茂,False,excluded,excluded,0,0,False,False,,,,,,,,,,,,,,,,,,,,,,,,,
8299,群聯,False,excluded,excluded,0,0,False,False,,,,,,,,,,,,,,,,,,,,,,,,,
8341,日友,False,excluded,excluded,0,0,False,False,,,,,,,,,,,,,,,,,,,,,,,,,
8342,益張,False,excluded,excluded,0,0,False,False,,,,,,,,,,,,,,,,,,,,,,,,,
8349,恒耀,False,excluded,excluded,0,0,False,False,,,,,,,,,,,,,,,,,,,,,,,,,
8354,冠好,False,excluded,excluded,0,0,False,False,,,,,,,,,,,,,,,,,,,,,,,,,
8358,金居,False,excluded,excluded,0,0,False,False,,,,,,,,,,,,,,,,,,,,,,,,,
8367,建新國際,False,excluded,excluded,0,0,False,False,,,,,,,,,,,,,,,,,,,,,,,,,
8374,羅昇,False,excluded,excluded,0,0,False,False,,,,,,,,,,,,,,,,,,,,,,,,,
8383,千附,False,excluded,excluded,0,0,False,False,,,,,,,,,,,,,,,,,,,,,,,,,
8390,金益鼎,False,excluded,excluded,0,0,False,False,,,,,,,,,,,,,,,,,,,,,,,,,
8401,白紗科,False,excluded,excluded,0,0,False,False,,,,,,,,,,,,,,,,,,,,,,,,,
8403,盛弘,False,excluded,excluded,0,0,False,False,,,,,,,,,,,,,,,,,,,,,,,,,
8404,百和興業-KY,False,excluded,excluded,0,0,False,False,,,,,,,,,,,,,,,,,,,,,,,,,
8409,商之器,False,excluded,excluded,0,0,False,False,,,,,,,,,,,,,,,,,,,,,,,,,
8410,森田,False,excluded,excluded,0,0,False,False,,,,,,,,,,,,,,,,,,,,,,,,,
8411,福貞-KY,False,excluded,excluded,0,0,False,False,,,,,,,,,,,,,,,,,,,,,,,,,
8415,大國鋼,False,excluded,excluded,0,0,False,False,,,,,,,,,,,,,,,,,,,,,,,,,
8416,實威,False,excluded,excluded,0,0,False,False,,,,,,,,,,,,,,,,,,,,,,,,,
8421,旭源,False,excluded,excluded,0,0,False,False,,,,,,,,,,,,,,,,,,,,,,,,,
8422,可寧衛*,False,excluded,excluded,0,0,False,False,,,,,,,,,,,,,,,,,,,,,,,,,
8423,保綠-KY,False,excluded,excluded,0,0,False,False,,,,,,,,,,,,,,,,,,,,,,,,,
8424,惠普,False,excluded,excluded,0,0,False,False,,,,,,,,,,,,,,,,,,,,,,,,,
8426,紅木-KY,False,excluded,excluded,0,0,False,False,,,,,,,,,,,,,,,,,,,,,,,,,
8429,金麗-KY,False,excluded,excluded,0,0,False,False,,,,,,,,,,,,,,,,,,,,,,,,,
8431,匯鑽科,False,excluded,excluded,0,0,False,False,,,,,,,,,,,,,,,,,,,,,,,,,
8432,東生華,False,excluded,excluded,0,0,False,False,,,,,,,,,,,,,,,,,,,,,,,,,
8433,弘帆,False,excluded,excluded,0,0,False,False,,,,,,,,,,,,,,,,,,,,,,,,,
8435,鉅邁,False,excluded,excluded,0,0,False,False,,,,,,,,,,,,,,,,,,,,,,,,,
8436,大江,False,excluded,excluded,0,0,False,False,,,,,,,,,,,,,,,,,,,,,,,,,
8437,大地-KY,False,excluded,excluded,0,0,False,False,,,,,,,,,,,,,,,,,,,,,,,,,
8438,昶昕,False,excluded,excluded,0,0,False,False,,,,,,,,,,,,,,,,,,,,,,,,,
8440,綠電,False,excluded,excluded,0,0,False,False,,,,,,,,,,,,,,,,,,,,,,,,,
8442,威宏-KY,False,excluded,excluded,0,0,False,False,,,,,,,,,,,,,,,,,,,,,,,,,
8443,阿瘦,False,excluded,excluded,0,0,False,False,,,,,,,,,,,,,,,,,,,,,,,,,
8444,綠河-KY,False,excluded,excluded,0,0,False,False,,,,,,,,,,,,,,,,,,,,,,,,,
8446,華研,False,excluded,excluded,0,0,False,False,,,,,,,,,,,,,,,,,,,,,,,,,
8450,霹靂,False,excluded,excluded,0,0,False,False,,,,,,,,,,,,,,,,,,,,,,,,,
8454,富邦媒,False,excluded,excluded,0,0,False,False,,,,,,,,,,,,,,,,,,,,,,,,,
8455,大拓-KY,False,excluded,excluded,0,0,False,False,,,,,,,,,,,,,,,,,,,,,,,,,
8462,柏文,False,excluded,excluded,0,0,False,False,,,,,,,,,,,,,,,,,,,,,,,,,
8463,潤泰材,False,excluded,excluded,0,0,False,False,,,,,,,,,,,,,,,,,,,,,,,,,
8464,億豐,False,excluded,excluded,0,0,False,False,,,,,,,,,,,,,,,,,,,,,,,,,
8466,美吉吉-KY,False,excluded,excluded,0,0,False,False,,,,,,,,,,,,,,,,,,,,,,,,,
8467,波力-KY,False,excluded,excluded,0,0,False,False,,,,,,,,,,,,,,,,,,,,,,,,,
8472,夠麻吉,False,excluded,excluded,0,0,False,False,,,,,,,,,,,,,,,,,,,,,,,,,
8473,山林水,False,excluded,excluded,0,0,False,False,,,,,,,,,,,,,,,,,,,,,,,,,
8476,台境*,False,excluded,excluded,0,0,False,False,,,,,,,,,,,,,,,,,,,,,,,,,
8477,創業家,False,excluded,excluded,0,0,False,False,,,,,,,,,,,,,,,,,,,,,,,,,
8478,東哥遊艇,False,excluded,excluded,0,0,False,False,,,,,,,,,,,,,,,,,,,,,,,,,
8481,政伸,False,excluded,excluded,0,0,False,False,,,,,,,,,,,,,,,,,,,,,,,,,
8482,商億-KY,False,excluded,excluded,0,0,False,False,,,,,,,,,,,,,,,,,,,,,,,,,
8487,愛爾達-創,False,excluded,excluded,0,0,False,False,,,,,,,,,,,,,,,,,,,,,,,,,
8488,吉源-KY,False,excluded,excluded,0,0,False,False,,,,,,,,,,,,,,,,,,,,,,,,,
8489,三貝德,False,excluded,excluded,0,0,False,False,,,,,,,,,,,,,,,,,,,,,,,,,
8499,鼎炫-KY,False,excluded,excluded,0,0,False,False,,,,,,,,,,,,,,,,,,,,,,,,,
8905,裕國,False,excluded,excluded,0,0,False,False,,,,,,,,,,,,,,,,,,,,,,,,,
8906,花王,False,excluded,excluded,0,0,False,False,,,,,,,,,,,,,,,,,,,,,,,,,
8908,欣雄,False,excluded,excluded,0,0,False,False,,,,,,,,,,,,,,,,,,,,,,,,,
8916,光隆,False,excluded,excluded,0,0,False,False,,,,,,,,,,,,,,,,,,,,,,,,,
8917,欣泰,False,excluded,excluded,0,0,False,False,,,,,,,,,,,,,,,,,,,,,,,,,
8921,沈氏,False,excluded,excluded,0,0,False,False,,,,,,,,,,,,,,,,,,,,,,,,,
8923,時報,False,excluded,excluded,0,0,False,False,,,,,,,,,,,,,,,,,,,,,,,,,
8924,大田,False,excluded,excluded,0,0,False,False,,,,,,,,,,,,,,,,,,,,,,,,,
8926,台汽電,False,excluded,excluded,0,0,False,False,,,,,,,,,,,,,,,,,,,,,,,,,
8927,北基,False,excluded,excluded,0,0,False,False,,,,,,,,,,,,,,,,,,,,,,,,,
8928,鉅明,False,excluded,excluded,0,0,False,False,,,,,,,,,,,,,,,,,,,,,,,,,
8929,富堡,False,excluded,excluded,0,0,False,False,,,,,,,,,,,,,,,,,,,,,,,,,
8930,青鋼,False,excluded,excluded,0,0,False,False,,,,,,,,,,,,,,,,,,,,,,,,,
8931,大汽電,False,excluded,excluded,0,0,False,False,,,,,,,,,,,,,,,,,,,,,,,,,
8932,智通*,False,excluded,excluded,0,0,False,False,,,,,,,,,,,,,,,,,,,,,,,,,
8933,愛地雅,False,excluded,excluded,0,0,False,False,,,,,,,,,,,,,,,,,,,,,,,,,
8935,邦泰,False,excluded,excluded,0,0,False,False,,,,,,,,,,,,,,,,,,,,,,,,,
8936,國統,False,excluded,excluded,0,0,False,False,,,,,,,,,,,,,,,,,,,,,,,,,
8937,合騏*,False,excluded,excluded,0,0,False,False,,,,,,,,,,,,,,,,,,,,,,,,,
8938,明安,False,excluded,excluded,0,0,False,False,,,,,,,,,,,,,,,,,,,,,,,,,
8940,新天地,False,excluded,excluded,0,0,False,False,,,,,,,,,,,,,,,,,,,,,,,,,
8941,關中,False,excluded,excluded,0,0,False,False,,,,,,,,,,,,,,,,,,,,,,,,,
8942,森鉅,False,excluded,excluded,0,0,False,False,,,,,,,,,,,,,,,,,,,,,,,,,
8996,高力,False,excluded,excluded,0,0,False,False,,,,,,,,,,,,,,,,,,,,,,,,,
9103,美德醫療-DR,False,excluded,excluded,0,0,False,False,,,,,,,,,,,,,,,,,,,,,,,,,
9105,泰金寶-DR,False,excluded,excluded,0,0,False,False,,,,,,,,,,,,,,,,,,,,,,,,,
9110,越南控-DR,False,excluded,excluded,0,0,False,False,,,,,,,,,,,,,,,,,,,,,,,,,
9136,巨騰-DR,False,excluded,excluded,0,0,False,False,,,,,,,,,,,,,,,,,,,,,,,,,
9802,鈺齊-KY,False,excluded,excluded,0,0,False,False,,,,,,,,,,,,,,,,,,,,,,,,,
9902,台火,False,excluded,excluded,0,0,False,False,,,,,,,,,,,,,,,,,,,,,,,,,
9904,寶成,False,excluded,excluded,0,0,False,False,,,,,,,,,,,,,,,,,,,,,,,,,
9905,大華,False,excluded,excluded,0,0,False,False,,,,,,,,,,,,,,,,,,,,,,,,,
9906,欣巴巴,False,excluded,excluded,0,0,False,False,,,,,,,,,,,,,,,,,,,,,,,,,
9907,統一實,False,excluded,excluded,0,0,False,False,,,,,,,,,,,,,,,,,,,,,,,,,
9908,大台北,False,excluded,excluded,0,0,False,False,,,,,,,,,,,,,,,,,,,,,,,,,
9910,豐泰,False,excluded,excluded,0,0,False,False,,,,,,,,,,,,,,,,,,,,,,,,,
9911,櫻花,False,excluded,excluded,0,0,False,False,,,,,,,,,,,,,,,,,,,,,,,,,
9912,偉聯,False,excluded,excluded,0,0,False,False,,,,,,,,,,,,,,,,,,,,,,,,,
9914,美利達,False,excluded,excluded,0,0,False,False,,,,,,,,,,,,,,,,,,,,,,,,,
9917,中保科,False,excluded,excluded,0,0,False,False,,,,,,,,,,,,,,,,,,,,,,,,,
9918,欣天然,False,excluded,excluded,0,0,False,False,,,,,,,,,,,,,,,,,,,,,,,,,
9919,康那香,False,excluded,excluded,0,0,False,False,,,,,,,,,,,,,,,,,,,,,,,,,
9921,巨大,False,excluded,excluded,0,0,False,False,,,,,,,,,,,,,,,,,,,,,,,,,
9924,福興,False,excluded,excluded,0,0,False,False,,,,,,,,,,,,,,,,,,,,,,,,,
9925,新保,False,excluded,excluded,0,0,False,False,,,,,,,,,,,,,,,,,,,,,,,,,
9926,新海,False,excluded,excluded,0,0,False,False,,,,,,,,,,,,,,,,,,,,,,,,,
9927,泰銘,False,excluded,excluded,0,0,False,False,,,,,,,,,,,,,,,,,,,,,,,,,
9928,中視,False,excluded,excluded,0,0,False,False,,,,,,,,,,,,,,,,,,,,,,,,,
9929,秋雨,False,excluded,excluded,0,0,False,False,,,,,,,,,,,,,,,,,,,,,,,,,
9930,中聯資源,False,excluded,excluded,0,0,False,False,,,,,,,,,,,,,,,,,,,,,,,,,
9931,欣高,False,excluded,excluded,0,0,False,False,,,,,,,,,,,,,,,,,,,,,,,,,
9933,中鼎,False,excluded,excluded,0,0,False,False,,,,,,,,,,,,,,,,,,,,,,,,,
9934,成霖,False,excluded,excluded,0,0,False,False,,,,,,,,,,,,,,,,,,,,,,,,,
9935,慶豐富,False,excluded,excluded,0,0,False,False,,,,,,,,,,,,,,,,,,,,,,,,,
9937,全國,False,excluded,excluded,0,0,False,False,,,,,,,,,,,,,,,,,,,,,,,,,
9938,百和,False,excluded,excluded,0,0,False,False,,,,,,,,,,,,,,,,,,,,,,,,,
9939,宏全,False,excluded,excluded,0,0,False,False,,,,,,,,,,,,,,,,,,,,,,,,,
9940,信義,False,excluded,excluded,0,0,False,False,,,,,,,,,,,,,,,,,,,,,,,,,
9941,裕融,False,excluded,excluded,0,0,False,False,,,,,,,,,,,,,,,,,,,,,,,,,
9942,茂順,False,excluded,excluded,0,0,False,False,,,,,,,,,,,,,,,,,,,,,,,,,
9943,好樂迪,False,excluded,excluded,0,0,False,False,,,,,,,,,,,,,,,,,,,,,,,,,
9944,新麗,False,excluded,excluded,0,0,False,False,,,,,,,,,,,,,,,,,,,,,,,,,
9945,潤泰新,False,excluded,excluded,0,0,False,False,,,,,,,,,,,,,,,,,,,,,,,,,
9946,三發地產,False,excluded,excluded,0,0,False,False,,,,,,,,,,,,,,,,,,,,,,,,,
9949,琉園,False,excluded,excluded,0,0,False,False,,,,,,,,,,,,,,,,,,,,,,,,,
9950,萬國通,False,excluded,excluded,0,0,False,False,,,,,,,,,,,,,,,,,,,,,,,,,
9951,皇田,False,excluded,excluded,0,0,False,False,,,,,,,,,,,,,,,,,,,,,,,,,
9955,佳龍,False,excluded,excluded,0,0,False,False,,,,,,,,,,,,,,,,,,,,,,,,,
9958,世紀鋼,False,excluded,excluded,0,0,False,False,,,,,,,,,,,,,,,,,,,,,,,,,
9960,邁達康,False,excluded,excluded,0,0,False,False,,,,,,,,,,,,,,,,,,,,,,,,,
9962,有益,False,excluded,excluded,0,0,False,False,,,,,,,,,,,,,,,,,,,,,,,,,
